beta,alpha,rmse_I,rmse_Inc,rmse_Beta,r2,r2_Inc,r2_full,r2_Inc_full,time_predict,fraq_people,actual_peak_I,predicted_peak_I,actual_peak_Inc,predicted_peak_inc,actual_peak_day,predicted_peak_day,actual_peak_day_Inc,predicted_peak_day_inc
0.1,0.2800000000000001,183.34234826320585,37.605684410737695,7.747011856553393e-06,-37.4692999203892,-30.197179288933796,-36.59537967152872,-23.492910763479838,0.0,4,105,228.0,38.0,45.0,9,84,6,72
0.1,0.3200000000000001,2220.98379102595,460.05741263093097,1.5208231281958883e-05,-2164.995517486377,-1556.8330941388158,-2138.925975215865,-1390.655479727897,0.0080351829528808,4,171,4884.0,55.0,1054.0,10,41,8,37
0.1,0.34000000000000014,1989.807120049579,407.38692193867325,1.1862647205045808e-05,-1180.3414434234096,-873.79220609868,-1169.109125163928,-785.617597759709,0.0080206394195556,4,187,3950.0,64.0,832.0,9,46,6,43
0.1,0.35000000000000014,1468.7217585937326,297.7370204279833,9.094035332112e-06,-594.524323929882,-545.6492232916161,-588.2135226472693,-468.55653315338606,0.0,4,186,2460.0,56.0,505.0,11,59,5,55
0.1,0.37000000000000016,1798.619444532389,365.20985690878246,9.620190688797453e-06,-1447.0918045991766,-1068.6145323926305,-1416.786466189303,-869.0354012366655,0.0,4,162,3218.0,57.0,667.0,7,55,7,51
0.1,0.3900000000000002,1671.3540823984606,338.7886201847203,8.29942970823728e-06,-485.6962728607134,-381.0586152955416,-480.84831710047183,-327.07306615851843,0.0,4,273,2825.0,78.0,581.0,9,55,8,51
0.1,0.4300000000000002,2299.815094469553,468.8776270698642,8.57703935430555e-06,-759.5698735400182,-622.7281249855699,-749.9896616417914,-529.2968850151924,0.0082342624664306,4,267,4356.0,74.0,909.0,10,49,6,45
0.1,0.46000000000000024,1524.4508232475064,309.8909418381462,5.877949470865089e-06,-515.3849916848073,-452.27461991718457,-505.1843415837204,-353.49880104775656,0.0102541446685791,4,212,2348.0,64.0,478.0,10,68,4,64
0.1,0.49000000000000027,1438.5687222896236,294.35710313608314,5.24542985615613e-06,-519.7967625522098,-470.6503742345203,-515.5196313912261,-413.46331951294974,0.0020315647125244,4,221,2178.0,62.0,442.0,11,73,5,69
0.1,0.5000000000000002,4254.202899780405,906.5416886902298,1.2346505070928614e-05,-2013.991272278132,-1744.170665526242,-1998.6589592023388,-1634.3756567868456,0.0,4,316,10966.0,90.0,2490.0,9,33,6,30
0.1,0.5100000000000002,4100.094368832665,868.0988446983827,1.0754779394057964e-05,-779.7850649282711,-721.8545214516506,-771.955863390574,-659.7052016353701,0.0080358982086181,4,482,10258.0,130.0,2292.0,12,34,8,30
0.1,0.5300000000000002,4191.557279470642,886.156389038263,9.4637787140175e-06,-808.9479912305666,-731.1328228724874,-798.7918488149772,-680.9397404265617,0.0,4,456,10461.0,127.0,2331.0,14,34,9,31
0.1,0.5700000000000003,3502.674406792615,720.359805930342,6.23518481200199e-06,-1134.7129560229855,-923.7540149017188,-1120.6974892445226,-800.5192392348071,0.00203537940979,4,319,7281.0,94.0,1545.0,14,45,4,42
0.1,0.6100000000000003,695.8861107729243,143.525259100968,1.908972219308547e-06,-34.247676026837695,-29.40752313339172,-33.73187459969739,-25.514412466795843,0.0100328922271728,4,396,950.0,103.0,190.0,13,77,6,70
0.1,0.6400000000000003,2787.4062260011547,566.4980141183197,3.135946700931448e-06,-404.3198363445047,-342.0275605181323,-388.64994137422536,-322.13536218726216,0.0120694637298583,4,454,5049.0,104.0,1042.0,19,55,5,52
0.1,0.6500000000000004,5375.157780629948,1151.062593324099,8.270578973593422e-06,-672.9915249964249,-589.3967673044958,-645.8903271180499,-573.1317601230462,0.0,4,701,14374.0,182.0,3269.0,18,32,10,29
0.1,0.6700000000000004,4248.885864994493,877.514310187209,4.74864653469598e-06,-1607.409509214241,-1303.9941451320965,-1506.6973084822762,-1205.2650613812475,0.0080235004425048,4,392,9311.0,96.0,1992.0,12,43,5,40
0.1,0.7000000000000004,5219.489373771793,1100.4058626252406,5.822615677253299e-06,-1488.1664452093794,-1157.8245457599328,-1197.4714533867275,-1054.1629862290051,0.0,4,614,13205.0,148.0,2923.0,17,36,10,33
0.1,0.7100000000000004,3222.858809543167,655.2267021802454,2.58350420664994e-06,-1082.1101376746392,-710.8078886158968,-788.6519533637023,-606.8957883199696,0.0104050636291503,4,534,6351.0,141.0,1318.0,16,51,5,48
0.1,0.7700000000000005,4488.095599982617,940.5813195837986,3.588266025220557e-06,-212.47292184366955,-228.4342315749853,-142.23094649403637,-175.68341351646217,0.0,4,1594,11840.0,330.0,2553.0,44,37,41,33
0.1,0.7900000000000005,6260.807281213822,1371.6514339474152,6.682978480230079e-06,-110.24476698930678,-119.64289712434795,-87.74335485487106,-102.27431931024714,0.0120258331298828,4,2421,19527.0,520.0,4548.0,40,29,40,26
0.1,0.8100000000000005,5641.479454673216,1208.3911566624442,4.464105657510814e-06,-68.87250673686339,-83.01611089494834,-55.08957747702384,-68.42725372233967,0.0,4,2659,16180.0,579.0,3614.0,62,35,50,32
0.1,0.8300000000000005,5630.40925096332,1225.294785959689,5.014592583185593e-06,-24.472661023553343,-26.054241727517795,-21.388802664838163,-23.81910764887217,0.0120608806610107,4,3792,18226.0,817.0,4139.0,45,31,41,28
0.1,0.8500000000000005,6430.2369772297925,1432.2040415620488,6.20556781015889e-06,-16.328921075926026,-18.58012626652905,-14.764070300616636,-17.316761190152242,0.0,4,4982,21681.0,1042.0,5094.0,43,27,39,25
0.1,0.8900000000000006,658.4900809174476,150.36945611836646,1.2127257849398536e-06,0.9437298458870492,0.9359320913053922,0.9512265521741052,0.9431645513289232,0.0,25,7599,8270.0,1648.0,1716.0,39,40,33,36
0.1,0.9100000000000006,992.1068032681304,220.8237235514266,1.7620782676615311e-06,0.9118428340369468,0.9055198131313654,0.9216856488443108,0.9128786912677264,0.0083644390106201,23,9234,10678.0,1962.0,2251.0,38,40,37,36
0.1,0.9300000000000006,1540.5305683753131,332.1182854881007,2.7234014816959284e-06,0.8492003750429374,0.8541398298936829,0.8616497504505565,0.8619913408586374,0.0,19,11046,14466.0,2436.0,3127.0,35,35,29,32
0.1,0.9500000000000006,1485.715149644222,334.1659679225984,3.4448814736372227e-06,0.9039512545907008,0.8987340751209693,0.9092885422601614,0.902092922506608,0.0,15,13534,17203.0,3085.0,3782.0,30,31,27,28
0.1,0.9900000000000007,2242.254121290547,538.5477075741139,7.343246737868285e-06,0.8848130386212971,0.8695781453840693,0.8879202891785583,0.8717513676508224,0.0020148754119873,10,19896,27377.0,4850.0,6535.0,23,22,19,19
0.11,0.2,858.9122481371423,173.87273842286683,1.2795996430341848e-05,-469.14691751506496,-443.7318605542077,-460.864290277452,-337.30639661955405,0.0083088874816894,4,131,1341.0,40.0,273.0,8,62,5,57
0.11,0.24000000000000005,1344.8797576363472,273.8041993529926,1.2947240274433992e-05,-607.3767033203826,-461.9414696346048,-602.5653858286602,-414.2120397085152,0.0080177783966064,4,179,2454.0,63.0,510.0,10,52,9,48
0.11,0.2700000000000001,706.6273844231249,143.53418582344764,9.517265286593053e-06,-153.24124090327717,-124.35171160774468,-150.44835973801906,-99.35182539231523,0.0,4,199,991.0,65.0,200.0,8,66,5,60
0.11,0.2800000000000001,964.8830401919188,196.08629052877035,1.7828269047756922e-05,-506.9224345404022,-352.10825119802456,-500.0719941711988,-304.7782667188007,0.0,4,154,1729.0,53.0,358.0,10,49,5,45
0.11,0.3000000000000001,1117.525186144217,226.2448664242646,1.018879173226878e-05,-462.78765290674687,-335.6404758982321,-454.6317765936354,-279.9443277160785,0.0,4,191,1772.0,63.0,362.0,8,57,5,53
0.11,0.3100000000000001,1503.5119546969577,305.30044969395857,1.1411308921250252e-05,-857.395277914023,-717.061443398245,-845.0569529281303,-604.4129228687416,0.0100069046020507,4,181,2691.0,54.0,557.0,8,53,6,49
0.11,0.3300000000000001,2540.6235352599306,533.2973002150552,1.6893846676666456e-05,-825.8784150927282,-774.9285281019919,-820.3443903347851,-709.342420562197,0.0,4,268,6066.0,77.0,1338.0,11,35,6,32
0.11,0.35000000000000014,1395.8778413302027,282.3978244427531,8.821631830221876e-06,-510.8812128199995,-344.66054588936885,-504.0919063284628,-296.2369961272287,0.0,4,203,2281.0,76.0,467.0,9,57,5,53
0.11,0.36000000000000015,105.20787953697511,20.967484748215902,5.153606478764536e-06,-3.609929949790601,-2.574587019660018,-3.4187124411833585,-1.4388904940768563,0.0,4,182,190.0,60.0,56.0,7,8,4,5
0.11,0.4000000000000002,130.64579180619126,26.206511595403157,4.871385479863529e-06,-5.037650822127046,-3.5413573324321472,-4.860166337612679,-2.266208555622543,0.0,4,173,195.0,65.0,58.0,11,9,4,4
0.11,0.4100000000000002,2649.1659870765616,545.8795940956211,1.0925203144242769e-05,-989.5491706287434,-785.2685828743803,-978.8331320809164,-677.1014118601372,0.0156350135803222,4,277,5600.0,93.0,1194.0,9,42,6,38
0.11,0.4200000000000002,2809.6642722782144,580.7715055567609,1.066334025967577e-05,-1398.722098761147,-1203.631135943787,-1388.232665399359,-1122.4996438359683,0.0,4,228,6103.0,67.0,1309.0,12,43,8,40
0.11,0.46000000000000024,2375.420076884648,483.76752767557,7.427079768814564e-06,-937.0765180171772,-804.7734421231955,-921.573994583076,-662.3461827810314,0.0,4,252,4420.0,78.0,920.0,12,51,5,47
0.11,0.47000000000000025,1331.900079929672,270.5030614429345,4.551713888617883e-06,-301.0912760198517,-243.5581731691564,-294.63449282325803,-186.81636596542705,0.0,4,266,1947.0,84.0,394.0,9,65,4,60
0.11,0.48000000000000026,239.6078828002117,48.87228253314961,3.775473524966868e-06,-10.937113013062367,-9.421913823404642,-10.660525345706356,-6.922946019021622,0.0,4,240,291.0,82.0,72.0,7,49,6,5
0.11,0.49000000000000027,3103.742228812932,638.8350644597816,8.276868526662472e-06,-853.8030792304171,-660.817273983799,-843.1672747352817,-567.9788841365765,0.0,4,352,6518.0,104.0,1387.0,10,42,5,38
0.11,0.5000000000000002,3484.060257085115,723.740961371309,8.525407749738039e-06,-1210.9383883096766,-955.5594224678276,-1197.6231486964602,-850.1489731348826,0.0156238079071044,4,336,7802.0,97.0,1687.0,10,39,9,36
0.11,0.6100000000000003,3879.811979980473,800.6846484415696,5.244621508753132e-06,-1193.3480685723353,-916.3825407985056,-1159.9896258030303,-835.6080764318326,0.0,4,366,8394.0,104.0,1791.0,15,43,9,40
0.11,0.6200000000000003,1633.081991715868,333.93842995378657,2.2867426453298766e-06,-242.9976398655443,-209.3227935336431,-237.05298527623935,-185.24497132585807,0.0156254768371582,4,323,2490.0,88.0,504.0,15,73,4,68
0.11,0.6400000000000003,871.8853135590713,179.66224097826824,1.4528886920853377e-06,-56.11941560302528,-47.35099172090896,-53.71200770436902,-39.266679176078505,0.0,4,403,1285.0,124.0,258.0,14,75,4,69
0.11,0.7100000000000004,4444.117394564039,929.1206303991604,4.313075914423515e-06,-498.4907280447279,-482.0469039643432,-355.6118125942803,-405.5034605555528,0.0,4,998,11151.0,218.0,2413.0,40,38,23,35
0.11,0.7200000000000004,4197.426689353847,871.3078053516258,3.603560393972036e-06,-874.5189868743669,-1092.4109180470568,-502.6920054462026,-713.9344659117975,0.0,4,883,10004.0,194.0,2140.0,52,42,44,39
0.11,0.7500000000000004,5484.50829040307,1168.5538516331487,5.163975258380585e-06,-590.290719082119,-834.0973004728248,-343.2469653186152,-524.4255448390014,0.0,4,1370,14968.0,288.0,3341.0,47,34,51,31
0.11,0.8200000000000005,5136.536288362681,1118.3360267602936,4.814918934923124e-06,-11.815045602372528,-12.482575786787995,-10.679442424429729,-11.66339963507276,0.0156350135803222,4,4549,17578.0,972.0,3972.0,44,31,38,28
0.11,0.8400000000000005,6024.715992614645,1330.518073439816,5.510272916727684e-06,-13.93997044028722,-14.889093359753232,-12.577778379783943,-13.837451016423202,0.0,4,4971,20321.0,1106.0,4705.0,45,29,38,26
0.11,0.8900000000000006,680.6412417713167,159.53421785518825,1.5231523126463146e-06,0.955444704654616,0.946679506659924,0.9602502512120196,0.9509496406471042,0.0,22,8900,9579.0,1872.0,2005.0,37,38,34,35
0.11,0.9100000000000006,942.5141444561986,212.67995321609416,2.218173197683573e-06,0.9386208341686813,0.9337156688030868,0.9438703275479132,0.9375481075340086,0.0,20,10364,12135.0,2296.0,2582.0,35,36,32,33
0.11,0.9600000000000006,1571.606115287541,360.8667248492832,4.719752947391544e-06,0.92120887928809,0.9147747453786428,0.9244465035969558,0.916908198090366,0.0,13,16200,20632.0,3718.0,4661.0,28,27,23,24
0.11,0.9700000000000006,1748.6630802363898,407.4346155017893,5.442446740484774e-06,0.9158754954001465,0.9080565340868834,0.918812970969036,0.9100339238047308,0.0156245231628417,12,17637,22937.0,4181.0,5277.0,25,25,22,23
0.12,0.2700000000000001,1651.1714118316124,338.9107398465462,1.5952674670800474e-05,-1189.2232577052212,-913.615710019907,-1179.0858244285132,-832.1455975144523,0.0,4,160,3364.0,50.0,712.0,12,45,6,42
0.12,0.2800000000000001,235.0126104772536,47.99544249197,7.687297806911828e-06,-34.660658655034794,-29.49082315159645,-33.472623062594025,-22.7040038330809,0.0,4,135,285.0,41.0,57.0,10,75,6,68
0.12,0.2900000000000001,760.3529608017582,154.98881007995385,9.612395416500906e-06,-347.3202473547022,-275.540338245416,-337.53928785331425,-202.93036502121043,0.0065076351165771,4,139,1094.0,46.0,221.0,8,70,4,65
0.12,0.3200000000000001,2164.3289856981846,447.9635634364325,1.469671394212066e-05,-638.5449075613188,-572.7572643123863,-633.2306497896993,-511.9220645056848,0.0,4,279,4733.0,68.0,1016.0,13,39,6,36
0.12,0.36000000000000015,33.359468920632814,6.623034299573975,3.5207983439229494e-06,0.4168176215962641,0.5266323185011711,0.4356344986149183,0.695122613416777,0.0156257152557373,4,160,164.0,63.0,49.0,6,7,4,5
0.12,0.37000000000000016,53.55789313132721,10.578082687015325,5.054321615720299e-06,-0.0904752884711213,0.1681224609645997,-0.0505941040966075,0.4268717237331768,0.0,4,174,191.0,65.0,58.0,8,7,4,5
0.12,0.38000000000000017,430.3970429537514,88.75105633174176,5.398540571881515e-06,-48.85651451014876,-37.07396591223786,-48.08508643440325,-30.253637181250657,0.015625,4,218,555.0,72.0,111.0,9,78,5,70
0.12,0.3900000000000002,100.51088249537958,20.60339777803652,4.471610211504924e-06,-5.864567262486571,-3.927845621902139,-5.665663209550711,-2.654694504954447,0.0156340599060058,4,140,145.0,54.0,54.0,9,9,5,4
0.12,0.4100000000000002,2127.221914356061,433.1499211204669,8.941667748577797e-06,-1188.932923259976,-828.4471360947427,-1168.1861000120816,-692.680606077645,0.0,4,218,3949.0,73.0,823.0,8,51,6,47
0.12,0.4300000000000002,1867.6280606471585,379.2677429380639,7.117395571469378e-06,-391.6047591219369,-330.36832706633004,-387.9871463981657,-297.1689923401223,0.0,4,293,3209.0,80.0,661.0,13,54,5,51
0.12,0.4400000000000002,3440.2032401201727,722.0696671143767,1.2024769824956532e-05,-2958.9138289529023,-2494.7943645336163,-2930.535543415649,-2167.347611967715,0.0,4,213,8253.0,59.0,1825.0,10,38,7,35
0.12,0.45000000000000023,3001.4230461704883,620.814686520865,9.068452740812104e-06,-846.4182153923753,-659.7913810077666,-838.7915692592811,-595.955481295329,0.0,4,343,6547.0,114.0,1403.0,13,40,6,36
0.12,0.48000000000000026,3113.819767049253,642.1247363895377,8.262483465129823e-06,-876.6411840940924,-706.683927294398,-867.7204814871699,-612.4373883699396,0.0,4,316,6651.0,109.0,1421.0,11,41,6,38
0.12,0.5600000000000003,3381.8760896012536,695.3684200359787,5.686776709875406e-06,-556.2940204619244,-431.7983907435119,-548.7572731252217,-394.7604224188652,0.0,4,472,7068.0,137.0,1496.0,13,42,8,38
0.12,0.5800000000000003,3988.811847948376,832.0454589944791,6.692843359335024e-06,-399.0197945374365,-336.32278901596663,-388.8934576517185,-322.1105120017448,0.0,4,657,9342.0,160.0,2027.0,16,37,11,34
0.12,0.5900000000000003,3239.0143707229827,663.3974032081625,4.666481138602451e-06,-480.4799348686875,-375.805575263785,-468.6453240046459,-334.0104541032832,0.0,4,495,6528.0,138.0,1371.0,11,45,5,41
0.12,0.6800000000000004,2825.557323343485,574.3637965900474,2.327314788653726e-06,-9656.640505919726,-2914.9307151379367,-2064.6540453926664,-1661.4821060268107,0.0,4,409,5386.0,110.0,1111.0,18,56,4,52
0.12,0.7000000000000004,5594.187593684478,1192.7447861969467,6.417933411428172e-06,-3314.7720915146924,-4347.055086866245,-1449.3559585832409,-2206.784356795575,0.0,4,724,15041.0,167.0,3402.0,67,34,53,31
0.12,0.7600000000000005,5475.608522118798,1183.9934455758894,5.447259380035205e-06,-72.40950317218875,-84.06960236260227,-58.74929746958787,-72.45814232545145,0.0,4,2649,16284.0,539.0,3680.0,51,31,47,28
0.12,0.7700000000000005,5354.295671273362,1157.1508877771012,5.3835449336769805e-06,-46.31440571504392,-47.93684389940309,-38.780009413377776,-42.77522585559937,0.0156254768371582,4,2933,16562.0,603.0,3745.0,49,30,37,27
0.12,0.8100000000000005,5988.256900662607,1331.4834967371294,6.367162572111001e-06,-16.153065698675242,-18.12635133529163,-14.570966861691412,-16.878640151010202,0.0,4,4657,20384.0,973.0,4775.0,44,28,34,25
0.12,0.8700000000000006,964.0343181996514,213.6244608101101,1.8327625283096056e-06,0.9047931552140837,0.897337245016132,0.9141040039749816,0.9060144381260588,0.0,22,8560,9989.0,1859.0,2101.0,37,38,32,34
0.12,0.8800000000000006,926.0926856961996,200.8457741651539,2.0006902248417503e-06,0.9272311362767708,0.9268972813360212,0.9334299610037576,0.9317994161418484,0.0,20,9470,10795.0,2065.0,2279.0,36,36,31,32
0.12,0.9000000000000006,905.499630174918,205.42966114710003,2.46567151393938e-06,0.948253310215952,0.9427303437897084,0.9523893409206906,0.9460200635588794,0.0,19,11003,12615.0,2378.0,2693.0,33,35,32,32
0.12,0.9100000000000006,1256.0368843158649,281.85672652202976,3.148401029582669e-06,0.9152802846674164,0.9096056339713812,0.9202366833323474,0.9130039535950708,0.0,16,11944,14943.0,2685.0,3243.0,31,32,27,28
0.12,0.9300000000000006,1375.5125683109534,307.3871507807642,3.986606100878565e-06,0.9210938369858708,0.9182735239938749,0.9248573344602048,0.920765805425856,0.0,14,13926,17350.0,3125.0,3830.0,29,29,26,26
0.12,0.9900000000000007,2191.340803362981,558.6956158847062,8.793330047785924e-06,0.9114291348254784,0.8900343385572658,0.9133848040120548,0.8915561052644078,0.0156280994415283,9,22816,30733.0,5652.0,7615.0,21,20,17,17
0.13,0.2,65.50397570631368,13.758330809610106,6.753101593616689e-06,-1.3135031141870126,-1.4457741463332572,-1.2360290255907778,-0.7085065234825625,0.0,4,153,144.0,48.0,41.0,10,8,4,5
0.13,0.25000000000000006,136.3835736687768,27.893024815056062,7.025487593001423e-06,-5.2190625412223,-4.698499842640835,-5.07645760359275,-3.482805807901358,0.0,4,174,185.0,53.0,54.0,9,16,6,5
0.13,0.2700000000000001,9.032925882569833,2.184223737013526,2.753131423052516e-06,0.9372470948215884,0.9341834832996276,0.9401292529402628,0.954539814883744,0.0156223773956298,4,138,144.0,52.0,48.0,8,6,6,5
0.13,0.2800000000000001,43.82861983529332,8.763085453575508,8.276208738386483e-06,-1.3588608633051162,-0.7687316931751158,-1.2818342675427203,-0.2963102985628396,0.0,4,107,108.0,36.0,36.0,9,8,5,4
0.13,0.3100000000000001,1419.9032060613615,288.1405906844782,1.1140711245892958e-05,-928.154030286028,-851.0884652219423,-909.3054692965696,-668.6599608810501,0.0,4,160,2470.0,44.0,510.0,10,56,7,52
0.13,0.3200000000000001,166.8239778429148,34.08598196717628,6.128886967339951e-06,-13.186739826650664,-10.088390049116516,-12.781877746107112,-6.899716981933868,0.0,4,151,197.0,59.0,51.0,10,39,4,5
0.13,0.34000000000000014,1330.2093193679457,269.5109962196966,9.097870145819249e-06,-284.99742202151754,-219.43085725726155,-281.5321554242193,-188.3763762437116,0.0,4,250,2166.0,83.0,443.0,14,55,6,51
0.13,0.37000000000000016,1836.6751947019195,373.4748011356768,9.513832544489947e-06,-1445.953609472876,-1092.0583628604154,-1437.039986458154,-1016.199103615922,0.0,4,160,3331.0,48.0,691.0,11,56,6,52
0.13,0.3900000000000002,1693.007589444497,343.3387691721788,7.831834078185096e-06,-634.7498232443015,-502.7449475781528,-628.9807705956559,-446.6824731468647,0.015622854232788,4,224,2889.0,65.0,595.0,12,58,8,54
0.13,0.4300000000000002,2758.273633543271,568.5078971893589,9.6307197044179e-06,-943.4993491042644,-610.6962620190752,-935.5673717889528,-570.6687925691004,0.0,4,281,5854.0,96.0,1249.0,11,42,6,38
0.13,0.45000000000000023,2444.4792390200414,500.1584228188771,7.235519201141168e-06,-426.2989263757983,-352.92824228728625,-421.0460827833128,-314.25027356893526,0.0,4,379,4786.0,111.0,1002.0,10,45,6,42
0.13,0.48000000000000026,2668.8371882713263,545.8720660557747,7.3973187199156e-06,-610.0436189838223,-521.2059881933875,-602.4885527857018,-439.3997598300336,0.0156219005584716,4,355,5224.0,100.0,1096.0,11,46,7,43
0.13,0.5200000000000002,1442.124196425768,293.1174217215119,3.2428928367404387e-06,-150.11576085922997,-138.30818279941624,-147.7880312239348,-114.6038904502492,0.0,4,374,2142.0,112.0,434.0,12,66,5,61
0.13,0.5900000000000003,2292.1064275028766,465.3325423823269,3.078849275847901e-06,-330.97523644280284,-275.4195101194117,-318.2508335864417,-246.67038665308576,0.0156235694885253,4,424,3977.0,114.0,816.0,13,56,7,52
0.13,0.6600000000000004,1132.4410258743426,231.2235119965096,1.1287437402193628e-06,-188.97565738692492,-90.00637951580693,-117.39608997764466,-76.1829102582842,0.0,4,573,2017.0,168.0,407.0,35,66,5,61
0.13,0.6700000000000004,4055.7227507868433,845.7753038386338,4.432679597260552e-06,-282.8011012819084,-224.64070074367768,-229.97078406718396,-206.45976727623164,0.0,4,1030,10120.0,230.0,2181.0,23,37,18,33
0.13,0.7000000000000004,5144.334578972937,1105.3290893816798,6.175445288952176e-06,-245.2244273429937,-234.68311497643677,-181.24801176990397,-200.44975939109003,0.0,4,1544,14841.0,343.0,3347.0,39,30,31,27
0.13,0.7100000000000004,3972.2940396576887,821.4360393035277,3.198667742155856e-06,-286.6064431748902,-434.4077032751141,-206.82214609285995,-320.29261666238864,0.0156221389770507,4,1122,9336.0,229.0,1987.0,76,45,72,41
0.13,0.7200000000000004,3849.566515098377,801.2154373720799,3.39119850542244e-06,-123.38622783888812,-129.3328236493374,-85.18805328497609,-101.48254651500778,0.0,4,1698,10270.0,371.0,2201.0,46,38,39,35
0.13,0.7300000000000004,4919.830367375485,1049.0154262847298,5.045199033244235e-06,-103.01692336548112,-102.1024736790712,-79.52071222447255,-87.00162748893217,0.0,4,2041,14272.0,430.0,3175.0,46,32,42,29
0.13,0.7500000000000004,3627.544147445578,765.0486367981232,3.0232326870023427e-06,-25.8101876336991,-28.55846237411601,-20.988540704439497,-24.630777077758243,0.0,4,2755,10775.0,598.0,2308.0,49,39,48,36
0.13,0.7600000000000005,4242.7984549312105,906.3506265973084,4.196730057671117e-06,-16.811338165555785,-16.920582308875577,-14.724577620356404,-15.59426902949907,0.0156226158142089,4,3493,13987.0,736.0,3083.0,39,33,39,30
0.13,0.7700000000000005,5671.307778340607,1253.942947931311,6.518176496115494e-06,-25.056993270857014,-27.96807483597167,-22.236074877884462,-25.835730690289004,0.0065078735351562,4,3758,18855.0,787.0,4375.0,44,28,40,25
0.13,0.8300000000000005,551.8439634534385,125.40558201292318,1.3334081495418203e-06,0.9502976818418684,0.9423389250533912,0.9567724467810824,0.9502837562582231,0.0,25,6672,7151.0,1440.0,1480.0,36,39,32,35
0.13,0.8700000000000006,1007.8251104895796,221.5718995420373,2.1591301721022817e-06,0.9089414299853806,0.90667140416313,0.9208831047457008,0.9152917118234156,0.0156254768371582,25,9113,10901.0,1963.0,2310.0,39,41,35,38
0.13,0.8800000000000006,1023.3911066365864,234.72527000932897,2.7403198106274785e-06,0.9306910337887307,0.921421593497906,0.9348190699810136,0.9245626057055228,0.0,16,10835,12790.0,2362.0,2742.0,31,32,26,29
0.13,0.9500000000000006,1742.353766525981,389.5969799910952,5.484726039045327e-06,0.9131364831129544,0.9138499186501584,0.9162588457157744,0.9155118951989738,0.0,12,17378,22709.0,4096.0,5248.0,26,26,23,23
0.13,0.9800000000000006,1968.675050777948,484.3438631569288,7.975744740215936e-06,0.921796746501204,0.9083083555081876,0.9238141408809776,0.9096994151585504,0.0,10,21640,28348.0,5238.0,6907.0,22,22,19,19
0.13,0.9900000000000007,2132.598178018749,550.9993849563012,9.67320006277887e-06,0.9216662258748914,0.901498190918538,0.9236520565512316,0.902949320321948,0.0,10,23936,31682.0,5921.0,7985.0,22,21,17,18
0.13999999999999999,0.21000000000000002,47.96548238056196,9.613900526494607,8.229763268867513e-06,-1.9730550647546377,-1.4325417223535863,-1.8952139556899823,-0.7919315620683245,0.0,4,96,99.0,33.0,31.0,10,8,3,5
0.13999999999999999,0.22000000000000003,651.9253136543582,132.03377093254085,1.248820000712842e-05,-252.8026362716476,-165.26488668115493,-249.52983472226836,-146.8834471027459,0.0156245231628417,4,138,955.0,53.0,193.0,11,64,5,58
0.13999999999999999,0.23000000000000004,883.2090930710199,178.44268454231087,1.3562236808230607e-05,-348.8581061864731,-297.7067094863168,-339.3151979370297,-223.2419174046491,0.0065076351165771,4,173,1416.0,48.0,289.0,9,57,5,52
0.13999999999999999,0.24000000000000005,25.656383221335,4.84338036224013,5.397965878861891e-06,0.2380951424048981,0.4685336689741975,0.3011667127453689,0.7117166938052373,0.0,4,107,120.0,45.0,38.0,7,7,4,5
0.13999999999999999,0.25000000000000006,17.70092982491786,3.3244673758864494,4.890943156286253e-06,0.641324166570298,0.7695935720732643,0.6651079044176383,0.847530307123683,0.0156252384185791,4,99,109.0,41.0,33.0,9,7,3,4
0.13999999999999999,0.3200000000000001,1708.4411327776754,348.32623597235204,1.1689684401327824e-05,-981.3928771772362,-714.5835517693318,-964.074296406684,-574.7215925154857,0.0,4,181,3226.0,60.0,673.0,9,49,8,45
0.13999999999999999,0.3300000000000001,1899.2685461557735,388.4947178963098,1.1928491867111258e-05,-797.1851484973314,-644.4808537336347,-789.3412812077946,-567.2704994030632,0.0,4,216,3749.0,70.0,788.0,10,46,6,42
0.13999999999999999,0.34000000000000014,1233.5945444107638,249.44738924270183,8.435859621354022e-06,-270.4139404459952,-227.6129509618819,-266.202278900461,-184.5528841673656,0.0,4,251,1939.0,72.0,396.0,9,57,5,53
0.13999999999999999,0.36000000000000015,107.98437386955578,21.74904212450133,4.323416434647727e-06,-1.7112697776795174,-0.9829838645113866,-1.6708327158803216,-0.6611186304276258,0.0,4,225,236.0,75.0,75.0,8,8,5,4
0.13999999999999999,0.3900000000000002,1268.7723273897489,257.7377543162817,6.662065952909233e-06,-436.9512169547579,-348.11798300964364,-430.9317734274258,-284.93847522436886,0.0,4,186,1939.0,66.0,394.0,9,66,6,61
0.13999999999999999,0.4400000000000002,2555.332049933368,523.6767649673477,8.593774950184375e-06,-572.4263168891532,-501.2997567374195,-566.1522517517727,-432.0363336013891,0.0,4,348,5130.0,98.0,1082.0,10,45,7,41
0.13999999999999999,0.46000000000000024,1017.2466719860364,209.5700708196028,4.873443446184991e-06,-190.8078714496148,-189.15106734816595,-188.3734921380291,-154.87626266640686,0.0,4,227,1479.0,62.0,299.0,13,77,4,74
0.13999999999999999,0.47000000000000025,2604.934012280029,533.1334846921548,7.36830031357971e-06,-844.051397789602,-677.362151625637,-835.6816905155961,-624.1656724638665,0.0,4,265,5087.0,82.0,1066.0,12,49,6,45
0.13999999999999999,0.49000000000000027,3181.748811581455,658.1225269026024,7.457364723415543e-06,-554.8938900250846,-452.4032484066015,-548.3832938540364,-417.0267020176162,0.0,4,429,6935.0,112.0,1485.0,12,40,10,37
0.13999999999999999,0.5100000000000002,4188.122108017706,890.4332512883826,1.0774021066968052e-05,-809.5085172274704,-720.9409864260796,-800.7498201011947,-661.1294925077316,0.0156223773956298,4,446,10747.0,130.0,2422.0,12,32,6,29
0.13999999999999999,0.5400000000000003,4185.155375948822,885.5666735674583,9.02051142560529e-06,-394.1002280768084,-346.43071621954226,-386.9998239119195,-333.6865110203361,0.0065107345581054,4,624,10676.0,156.0,2381.0,16,32,9,29
0.13999999999999999,0.6700000000000004,5593.759094964673,1226.1066302528504,8.660237343308142e-06,-360.873395932956,-348.50047707458833,-277.7487469521459,-305.43352572289194,0.0,4,1304,16958.0,283.0,3970.0,31,28,26,25
0.13999999999999999,0.7100000000000004,5078.971050033986,1098.5659734019923,6.123125157049071e-06,-90.5137453421772,-88.66814900198092,-72.52218447330762,-78.02635311976162,0.0,4,2144,15506.0,464.0,3515.0,39,29,30,26
0.13999999999999999,0.7300000000000004,4638.21616999287,991.4195788111108,4.681040148728506e-06,-49.17766799702202,-53.11019418880348,-39.99584583255867,-46.11602217525647,0.0156271457672119,4,2639,13907.0,559.0,3082.0,50,33,47,30
0.13999999999999999,0.7600000000000005,5155.200550778796,1124.4889811598866,5.437573534320007e-06,-21.014677722974348,-22.95633142119418,-18.44471804687912,-20.985730348102777,0.0,4,3755,16746.0,784.0,3805.0,48,31,37,28
0.13999999999999999,0.7800000000000005,5297.232039589167,1167.709064079462,5.690723254345732e-06,-11.250294461744588,-12.268015920594026,-10.227028295539029,-11.483389270516849,0.0,4,4756,18088.0,1032.0,4152.0,46,29,41,27
0.13999999999999999,0.8000000000000005,599.4125480650015,130.82898081932086,1.207836401026133e-06,0.9178994941980538,0.9087899762880346,0.9323327130122266,0.9283431594997807,0.0,28,5728,6235.0,1268.0,1284.0,39,39,31,35
0.13999999999999999,0.8100000000000005,589.006091373999,131.65038672303368,1.1655970033776832e-06,0.936750582017174,0.9284209699411096,0.9454538539400044,0.938388969296683,0.0,26,6475,6887.0,1387.0,1424.0,37,40,37,36
0.13999999999999999,0.8700000000000006,1002.5303839444008,226.0015918355336,2.5644808772687887e-06,0.929301115836424,0.9232146670476088,0.9342503516691326,0.927115386558518,0.0156247615814208,18,10402,12381.0,2282.0,2647.0,33,34,28,30
0.13999999999999999,0.9300000000000006,1390.4902394056396,308.39804302423266,4.8757951971950855e-06,0.9373036043584844,0.938031754753375,0.9403278150468266,0.9399259036275548,0.0,15,16160,19857.0,3710.0,4484.0,29,29,25,26
0.14999999999999997,0.21000000000000002,152.02583387920183,30.95679112354293,1.0211238478346284e-05,-30.04965274492805,-24.00425801775684,-28.69110644347665,-16.49150131948193,0.0,4,97,184.0,35.0,36.0,8,76,3,61
0.14999999999999997,0.2800000000000001,1261.336844548936,255.86499532631137,1.2043655778551406e-05,-424.012359905338,-370.9058817727916,-418.3670246107824,-313.9574707672602,0.0156271457672119,4,217,2185.0,55.0,450.0,10,53,5,49
0.14999999999999997,0.3000000000000001,13.452462599836506,3.3942353090693835,3.442355305328598e-06,0.9250064615180404,0.8897004513746409,0.928067267725034,0.9321472392638036,0.0,4,168,175.0,63.0,63.0,8,6,5,4
0.14999999999999997,0.34000000000000014,2235.5270910906,461.8183828627873,1.3389020814094522e-05,-832.0288138845133,-686.3413508730275,-823.1571903417552,-599.41251292127,0.0,4,267,4799.0,78.0,1027.0,10,41,7,37
0.14999999999999997,0.35000000000000014,1621.68622697179,328.99621641694705,9.732996365675235e-06,-708.9233087011013,-616.8437983113331,-695.590352279147,-467.8533621870595,0.0156219005584716,4,196,2842.0,63.0,587.0,9,54,4,50
0.14999999999999997,0.36000000000000015,1315.9864527228235,266.2833508063669,8.524180497034235e-06,-295.21145775521785,-249.86588400955597,-292.3884763195238,-218.7143188217184,0.0,4,239,2084.0,66.0,425.0,11,59,7,54
0.14999999999999997,0.38000000000000017,915.9628358545268,187.68904358894616,6.629152942284191e-06,-380.07307965400537,-276.82370096529064,-372.776012575212,-221.78951920992876,0.0,4,155,1322.0,55.0,267.0,9,75,5,70
0.14999999999999997,0.4000000000000002,1151.3173930690589,233.3909229526004,6.177048274686049e-06,-180.05851682784711,-143.71167995572236,-177.7765641349008,-119.07976924830947,0.0,4,283,1678.0,85.0,340.0,8,62,5,57
0.14999999999999997,0.4100000000000002,2747.381275869805,568.1345204556164,1.1542195501800931e-05,-1045.4223050227556,-869.4524819959789,-1034.536057968917,-760.7107470359075,0.0156326293945312,4,273,5970.0,83.0,1281.0,10,41,6,37
0.14999999999999997,0.4200000000000002,2094.250639150752,426.66264239638633,7.908331657953201e-06,-291.72113701946057,-247.03343245169597,-289.03174378241715,-218.7230845480528,0.0,4,389,3889.0,108.0,808.0,12,46,7,43
0.14999999999999997,0.45000000000000023,1543.7584007868588,312.82376561465617,5.371491091849998e-06,-141.95633102504542,-114.89770287941968,-140.289522663483,-100.32049180327868,0.0156242847442626,4,412,2432.0,119.0,496.0,11,55,5,51
0.14999999999999997,0.46000000000000024,2766.3308731964803,568.0109392285798,8.27823661146218e-06,-479.7339898707292,-432.1286438770717,-475.4657536554749,-395.8540958115257,0.0,4,379,5705.0,103.0,1207.0,15,43,8,40
0.14999999999999997,0.49000000000000027,2929.455303465134,602.2991798793464,7.058804031750661e-06,-341.74818042089805,-272.3204513074677,-336.99790687985467,-255.5876790310764,0.0,4,503,6177.0,149.0,1307.0,12,41,7,37
0.14999999999999997,0.5200000000000002,2265.1476612096026,459.9141224185228,4.326768655233219e-06,-354.47414645508377,-300.4349694572067,-349.0838799059023,-269.4405249733103,0.0156221389770507,4,365,3995.0,103.0,824.0,13,54,5,50
0.14999999999999997,0.5400000000000003,976.7980695875684,201.0394343572093,2.522294865531149e-06,-89.07246351737771,-71.5034293371246,-87.1936942538791,-62.7357972908798,0.0,4,337,1411.0,91.0,284.0,14,74,9,69
0.14999999999999997,0.5500000000000003,3699.488894879039,770.5209479631296,6.473027478160053e-06,-493.7930702852144,-427.8015392949037,-479.9044937582267,-406.086492583041,0.0156266689300537,4,558,8529.0,144.0,1841.0,11,38,11,35
0.14999999999999997,0.5700000000000003,2001.7110389197871,406.20857481102,2.8781494723553315e-06,-476.7562712080008,-328.2705967639155,-443.47094901182703,-303.25417529076066,0.0,4,378,3373.0,109.0,689.0,12,61,10,57
0.14999999999999997,0.5800000000000003,3971.568705079476,830.8116262627368,6.178529201803059e-06,-835.9062450257921,-626.6061127940256,-761.7940825922384,-586.7923269562798,0.0,4,545,9469.0,131.0,2059.0,17,38,8,34
0.14999999999999997,0.5900000000000003,4551.665640638234,968.7920367223642,7.817798046875806e-06,-463.3818589075353,-382.59594554448,-425.87424635105526,-359.1592931631205,0.0,4,776,12157.0,186.0,2729.0,20,31,9,28
0.14999999999999997,0.6300000000000003,3187.677905165974,659.1744758281629,3.5829857958934864e-06,-339.80292803638827,-266.8965463721655,-251.3540823711201,-231.5902680787075,0.0,4,864,7325.0,200.0,1542.0,23,41,5,38
0.14999999999999997,0.6500000000000004,3442.4679646294458,711.8610000086627,3.708482874048532e-06,-263.3817526472544,-222.6652229376479,-197.0371729571463,-194.859792807661,0.0,4,1007,8321.0,221.0,1766.0,37,40,40,37
0.14999999999999997,0.6600000000000004,4458.564563707696,943.6110328148987,5.354655869794052e-06,-419.0123520123796,-427.4894532429165,-276.8890941179882,-335.22044456653686,0.0,4,1182,11971.0,260.0,2637.0,45,35,44,32
0.14999999999999997,0.6700000000000004,5442.46142326705,1193.9504500117805,8.445664918215286e-06,-181.9511663796407,-171.23168427362063,-147.86517128284544,-154.86277325874076,0.0156266689300537,4,1597,16831.0,347.0,3930.0,33,27,27,24
0.14999999999999997,0.7200000000000004,5451.604191466643,1189.995758921014,6.750961303967281e-06,-59.43788470560105,-64.47383530865979,-49.35148017876541,-57.03798297342955,0.0,4,2724,17079.0,565.0,3937.0,44,28,37,26
0.14999999999999997,0.7300000000000004,4356.328282414753,931.6979459567356,4.4489346262062965e-06,-24.65145953754679,-25.84961378032112,-21.12595953988324,-23.376643619505643,0.0,4,3055,13619.0,651.0,3010.0,43,33,46,30
0.14999999999999997,0.7700000000000005,4909.998251866627,1077.3803877925382,5.381376106081082e-06,-9.38727977264305,-9.90121168804616,-8.563880344524746,-9.32398197655664,0.0100195407867431,4,4698,17143.0,1018.0,3903.0,45,30,36,27
0.14999999999999997,0.8200000000000005,919.0508373090368,204.4555646640069,2.104639918248138e-06,0.90115226265733,0.8898492796212045,0.9109952884417704,0.90028582088831,0.0,23,7895,9086.0,1699.0,1906.0,37,38,33,34
0.14999999999999997,0.8500000000000005,834.1935856092427,187.5404812267619,2.136406114225703e-06,0.945613115852853,0.9407107140630324,0.9494181180016824,0.9442931133613576,0.0,19,9750,11211.0,2122.0,2380.0,33,34,29,31
0.14999999999999997,0.8800000000000006,1123.8139735111072,246.8152202380892,3.386702307956619e-06,0.9351218438091368,0.9341961929217296,0.938342575130184,0.936531303782272,0.010258674621582,15,12289,14963.0,2778.0,3264.0,30,30,26,27
0.14999999999999997,0.8900000000000006,834.8749395603405,201.5408001315045,3.8118596917581697e-06,0.9688076435000342,0.9612221431622936,0.9702706169590658,0.9625724044284204,0.0,15,13264,14920.0,2942.0,3243.0,28,30,27,27
0.14999999999999997,0.9100000000000006,1341.1011630044038,303.0536159125099,4.672153080144495e-06,0.9340134715078966,0.9313269104455174,0.93723209568392,0.9334206566041688,0.0080211162567138,15,14937,18555.0,3447.0,4158.0,29,29,25,26
0.14999999999999997,0.9200000000000006,1444.634551840739,334.75100083217006,5.138772885653392e-06,0.9325079068445742,0.925411420157044,0.9352807133550842,0.927470391210528,0.0,14,16166,20231.0,3658.0,4597.0,27,28,24,25
0.14999999999999997,0.9300000000000006,1300.8912545558046,313.4795120807451,6.161425597410717e-06,0.9532511044010652,0.9443852223422318,0.9546217703927454,0.9454806096066822,0.0,11,17890,21729.0,4088.0,4983.0,24,24,20,21
0.14999999999999997,0.9600000000000006,1809.8893969559251,433.24775588285286,7.331796519042288e-06,0.9285869234469232,0.9205838882266985,0.9306749633164288,0.9219337905159024,0.0,11,20547,26656.0,4944.0,6381.0,24,23,20,20
0.14999999999999997,0.9800000000000006,2026.6267079032616,510.76149785619873,9.488789120257268e-06,0.9290414107592988,0.9154163455699972,0.9305438933069236,0.9164041226429273,0.0100092887878417,9,23968,31352.0,6129.0,7904.0,21,20,17,17
0.14999999999999997,0.9900000000000007,2110.5180283110794,552.7697452867222,1.1304486459769933e-05,0.9313176645257532,0.9136469889539632,0.9325765677920947,0.9145311461176638,0.0080354213714599,8,26021,33998.0,6527.0,8820.0,19,18,16,16
0.15999999999999998,0.25000000000000006,203.141448052008,41.30173523392611,7.886085407872628e-06,-11.76701814677488,-10.581363688601154,-11.520158586145,-8.091211902514846,0.0020143985748291,4,182,247.0,54.0,54.0,13,51,5,4
0.15999999999999998,0.26000000000000006,54.37159951052878,11.06985395868738,6.261519665394033e-06,-1.1275529471517096,-0.8616900447229996,-1.0294974433375177,-0.1017044390335268,0.0,4,141,138.0,51.0,44.0,8,7,3,4
0.15999999999999998,0.2700000000000001,1730.2490277173013,356.178706316553,1.681635699127813e-05,-1521.8950728048023,-1127.092418577501,-1501.5552645665862,-975.4534305707888,0.008023977279663,4,154,3623.0,53.0,772.0,9,43,5,40
0.15999999999999998,0.3100000000000001,1176.005234894811,238.00096288320628,9.787244005423266e-06,-216.5796536307317,-178.19185411886824,-213.5613755393149,-148.25076383773157,0.0,4,258,1891.0,94.0,386.0,8,53,6,49
0.15999999999999998,0.36000000000000015,1773.2206750712107,360.6207177677585,9.18420860668352e-06,-610.4099550065356,-470.1504984458334,-600.2729651277155,-379.4199185868396,0.0,4,230,3230.0,70.0,670.0,11,50,7,46
0.15999999999999998,0.37000000000000016,1233.249138455,249.6160176150561,7.354686389084232e-06,-151.49449552993372,-127.04350471819174,-149.7012627099947,-109.24538958021814,0.0,4,302,1895.0,97.0,386.0,9,57,6,53
0.15999999999999998,0.4000000000000002,2472.6202974611097,508.51578351446807,9.641188317929274e-06,-601.4765215003603,-513.5237029819557,-591.5494718934161,-415.0994576597101,0.0,4,328,5136.0,96.0,1090.0,11,41,6,38
0.15999999999999998,0.4100000000000002,1619.2416820845492,327.9113669626799,6.580711786800619e-06,-285.3460925592315,-205.772224670486,-281.62046516763627,-176.13410699895803,0.0080389976501464,4,314,2672.0,107.0,547.0,8,53,7,49
0.15999999999999998,0.4300000000000002,2340.0480875578887,478.5851652701603,7.815965746882376e-06,-304.2402617665563,-246.7995165316499,-300.6825317285936,-218.75782485317555,0.0103135108947753,4,413,4600.0,141.0,963.0,10,43,6,39
0.15999999999999998,0.45000000000000023,2377.926263049382,485.6393123159066,7.063737076557415e-06,-368.9617204523978,-304.1789036682923,-365.5214976442325,-274.04107180775725,0.0,4,372,4564.0,122.0,953.0,11,45,5,42
0.15999999999999998,0.46000000000000024,3236.24856604835,674.4417367349088,9.62531340800122e-06,-514.515837612547,-431.57186325597706,-508.8683191900407,-392.5056403520527,0.0,4,432,7465.0,123.0,1621.0,11,36,6,33
0.15999999999999998,0.49000000000000027,3314.2185274837666,689.8257705754403,8.12636174663381e-06,-374.22273035986433,-289.0164681971145,-368.853221620573,-265.0468470529367,0.0080204010009765,4,576,7581.0,167.0,1635.0,11,36,5,33
0.15999999999999998,0.5100000000000002,1448.649719710278,293.14245683626245,3.950393142192252e-06,-121.59345349035895,-94.52092023840608,-119.66353732700595,-77.10184618891938,0.0,4,384,2160.0,143.0,438.0,9,60,4,56
0.15999999999999998,0.5800000000000003,4428.047402872211,942.3528123355215,7.904917784220744e-06,-282.25486271026654,-241.55008750573617,-264.4718121008382,-232.4494125561958,0.0,4,896,11902.0,214.0,2669.0,20,31,12,28
0.15999999999999998,0.6700000000000004,4149.281239212803,876.8405107258674,4.735454949953662e-06,-128.1232510714911,-133.84871968493687,-94.6134971216808,-111.54105845926853,0.002023696899414,4,1651,11625.0,363.0,2542.0,40,35,37,32
0.15999999999999998,0.7000000000000004,3835.799374804423,816.3208366404311,4.2642902131609015e-06,-24.17003410103558,-25.684762207490763,-20.713595120656013,-23.348326435476174,0.0,4,2760,11893.0,590.0,2597.0,41,34,39,31
0.15999999999999998,0.7300000000000004,2918.135668753254,613.3515424153862,2.800846489883026e-06,-7.361531732674557,-7.274400884361761,-6.391319003797733,-6.629404759557602,0.0,4,3490,9949.0,778.0,2123.0,47,40,47,37
0.15999999999999998,0.7400000000000004,3606.23412474842,766.736394021222,3.6021258606267243e-06,-7.949592118826713,-8.098555880888465,-7.099453730852058,-7.540852748613201,0.0120627880096435,4,3894,12414.0,847.0,2707.0,45,35,36,31
0.15999999999999998,0.7500000000000004,5202.477570831036,1162.180283095814,6.783527919547662e-06,-10.73414838359872,-11.786603213342415,-9.8649819618151,-11.170231715854626,0.0,4,4688,18639.0,1016.0,4337.0,37,27,35,24
0.15999999999999998,0.7800000000000005,397.85217369354166,91.27940390616487,1.0781845602632348e-06,0.9668163884156508,0.9602270730938156,0.9726026178127468,0.9679829646707744,0.002021312713623,29,5926,6078.0,1276.0,1251.0,39,40,35,36
0.15999999999999998,0.8300000000000005,870.812449054658,198.0049001317656,2.9179952910096653e-06,0.9397276107593122,0.9323635550838324,0.9431108582482964,0.9359225894244037,0.0080218315124511,16,9650,11216.0,2157.0,2388.0,30,31,26,28
0.15999999999999998,0.8400000000000005,1017.5943637602492,232.1461681214962,2.8217811139758186e-06,0.924000425485164,0.9139396228771184,0.9284404672717596,0.9184357832283416,0.0,17,10192,12201.0,2230.0,2615.0,31,32,27,29
0.15999999999999998,0.8700000000000006,959.5868654691728,224.4455867879149,3.519635696287501e-06,0.9538425663930272,0.9463291347461512,0.9561852911385356,0.9484861982148648,0.002028465270996,16,12550,14516.0,2765.0,3159.0,29,31,25,27
0.15999999999999998,0.8800000000000006,1041.2009278199014,243.0486361510464,3.993493021532397e-06,0.9523286374080984,0.9449800770812372,0.9543422692481232,0.9466183276898332,0.0080268383026123,14,13484,16023.0,3018.0,3523.0,28,29,24,26
0.15999999999999998,0.8900000000000006,1360.7470759296757,294.9772754353389,4.359789653536549e-06,0.9232620377402178,0.926551270400484,0.9265218316318556,0.9286185746651608,0.0,14,14157,17633.0,3264.0,3931.0,28,28,24,25
0.15999999999999998,0.9000000000000006,1240.2482602795444,284.95960592949706,5.40072783003402e-06,0.944756138624005,0.9397686005248254,0.9467841012764002,0.9412138981178392,0.0156357288360595,13,15180,18664.0,3447.0,4193.0,27,27,24,24
0.15999999999999998,0.9300000000000006,1629.7498050210936,383.2803708731106,6.581073557984977e-06,0.9297693848366244,0.922137262369573,0.93170607482696,0.9237564029445604,0.0,11,18303,23501.0,4240.0,5486.0,24,23,21,21
0.15999999999999998,0.9400000000000006,1359.2283005564989,317.7344131556586,6.689774444689006e-06,0.9547164753203032,0.9510094625147516,0.9559374516852024,0.9519557315992178,0.0,11,19165,23412.0,4490.0,5447.0,24,23,21,21
0.15999999999999998,0.9500000000000006,1753.0181148839024,427.2467410967318,7.793946414804949e-06,0.9327187492579644,0.921896888008406,0.9343127789948108,0.9231243830488622,0.0,10,20752,26598.0,4957.0,6406.0,22,22,18,19
0.15999999999999998,0.9800000000000006,1822.2488883215187,467.94488733441415,9.700954215017249e-06,0.9445150515580448,0.9318777449703386,0.9456065659742964,0.9328337502914514,0.0156340599060058,9,24590,31191.0,6255.0,7853.0,20,19,16,17
0.16999999999999998,0.21000000000000002,1014.6147000627052,206.1686203087172,1.7412392274053344e-05,-495.5333998493866,-366.3589904936781,-485.687196924017,-297.07089809266614,0.0,4,162,1815.0,57.0,376.0,10,49,5,45
0.16999999999999998,0.24000000000000005,333.3776480959694,68.12327979479555,9.575908640556076e-06,-66.78349248954731,-54.220290139492135,-64.95109995734921,-39.12549716113785,0.0,4,150,423.0,49.0,85.0,8,72,4,67
0.16999999999999998,0.25000000000000006,1342.175476760273,273.83501343570606,1.523661597465988e-05,-502.3279579613557,-385.7738617868888,-494.5849583002873,-331.9303024697067,0.0,4,199,2550.0,65.0,532.0,10,46,6,42
0.16999999999999998,0.3000000000000001,5.173047135554311,2.0129787215301937,2.001104009076305e-06,0.9799755768031594,0.951240657854192,0.980716392402574,0.966340017738551,0.0,4,132,140.0,49.0,50.0,8,6,5,5
0.16999999999999998,0.36000000000000015,1214.8772614616946,245.407611604313,7.696155465900906e-06,-192.0353398885385,-149.418651466333,-188.83979128055708,-122.75285858981088,0.0,4,282,1864.0,101.0,379.0,9,56,5,51
0.16999999999999998,0.37000000000000016,126.00632424604728,25.488763864364497,4.331813406409419e-06,-1.7920134107097012,-1.188751556820712,-1.742006840189477,-0.7283165810207457,0.0156245231628417,4,258,248.0,85.0,85.0,10,9,5,4
0.16999999999999998,0.4400000000000002,2906.5110563755534,602.3510362183611,9.446293577010332e-06,-434.5644881952069,-380.40712486768615,-429.7626948417258,-338.75142059864135,0.0,4,454,6403.0,121.0,1374.0,14,38,8,35
0.16999999999999998,0.45000000000000023,2723.361952241506,559.7713074699941,8.430494040354595e-06,-730.7963792238735,-663.5394708864187,-720.3121684689057,-556.7984468582342,0.0,4,322,5631.0,89.0,1192.0,11,44,8,40
0.16999999999999998,0.46000000000000024,3592.055443962412,758.1474062366325,1.121677105877032e-05,-425.5855837173027,-346.1364971926608,-420.55925128245855,-321.126892414382,0.0,4,547,9003.0,151.0,2003.0,14,32,7,29
0.16999999999999998,0.49000000000000027,3857.248300008267,817.4883090397481,1.0224796704515996e-05,-388.32011093625175,-315.5202484928896,-382.3977233671118,-295.9723574888937,0.0,4,596,9886.0,173.0,2211.0,11,31,8,28
0.16999999999999998,0.5200000000000002,3159.501495159745,653.0270221565618,6.187711764474306e-06,-322.7961513676584,-276.5596114529031,-314.59463285402256,-257.7220416634568,0.0,4,521,6951.0,142.0,1480.0,17,40,8,37
0.16999999999999998,0.5800000000000003,4300.261615103589,911.7138908396648,7.384284570038126e-06,-485.3994917698447,-391.01564676146427,-420.6007573223082,-369.2238964407396,0.0,4,788,11325.0,169.0,2520.0,22,33,7,30
0.16999999999999998,0.5900000000000003,4258.687914135056,897.4685057148245,6.540535360257291e-06,-1114.2887402014624,-779.5011223280832,-904.8086180219204,-696.2310369416294,0.0,4,600,10716.0,166.0,2360.0,15,34,6,31
0.16999999999999998,0.6100000000000003,4510.504001079037,967.8560606653588,7.436784860443519e-06,-183.70081697893767,-167.12566674438358,-160.05227140490766,-156.98000807260624,0.0065093040466308,4,1278,12914.0,276.0,2911.0,25,30,19,27
0.16999999999999998,0.6400000000000003,3524.898865274955,732.4373053374603,3.837338719244375e-06,-292.5497669637669,-310.82947208006766,-198.5653541879133,-247.9737707409724,0.0156238079071044,4,1089,8832.0,243.0,1887.0,36,40,36,37
0.16999999999999998,0.6500000000000004,4062.223904720582,858.857914131707,5.028703274512868e-06,-130.15046833166,-117.8433141025575,-103.08451091467626,-105.92519076601768,0.0156266689300537,4,1488,11294.0,322.0,2470.0,42,33,24,30
0.16999999999999998,0.7100000000000004,5028.730205446169,1103.1971246487788,6.5017933722825205e-06,-27.187879241489146,-28.89526449656226,-23.95173109953525,-26.72239857029411,0.0,4,3263,16486.0,714.0,3783.0,40,28,36,26
0.16999999999999998,0.7300000000000004,4695.995237522428,1024.4998983243809,5.611125708523581e-06,-12.840773186207024,-13.72009102664329,-11.624844135602103,-12.9026752284001,0.0,4,4046,16016.0,842.0,3635.0,41,29,31,26
0.16999999999999998,0.8000000000000005,715.5684029081401,164.25913457442556,1.845342219218427e-06,0.9409899508587054,0.9303890708066928,0.945940294332267,0.9363631008663708,0.015625,21,8015,8810.0,1713.0,1848.0,34,36,29,32
0.16999999999999998,0.8200000000000005,948.1028488011002,216.09973447020997,2.706969336880585e-06,0.9278062510837036,0.9182631051788596,0.931864202587518,0.9223834600159312,0.0,16,9625,11532.0,2114.0,2464.0,30,31,28,28
0.16999999999999998,0.8400000000000005,851.2408009691311,200.86707108661085,3.086535987424176e-06,0.9522764902104318,0.9426184229554448,0.9554824902331606,0.94563505938112,0.0065109729766845,19,10610,12178.0,2343.0,2609.0,34,34,28,31
0.16999999999999998,0.8500000000000005,1142.4365435758614,247.77194963189487,3.6335502477022927e-06,0.9212910545140756,0.9227048857878386,0.9263524213487692,0.9261103825767188,0.0,18,11407,13848.0,2467.0,3009.0,33,33,30,30
0.16999999999999998,0.8600000000000005,929.0703702848222,211.5870840047829,3.6803261470348823e-06,0.9562213590046018,0.95150529732197,0.9581584815804332,0.9531767347462026,0.0,15,12435,14406.0,2744.0,3135.0,28,30,26,26
0.16999999999999998,0.8700000000000006,1100.636861094521,243.55153220049613,4.0982545470385415e-06,0.9440842652274928,0.9428234592821771,0.946372650279208,0.9446507922534002,0.0,14,13207,15818.0,3005.0,3482.0,28,29,25,25
0.16999999999999998,0.9600000000000006,1694.2412091332435,431.51197250781166,8.833934323809032e-06,0.9467161411542664,0.9334577752784636,0.9477774620998212,0.9344590004069993,0.0,9,22798,28884.0,5623.0,7107.0,20,20,16,17
0.17999999999999997,0.2,446.11700866103126,90.45561757016532,1.21070879226683e-05,-65.13771806228876,-51.1342388414879,-63.61217676126827,-39.6612810048266,0.0,4,192,594.0,63.0,119.0,9,59,5,52
0.17999999999999997,0.21000000000000002,1378.0809611255308,283.91533362371723,2.0088378073721935e-05,-436.8178503459081,-333.18920888553,-432.3154982004556,-294.3486845419752,0.0,4,229,2868.0,70.0,609.0,11,39,7,36
0.17999999999999997,0.22000000000000003,916.9159528459156,185.7717293257149,1.775868791133706e-05,-498.81686433124577,-446.5331145769426,-484.2959918707012,-318.5910130525083,0.0,4,148,1593.0,46.0,329.0,9,51,4,48
0.17999999999999997,0.3200000000000001,1576.7587567802923,320.3545074080692,1.0858067742007348e-05,-558.2707971368881,-445.85960505950186,-547.1191440057521,-346.81448139518466,0.0,4,218,2855.0,73.0,592.0,9,49,6,45
0.17999999999999997,0.3300000000000001,1263.9273738035745,255.59658562534307,9.26962112556222e-06,-198.5596488214673,-162.73978199856407,-195.5935118696897,-132.98415769329043,0.0,4,305,2038.0,93.0,417.0,9,52,5,48
0.17999999999999997,0.34000000000000014,1883.6968362327664,385.6263033473383,1.1206385925106506e-05,-421.4104978218215,-344.8739772602234,-414.7860239856542,-284.61784651631046,0.0065124034881591,4,306,3675.0,103.0,770.0,9,44,6,40
0.17999999999999997,0.35000000000000014,2313.404476271569,478.4300932912421,1.27366484246646e-05,-633.681420502345,-529.6313807838708,-626.6824822306967,-451.7217339851464,0.0,4,301,5011.0,93.0,1073.0,11,39,6,36
0.17999999999999997,0.4200000000000002,1568.6875385971548,317.6838214587999,5.952181028918914e-06,-105.63400175549192,-85.54987963964754,-104.53689256417866,-76.661591967372,0.0,4,471,2591.0,137.0,530.0,12,51,5,47
0.17999999999999997,0.5200000000000002,2991.218959652291,616.6413142311069,5.5507003318444754e-06,-254.76873980884807,-208.24792774888135,-246.64000572413585,-197.8536448474213,0.0065114498138427,4,618,6486.0,146.0,1372.0,13,41,9,38
0.17999999999999997,0.5600000000000003,3452.7640512710973,716.6492924250559,5.537662829016336e-06,-296.8060799661828,-246.313246099856,-277.61151764637253,-232.6555573163769,0.0,4,698,8023.0,191.0,1717.0,18,38,6,34
0.17999999999999997,0.5700000000000003,4014.66644395895,842.6969107178057,6.65052115790649e-06,-391.8848430290537,-325.56934616597545,-362.82663601873656,-313.45292601147344,0.0,4,732,10101.0,176.0,2218.0,14,34,11,31
0.17999999999999997,0.6100000000000003,4528.491134840979,969.78248205461,7.1476661552661855e-06,-326.5605649861477,-296.84964524657,-246.17264382088564,-259.07073588962805,0.0,4,1132,12781.0,255.0,2876.0,33,31,19,28
0.17999999999999997,0.6300000000000003,3953.2773336920513,830.8453839814803,5.0810774390631806e-06,-238.07446071694355,-185.6882829008628,-175.52957931059788,-164.5570163657374,0.0057671070098876,4,1214,10565.0,286.0,2301.0,28,33,28,30
0.17999999999999997,0.7100000000000004,4534.086907342352,983.7898816566473,5.478300418997223e-06,-16.047370402486372,-16.982268281623714,-14.236676954751797,-15.678980204582,0.0,4,3671,14966.0,767.0,3372.0,47,31,35,28
0.17999999999999997,0.7300000000000004,3872.27402100497,836.1332130707403,4.5756005995245015e-06,-5.908630184245177,-5.965386667811501,-5.387899460264691,-5.642403315608276,0.0,4,4617,14056.0,1011.0,3121.0,40,30,39,27
0.17999999999999997,0.7600000000000005,619.8459225823265,138.701466373624,1.4137138636501837e-06,0.8998757419176946,0.883994791565136,0.9292920253451824,0.9200682890531366,0.0,38,5518,5962.0,1188.0,1229.0,44,48,44,44
0.17999999999999997,0.8100000000000005,685.9926846655394,165.17097571762477,2.619116380877711e-06,0.9608118425453128,0.9496906703382684,0.96322890815892,0.9527002516703454,0.0156209468841552,18,9413,10307.0,2044.0,2182.0,32,33,28,29
0.17999999999999997,0.8500000000000005,861.1707637497626,202.3750246507944,3.910446239994952e-06,0.9616368857458092,0.9547965576988096,0.9636835838926444,0.9566924054358446,0.0,17,12306,13914.0,2702.0,3021.0,31,31,26,28
0.17999999999999997,0.8600000000000005,1063.0582482067762,242.1489519748717,4.796767138333081e-06,0.9502023972710536,0.9459810847320752,0.9520400509417408,0.9475445493367718,0.0156412124633789,13,13648,16160.0,3130.0,3570.0,27,27,23,24
0.17999999999999997,0.9000000000000006,1280.7818945330373,299.5870832571816,5.724865605625059e-06,0.9500745759793202,0.9447836057396825,0.951583901761861,0.9460026545490792,0.0,12,16902,20558.0,3953.0,4699.0,24,25,23,22
0.17999999999999997,0.9100000000000006,1320.1100907444777,314.14587250747564,6.125951372165799e-06,0.9518348414338668,0.944669322509496,0.9532856200019968,0.9456187873712608,0.0,11,17878,22027.0,4191.0,5090.0,24,24,22,21
0.17999999999999997,0.9200000000000006,1445.4457848200093,339.4777383444468,6.754621128073306e-06,0.9464779891641666,0.941344845179254,0.9479445833774848,0.9424321201296562,0.0,11,18769,23322.0,4343.0,5453.0,24,23,20,21
0.18999999999999995,0.21000000000000002,138.2797587019397,27.815425876061408,9.16296956478437e-06,-7.288763573580033,-5.709127194340184,-7.080009722541776,-4.152919074021655,0.0,4,161,186.0,51.0,53.0,7,15,6,5
0.18999999999999995,0.24000000000000005,951.2981590962952,192.3365106612193,1.3369821937951808e-05,-432.0595902091472,-329.3593898831298,-425.07183417572304,-276.0147838045071,0.0,4,156,1546.0,50.0,316.0,8,57,5,52
0.18999999999999995,0.3000000000000001,1627.9997696560033,332.3698053373682,1.2729042347234302e-05,-385.3300777244313,-296.77249880448016,-379.0603918856828,-242.4001926528881,0.015625,4,268,3129.0,92.0,654.0,10,43,5,39
0.18999999999999995,0.3300000000000001,1610.2077926207744,328.0162756378612,1.018592534060043e-05,-247.7660408502939,-214.89894390308427,-244.8563916658672,-182.50936744267355,0.0,4,330,2944.0,101.0,610.0,13,46,7,42
0.18999999999999995,0.34000000000000014,2124.68505509248,438.09127901614295,1.2722484204488594e-05,-454.50763130873537,-358.17879283669544,-450.72709937031743,-319.8728894319387,0.0156278610229492,4,320,4464.0,110.0,948.0,10,40,5,36
0.18999999999999995,0.36000000000000015,1816.647699633403,369.5663139636332,1.0032005449924029e-05,-435.0115526688873,-307.50489320343604,-427.02524205572,-253.1864666096966,0.015622854232788,4,305,3347.0,103.0,696.0,8,47,5,43
0.18999999999999995,0.37000000000000016,2687.7355187499384,560.8516310784282,1.3296915882324576e-05,-760.1183809773231,-642.5675874396933,-753.6180357397811,-572.2145911267755,0.0,4,299,6209.0,95.0,1354.0,11,36,8,33
0.18999999999999995,0.4200000000000002,1543.7165246033137,312.6749343700792,6.619072804411372e-06,-247.9897661920108,-229.64214048363772,-244.42560165974743,-188.8387942711983,0.015641450881958,4,300,2479.0,83.0,506.0,12,58,4,54
0.18999999999999995,0.4300000000000002,1409.297368519741,286.00779418283923,6.024995132346486e-06,-496.3081612658703,-437.6910512901086,-484.5653980625407,-332.1322819781316,0.0156259536743164,4,200,2159.0,63.0,439.0,9,66,4,61
0.18999999999999995,0.46000000000000024,1989.999521042656,404.6458842823768,5.361261843775907e-06,-196.7349801333479,-163.62429045208586,-194.25176229789977,-139.26194810293754,0.0,4,432,3516.0,130.0,724.0,10,49,7,45
0.18999999999999995,0.47000000000000025,2318.796151831808,473.3957008500746,6.159768473712612e-06,-279.6959833781401,-228.53257251376297,-275.29615511008654,-208.094938077524,0.0065150260925292,4,440,4433.0,129.0,922.0,11,46,6,42
0.18999999999999995,0.48000000000000026,3610.433949275812,762.0086736711072,9.626901748232612e-06,-330.72713547190625,-284.07264435934775,-325.7224329532652,-273.21997134476675,0.0,4,629,9024.0,166.0,1995.0,11,33,7,29
0.18999999999999995,0.5100000000000002,1557.3041844535917,316.43650626942525,3.1282751558041997e-06,-98.39496272056742,-67.59082783389225,-95.33742631631746,-60.30143485747084,0.0,4,527,2540.0,145.0,517.0,12,55,4,51
0.18999999999999995,0.5200000000000002,2923.6665336525643,599.506567937333,5.31142747850148e-06,-450.4391360523528,-407.04178199272593,-436.432415281993,-367.1951010874521,0.0,4,459,6065.0,120.0,1277.0,13,44,6,40
0.18999999999999995,0.5500000000000003,2906.0402863403897,596.22604773693,4.544888379973895e-06,-228.42469765371675,-186.04175533270828,-214.12114377119545,-165.48364329541585,0.0,4,674,6303.0,184.0,1326.0,10,40,4,37
0.18999999999999995,0.5600000000000003,4213.930825250932,895.7721471352709,7.807523042395572e-06,-423.3482036552541,-369.5284854878897,-385.59988208594666,-350.8989584849904,0.0,4,741,11126.0,182.0,2481.0,19,32,8,29
0.18999999999999995,0.6300000000000003,2417.995485245303,495.9328856643138,2.5748593151492303e-06,-72.43533050074906,-66.71434509512892,-53.50158432380122,-57.16168380772508,0.0,4,1332,6113.0,290.0,1273.0,48,45,45,41
0.18999999999999995,0.6400000000000003,3907.0733798884985,825.9847027437413,5.115612067658377e-06,-73.63380823417837,-66.71672210246932,-61.20337070292344,-61.110350333257664,0.0065090656280517,4,1747,11236.0,409.0,2460.0,40,32,37,29
0.18999999999999995,0.6500000000000004,3932.1153843489046,833.4127691306392,5.083678801145645e-06,-55.71769180299104,-54.083434911346174,-46.209631552640175,-48.96049652266301,0.0,4,2014,11589.0,431.0,2545.0,43,33,33,30
0.18999999999999995,0.7300000000000004,1265.390758158654,264.17310060513984,1.8289209788223407e-06,0.3592842068143073,0.3715098761101039,0.4045537267088188,0.4011934451628653,0.0,4,4943,7612.0,1063.0,1593.0,42,44,37,40
0.18999999999999995,0.7600000000000005,513.0009878289841,121.9702001709013,1.5550324506779138e-06,0.9559462453945388,0.942644101560747,0.961564215593089,0.9510629260416598,0.0,26,6594,6908.0,1402.0,1432.0,37,39,33,35
0.18999999999999995,0.7900000000000005,681.3101349605772,153.608810511203,2.411029884189915e-06,0.9521487868597466,0.9474413907509764,0.9564202054873192,0.95190953402133,0.0,22,8528,9204.0,1843.0,1938.0,35,36,32,33
0.18999999999999995,0.8200000000000005,1035.9713638255969,231.91316489018627,3.5046770228219345e-06,0.9247482764824088,0.9193308210331836,0.9299420474170902,0.923443336858987,0.0,19,10541,12540.0,2254.0,2704.0,33,34,32,31
0.18999999999999995,0.8300000000000005,914.592509170792,200.98660268244575,3.2344250977721694e-06,0.9468530007094034,0.9462525044007412,0.9499767830355644,0.9486265775164244,0.015625,17,11012,12796.0,2420.0,2758.0,32,32,27,29
0.18999999999999995,0.8600000000000005,1125.3138770312398,256.801412607566,4.7118757832646415e-06,0.9460667878532664,0.9417341524529138,0.9480750898473392,0.9432476977745394,0.0065109729766845,13,13757,16725.0,3210.0,3714.0,27,27,23,24
0.18999999999999995,0.8700000000000006,987.4102490859613,231.9153878603936,6.517467506498094e-06,0.963155687654014,0.9580116620473038,0.9644480175552618,0.9591001803004656,0.0,13,14931,17331.0,3358.0,3861.0,27,27,24,24
0.18999999999999995,0.8900000000000006,1410.4598500155005,309.18119524682106,5.858530706172908e-06,0.9344068312750108,0.9371965297331704,0.9367604558844644,0.938616740681441,0.0,13,16163,20253.0,3780.0,4626.0,27,26,22,23
0.18999999999999995,0.9400000000000006,1399.9385462702758,347.6558643256288,8.057464827877162e-06,0.9607894853046532,0.9533361768396172,0.961651444737302,0.954057884938545,0.0,10,21897,26721.0,5347.0,6432.0,22,21,18,19
0.18999999999999995,0.9800000000000006,2187.431232713262,598.1750831550298,1.3113091107927915e-05,0.9303524695018716,0.9058047624768596,0.9314414009761842,0.9065714932294792,0.0,7,27183,35583.0,6959.0,9477.0,18,17,16,14
0.18999999999999995,0.9900000000000007,2187.715376801213,610.212205289169,1.464954357138844e-05,0.9359259308704232,0.9132187565637996,0.9368083239367546,0.914066925284268,0.0,7,28866,37362.0,7768.0,10265.0,17,16,13,13
0.19999999999999996,0.2,11.211508224439148,2.7950849718747373,3.64530283810618e-06,0.9361125235628196,0.9359731371739964,0.9381560192382083,0.9535445795505716,0.0156238079071044,4,157,171.0,73.0,73.0,7,6,5,4
0.19999999999999996,0.25000000000000006,57.115015538823066,11.422291801560666,5.711167065732986e-06,-0.403655661434475,-0.2167392723243424,-0.3637976532667575,0.1222205402496049,0.0,4,172,162.0,49.0,48.0,9,8,3,4
0.19999999999999996,0.2700000000000001,1596.4195648648677,326.8189164761836,1.4447333783481585e-05,-391.1450536978152,-311.0586451806794,-384.84758109284513,-258.66323203147414,0.0,4,272,3147.0,82.0,661.0,11,42,7,39
0.19999999999999996,0.2800000000000001,1168.8685278578882,236.88752165672776,1.0714881327189342e-05,-245.14233655064476,-220.4259690982913,-239.34647365603692,-159.41000662232724,0.0,4,244,1932.0,79.0,396.0,11,53,3,48
0.19999999999999996,0.2900000000000001,574.1050281379996,116.00938360035076,1.3637411035759132e-05,-137.3621189892625,-116.32563463204777,-134.0152553851277,-84.84412598768401,0.0,4,164,828.0,60.0,168.0,9,58,4,54
0.19999999999999996,0.3000000000000001,1498.1077578621191,304.8954568099258,1.1828085673841972e-05,-466.6291529673833,-334.711791183562,-460.4289763524891,-286.4474983444263,0.0,4,239,2741.0,76.0,569.0,9,47,5,44
0.19999999999999996,0.3100000000000001,2085.4310280890777,431.3535986674197,1.5122706683500331e-05,-539.1841767943862,-441.5755064580304,-532.7720883613333,-387.50583737647895,0.0,4,313,4553.0,82.0,977.0,10,38,5,34
0.19999999999999996,0.3200000000000001,2388.340816166459,499.7587230354264,1.6679445126779946e-05,-560.4403776014611,-490.3112361303718,-554.5380027619425,-426.8722295952756,0.0,4,353,5618.0,96.0,1231.0,10,34,6,31
0.19999999999999996,0.48000000000000026,1967.9472675650295,398.7878900493344,4.426445391479726e-06,-131.70038756105566,-112.85009452054284,-129.22827112739714,-99.44591600586212,0.0156247615814208,4,527,3522.0,145.0,724.0,13,49,4,45
0.19999999999999996,0.49000000000000027,3140.013944700989,650.1021394109288,6.981123950315638e-06,-387.02490661386287,-319.85028132796816,-380.6697022928764,-295.90521608179137,0.0,4,506,6967.0,134.0,1490.0,15,39,9,35
0.19999999999999996,0.5300000000000002,3383.087116451481,704.2297728132961,6.271777535843072e-06,-322.82975047814995,-274.558280215704,-308.30101447572184,-253.40974514031865,0.0,4,650,7862.0,175.0,1688.0,19,37,6,34
0.19999999999999996,0.5400000000000003,3491.945230037741,727.6602343584997,6.212617006807155e-06,-400.25702100630025,-330.07754601579967,-375.1584762057781,-308.228914333082,0.0156254768371582,4,649,8212.0,164.0,1769.0,15,37,7,34
0.19999999999999996,0.5800000000000003,3194.129460497283,664.4605346319173,4.780710341932599e-06,-83.42592327612111,-72.50406845737368,-74.80080834970384,-69.04235815417191,0.0,4,1240,8153.0,263.0,1743.0,22,36,12,32
0.19999999999999996,0.6200000000000003,3895.6797839615447,827.8990289179794,5.41636880361483e-06,-109.50010383014036,-115.26067276464524,-88.0864309640601,-102.63633362507429,0.0,4,1519,10939.0,320.0,2399.0,44,33,44,30
0.19999999999999996,0.6400000000000003,4326.657170476225,932.5432854118176,6.36053507047885e-06,-57.1476987735075,-55.987170550356,-48.82483234930538,-51.685002705935,0.0,4,2119,13280.0,455.0,2983.0,37,29,36,26
0.19999999999999996,0.6700000000000004,4737.323257477088,1033.2064572646327,6.596157773641946e-06,-32.887330950707295,-35.409281665900465,-28.70861983497209,-32.49964009986984,0.0,4,2864,15028.0,606.0,3423.0,45,29,39,26
0.19999999999999996,0.6800000000000004,5217.615162041627,1161.8323396328176,8.007772798647874e-06,-29.05290967891932,-32.54895673309106,-25.79498319274997,-30.13150876798216,0.0,4,3149,17422.0,673.0,4095.0,41,27,36,24
0.19999999999999996,0.7200000000000004,273.6489757056692,65.0840726133246,1.1754170565794832e-06,0.9736712319695306,0.9585495375598824,0.9828966865028052,0.9778631301719748,0.0,37,5016,5016.0,1046.0,1011.0,38,37,34,37
0.19999999999999996,0.7600000000000005,593.4527427645245,131.784862560159,1.96762902460051e-06,0.9500630680960164,0.9452083273542004,0.9551859348991252,0.9509544608216396,0.0,24,7206,7546.0,1604.0,1572.0,35,38,33,34
0.19999999999999996,0.8100000000000005,1073.2726048573816,242.33174513215383,3.690926933397785e-06,0.9218369534358178,0.9139151294769772,0.9261690658433288,0.9179376623774248,0.0,17,10643,12908.0,2396.0,2794.0,30,32,28,28
0.19999999999999996,0.8400000000000005,954.0931362522624,221.1038139691944,4.411903875230778e-06,0.9564525544967007,0.9509245529873562,0.9580325471847604,0.952337442227219,0.0,13,12918,15164.0,2981.0,3332.0,27,27,24,24
0.19999999999999996,0.8500000000000005,1035.6775282532376,242.42975045989297,4.441646935755639e-06,0.9532137024864376,0.9465797009515476,0.9548909996293956,0.9479601645877676,0.0,13,13827,16206.0,3111.0,3590.0,27,27,23,24
0.19999999999999996,0.8600000000000005,1162.7613489213743,269.8466946923079,7.158287921085801e-06,0.9479380133246336,0.942067342921744,0.949642810344661,0.943438011307736,0.0,12,14575,17956.0,3305.0,4031.0,25,26,21,23
0.19999999999999996,0.9700000000000006,1821.5475414197056,489.2443263539856,1.1455736904757432e-05,0.949363055137074,0.9326332025697912,0.950222494100784,0.9333517578013392,0.0,8,26244,33129.0,6566.0,8551.0,19,18,16,16
0.19999999999999996,0.9900000000000007,1916.0707105276504,542.6880725481458,1.4625622702135142e-05,0.9532192165800372,0.9348807247020058,0.9538239001356784,0.9356934071901272,0.0065100193023681,7,29772,37508.0,8097.0,10317.0,16,15,13,13
0.20999999999999996,0.21000000000000002,39.99583311629684,7.951676971976833,7.483087099359619e-06,-0.4443399420638803,-0.1977209757380933,-0.3987685357233936,0.1244455663337059,0.0,4,120,116.0,34.0,36.0,8,8,4,5
0.20999999999999996,0.2900000000000001,1140.6821606681972,230.92689138917248,1.0383611423793338e-05,-121.53468676997736,-93.94992282696914,-119.597077925526,-78.50566045706081,0.0,4,352,1881.0,114.0,385.0,8,48,5,44
0.20999999999999996,0.3300000000000001,948.4741474248696,191.66401266278444,7.753580007246884e-06,-134.70605645379877,-109.51437614578272,-131.13898002314212,-78.64456611781158,0.0,4,277,1375.0,102.0,279.0,9,59,4,55
0.20999999999999996,0.36000000000000015,2000.8098412476215,409.96999382068606,1.0278829812203798e-05,-309.7172476131596,-247.73253361218235,-306.2600530234224,-213.5706409722945,0.0,4,351,3953.0,103.0,829.0,8,42,5,39
0.20999999999999996,0.4300000000000002,2741.2090018213985,565.9792122949393,9.220050436020874e-06,-262.081502481738,-214.8847352681016,-259.43761176418496,-190.8756910214013,0.015625,4,550,5930.0,149.0,1267.0,11,37,6,34
0.20999999999999996,0.4400000000000002,2505.8401680707148,514.9153652138701,7.4019386019040865e-06,-308.6101144153606,-251.3601562426576,-304.4672581957892,-224.9401578717276,0.0,4,463,5169.0,133.0,1089.0,11,41,6,37
0.20999999999999996,0.47000000000000025,1813.63974222648,368.2732087051677,4.251746110259723e-06,-103.95549623313389,-84.83891870776975,-102.15417865693531,-74.60080359729346,0.0,4,556,3187.0,155.0,654.0,11,49,4,45
0.20999999999999996,0.5100000000000002,2737.278448036176,563.9745487756222,5.633558363806671e-06,-98.85726496009411,-83.69508021277582,-96.2231175584166,-79.1968693960839,0.0156254768371582,4,875,6057.0,219.0,1277.0,13,38,13,35
0.20999999999999996,0.5500000000000003,2921.396667620358,602.3472143761161,4.6829320699227965e-06,-135.71707061050188,-102.59896129911904,-126.79240941418158,-97.49470004892932,0.0156223773956298,4,869,6669.0,215.0,1409.0,14,38,5,35
0.20999999999999996,0.6100000000000003,3955.0881759028666,839.6875162820988,5.769063772477173e-06,-135.03035408728633,-121.36401181139752,-105.2519375244748,-108.08029054230092,0.0,4,1474,11207.0,334.0,2469.0,39,32,33,29
0.20999999999999996,0.6500000000000004,4045.283199810202,861.5741588801279,5.0350248211357085e-06,-48.223573507212535,-50.992684772780215,-39.69132249993547,-44.91541135592246,0.0,4,2261,11937.0,482.0,2633.0,48,33,38,30
0.20999999999999996,0.6600000000000004,4032.834199056953,869.66707590702,5.760236474112929e-06,-18.81914445931789,-18.68475881385175,-16.843612283574707,-17.62035495172008,0.0156252384185791,4,2940,13341.0,625.0,2982.0,36,30,27,27
0.20999999999999996,0.6700000000000004,3901.086854433433,846.6150062159305,5.379481178202261e-06,-12.427550109416092,-13.412791416532482,-11.201074594423384,-12.619931894826928,0.0,4,3499,13241.0,719.0,2951.0,42,30,38,27
0.20999999999999996,0.7100000000000004,2859.4490199891075,608.7581022732538,3.717693415093045e-06,-2.260393605531539,-2.2334888280027827,-2.046023620216324,-2.1038358095591683,0.0,4,4830,11749.0,1029.0,2553.0,39,33,36,30
0.20999999999999996,0.7200000000000004,416.0351420692965,102.43548295885604,1.607238324186037e-06,0.9593074338724086,0.9386116431838096,0.9667574132255072,0.954345365581119,0.0,29,5645,5676.0,1209.0,1170.0,37,38,35,34
0.20999999999999996,0.7700000000000005,813.5806186708992,178.79091785572416,2.806240657552707e-06,0.9290124509019528,0.9246316461262082,0.935503128316443,0.9307346362601427,0.0,22,8301,9472.0,1809.0,2000.0,35,37,32,33
0.20999999999999996,0.8000000000000005,774.5919539486265,177.9049485868994,3.3763189924896228e-06,0.956994432343334,0.95112681652736,0.9595251336007334,0.9536055086064644,0.0,18,10267,11551.0,2240.0,2475.0,32,33,28,29
0.20999999999999996,0.8400000000000005,1080.7148124655057,245.64536848640876,4.509577161423581e-06,0.9465089296216558,0.9423849643671428,0.9488420237442622,0.944258105384594,0.0156240463256835,15,13231,15946.0,2961.0,3529.0,28,29,25,26
0.20999999999999996,0.8700000000000006,1209.7854469228032,284.8902793434129,5.837201103023059e-06,0.9507290461444804,0.9444489118567108,0.9525113231926052,0.9457773505573728,0.0,13,15995,19373.0,3695.0,4404.0,26,26,23,23
0.20999999999999996,0.9200000000000006,1631.1862350244785,394.8330870971513,8.1775069810457e-06,0.940973286136602,0.933708621351134,0.9422959137511908,0.9348207428047112,0.0156254768371582,10,20614,26245.0,5008.0,6329.0,21,21,19,19
0.20999999999999996,0.9700000000000006,1919.621238402183,505.96063215463965,1.2514564862655974e-05,0.944999156229646,0.9312555387363672,0.945805386502931,0.931864025122169,0.0,7,26986,34266.0,7042.0,9000.0,18,17,15,14
0.21999999999999995,0.2,1222.246002925216,248.86636725359256,1.5082700927192265e-05,-371.349436408114,-317.92607945716617,-365.1885198601236,-257.8936002340868,0.0,4,217,2260.0,62.0,470.0,10,46,5,42
0.21999999999999995,0.24000000000000005,692.0554002992342,140.46974763271984,1.1232963109905936e-05,-216.92387234378705,-188.74440072497111,-211.3613994032877,-140.09865258745066,0.0,4,156,996.0,54.0,202.0,8,65,5,61
0.21999999999999995,0.25000000000000006,856.0002738025263,172.7622704276988,1.0215989201393354e-05,-95.65806997707772,-77.74769161796732,-93.78205350652443,-60.67576031009943,0.0,4,296,1284.0,89.0,261.0,10,52,5,48
0.21999999999999995,0.2700000000000001,976.07389043214,196.9258796688067,9.914620907336758e-06,-121.77429970984628,-98.28864925412938,-119.27509829894132,-76.0702881186633,0.015622854232788,4,300,1493.0,96.0,304.0,9,52,5,48
0.21999999999999995,0.2900000000000001,588.1502341380701,118.77951387620116,1.367260899353396e-05,-119.59091693130053,-96.88481438905464,-115.9988983742106,-69.84528539536483,0.0,4,193,856.0,61.0,173.0,7,55,4,50
0.21999999999999995,0.3000000000000001,1084.5992347406484,219.38925642185248,1.0033338318960615e-05,-315.83913504575975,-243.2199019004921,-309.1636642237289,-190.73957228060988,0.0,4,204,1702.0,67.0,347.0,11,58,6,54
0.21999999999999995,0.37000000000000016,1117.521480964311,226.26054303243717,6.83723211465083e-06,-116.83246272310272,-91.18377499456338,-114.60542791405234,-70.24524293158923,0.0,4,342,1667.0,114.0,338.0,9,56,4,51
0.21999999999999995,0.38000000000000017,1661.600505411374,337.1879575993188,7.914572377274155e-06,-226.39372135298336,-184.4239726487983,-223.4863109344749,-152.84046935287796,0.0,4,356,2903.0,110.0,598.0,10,49,5,45
0.21999999999999995,0.4100000000000002,2383.796591049664,489.7692164853429,7.751947542966318e-06,-390.3979632457248,-321.4931623233396,-384.5667780743348,-270.8677333955432,0.0,4,415,4887.0,128.0,1031.0,10,41,6,37
0.21999999999999995,0.4200000000000002,2325.095611833343,476.0321133250011,8.025325363780718e-06,-262.2271984985912,-219.32057540592868,-259.10199415627045,-190.83660745756237,0.0,4,425,4655.0,131.0,976.0,10,42,5,38
0.21999999999999995,0.5400000000000003,3097.4501929678654,639.6614176004886,5.193826308340908e-06,-117.84701631159936,-94.34294448968596,-110.09669362043412,-89.48975406418265,0.0156271457672119,4,971,7439.0,242.0,1586.0,16,36,7,33
0.21999999999999995,0.5600000000000003,3479.525004999485,726.984396324983,5.70250514769187e-06,-230.51786836185823,-184.4678206633025,-196.36873134746563,-171.6803871784574,0.0,4,941,8844.0,210.0,1913.0,20,35,18,32
0.21999999999999995,0.5700000000000003,3189.0071796198054,667.1187347466716,4.95552327456813e-06,-103.6246301541456,-89.07765207417965,-90.31231639847584,-83.92215830924796,0.0156235694885253,4,1141,8238.0,251.0,1766.0,24,35,15,32
0.21999999999999995,0.6200000000000003,4372.7860159933125,949.0306457995266,7.326076682336008e-06,-56.86543157801781,-55.288581148113536,-49.68820866196076,-51.79155145461614,0.0,4,1985,13683.0,438.0,3107.0,34,28,34,25
0.21999999999999995,0.6500000000000004,4047.798457701009,865.6716624005509,5.124507977737726e-06,-38.52834824699119,-42.082275980062576,-32.0849710309221,-37.33390064149872,0.0156247615814208,4,2484,12067.0,538.0,2665.0,45,33,45,30
0.21999999999999995,0.6900000000000004,4653.763455750983,1046.0489054054783,8.28092778623237e-06,-6.985301643630696,-7.66791976815014,-6.563262596601618,-7.41597321060018,0.0065102577209472,4,4726,17962.0,1024.0,4231.0,33,25,26,22
0.21999999999999995,0.7000000000000004,4201.073808662892,924.522979478246,6.151369083455782e-06,-5.849048319244931,-6.303584217140441,-5.427543746669111,-6.024065607124245,0.0,4,4776,15747.0,1013.0,3591.0,38,28,37,25
0.21999999999999995,0.7800000000000005,889.8250918678608,205.0605936274045,3.3821554114687363e-06,0.9365703968541436,0.9270688140034616,0.9395064718424564,0.9303880291124876,0.0,15,9718,11329.0,2184.0,2424.0,29,30,26,27
0.21999999999999995,0.8000000000000005,993.356838967654,224.11936126813785,3.908693944635038e-06,0.9341859868248784,0.9287358758454832,0.9373761211268388,0.93149105597148,0.0,16,10736,12804.0,2390.0,2771.0,30,31,25,28
0.21999999999999995,0.8200000000000005,1155.4140655153449,256.2941397038013,5.222283331213698e-06,0.9325940732121092,0.9306732021985048,0.93524601547099,0.9331476532628912,0.0,14,12548,15490.0,2900.0,3422.0,27,28,24,25
0.21999999999999995,0.8400000000000005,1273.45920422587,288.07268798554713,5.2109838625685055e-06,0.9308884930527904,0.9275064773310038,0.93334041769985,0.9293081804582178,0.0,13,13936,17492.0,3186.0,3931.0,27,27,23,24
0.21999999999999995,0.8500000000000005,1111.743807771218,253.5207846218809,9.929507204072353e-06,0.9519751544052796,0.949100987336064,0.954008664341596,0.9507189900108564,0.0,15,14677,17452.0,3350.0,3914.0,28,28,24,25
0.21999999999999995,0.8700000000000006,1194.426278525159,289.36420035906,1.1534886551882367e-05,0.955298791877003,0.9467693355282076,0.956507377587225,0.9477953448496436,0.0156252384185791,11,16615,20272.0,3978.0,4648.0,25,24,19,21
0.21999999999999995,0.9200000000000006,1531.8208873002193,383.05220141775584,8.834731959477708e-06,0.9515378560644862,0.9410998720867664,0.9524648173871968,0.942011423383196,0.0156240463256835,9,21702,27013.0,5172.0,6578.0,21,20,18,17
0.21999999999999995,0.9300000000000006,1615.692540248727,406.923785287819,9.54466044912642e-06,0.9499190555379649,0.9399402035083124,0.9508568541350412,0.9408234374102482,0.0,9,22483,28402.0,5607.0,7068.0,20,19,17,17
0.21999999999999995,0.9400000000000006,1728.861430581944,434.9772635210026,9.705396341637012e-06,0.9451573903082636,0.9346007618637352,0.9462493382479088,0.9353870887887414,0.0,9,23350,29496.0,5794.0,7390.0,20,20,17,17
0.21999999999999995,0.9800000000000006,2066.162998805856,579.180019185448,1.4824248537998876e-05,0.9428249260002034,0.9210933650169796,0.9436618065182808,0.9217179276335968,0.0,7,28798,37134.0,7796.0,10216.0,17,16,14,14
0.21999999999999995,0.9900000000000007,2213.5985864938702,644.6875872128941,1.760367419318324e-05,0.938996056846676,0.9125409860562756,0.9397145260198648,0.913135614219863,0.0,6,30286,39672.0,8385.0,11380.0,16,14,13,12
0.22999999999999995,0.21000000000000002,293.3056568382774,59.75976210349792,1.1183367565205086e-05,-39.679015669946025,-30.243098029201715,-38.53480267515366,-22.36346122524637,0.0,4,165,365.0,64.0,73.0,7,61,5,55
0.22999999999999995,0.22000000000000003,188.79944164818568,38.0312371610496,1.065101104322134e-05,-12.854540297007691,-9.30377836868468,-12.461369836004923,-6.671809310906297,0.0,4,185,233.0,63.0,63.0,8,34,5,4
0.22999999999999995,0.24000000000000005,1030.3251054481138,208.74665665985327,1.3977121324721969e-05,-307.01201392708833,-238.82892360613445,-300.3249543240528,-190.640015740882,0.0156245231628417,4,218,1742.0,59.0,358.0,9,51,5,47
0.22999999999999995,0.26000000000000006,1180.5985814054948,239.69390202228064,1.3198180091748764e-05,-232.2451374596604,-218.72159024655411,-226.74150635345407,-164.89977741683205,0.0,4,260,2065.0,69.0,426.0,11,48,4,44
0.22999999999999995,0.2700000000000001,632.7729977382621,128.9882504339058,9.797230837022883e-06,-233.86194285552816,-215.857691997641,-224.34697347207964,-142.68675873683003,0.0,4,147,884.0,51.0,178.0,7,70,4,65
0.22999999999999995,0.2900000000000001,1943.1092915093584,403.42545005242295,1.6932369766127612e-05,-285.1985594173416,-250.6521466019183,-281.9058842353382,-211.56016610606875,0.0,4,376,4279.0,110.0,920.0,10,35,5,32
0.22999999999999995,0.3200000000000001,1622.040092753567,331.4702569613147,1.075571018617964e-05,-207.0288191600248,-166.3962735519127,-204.08656391298163,-141.14066932941606,0.0,4,374,3056.0,120.0,636.0,9,43,5,40
0.22999999999999995,0.35000000000000014,2539.2512409337,530.5942030717385,1.4130836827430323e-05,-491.0112299278082,-403.9823183888756,-486.1596795862136,-359.150307708647,0.0,4,376,5932.0,119.0,1295.0,10,34,6,31
0.22999999999999995,0.36000000000000015,2079.7671218792743,426.58958857821807,1.0759148109289986e-05,-287.8809698873544,-256.96585671683306,-285.36410713208915,-226.7983148877488,0.0,4,388,4196.0,106.0,884.0,11,42,6,38
0.22999999999999995,0.37000000000000016,1072.0675798816665,217.43655683900076,6.671129185465147e-06,-166.20610700326316,-131.46127229309772,-164.05316857950928,-108.39714982977311,0.0156238079071044,4,275,1579.0,88.0,320.0,10,62,5,57
0.22999999999999995,0.4100000000000002,2157.522810327468,440.64201503790656,7.317728272493479e-06,-311.7428103532653,-253.72026364996688,-307.4810727198895,-215.8356421518241,0.0,4,399,4163.0,115.0,869.0,11,44,4,41
0.22999999999999995,0.5300000000000002,2953.273744931208,610.2516813441265,5.130297318495196e-06,-118.24925091268344,-94.86438081362706,-111.59157521613275,-88.73170806147331,0.0,4,945,6936.0,220.0,1474.0,14,36,6,33
0.22999999999999995,0.5400000000000003,3475.1656375392145,728.415196104987,6.458129539721374e-06,-122.71433029290274,-106.8735311267703,-114.72883471089368,-101.7451223791444,0.0,4,1059,8994.0,240.0,1956.0,19,33,10,30
0.22999999999999995,0.5500000000000003,3584.288242919832,750.8098544238748,6.4072906531584895e-06,-155.6982639908714,-120.3058284804906,-143.3908553515492,-113.28001320847105,0.0,4,1015,9248.0,267.0,2015.0,12,32,7,29
0.22999999999999995,0.5800000000000003,4155.199209273847,893.9518944458551,7.677327045238577e-06,-105.7810053669798,-100.71720986414232,-92.6980200774274,-95.18067977916346,0.0,4,1445,12251.0,315.0,2761.0,32,29,30,26
0.22999999999999995,0.5900000000000003,4124.7806545217245,896.2485181298767,7.790505356092615e-06,-49.26168307486321,-50.08269505356159,-44.630275973379696,-47.912632288105165,0.0,4,1906,12904.0,390.0,2926.0,31,28,24,25
0.22999999999999995,0.6300000000000003,1713.223071192618,351.96738722027453,2.001124257376639e-06,-8.77076646106006,-8.670352448721527,-7.144339373222463,-7.658243142784904,0.0,4,2160,5516.0,448.0,1144.0,52,47,50,44
0.22999999999999995,0.6400000000000003,3618.64424859873,769.9931885521239,4.912499452270811e-06,-24.11420993616175,-23.2282124826317,-20.90616447809677,-21.552719088393825,0.0,4,2567,11366.0,568.0,2495.0,40,32,36,29
0.22999999999999995,0.6600000000000004,3583.0820023293727,773.9349873105191,5.390828451434813e-06,-8.298062559774637,-8.35286753848682,-7.597896946223821,-7.990611318403438,0.0,4,3659,12852.0,775.0,2858.0,34,29,33,26
0.22999999999999995,0.6700000000000004,4052.06397253301,886.1786054928957,6.074637547709213e-06,-8.812045379029584,-9.450236545639909,-8.104048276408763,-9.012805659578142,0.0,4,3977,14469.0,860.0,3274.0,41,29,34,26
0.22999999999999995,0.7000000000000004,470.7023221276245,103.32548054365614,1.562946475590909e-06,0.9398288999185952,0.9266252140720082,0.9522547291158676,0.9479326034302756,0.0,29,5331,5453.0,1142.0,1142.0,35,36,30,29
0.22999999999999995,0.7200000000000004,473.2213294713866,110.83236591056485,1.7404572259657144e-06,0.9619340298352608,0.9503349377592272,0.9664442094314484,0.9580586042148442,0.0,25,6560,6650.0,1421.0,1378.0,35,36,33,32
0.22999999999999995,0.7400000000000004,602.3184576204219,142.92902895169047,2.525152647949654e-06,0.9566396916726206,0.943909082615741,0.9593125303946516,0.9486083910149832,0.0,18,7762,8291.0,1692.0,1737.0,30,32,28,28
0.22999999999999995,0.7500000000000004,698.9151470071666,161.62981634235743,2.8299435484325863e-06,0.945814256472753,0.93529588921354,0.9494971106885344,0.9404042059287104,0.0,19,8066,9044.0,1748.0,1908.0,33,33,28,30
0.22999999999999995,0.7700000000000005,686.9109317845569,164.43785358702445,2.633271996315376e-06,0.9577333852615046,0.946654124290008,0.9613451664039075,0.9508948968131776,0.0,22,9162,9891.0,1963.0,2097.0,36,36,31,33
0.22999999999999995,0.8100000000000005,1079.7461738760642,244.8003267971675,4.654790203712716e-06,0.9364483021577392,0.931044812280132,0.939279141605479,0.933553159213564,0.0,15,11995,14588.0,2757.0,3204.0,29,29,25,26
0.22999999999999995,0.8300000000000005,985.0635997003166,229.6054422066452,9.305771182678815e-06,0.958996147782027,0.9534950939120158,0.9602470239766556,0.9548434928292696,0.0,12,14063,16441.0,3163.0,3659.0,25,25,21,22
0.22999999999999995,0.8800000000000006,1417.672145141856,327.4040656776,7.436393181040544e-06,0.9446222294414288,0.9417380706134912,0.9458992054899784,0.9428065649411674,0.0,10,18134,22797.0,4339.0,5358.0,23,22,19,19
0.22999999999999995,0.8900000000000006,1419.7837089570298,347.4281963922209,7.820815382032563e-06,0.9495450795652396,0.9404319029290296,0.9506218718454876,0.9411960960487772,0.0156276226043701,9,19445,24085.0,4589.0,5725.0,22,21,19,19
0.22999999999999995,0.9200000000000006,1535.8605948023624,366.2229739744172,8.788502495502695e-06,0.9516614663800508,0.947884023533293,0.9526947160942768,0.9487054751968184,0.0,10,21692,27165.0,5377.0,6651.0,22,21,18,18
0.22999999999999995,0.9500000000000006,1823.500542435036,460.3039402300445,1.109067251206969e-05,0.9446503702413944,0.9355936218775236,0.9455954619777492,0.936265276763488,0.0,8,25038,31855.0,6413.0,8183.0,19,18,15,16
0.22999999999999995,0.9700000000000006,1987.6846772926751,545.8446251807466,1.3702024676544725e-05,0.9436618025625734,0.9243390218387976,0.9444431053631834,0.9249712054932222,0.0,7,27727,35563.0,7175.0,9600.0,18,16,14,14
0.22999999999999995,0.9900000000000007,2232.63633878798,670.7756862592709,1.8800927616177196e-05,0.9392422696879624,0.907755053744592,0.9399766409136308,0.908258029375856,0.0,6,30987,40310.0,8472.0,11720.0,16,14,13,12
0.23999999999999994,0.21000000000000002,1017.2254338804812,206.8954546786049,1.7043294160818204e-05,-245.1450369951879,-204.31875084248856,-238.96421882992536,-150.5205147350276,0.0,4,222,1839.0,74.0,381.0,10,44,4,41
0.23999999999999994,0.2800000000000001,295.92408232518017,60.27618725500145,7.101860800388299e-06,-13.97624917357884,-11.86411359724613,-13.605691152394831,-8.782399259565691,0.0080301761627197,4,250,371.0,87.0,87.0,8,43,5,4
0.23999999999999994,0.2900000000000001,768.9052485514713,155.91453989285284,9.348257878385596e-06,-136.973846239982,-120.4898363016882,-134.2897831336651,-93.29063548988206,0.0,4,218,1086.0,67.0,220.0,9,62,5,59
0.23999999999999994,0.4200000000000002,1814.796045703208,368.6954196894776,6.393824031102781e-06,-183.8064597457313,-148.64786288848697,-181.3745213552158,-130.99981671589475,0.0,4,422,3228.0,122.0,665.0,11,49,6,45
0.23999999999999994,0.4400000000000002,2008.431596835368,409.4599848174015,5.563457873025291e-06,-143.40011082949707,-122.2747649521575,-141.1885551383572,-109.47926783705418,0.0,4,538,3755.0,137.0,777.0,15,46,4,42
0.23999999999999994,0.49000000000000027,2129.628840901625,432.7263978736064,4.316890759789517e-06,-384.9388767000008,-282.7310299653548,-373.8330112675904,-260.6568881234513,0.0156431198120117,4,345,3852.0,103.0,795.0,11,53,6,49
0.23999999999999994,0.5300000000000002,3547.418461301589,746.7431857182673,6.903889147366285e-06,-240.5029602899032,-192.9046961298867,-213.93683569047715,-181.6645703181675,0.0,4,864,9173.0,216.0,2007.0,16,33,6,29
0.23999999999999994,0.5800000000000003,3964.9884694031584,852.8781297270242,7.217602132587952e-06,-63.96059504854823,-59.62366622195152,-56.31052317719747,-56.13511910200968,0.0,4,1689,11994.0,382.0,2691.0,28,29,26,26
0.23999999999999994,0.6100000000000003,3688.731129229941,781.099732215206,5.501921080595716e-06,-46.26721409683494,-38.83687809328847,-39.24041729680067,-36.16983429241304,0.0,4,1988,11101.0,430.0,2445.0,40,30,30,27
0.23999999999999994,0.6300000000000003,4293.063952955589,932.5122150674488,6.879551587577992e-06,-32.515444229224514,-32.16352397373656,-28.58848123031609,-30.11220020914673,0.0,4,2540,13848.0,551.0,3143.0,35,28,31,25
0.23999999999999994,0.6800000000000004,3602.4706741808923,775.8735936564237,5.054470252110114e-06,-5.0881384864015535,-5.084510115579537,-4.679265279300444,-4.843542034115577,0.0,4,4449,13545.0,962.0,3023.0,37,30,35,27
0.23999999999999994,0.7000000000000004,498.2906065454461,106.79406083004535,1.7047904483950151e-06,0.9364040754991144,0.9284316459868124,0.9490592525591492,0.9483689867235344,0.0,30,5383,5665.0,1164.0,1170.0,34,38,32,34
0.23999999999999994,0.7200000000000004,582.3720973228883,134.22857999811995,1.9516606882016794e-06,0.94653050038051,0.9338561205859536,0.9518281270630062,0.9424980365710164,0.0156219005584716,23,6831,7183.0,1475.0,1497.0,34,36,32,32
0.23999999999999994,0.7300000000000004,875.1476684299865,190.0139776129948,2.48611911761154e-06,0.8847965900169414,0.8788282548013492,0.896422124010242,0.8939110406257752,0.0,23,7031,8176.0,1541.0,1718.0,34,36,31,33
0.23999999999999994,0.7400000000000004,782.1182852025598,175.6568053136913,2.7150188710079183e-06,0.9326559556822224,0.9239209971050673,0.9366021644244696,0.9295214479397768,0.0,17,8141,9381.0,1783.0,1985.0,29,31,26,28
0.23999999999999994,0.7500000000000004,874.6190878207998,193.71024375748783,2.8300602981966285e-06,0.9228125410634244,0.9170099110361554,0.9272905330095326,0.9227985129626776,0.0,18,8599,9868.0,1920.0,2096.0,31,32,27,29
0.23999999999999994,0.7600000000000005,881.5503458085204,201.65800559241924,3.4540270315169376e-06,0.9312690586797652,0.9204257489553824,0.935308188935974,0.925526498542236,0.0,18,9291,10711.0,1999.0,2290.0,31,32,27,29
0.23999999999999994,0.8100000000000005,1051.9704103186775,241.14079646739623,5.069514456448537e-06,0.9443682687585936,0.938271224375901,0.9464318942555648,0.9405811145429732,0.0156390666961669,14,12526,15208.0,2822.0,3363.0,28,28,23,24
0.23999999999999994,0.8300000000000005,1145.729346587659,269.24261588184095,5.6812362129267485e-06,0.946214231249477,0.938186821916428,0.947965742594543,0.9400025211340995,0.0156276226043701,13,14332,17390.0,3313.0,3913.0,26,26,21,23
0.23999999999999994,0.8600000000000005,1186.3016744999345,278.8769008768862,6.4358053632575644e-06,0.956200804064955,0.9513415545077192,0.957331024954817,0.9524275170081524,0.0156223773956298,11,16760,20310.0,3981.0,4678.0,23,24,20,21
0.23999999999999994,0.8800000000000006,1344.6975992145346,322.39447886091347,7.421783546033197e-06,0.951406331423522,0.9445853705752498,0.9525207654089344,0.9455714672202112,0.0,10,18433,22811.0,4384.0,5359.0,22,22,19,19
0.23999999999999994,0.9200000000000006,1673.2205798087866,425.6755755879986,1.1206725895223985e-05,0.9459192881241988,0.9334215150183296,0.9468392892868736,0.93412899105203,0.0156261920928955,8,22712,28859.0,5624.0,7204.0,19,19,17,16
0.23999999999999994,0.9300000000000006,1571.0941216650372,397.4388659579144,1.014726913753726e-05,0.9551452338850316,0.94661969953591,0.9558769780069084,0.9472642789748764,0.015625,8,23804,29463.0,6069.0,7417.0,19,18,16,16
0.23999999999999994,0.9400000000000006,1568.6740148402932,412.0959692985214,1.0647607302907454e-05,0.958405519837914,0.946291623298659,0.9591754902848536,0.947005230361726,0.0,9,24767,30475.0,6273.0,7688.0,20,19,17,17
0.23999999999999994,0.9500000000000006,1659.9270348029052,432.8443590142244,1.7119849239684838e-05,0.9567459565027888,0.9461572893348682,0.9574065900109788,0.9468330619233074,0.015627384185791,8,26037,32173.0,6686.0,8350.0,18,17,15,15
0.23999999999999994,0.9700000000000006,1838.4127504073224,497.8123647898216,1.393862547143982e-05,0.9534814642756352,0.94003252016396,0.954117887133016,0.9405779603790444,0.0156269073486328,7,28495,35847.0,7556.0,9683.0,17,16,14,14
0.23999999999999994,0.9900000000000007,2037.2204442077127,610.0556218101163,1.7874196001652376e-05,0.9502393094645296,0.9255356181564248,0.9508082050777684,0.9260389464881206,0.0,6,31387,40053.0,8738.0,11590.0,15,14,12,12
0.24999999999999992,0.21000000000000002,307.2853586923182,62.635353435579816,1.08808090997399e-05,-39.26383772579213,-31.212540192066623,-37.96345296290896,-22.55331587281337,0.0156261920928955,4,170,385.0,54.0,77.0,7,59,4,53
0.24999999999999992,0.23000000000000004,147.681703053109,29.91097903223274,8.696912842376322e-06,-5.05280214157276,-4.354613466334165,-4.899810504336191,-2.8718094244623447,0.0156235694885253,4,206,214.0,61.0,62.0,9,11,4,5
0.24999999999999992,0.24000000000000005,331.67678481216217,67.01290298641499,9.127376413287576e-06,-24.82689727357357,-19.766221352500654,-24.109564311507107,-14.309679107904278,0.0,4,231,411.0,72.0,82.0,8,52,4,45
0.24999999999999992,0.2900000000000001,282.00020316186533,57.45342316462382,7.214585024237458e-06,-12.738112662031902,-12.238979215263033,-12.247022093746878,-7.339432256685857,0.0,4,265,346.0,98.0,91.0,9,45,4,4
0.24999999999999992,0.3000000000000001,1393.0878135458654,283.0822907448174,1.1070787777378996e-05,-312.3673776105731,-258.3786246142402,-307.67182054710383,-216.3898521282995,0.0,4,243,2467.0,74.0,510.0,10,49,5,45
0.24999999999999992,0.3200000000000001,472.5206234476262,96.49427875958932,7.071235639445279e-06,-58.80733665930043,-55.19971930109509,-57.43780695259942,-41.77997318923223,0.0,4,203,607.0,60.0,122.0,7,70,3,66
0.24999999999999992,0.35000000000000014,1087.5941386457848,220.30291645822572,7.426743196552264e-06,-65.04299608756973,-53.939664134739154,-64.21012441822667,-44.8567905628318,0.0156259536743164,4,433,1667.0,133.0,338.0,10,51,5,46
0.24999999999999992,0.3900000000000002,828.3774489426102,168.42941770961508,5.618383575725279e-06,-69.34931764286051,-55.86770359968365,-68.36712873067002,-44.06303078940508,0.015625,4,313,1137.0,117.0,229.0,9,63,6,58
0.24999999999999992,0.4000000000000002,2155.1434455352,442.0100512620349,8.251738525553234e-06,-165.6801158746984,-137.74790301128596,-163.8268079011263,-123.59281205419936,0.0,4,499,4318.0,166.0,905.0,12,41,7,37
0.24999999999999992,0.4100000000000002,2070.292312794661,423.7400564221734,6.884383487217579e-06,-119.78914337638513,-99.1693436849874,-118.24130181574128,-88.72643063378912,0.0,4,609,4083.0,165.0,851.0,11,41,7,37
0.24999999999999992,0.4300000000000002,2443.0095297603734,501.89790836052174,7.410216218914536e-06,-219.5858343466745,-190.26369644631407,-216.11421348883724,-163.62964033298525,0.0,4,506,5097.0,150.0,1074.0,12,40,7,36
0.24999999999999992,0.4400000000000002,3365.008262124577,711.708310159436,1.088524267507048e-05,-330.1545624999447,-295.97187877165464,-324.6226280430812,-275.0533702443329,0.0,4,580,8552.0,166.0,1900.0,12,32,6,29
0.24999999999999992,0.45000000000000023,1718.3955513307562,349.6487523215262,4.5779040249390335e-06,-105.27881060526283,-91.15109048651028,-103.41169175037864,-76.44998838884482,0.0,4,509,2998.0,166.0,614.0,12,49,5,45
0.24999999999999992,0.46000000000000024,2474.8434567496724,508.3112051194622,6.091962347404366e-06,-158.87606030234787,-133.6563543134879,-156.18262986575547,-120.83077499174352,0.0,4,595,5144.0,170.0,1080.0,10,40,7,36
0.24999999999999992,0.5500000000000003,3588.354844435446,753.65774034593,6.045193761313331e-06,-443.1299846892386,-344.67874512256844,-331.1987947423168,-305.7647513522223,0.0156230926513671,4,867,9203.0,193.0,2003.0,25,35,8,32
0.24999999999999992,0.6200000000000003,3341.86167552359,712.2607785542222,4.841148617985763e-06,-19.425405105192706,-19.680755765732638,-17.077803018145698,-18.449910787196288,0.0156235694885253,4,2542,10572.0,533.0,2309.0,40,32,31,29
0.24999999999999992,0.6400000000000003,3702.128230828856,797.1049700844509,5.281587058824251e-06,-15.610785800299166,-16.23830369552284,-13.912748075700591,-15.197721019744511,0.0156254768371582,4,3119,12159.0,656.0,2694.0,42,31,35,28
0.24999999999999992,0.7300000000000004,713.3662134068165,156.95399632384425,2.502241485991437e-06,0.9364658526420788,0.9315835329286272,0.9414158906517308,0.9382251930849655,0.0,21,7546,8431.0,1706.0,1772.0,32,34,30,31
0.24999999999999992,0.8000000000000005,1079.538385144317,242.99279824719085,5.113055819981621e-06,0.940312807024724,0.9365541712825916,0.9421913497625628,0.938560733341852,0.0,12,12610,15329.0,2894.0,3394.0,25,26,21,23
0.24999999999999992,0.8100000000000005,1018.1332514199988,237.2787638300273,4.7177483658746765e-06,0.950011741316642,0.9435318519768504,0.9522932956653024,0.945355984737046,0.0,15,13018,15439.0,2906.0,3420.0,29,29,25,26
0.24999999999999992,0.8300000000000005,1066.506313112628,249.71401824705575,5.812824607624395e-06,0.955723060092661,0.9502761721477284,0.9569742372642892,0.9515738144723368,0.0065116882324218,12,14792,17560.0,3507.0,3953.0,25,25,21,22
0.24999999999999992,0.8800000000000006,1547.0164798375256,362.76094056554655,8.048632942727947e-06,0.9376514192540872,0.933039437948287,0.9391148774623842,0.9339873856111056,0.0,10,18955,24092.0,4483.0,5750.0,23,22,20,19
0.24999999999999992,0.9200000000000006,1629.0027658015229,411.9293655443882,1.0136164722285985e-05,0.9491790634136203,0.938724442582096,0.9502221903831116,0.9393746923878682,0.0156219005584716,9,22885,28801.0,5661.0,7163.0,21,20,18,18
0.24999999999999992,0.9700000000000006,2027.5708067399487,557.825588420587,1.4887120724688928e-05,0.9432713868712376,0.9256897604647232,0.9441014610326716,0.9262338475052316,0.0065143108367919,7,28559,36737.0,7695.0,10126.0,17,16,14,14
0.24999999999999992,0.9800000000000006,2049.972975950576,588.5007547130864,1.6913403745319203e-05,0.946887879466324,0.9248042494226176,0.9475193178712888,0.9253030657711268,0.0156259536743164,6,30290,38480.0,8330.0,10869.0,16,14,13,12
0.2599999999999999,0.21000000000000002,899.2134815585599,182.44525434588132,1.572164348726046e-05,-242.29016215473595,-196.26009300794271,-237.3356896970089,-146.9749476145822,0.0156254768371582,4,214,1528.0,74.0,314.0,9,49,6,45
0.2599999999999999,0.2700000000000001,775.3965383380729,156.8371634318006,1.020966053007778e-05,-108.99221760563208,-89.42741628269603,-106.6275596569255,-67.4810357482677,0.0,4,257,1122.0,82.0,227.0,9,56,5,51
0.2599999999999999,0.34000000000000014,2140.262780789624,442.5871500808249,1.3115210498346817e-05,-257.17384642119924,-224.22927392100223,-252.5236143795527,-181.66535854701576,0.015639305114746,4,440,4578.0,138.0,976.0,8,36,6,33
0.2599999999999999,0.35000000000000014,1965.958597817699,401.7954496175054,1.0398695791775097e-05,-246.0911214208364,-188.32300385141457,-242.51082160212545,-159.52773563003734,0.0156223773956298,4,409,3922.0,139.0,823.0,8,40,6,36
0.2599999999999999,0.37000000000000016,631.9000365959794,127.99690751472605,4.966168210981718e-06,-30.43417958751612,-25.872115994524048,-29.94740433831503,-20.987194542302746,0.0,4,360,839.0,114.0,169.0,11,58,5,54
0.2599999999999999,0.38000000000000017,1756.8692502574004,357.73034537204137,7.578290623442574e-06,-141.95216777121377,-130.1999772170644,-139.92994953999622,-109.6209059841481,0.01564621925354,4,487,3220.0,131.0,666.0,10,44,6,41
0.2599999999999999,0.4200000000000002,2005.083669284984,408.4813847247713,6.341011058921302e-06,-126.01361190641173,-107.16463118694254,-124.24785969800764,-94.230359804991,0.0,4,542,3843.0,147.0,798.0,16,43,5,39
0.2599999999999999,0.45000000000000023,3137.0565606286627,662.3149898902585,9.843915884375887e-06,-115.82396054784112,-104.7493034626184,-113.7093011702054,-98.5717900432206,0.0,4,885,7993.0,227.0,1752.0,13,31,9,28
0.2599999999999999,0.5000000000000002,2808.933837256288,580.2827256317964,5.570100060354191e-06,-174.30024613093013,-152.60999423433927,-165.77648021207764,-140.0965595431784,0.0065383911132812,4,700,6351.0,175.0,1345.0,17,39,4,35
0.2599999999999999,0.5500000000000003,3079.4513868138915,641.0410478276723,4.9856924735118185e-06,-124.61397349725505,-95.31259040357752,-105.48104243977816,-89.03542225470679,0.0,4,1116,7892.0,259.0,1691.0,17,35,17,31
0.2599999999999999,0.5700000000000003,2017.1330572952627,414.6608553987222,2.88077673871566e-06,-22.80800525497377,-19.25498812967728,-19.72522283764052,-18.070360770275567,0.0,4,1491,5445.0,323.0,1132.0,32,40,23,36
0.2599999999999999,0.5900000000000003,3418.6441894046243,718.2229879478007,4.850842915909708e-06,-79.49080630061118,-82.68470170925698,-62.007426379190704,-71.144469620013,0.0080330371856689,4,1640,9572.0,338.0,2075.0,48,36,46,32
0.2599999999999999,0.6000000000000003,3562.8095070229806,765.4211871577635,5.991299501041646e-06,-24.821975262241487,-24.68810129345304,-22.09792742838659,-23.39398110738905,0.008028507232666,4,2381,11362.0,516.0,2515.0,35,30,33,26
0.2599999999999999,0.6100000000000003,2707.205002781159,566.9004450371629,3.7269081451216543e-06,-16.264288060242915,-15.786338744145354,-14.214887086135326,-14.772634187078308,0.0100951194763183,4,2311,8359.0,477.0,1785.0,44,37,44,33
0.2599999999999999,0.6200000000000003,3585.8577033605225,764.2607403018073,5.429709080617303e-06,-20.15032451148485,-19.3618832760635,-17.884165109065222,-18.17968487905673,0.0080270767211914,4,2589,11515.0,564.0,2541.0,39,31,32,28
0.2599999999999999,0.6300000000000003,3330.1544086448403,706.916263900235,4.866846276073465e-06,-11.9878410580728,-11.499298328034383,-10.835684510179105,-10.937283780585174,0.0080595016479492,4,3083,11146.0,671.0,2443.0,38,31,34,28
0.2599999999999999,0.6800000000000004,240.9424444519096,59.23889055212086,1.1593092481092782e-06,0.9811452775780304,0.9698245367136747,0.9869114463625768,0.9823819826403988,0.0,35,5058,5090.0,1081.0,1064.0,40,37,34,35
0.2599999999999999,0.7000000000000004,806.6311685679293,180.7274044987149,2.59252462180362e-06,0.883560368162923,0.8619502592504183,0.896481915556513,0.8841135066490384,0.008063793182373,24,6437,7259.0,1361.0,1518.0,34,36,29,33
0.2599999999999999,0.7500000000000004,859.183648108174,203.31334842321303,3.613134653670623e-06,0.9388135315652496,0.9248408075752028,0.941535658197898,0.928840473332572,0.0,15,9571,11124.0,2098.0,2388.0,28,29,23,26
0.2599999999999999,0.7900000000000005,1115.3413879905586,245.6619628676772,5.660500519380051e-06,0.9297582716997536,0.9285247510845344,0.9325864349721495,0.9313988679788626,0.0,15,11836,14460.0,2707.0,3187.0,28,28,25,25
0.2599999999999999,0.8000000000000005,1005.9885222887706,227.6752583303991,4.846639026594956e-06,0.9494270430664404,0.9460542045922216,0.9513078246853862,0.9480314266679024,0.0,14,12732,15114.0,2931.0,3342.0,27,27,24,24
0.2599999999999999,0.8400000000000005,1107.51908193671,254.78867648096403,6.841731083767408e-06,0.9578937582990238,0.9558038867223708,0.9590125529571728,0.9565836637156084,0.0,11,16104,19121.0,3759.0,4361.0,24,24,20,21
0.2599999999999999,0.8500000000000005,1283.3583182547686,296.3467070620439,7.454975467893006e-06,0.9477004574805332,0.9440992899924274,0.9489852663844608,0.9453973099770224,0.0,11,16548,20619.0,4020.0,4772.0,22,23,20,20
0.2599999999999999,0.9000000000000006,1487.3419982573678,357.1736426291993,9.178021299223118e-06,0.9525250854844748,0.948072994328596,0.9534692515634872,0.9487200717744922,0.0,9,21272,26543.0,5292.0,6471.0,21,20,17,18
0.2599999999999999,0.9100000000000006,1528.3988247153634,400.8777868627794,9.995747180769569e-06,0.9544898462053932,0.9406529309693346,0.9552503315908903,0.9413116690194896,0.0,8,22744,28361.0,5665.0,7061.0,20,19,16,16
0.2599999999999999,0.9200000000000006,1770.9830572680346,440.0563081559292,1.10304340100515e-05,0.9415618406675682,0.9331829336078724,0.9425629445596476,0.9338673591057884,0.0,8,23437,29935.0,5852.0,7633.0,19,18,16,16
0.2599999999999999,0.9400000000000006,1739.590112891415,464.1495729686245,1.210370372032001e-05,0.9511472532598289,0.936892204458101,0.9519811882242212,0.9374440635372124,0.0,8,25772,32331.0,6585.0,8405.0,19,18,16,16
0.2599999999999999,0.9700000000000006,1661.5501312658844,469.6044091309928,1.439618813360282e-05,0.9636506074859602,0.9492724239692004,0.9640967885576952,0.9498653428529188,0.0,7,29402,36091.0,7929.0,9838.0,16,15,13,13
0.2699999999999999,0.2,928.1000417519656,187.87457030334537,1.4922737225988146e-05,-284.36965287991774,-216.10065644930071,-275.8552078375429,-163.5481055225747,0.0156295299530029,4,187,1556.0,68.0,319.0,10,49,5,45
0.2699999999999999,0.22000000000000003,428.3209344833225,86.85602310720887,1.2806094537748204e-05,-79.64429100478704,-71.67107412792369,-76.74125359158383,-48.90322142758214,0.0,4,168,571.0,53.0,115.0,7,62,5,57
0.2699999999999999,0.3000000000000001,1546.083627535501,315.4851092629677,1.1434252252287862e-05,-224.9809967534293,-187.1077391114433,-220.1592743350032,-148.57629274427643,0.0,4,318,2915.0,96.0,607.0,10,43,6,39
0.2699999999999999,0.3100000000000001,1912.8396893318927,395.2446499743334,1.3009062029036938e-05,-157.25267388914588,-140.64517224592856,-155.39014394279326,-120.07617525825135,0.0,4,508,4080.0,150.0,867.0,11,36,8,32
0.2699999999999999,0.3200000000000001,1606.142493159724,327.650426649094,1.0626477795807204e-05,-173.2457432497087,-135.33048968676897,-171.3724748833062,-116.26490834821988,0.0,4,390,3020.0,117.0,628.0,10,42,5,39
0.2699999999999999,0.3300000000000001,529.1020990791853,108.0295580693852,7.191948799710625e-06,-21.697100612653006,-17.795413367333243,-21.33046242418817,-14.104013947347736,0.0,4,358,703.0,108.0,141.0,9,52,5,46
0.2699999999999999,0.34000000000000014,1371.3029919873045,277.7541816366887,8.988337900399075e-06,-270.781381896176,-235.94756188964757,-266.95811699552064,-192.67650816074035,0.0,4,257,2276.0,78.0,467.0,8,53,5,50
0.2699999999999999,0.35000000000000014,1343.7402363986378,272.5167234929507,8.299721643188065e-06,-90.68362443146414,-70.95194104148769,-89.52093288495972,-60.35595104897571,0.0156209468841552,4,459,2234.0,141.0,457.0,11,47,5,42
0.2699999999999999,0.3900000000000002,1579.881416963522,320.4353646473289,6.781831078342872e-06,-145.52309104250236,-125.8282003650897,-143.59908175178936,-106.71489834517222,0.0156226158142089,4,422,2712.0,123.0,556.0,10,49,5,45
0.2699999999999999,0.4300000000000002,2534.1412623411507,522.4163011111605,7.102266561866691e-06,-280.8092471607886,-249.65739092721384,-275.7222319038892,-215.69044315745296,0.0156209468841552,4,481,5417.0,130.0,1147.0,12,40,4,36
0.2699999999999999,0.45000000000000023,2471.1736478678845,509.23693936778255,6.543571801887021e-06,-99.77962840331588,-83.73627268164114,-97.7654257821134,-77.624555380883,0.0,4,759,5416.0,204.0,1144.0,13,37,6,34
0.2699999999999999,0.5300000000000002,2887.38500492516,602.2150865070275,5.1027791967633664e-06,-129.2806647304107,-111.62122042056546,-113.28130218922182,-105.48559996826442,0.0,4,972,7156.0,206.0,1524.0,24,37,24,34
0.2699999999999999,0.5700000000000003,3318.297552335133,703.2108058754501,5.7581426073610224e-06,-38.68601895073609,-36.10106830538163,-34.54738443506456,-34.33220000425125,0.015639305114746,4,1777,9867.0,407.0,2159.0,38,31,32,28
0.2699999999999999,0.5800000000000003,3390.365058392188,722.287129829036,5.578742789641757e-06,-47.45838811740074,-47.66583661701215,-40.58924805484093,-44.08554276437852,0.015627384185791,4,1806,10035.0,375.0,2195.0,37,33,33,30
0.2699999999999999,0.6000000000000003,3857.794080386701,830.4753658798877,6.527916224656781e-06,-32.980179185128634,-31.916904798343268,-29.18240227531609,-30.057562884384986,0.015629768371582,4,2247,12208.0,498.0,2733.0,39,30,27,27
0.2699999999999999,0.6500000000000004,3742.676170424936,820.8368062532284,6.453241727789143e-06,-5.78984203024215,-6.127322999885967,-5.388978112847347,-5.899696847106156,0.0,4,4301,14289.0,922.0,3241.0,34,27,31,24
0.2699999999999999,0.6600000000000004,2996.606419143161,636.9434008083712,4.154741836820006e-06,-4.160996722054996,-4.134297210534236,-3.7726854832247225,-3.881821131461229,0.0,4,4190,11308.0,914.0,2471.0,45,35,38,32
0.2699999999999999,0.6700000000000004,283.03733046151814,67.58880363500744,1.3840000160337636e-06,0.9738228893314688,0.9601522967363738,0.9812888620176612,0.976407357408506,0.0,31,5132,5082.0,1070.0,1070.0,35,33,32,31
0.2699999999999999,0.7000000000000004,680.8794221446261,152.83467374912016,2.624282729684764e-06,0.9271990163656048,0.9143184666110358,0.9330508611740695,0.925092581268341,0.0156412124633789,20,6718,7570.0,1447.0,1584.0,32,33,27,29
0.2699999999999999,0.7100000000000004,630.9349411785656,147.5261417512164,2.9187116602337964e-06,0.9475561105672652,0.9339080328561612,0.9514388120005862,0.94049853744041,0.0156245231628417,20,7463,7984.0,1601.0,1676.0,31,33,27,30
0.2699999999999999,0.7200000000000004,763.3079408076402,163.1437632887019,2.3133327733454964e-06,0.926815726878222,0.9258963864407892,0.9321948680828988,0.9327943413020398,0.0156240463256835,20,7610,8559.0,1696.0,1804.0,33,34,29,30
0.2699999999999999,0.7400000000000004,868.5074824426232,194.2862654465736,3.259768783069339e-06,0.932757551100589,0.9265288476312624,0.9357280573899148,0.9304400151828354,0.0,15,9162,10809.0,2015.0,2318.0,28,29,25,26
0.2699999999999999,0.7600000000000005,1015.9739285677618,221.92203188348407,4.82112866379451e-06,0.9230198092743156,0.9222167001749402,0.9262491686823616,0.925584127093054,0.0156254768371582,15,10220,12300.0,2317.0,2667.0,28,29,25,26
0.2699999999999999,0.7900000000000005,1075.4642813476166,246.43475994488057,5.146700832947915e-06,0.941062978608893,0.9350635599539086,0.9428962895862092,0.9366315797401608,0.0,12,12639,15485.0,2870.0,3442.0,27,26,23,23
0.2699999999999999,0.8000000000000005,1130.4681703130386,265.18959769808606,5.322161648699583e-06,0.9410590380265516,0.9323451651574932,0.9427712359565004,0.9340226615511332,0.0065104961395263,12,13489,16365.0,3188.0,3663.0,26,26,21,23
0.2699999999999999,0.8100000000000005,963.6688692985638,227.11293964968584,6.68091425728789e-06,0.9606941718425798,0.9543512101004662,0.9619876559415678,0.9556602709547166,0.0156245231628417,13,14192,16538.0,3205.0,3701.0,27,26,23,23
0.2699999999999999,0.8300000000000005,1251.2822142807277,293.51708791631944,8.000014942897654e-06,0.9446264063187252,0.9383327958812812,0.9460517459055682,0.9396961286314722,0.0,11,15843,19490.0,3662.0,4483.0,24,24,20,21
0.2699999999999999,0.8500000000000005,1298.9149447549926,313.4781500548288,7.409029326668307e-06,0.9494229055996412,0.9412068721872576,0.9507881993487328,0.9422126433196087,0.0,11,17355,21451.0,4155.0,5024.0,24,24,19,21
0.2699999999999999,0.8600000000000005,1238.678404999149,302.08061279932133,7.47148680039249e-06,0.9567563237443714,0.9489199463228444,0.957867017309304,0.9497888996495524,0.0,11,17922,21892.0,4242.0,5126.0,24,23,19,21
0.2699999999999999,0.8900000000000006,1480.6439273371702,363.11191626861233,8.964830670749712e-06,0.9509902849189082,0.9435025128654916,0.9519851714735772,0.9441711919949142,0.0156233310699462,9,20948,26022.0,5132.0,6368.0,21,21,18,18
0.2699999999999999,0.9000000000000006,1576.1026919754229,391.7314685830855,9.789455473895702e-06,0.9487409232643444,0.940429952062312,0.94960612102781,0.9410650032161536,0.0156183242797851,8,22060,27774.0,5454.0,6869.0,20,19,16,16
0.2699999999999999,0.9300000000000006,1609.1960185406117,415.5433713564216,1.1527768505341284e-05,0.9563625927441772,0.9467720362958942,0.957048502872338,0.9474071928216528,0.0,8,25142,31092.0,6391.0,7967.0,18,18,16,15
0.2699999999999999,0.9600000000000006,1818.1470450487095,504.627958345637,1.414144080588789e-05,0.9534914400908652,0.9371186620700293,0.9540964865815648,0.937680076677055,0.0,7,28141,35419.0,7377.0,9550.0,17,16,14,14
0.2699999999999999,0.9800000000000006,2012.7234354624024,594.85912868403,1.7949342483794953e-05,0.9509059040368488,0.9268684979052187,0.9514684740654172,0.927345205290538,0.0,6,31144,39510.0,8587.0,11400.0,15,14,12,12
0.2799999999999999,0.23000000000000004,1277.8534450723737,262.096276839892,1.7064547323558713e-05,-230.03309509229356,-191.65215819500617,-227.113702175345,-162.71760704554907,0.0,4,260,2511.0,77.0,526.0,11,41,6,37
0.2799999999999999,0.26000000000000006,706.1600901471753,143.020977482326,1.0487163577613816e-05,-180.5720394992613,-129.9472830179243,-175.99777186769165,-98.70292419870516,0.0156235694885253,4,178,1004.0,65.0,203.0,7,62,4,58
0.2799999999999999,0.2800000000000001,1015.8075964062616,205.36162210435847,1.0419312107999608e-05,-99.95357973489747,-74.54624439919483,-97.89610182678612,-57.79689495043144,0.0156245231628417,4,351,1626.0,108.0,332.0,10,48,4,44
0.2799999999999999,0.3100000000000001,1356.9100889828085,275.4537922531957,1.0286227421443291e-05,-113.54807500071014,-88.42529526462714,-112.05766025980904,-75.0708007633001,0.0156254768371582,4,427,2370.0,137.0,488.0,10,44,5,40
0.2799999999999999,0.3200000000000001,738.7701773894233,150.64825200888768,7.378748065758958e-06,-169.15133327668303,-145.11468634645104,-163.11094968865913,-98.1074592497672,0.0,4,204,1031.0,66.0,208.0,10,69,4,64
0.2799999999999999,0.34000000000000014,1465.067937844522,297.8378159054577,8.682766367736162e-06,-130.35846967956866,-96.47508798102216,-128.29248361838205,-78.50615087063736,0.0,4,406,2570.0,139.0,529.0,10,45,5,41
0.2799999999999999,0.45000000000000023,1334.4862814643943,270.26435746629016,3.5452905936929634e-06,-45.96763305698118,-39.855025377100006,-45.078356014154544,-35.4426876607595,0.0156252384185791,4,627,2204.0,164.0,448.0,14,51,5,47
0.2799999999999999,0.47000000000000025,2616.3436477904297,539.2809352121891,6.207676315858051e-06,-157.67867183814153,-127.05031518895692,-154.0182410009934,-114.90934632777804,0.0,4,665,5678.0,174.0,1199.0,12,38,6,35
0.2799999999999999,0.48000000000000026,1166.5738921445711,236.0664630988485,2.3708021355219028e-06,-36.44232801171948,-29.169367321095507,-34.97638013622714,-25.31763086087886,0.0,4,623,1964.0,177.0,398.0,11,53,5,49
0.2799999999999999,0.5100000000000002,3106.1799287871268,650.76431025372,6.333454724753183e-06,-99.9016273671918,-86.17349203110568,-93.78523383483773,-82.20107259147638,0.0,4,1019,7935.0,260.0,1712.0,15,33,7,30
0.2799999999999999,0.5700000000000003,2654.530107900455,554.4270691443555,4.163014256847924e-06,-31.277217340380798,-28.70176856497831,-27.057591075466483,-26.88712698164007,0.0,4,1701,7572.0,371.0,1611.0,34,37,28,33
0.2799999999999999,0.6000000000000003,2837.4630192156983,594.8251231104259,4.185484205721832e-06,-17.613504208512516,-16.45452625427425,-15.468869658739674,-15.501287770307592,0.0,4,2298,8877.0,493.0,1906.0,42,35,33,32
0.2799999999999999,0.6300000000000003,3339.7849528450183,722.5955747050582,5.451883436348357e-06,-7.539083183300839,-7.854561196398089,-6.9126975818774845,-7.529404287685706,0.0,4,3546,11984.0,754.0,2656.0,36,29,28,26
0.2799999999999999,0.6500000000000004,3846.668538326379,855.4359816783486,7.192322806274331e-06,-4.897573770514854,-5.473675208884985,-4.6008829518948176,-5.302746668972967,0.0,4,4646,15124.0,1014.0,3470.0,34,26,28,23
0.2799999999999999,0.6700000000000004,277.3813364253288,66.45484464515431,1.3670689835097449e-06,0.9775216543776852,0.9661433924283273,0.9829116211002642,0.9783095236197068,0.0,31,5158,5138.0,1168.0,1053.0,36,35,31,32
0.2799999999999999,0.6800000000000004,757.1272404476332,167.4643358971347,2.3466111778877667e-06,0.8920551536806208,0.8750593458202731,0.9022485851798108,0.8940092985845673,0.0,21,6249,6960.0,1380.0,1453.0,30,33,26,30
0.2799999999999999,0.7000000000000004,690.8826882249177,157.28338033115597,2.754780215427456e-06,0.9300056201570076,0.9166108347006398,0.9351340371393582,0.9258790121017508,0.00651216506958,19,7009,7810.0,1531.0,1637.0,32,32,23,29
0.2799999999999999,0.7600000000000005,1004.617849361544,227.18993692912647,4.493830979941698e-06,0.9314604972569788,0.9250720752953376,0.9339597814081902,0.928093964386746,0.0156245231628417,14,10654,12855.0,2397.0,2802.0,28,28,24,25
0.2799999999999999,0.7800000000000005,1162.2249061856055,260.83582112393105,5.435077574862548e-06,0.9248556013093204,0.9207138674530088,0.9275975848329746,0.923426768990963,0.0,14,11951,14934.0,2694.0,3313.0,26,27,24,24
0.2799999999999999,0.7900000000000005,1069.5096470146827,243.4067358978789,5.440388717256551e-06,0.942266665160376,0.9379225549755782,0.9441784239593748,0.9398604554582788,0.0,13,12757,15340.0,2931.0,3404.0,26,27,23,24
0.2799999999999999,0.8100000000000005,1077.117997145754,253.85548396986235,6.14667285521477e-06,0.9533627888391876,0.9462484215141832,0.9545915503086574,0.9474756525481036,0.0,11,14560,17597.0,3314.0,3980.0,24,24,20,21
0.2799999999999999,0.8400000000000005,1485.9217864866089,345.00106280029536,7.896988895922589e-06,0.9307894564304842,0.9254054765885308,0.9323712593721266,0.9267344026806146,0.0,10,16890,21735.0,3958.0,5104.0,23,22,19,19
0.2799999999999999,0.8700000000000006,1377.8580317128306,333.98468028738483,8.575265340452198e-06,0.952838207483068,0.945753118352046,0.9538817120250068,0.9466452554519048,0.0,10,19474,24121.0,4794.0,5801.0,22,21,19,19
0.2799999999999999,0.8900000000000006,1421.6723359372338,347.70441848984694,9.430347986245652e-06,0.9568250522877662,0.9510537223205447,0.9575976840200066,0.9518369364712496,0.0156373977661132,9,21601,26503.0,5257.0,6522.0,20,20,17,17
0.2799999999999999,0.9100000000000006,1671.7301861297449,433.2309480494509,1.1113148876184404e-05,0.9475523378274406,0.9340480340022936,0.9484303199423804,0.9347065226307124,0.0,8,23423,29537.0,5830.0,7538.0,19,18,16,16
0.2799999999999999,0.9200000000000006,1563.7785482049835,397.0738760526538,1.0985959732162871e-05,0.9565410526932712,0.9485581865920094,0.9572235526799672,0.9492029843403912,0.0156254768371582,8,24192,30014.0,6193.0,7586.0,19,18,16,16
0.2799999999999999,0.9300000000000006,1664.6227897809354,437.08497980357606,1.1893230105962863e-05,0.954138485988138,0.9424122043316592,0.9547763157113528,0.9429450396614302,0.0,7,25446,31793.0,6506.0,8192.0,18,17,14,15
0.2799999999999999,0.9400000000000006,1808.5678109713556,492.7759529288602,1.3476009308509914e-05,0.9493478097020968,0.9330168174791404,0.9500337881901776,0.933641238772304,0.0,7,26591,33670.0,6961.0,8988.0,17,16,14,14
0.2799999999999999,0.9500000000000006,1708.3636797724282,463.64525742336974,1.3675814864335805e-05,0.9573144920420552,0.9448915542976956,0.9578576440671108,0.9454768142891916,0.0,7,27671,34471.0,7390.0,9187.0,17,16,14,14
0.2899999999999999,0.2,591.4693479660069,119.616966814913,1.3967012593603811e-05,-98.88719253310435,-83.90671529349952,-96.85104319654876,-63.92266739013608,0.0100693702697753,4,217,863.0,64.0,175.0,10,55,5,50
0.2899999999999999,0.3300000000000001,1721.9585989990196,351.68851630384523,1.0815329787275089e-05,-353.3645368112313,-276.4244861809715,-347.7019721436624,-229.96733532715731,0.0100462436676025,4,303,3268.0,89.0,682.0,10,45,6,41
0.2899999999999999,0.35000000000000014,2469.011363801984,516.1274471161814,1.3910756480185074e-05,-240.7247879882952,-210.79016876769356,-238.35690738014392,-185.8324944945382,0.0,4,508,5785.0,153.0,1258.0,12,33,6,30
0.2899999999999999,0.36000000000000015,1180.660417238307,238.96872616167445,7.1813626228286215e-06,-78.37792343373708,-65.76427700363791,-77.05144790555441,-53.641651012446864,0.008044958114624,4,412,1848.0,121.0,376.0,13,51,6,47
0.2899999999999999,0.3900000000000002,2302.560164794831,474.839545267662,8.965001128638925e-06,-136.49854219772004,-114.77540115532734,-135.04965741733344,-105.50477462433784,0.0080273151397705,4,612,4955.0,168.0,1050.0,11,37,7,33
0.2899999999999999,0.4300000000000002,2087.4199710208454,426.3225378161469,5.912969687848638e-06,-127.36166200288288,-104.42943393632716,-125.18525070707288,-89.85663822949995,0.0,4,576,4105.0,160.0,854.0,9,42,4,39
0.2899999999999999,0.4400000000000002,2285.3991559645183,469.6462099282821,5.91284470867894e-06,-125.45457128152806,-111.75575167860548,-123.0057504067132,-99.5911148169867,0.0020256042480468,4,661,4746.0,163.0,994.0,14,40,4,36
0.2899999999999999,0.45000000000000023,1874.7070937882536,380.98757361625326,4.8065940957967735e-06,-68.49778974631926,-55.826771098287296,-67.36195249065165,-50.29569556040189,0.0100350379943847,4,678,3518.0,186.0,725.0,13,43,5,39
0.2899999999999999,0.5000000000000002,2571.252428697605,529.8798507680774,4.963867050194183e-06,-115.0806376964738,-89.05693569224704,-107.47346801850848,-82.51144800239335,0.0100750923156738,4,841,5909.0,226.0,1246.0,19,37,5,34
0.2899999999999999,0.5300000000000002,2307.189743046,475.5804348372628,3.879239495750784e-06,-46.05923527126014,-39.95458610746012,-40.97622982863086,-37.80274492877149,0.0100340843200683,4,1185,5820.0,257.0,1220.0,31,38,18,35
0.2899999999999999,0.5400000000000003,2196.4338663312096,452.3379544101954,3.5283122947352747e-06,-42.217429117966994,-35.86230956607902,-36.74533293759818,-33.52319470759236,0.0100634098052978,4,1202,5548.0,276.0,1159.0,28,39,17,36
0.2899999999999999,0.5700000000000003,2648.4802521131496,550.6650619175568,3.952839349884176e-06,-32.87844654264128,-28.18892285668863,-27.849445377063187,-26.13130073114209,0.0100541114807128,4,1704,7581.0,367.0,1614.0,39,36,30,32
0.2899999999999999,0.5800000000000003,2438.691125634815,507.6391640066134,3.7406068064055896e-06,-15.76073241169799,-14.429504840071376,-13.945191301301602,-13.646112316157309,0.0,4,2085,7452.0,439.0,1579.0,40,37,31,33
0.2899999999999999,0.5900000000000003,3114.82086496693,658.332441982519,4.718079538478677e-06,-24.28167189808736,-23.789695699740403,-21.16127905651969,-22.200067247292576,0.0,4,2200,9610.0,456.0,2084.0,36,33,33,30
0.2899999999999999,0.6100000000000003,3293.3622478909506,704.9451958604063,5.540617744671194e-06,-11.43028458663098,-11.048374340987872,-10.394684003126828,-10.557959586645229,0.0,4,2939,11272.0,640.0,2486.0,34,30,29,27
0.2899999999999999,0.6200000000000003,2717.614741904501,573.3506326120751,4.219855149177035e-06,-5.816339128579648,-5.4741564602583725,-5.280385565438548,-5.217821009909261,0.010085105895996,4,3298,9842.0,702.0,2128.0,38,33,34,30
0.2899999999999999,0.6500000000000004,3882.02826872328,872.32569892214,7.873332091135462e-06,-4.002542544939044,-4.646503814040261,-3.7772507384548817,-4.51814930730345,0.0,4,4986,15844.0,1058.0,3678.0,31,25,23,22
0.2899999999999999,0.6600000000000004,484.1675989664001,111.83066315739268,2.1451161764455637e-06,0.933459383784094,0.9088640154721588,0.9477384711586924,0.9384030357303068,0.0,28,5332,5395.0,1144.0,1144.0,34,35,29,28
0.2899999999999999,0.6900000000000004,636.8951693882781,143.96274380873086,2.792279692114537e-06,0.9394249119294288,0.928400485165914,0.943974642336322,0.93712090712408,0.0,19,6980,7541.0,1564.0,1579.0,29,31,27,28
0.2899999999999999,0.7500000000000004,895.4880562148942,203.82870547710053,4.247220088982686e-06,0.9438164997393276,0.9372418408099066,0.9461759990004482,0.940531408270974,0.0,15,10465,12166.0,2398.0,2637.0,28,29,23,25
0.2899999999999999,0.7800000000000005,840.4262396949633,210.04684753863728,6.238350734650517e-06,0.9643191016688488,0.952527316993414,0.965465112398305,0.9540179703592694,0.0080311298370361,13,12686,14570.0,2884.0,3211.0,26,27,22,23
0.2899999999999999,0.8000000000000005,1207.7234406481102,274.25556263522463,5.926019630515647e-06,0.93375833811529,0.9305268627216275,0.935794756620122,0.9322177625396364,0.0100860595703125,12,13567,16853.0,3161.0,3791.0,25,26,21,23
0.2899999999999999,0.8200000000000005,1280.2830874814013,300.66751494874626,6.667326047056968e-06,0.9409206255144292,0.9345674293314832,0.9426516483546474,0.9360185414867696,0.0,12,15541,19393.0,3663.0,4471.0,25,25,21,22
0.2899999999999999,0.8600000000000005,1248.3451712834342,305.93619523612364,8.154065144530448e-06,0.959574556151508,0.9523233793454996,0.960433174208688,0.9532259260755804,0.0080559253692626,10,18965,23081.0,4556.0,5472.0,22,21,18,19
0.2899999999999999,0.9300000000000006,1575.8246088325304,425.5779522092203,1.2069723332052818e-05,0.9601838079628304,0.9468283820125548,0.9609090161201704,0.9474947507263308,0.008026123046875,9,25578,31488.0,6697.0,8195.0,20,19,16,16
0.2899999999999999,0.9500000000000006,1728.1965614011358,479.7454746322341,1.4218485831656645e-05,0.9574946041806018,0.9421182061463113,0.9580882555767624,0.9425775893657978,0.0,7,28185,34968.0,7449.0,9463.0,17,16,14,14
0.2899999999999999,0.9900000000000007,2055.104366667235,652.7633810033674,2.263877477329128e-05,0.952877581543334,0.9232128958648852,0.9533013102901158,0.9236452624506865,0.0080647468566894,5,33229,42257.0,9556.0,12791.0,14,12,11,10
0.29999999999999993,0.2,762.1767005863317,154.02867698364915,1.0249993771314828e-05,-88.93525091934764,-77.3888234796413,-86.94025156563262,-58.24857626564861,0.0,4,278,1114.0,88.0,226.0,9,55,5,51
0.29999999999999993,0.26000000000000006,1140.8382061011105,231.20891526928628,1.1304416370260024e-05,-103.59700026911544,-80.01809790748905,-102.4990742622643,-68.67860348596274,0.0080249309539794,4,384,1921.0,120.0,394.0,9,46,6,42
0.29999999999999993,0.2800000000000001,167.79249958405967,34.43925812209084,9.643796030246144e-06,-5.404281660772571,-4.143437932903693,-5.222046641425636,-2.837744392377361,0.0,4,228,254.0,92.0,92.0,6,13,5,4
0.29999999999999993,0.3100000000000001,205.49913827880965,41.73265607810427,5.903743617645849e-06,-8.386550879080373,-7.236815528241003,-8.07957946013314,-4.823152669727166,0.0020742416381835,4,237,261.0,76.0,65.0,9,33,4,4
0.29999999999999993,0.3200000000000001,1155.7091482793874,234.54819156554305,8.125318200305258e-06,-70.96746670124993,-60.03967422292768,-69.89028619148642,-49.36226131315041,0.0100328922271728,4,455,1891.0,145.0,386.0,9,46,7,42
0.29999999999999993,0.35000000000000014,2302.55751828266,477.3481870361159,1.2654515517981405e-05,-161.8840526711986,-131.9122400080356,-160.40289970756643,-118.49542974591492,0.0080490112304687,4,574,5148.0,171.0,1105.0,9,34,7,30
0.29999999999999993,0.36000000000000015,1755.5062927115926,358.07261833320905,8.277495065407242e-06,-117.98955283866025,-88.53699129785899,-116.51686445093604,-77.01114653556913,0.0,4,484,3336.0,160.0,693.0,10,41,5,37
0.29999999999999993,0.37000000000000016,2168.725789970538,445.86615144009306,1.0034392443982512e-05,-192.27973025870816,-164.23047378173948,-190.24020539874857,-145.78474888812406,0.0,4,497,4526.0,134.0,957.0,12,38,6,35
0.29999999999999993,0.38000000000000017,1603.0906185397007,325.9960378082327,7.027963246260724e-06,-109.91904716205146,-90.33410621964592,-108.41174280827818,-77.28732792093187,0.0080461502075195,4,458,2844.0,137.0,585.0,9,46,6,41
0.29999999999999993,0.4000000000000002,1451.9782661653949,293.5617659312375,6.228010546732235e-06,-92.72337332632772,-77.08769795594033,-91.3220827556336,-64.07593653167912,0.0080265998840332,4,476,2394.0,151.0,489.0,11,49,5,45
0.29999999999999993,0.4300000000000002,2578.273021003271,531.7688936464788,7.541418986378692e-06,-223.25139841857944,-187.1496577894062,-219.61970851577124,-168.88311248141073,0.0100734233856201,4,528,5641.0,145.0,1199.0,17,38,6,35
0.29999999999999993,0.5000000000000002,3450.8726130743607,733.9532299472494,8.606982341587124e-06,-68.09844128901983,-58.983524215513874,-65.35506680348216,-56.88715451497996,0.0,4,1268,9677.0,321.0,2149.0,20,28,7,25
0.29999999999999993,0.5200000000000002,3465.718570272741,737.3496315633897,7.485974376402769e-06,-86.00008349535715,-77.99451598921269,-78.63183364655379,-74.68922181464998,0.0020227432250976,4,1238,9797.0,275.0,2165.0,20,30,8,27
0.29999999999999993,0.5400000000000003,3392.0512123320505,721.1786793160209,6.876576509040693e-06,-51.59175731935184,-45.93771306282655,-46.92978070024805,-44.12601747113792,0.0,4,1508,9895.0,333.0,2181.0,29,29,11,26
0.29999999999999993,0.6300000000000003,2979.351495432073,639.7597775076725,4.775277583695385e-06,-4.743086592122626,-4.8105840686866905,-4.3628774930172325,-4.614230811931257,0.0080783367156982,4,3843,11203.0,838.0,2458.0,37,31,30,28
0.29999999999999993,0.6900000000000004,773.8828722746098,172.90803191292184,2.76381161416688e-06,0.914290521160593,0.9024880363387076,0.9205463136876286,0.9122270062045692,0.0100467205047607,20,7081,8097.0,1578.0,1705.0,31,33,28,30
0.29999999999999993,0.7000000000000004,683.8467628509536,156.79017983862113,2.9001302158322992e-06,0.9409448379299488,0.9298680950218146,0.9448826695344524,0.9364553857942172,0.0,19,7706,8372.0,1742.0,1762.0,29,32,26,29
0.29999999999999993,0.7200000000000004,759.9790674267479,174.2427518876061,3.440804945483855e-06,0.9422561812295565,0.9323864843634542,0.9453511991492204,0.9370604090389903,0.0,18,8709,9668.0,1882.0,2055.0,32,32,26,28
0.29999999999999993,0.7400000000000004,950.0339497865992,218.4432644191964,4.438374161570517e-06,0.9346791406483445,0.9254643783006766,0.9368261563016024,0.9286795387000965,0.0,13,10408,12373.0,2308.0,2688.0,26,27,21,24
0.29999999999999993,0.7600000000000005,1053.0689866754574,242.37931545026595,5.42182160566857e-06,0.930902199861477,0.9233143572663688,0.9334573000139946,0.9258346418759223,0.0,14,11352,13652.0,2542.0,2998.0,27,28,21,25
0.29999999999999993,0.7700000000000005,1179.8638717301048,264.95168493300287,5.6581294871434925e-06,0.9225501199880471,0.918491583958024,0.9253574630163126,0.9209107618348288,0.0,14,12093,15102.0,2718.0,3361.0,28,28,23,25
0.29999999999999993,0.8200000000000005,1016.4785290403336,242.2966272063141,6.611805118812169e-06,0.9647315789054902,0.9594694080116656,0.9654926744448116,0.9604608220037588,0.0080370903015136,10,16135,19073.0,3803.0,4365.0,22,22,19,19
0.29999999999999993,0.8500000000000005,1342.8153385083644,326.75930659193847,7.9568829425224e-06,0.950323181026386,0.9421020162897518,0.9514108275455292,0.9431104632029844,0.0120851993560791,10,18355,22757.0,4421.0,5412.0,22,22,18,19
0.29999999999999993,0.8600000000000005,1317.8825966153202,324.20646996140465,8.763194700898103e-06,0.956388223862886,0.9485064714614484,0.9571981076631634,0.9493635206040648,0.0080299377441406,9,19613,23905.0,4765.0,5715.0,21,20,17,18
0.29999999999999993,0.8900000000000006,1377.36295775344,350.17003633638626,9.90042050237237e-06,0.9618876632700816,0.9530308289998526,0.9625220205432876,0.9535341420948832,0.0,8,22389,27441.0,5553.0,6803.0,20,19,16,16
0.29999999999999993,0.9000000000000006,1452.2823379530698,362.9801018621077,1.0511178148726709e-05,0.9595199580712936,0.952861582030974,0.96015018043096,0.95347798123895,0.0,8,23040,28494.0,5859.0,7140.0,19,18,16,16
0.29999999999999993,0.9100000000000006,1536.0410794644124,403.57536709154704,1.133508206949186e-05,0.9574226849008544,0.9459905596061952,0.9581888377249228,0.9466777967034888,0.0156261920928955,9,24048,29776.0,6156.0,7541.0,20,19,17,17
0.29999999999999993,0.9200000000000006,1596.1519654388155,419.0234550881114,1.2042414023069874e-05,0.956887146461052,0.9463860690146322,0.95748052836836,0.9468233884228148,0.0,7,25210,31345.0,6555.0,8092.0,18,17,15,15
0.29999999999999993,0.9700000000000006,1909.579181111946,559.6751622450674,1.7731513087126294e-05,0.9543978131867036,0.933925029498741,0.9549238846958584,0.9343104338268304,0.0,6,30719,38716.0,8473.0,11077.0,16,14,13,12
0.30999999999999994,0.23000000000000004,971.0787279275216,197.04475485702903,1.3954916605514722e-05,-129.709652547561,-120.8200416363813,-126.98962537612076,-91.82240493836628,0.0065124034881591,4,288,1653.0,84.0,340.0,10,46,5,42
0.30999999999999994,0.34000000000000014,985.6965124130924,199.61183686511845,7.106668064967646e-06,-73.22233530353154,-58.18751398249052,-71.62321082558897,-43.596810270521786,0.0,4,372,1475.0,126.0,299.0,10,52,4,48
0.30999999999999994,0.35000000000000014,1457.943282361606,296.51554554525467,8.162764352400252e-06,-75.53190584851014,-59.708987764537454,-74.669130465498,-52.672437707126775,0.0,4,530,2576.0,146.0,530.0,11,44,7,40
0.30999999999999994,0.3900000000000002,1337.2865444934878,271.5132938734308,5.412612851528732e-06,-94.01173624774096,-75.63896768883748,-92.49551727119474,-65.66668864689701,0.0,4,432,2189.0,130.0,446.0,11,52,5,47
0.30999999999999994,0.4200000000000002,2175.027969168826,447.90693787884106,6.714871292250222e-06,-96.85265426677012,-75.30450277615599,-95.14615621601156,-67.24652913120202,0.0,4,728,4568.0,216.0,958.0,10,38,5,34
0.30999999999999994,0.4300000000000002,2582.873520906512,533.538599821981,7.418416638498614e-06,-154.88957204873066,-125.30657237936772,-152.23173370868537,-112.7627088953348,0.0,4,611,5785.0,176.0,1233.0,12,36,7,33
0.30999999999999994,0.46000000000000024,2458.336509884953,507.36640277679663,5.896566871052935e-06,-90.07851972938282,-79.98995783306535,-87.4053377786988,-73.52447582245779,0.0,4,809,5532.0,219.0,1167.0,13,37,8,33
0.30999999999999994,0.5800000000000003,3338.040001570283,713.3693015659327,5.752985562087173e-06,-22.16648372381322,-21.393187496409443,-19.570229922615,-20.058858379614023,0.0,4,2382,10706.0,501.0,2359.0,35,31,31,27
0.30999999999999994,0.6000000000000003,3485.717806277496,752.6445459179254,6.356800799581203e-06,-12.45561145645962,-12.307988028430026,-11.381862345788493,-11.773568303630816,0.0156397819519042,4,2968,12066.0,635.0,2696.0,33,29,33,26
0.30999999999999994,0.6100000000000003,3422.393354194304,733.1435881417319,5.672941779574718e-06,-10.857768182477788,-10.574327942962718,-9.890374136643034,-10.10867318095917,0.015625,4,3156,11725.0,692.0,2600.0,38,30,34,27
0.30999999999999994,0.6600000000000004,399.2337891775352,91.5863124685067,1.7680771416449794e-06,0.9648814466700556,0.9543360248203416,0.969734780008833,0.9647362490487248,0.0,24,5762,5676.0,1220.0,1188.0,33,32,27,25
0.30999999999999994,0.6800000000000004,657.8840418341214,152.50393437547768,2.878106431992965e-06,0.9343780011846452,0.9167950261975684,0.9397166085120536,0.9281460149028404,0.0,20,6817,7528.0,1545.0,1577.0,29,32,26,29
0.30999999999999994,0.6900000000000004,525.9758361815813,120.0589875595624,2.3352961952336064e-06,0.9628104028212272,0.9546387311508846,0.9654113296164024,0.95997553225719,0.0156233310699462,19,7251,7635.0,1595.0,1597.0,30,31,26,27
0.30999999999999994,0.7000000000000004,752.8763653008185,169.8698030845977,3.1772302638366848e-06,0.9339930436006972,0.9256198201464908,0.937371050386112,0.9315245436091394,0.015627384185791,16,7944,8967.0,1744.0,1898.0,28,30,26,26
0.30999999999999994,0.7200000000000004,860.9886024181598,192.28668356050764,3.5288701542729e-06,0.9312981331407574,0.9249211819347416,0.9348480573970948,0.9302776593677418,0.0,17,8971,10437.0,2031.0,2236.0,29,30,25,27
0.30999999999999994,0.7700000000000005,1043.200037472113,242.7528438181893,5.55993964013001e-06,0.9448859440008884,0.9375118338968887,0.9464178438300916,0.9393878515246744,0.0156266689300537,12,12888,15372.0,2939.0,3427.0,24,25,23,22
0.30999999999999994,0.7800000000000005,1084.9021583450824,254.47646792438928,5.832297103357817e-06,0.9450881811203828,0.93725767931627,0.9465677337674528,0.939126216718272,0.0,12,13467,16193.0,3047.0,3634.0,25,25,21,22
0.30999999999999994,0.8000000000000005,1153.997663230551,269.34852740173494,6.35961654158228e-06,0.9463036686743734,0.9409310650792057,0.9477338144573592,0.9421433272012596,0.0,11,14701,17801.0,3482.0,4043.0,24,24,20,21
0.30999999999999994,0.8100000000000005,1041.385178446304,247.92355654039903,6.4395290248965735e-06,0.9605689735663344,0.9543313893866616,0.961586873354543,0.9553314949076492,0.0156211853027343,11,15607,18595.0,3608.0,4253.0,24,24,21,21
0.30999999999999994,0.8300000000000005,1342.4467711359484,314.7886592620516,7.802170456857379e-06,0.9434134483691532,0.938096771194605,0.944651849326807,0.9392070449254304,0.0156238079071044,10,17021,21288.0,4092.0,4991.0,22,22,20,19
0.30999999999999994,0.8400000000000005,1304.7042576768115,316.38499753728314,8.166354305278714e-06,0.9512775927651674,0.9434041568315824,0.9523135364438216,0.944414971025228,0.0,10,17888,22206.0,4290.0,5263.0,22,22,19,19
0.30999999999999994,0.8500000000000005,1467.96592843055,355.77706317484643,8.489579360010116e-06,0.9424090241800334,0.9339500184402508,0.9435254302825444,0.9348590481146122,0.0,9,18767,23800.0,4530.0,5737.0,21,21,17,18
0.30999999999999994,0.8700000000000006,1449.2957600158777,354.1664078430427,9.275255934806045e-06,0.9513058298630768,0.9441120178428146,0.9523613993247728,0.9449426883090764,0.0,10,20331,25433.0,4976.0,6185.0,22,21,18,18
0.30999999999999994,0.8800000000000006,1490.4514270923892,368.5314127369783,9.921717317397975e-06,0.9519742860275412,0.9447927898200282,0.9527635697281522,0.9454523358558774,0.0080289840698242,8,21587,26929.0,5427.0,6653.0,19,19,16,16
0.30999999999999994,0.9400000000000006,1723.9709568943017,481.3318552087631,1.4224593437289026e-05,0.9566675300003694,0.9398438415426248,0.957230588303874,0.9404183288767636,0.0,7,27641,34445.0,7177.0,9246.0,17,16,14,14
0.30999999999999994,0.9500000000000006,2031.996196490828,564.2816370904221,1.6087178246785293e-05,0.941756854195805,0.922704298308932,0.942451049759407,0.92318566450108,0.010103702545166,6,28478,36645.0,7739.0,10197.0,16,15,13,13
0.30999999999999994,0.9600000000000006,1906.5378307287797,539.0235754525186,1.6810114249182275e-05,0.9522705012369994,0.9345771683348204,0.952838099964955,0.9349612846310932,0.0,6,29818,37549.0,8259.0,10559.0,16,15,13,13
0.30999999999999994,0.9800000000000006,1724.535287388115,535.5584677142408,1.8794508619272943e-05,0.9661601784977388,0.9451347564836148,0.9664883872323256,0.9457272539644076,0.0156254768371582,6,32535,39898.0,9181.0,11589.0,14,13,11,11
0.3199999999999999,0.2,887.6095472297114,179.41237996117584,1.2149450699753868e-05,-283.2964839609379,-249.53226663243495,-272.0641572891688,-156.44263384247913,0.0156240463256835,4,192,1378.0,68.0,281.0,8,56,4,52
0.3199999999999999,0.25000000000000006,1018.4996982899244,206.0676466600228,1.012172004210128e-05,-126.16474358756928,-103.55874516811278,-124.10945387806107,-80.6499141946556,0.0156261920928955,4,288,1626.0,98.0,332.0,11,50,4,46
0.3199999999999999,0.2800000000000001,792.8612281372657,160.4230085326499,1.6099206462445837e-05,-167.30950817416573,-126.39053315458388,-162.6150362981654,-93.3680795581765,0.0156266689300537,4,222,1298.0,70.0,266.0,9,48,4,44
0.3199999999999999,0.3000000000000001,656.8409244253893,132.62195645266786,7.607438889199173e-06,-28.553933031607254,-25.577011765631763,-27.86547104178197,-18.58402402084751,0.0,4,404,917.0,124.0,185.0,10,50,4,45
0.3199999999999999,0.3300000000000001,956.7098404166228,193.55578976098852,7.397484645887581e-06,-63.819855333258246,-54.84413120056055,-62.7533774311344,-44.07112131759754,0.0156307220458984,4,375,1426.0,134.0,289.0,11,53,5,48
0.3199999999999999,0.35000000000000014,1501.6245057436963,305.3332196142437,8.071954330325732e-06,-168.60053212007776,-146.7604444407756,-166.3771612222325,-120.87918878157228,0.0,4,386,2612.0,108.0,537.0,10,48,5,44
0.3199999999999999,0.4200000000000002,1781.3470002828385,361.1729156512155,5.41595209528133e-06,-218.1230498301054,-175.3061554162568,-214.2588979163148,-150.22809691260645,0.0,4,384,3173.0,117.0,653.0,12,50,4,46
0.3199999999999999,0.4300000000000002,2065.2872479794837,423.6573767995391,5.804625093910139e-06,-111.0362269062093,-92.18286823179696,-109.02346489456124,-85.11496482231789,0.0156242847442626,4,604,4133.0,164.0,860.0,12,42,6,38
0.3199999999999999,0.46000000000000024,2585.344045447981,534.1445458238185,6.14428246866596e-06,-110.38762644997848,-91.9655928884248,-106.99689861866972,-86.2984391982126,0.0,4,786,5861.0,205.0,1242.0,17,37,7,33
0.3199999999999999,0.49000000000000027,2735.141040315228,569.624675407705,5.870345178659752e-06,-56.46217188661043,-51.19865494487769,-53.85856141880248,-48.81979485355859,0.0,4,1164,6896.0,254.0,1475.0,16,34,9,30
0.3199999999999999,0.5000000000000002,3384.4614478032786,720.4711493761102,8.036310410916156e-06,-84.94044550523341,-79.73920953388605,-79.75162846855562,-76.74886647464143,0.0156283378601074,4,1171,9438.0,269.0,2088.0,16,30,8,27
0.3199999999999999,0.5100000000000002,2897.420907749971,608.2497602410816,5.779651871578886e-06,-101.90169933923949,-85.27652248847588,-89.34174587987629,-79.20093257964383,0.0,4,1082,7564.0,245.0,1624.0,19,34,12,30
0.3199999999999999,0.5500000000000003,2579.103407274836,534.1477635760851,4.4126311293131376e-06,-29.65409576947095,-25.137015994215652,-26.202284941641167,-23.935914362294877,0.0,4,1631,7361.0,359.0,1568.0,34,35,27,32
0.3199999999999999,0.6100000000000003,3394.2242470973147,740.2449270905768,6.357835014928389e-06,-6.688339967097913,-6.919046286824395,-6.218434362607878,-6.680612406471115,0.015625,4,3610,12592.0,769.0,2825.0,36,27,27,24
0.3199999999999999,0.6300000000000003,4103.030099816476,912.3892398532548,7.752414398285146e-06,-7.300747317246051,-8.013752577699602,-6.812637103367924,-7.711375847271592,0.0,4,4368,15115.0,910.0,3491.0,39,27,39,24
0.3199999999999999,0.6500000000000004,536.6877093509978,119.7028667818339,2.102537345527217e-06,0.92871331883384,0.9114044866577828,0.940045740467469,0.9348603743270244,0.0,24,5489,5764.0,1201.0,1193.0,31,32,28,28
0.3199999999999999,0.6700000000000004,779.5812303646376,172.67035828878952,2.654572651088917e-06,0.8863841594633154,0.8672737446507799,0.8990849742704836,0.8905379163539076,0.0,24,6305,7004.0,1371.0,1464.0,34,36,30,32
0.3199999999999999,0.7100000000000004,923.8323695664832,204.7336289512043,3.991920625620377e-06,0.918442893841468,0.9121868589427752,0.921983749179075,0.9178499518083638,0.0,15,9002,10465.0,2019.0,2244.0,28,29,24,25
0.3199999999999999,0.7700000000000005,965.0883740712256,216.3591168447969,6.939837348731152e-06,0.9519153067536829,0.9498733418390816,0.9536033119253547,0.9516960857725568,0.0,14,12581,14744.0,2890.0,3266.0,27,27,23,24
0.3199999999999999,0.8000000000000005,1188.842653143209,286.7732142381753,1.2058068003538007e-05,0.9458733800809758,0.9352597370108712,0.9471763028579432,0.9369867524731506,0.0,11,15054,18620.0,3557.0,4270.0,23,23,19,20
0.3199999999999999,0.8500000000000005,1315.5047541691963,336.1615421454132,8.847913360096463e-06,0.955975935392992,0.943683376171888,0.9567603604869164,0.9446316367438974,0.0080518722534179,9,19437,23963.0,4688.0,5752.0,20,20,17,17
0.3199999999999999,0.9000000000000006,1529.5944262109654,405.2467578927791,1.152393235668721e-05,0.9574143749077448,0.9447975653146998,0.9580541243830762,0.9454486669068888,0.0100603103637695,8,23935,29776.0,6082.0,7597.0,19,18,16,15
0.3199999999999999,0.9100000000000006,1649.5296200406056,431.8710808039624,1.2363970030708953e-05,0.953113282803394,0.9413495968476976,0.9538530654341592,0.941956164038156,0.0020270347595214,8,24784,30976.0,6342.0,8039.0,18,18,16,15
0.3199999999999999,0.9200000000000006,1696.3197343968936,441.5337645270079,1.257382098443075e-05,0.9521513813717504,0.941893997117419,0.9528970793129596,0.9425618762467968,0.002023696899414,8,25187,31694.0,6515.0,8296.0,18,17,15,15
0.3199999999999999,0.9500000000000006,1735.2569679101855,494.7007047034021,1.5308007383713456e-05,0.9582783790552888,0.9415137747599026,0.9587670336941724,0.9418641369067048,0.0,6,28917,35989.0,7715.0,9902.0,16,15,13,13
0.3199999999999999,0.9900000000000007,1849.8598126116988,587.7859080347287,2.3408314031497915e-05,0.963338345620542,0.9412174730502608,0.9636441627610776,0.9416448754203642,0.0,5,34302,42527.0,10173.0,13158.0,13,12,10,10
0.32999999999999985,0.2,665.3919036302341,134.28661822137502,1.050206918792058e-05,-62.02178869841213,-45.12039895432672,-60.46013490945221,-35.095788771126685,0.0,4,288,969.0,107.0,196.0,9,50,6,45
0.32999999999999985,0.24000000000000005,106.6388472837174,21.578586994209484,8.590336878717817e-06,-2.19229717657689,-1.5073538519787513,-2.0601163570606387,-0.7142090176114739,0.0,4,216,235.0,79.0,71.0,7,8,4,4
0.32999999999999985,0.3100000000000001,1680.8484774561528,344.06485580483223,1.2014981077408527e-05,-246.540057623386,-207.54152649156504,-241.29198128914948,-156.28049970860755,0.0,4,357,3280.0,112.0,686.0,9,41,4,37
0.32999999999999985,0.38000000000000017,1983.5054512150955,407.1282941735524,8.464153339520818e-06,-98.59217311201108,-85.75392104798215,-97.23424708412269,-73.76747479516432,0.0156242847442626,4,591,4050.0,170.0,848.0,12,39,5,35
0.32999999999999985,0.3900000000000002,1291.7210539625032,262.5353547619825,5.848677489708951e-06,-45.98112001655004,-40.63036614881064,-45.3376011096297,-34.370809701233235,0.0,4,573,2143.0,163.0,437.0,12,47,6,43
0.32999999999999985,0.4000000000000002,1555.3756948349596,316.3481402400421,6.0544324615461625e-06,-123.10076270748688,-101.97528675989096,-121.1442452176463,-85.60000355150416,0.0,4,465,2686.0,132.0,551.0,10,49,5,45
0.32999999999999985,0.4200000000000002,1797.8883707699986,365.272429724263,5.277530172082224e-06,-63.962298110545575,-50.48884194616237,-62.97166031894965,-44.19983833682141,0.0156223773956298,4,698,3419.0,212.0,706.0,12,42,5,38
0.32999999999999985,0.4400000000000002,2267.664235140056,464.5783818869176,5.70359167146647e-06,-131.30195116026175,-107.1595433490218,-128.02332143360263,-100.00743829032812,0.0,4,639,4710.0,163.0,987.0,16,41,7,37
0.32999999999999985,0.47000000000000025,2519.706520195689,517.842489324698,5.506946686839977e-06,-158.2190230888862,-119.3386338834986,-149.4289915804706,-111.00251523850716,0.0,4,706,5641.0,179.0,1191.0,14,39,5,35
0.32999999999999985,0.49000000000000027,3075.6820229422287,643.5587660941825,6.713974366575719e-06,-199.2560941492349,-165.61199022599644,-180.3987810527284,-157.29985264142593,0.0,4,833,7656.0,188.0,1653.0,17,35,7,31
0.32999999999999985,0.5000000000000002,1243.7631490092208,253.21707173227216,2.242469151043253e-06,-48.93974402788078,-38.6841176735659,-42.74508685933697,-35.327474428472314,0.0,4,687,2434.0,157.0,495.0,17,54,17,50
0.32999999999999985,0.5100000000000002,2790.5034398682733,581.3993714880218,5.458182165759981e-06,-84.99015812663175,-71.2366721977367,-76.68068039345921,-67.28796675822888,0.0,4,1068,7174.0,241.0,1533.0,25,35,22,32
0.32999999999999985,0.5200000000000002,2048.203020841277,423.1089546440728,3.702841931760377e-06,-24.143631473900054,-20.30871664397676,-22.16349323254541,-19.212710542526025,0.0,4,1369,5285.0,305.0,1103.0,25,37,19,34
0.32999999999999985,0.5600000000000003,2705.954602815797,568.0850600188908,4.843044104814775e-06,-16.250238527032213,-15.161182611272125,-14.823888941979089,-14.573114692859091,0.0,4,2067,8385.0,478.0,1804.0,31,33,31,29
0.32999999999999985,0.5900000000000003,3379.5189869763026,730.6989875568918,6.5926358823826816e-06,-10.369687089836084,-10.536200830052334,-9.57547653607564,-10.143114937564931,0.0,4,2988,11777.0,630.0,2627.0,39,29,31,26
0.32999999999999985,0.6000000000000003,3423.767294893643,749.6017484304582,6.883664293066553e-06,-6.715985685610696,-7.092067860544049,-6.282599075813404,-6.8665637921493765,0.0,4,3679,12711.0,754.0,2865.0,35,27,32,24
0.32999999999999985,0.6100000000000003,2643.836923314926,565.4820583655447,4.572713365727732e-06,-4.248655227718679,-4.333252267414515,-3.884863924844818,-4.147929862035723,0.0,4,3548,10026.0,783.0,2178.0,37,32,35,29
0.32999999999999985,0.6200000000000003,3238.576458749533,705.8874290565033,6.194783474900877e-06,-3.987923068945248,-4.220042923919234,-3.729394919411326,-4.090977679804083,0.0156302452087402,4,4207,12795.0,886.0,2870.0,34,27,28,24
0.32999999999999985,0.6300000000000003,3145.5218466098754,686.1648247080775,6.36193478502876e-06,-2.6015578500170378,-2.696211981149144,-2.4437757335348573,-2.6158495481125645,0.0,4,4716,13190.0,1038.0,2965.0,30,27,27,24
0.32999999999999985,0.6600000000000004,681.6151131687149,152.31402594639798,2.9181696945379085e-06,0.9182138078170444,0.901802019566851,0.926292838777314,0.9190057308274748,0.0,20,6409,7046.0,1380.0,1473.0,30,31,24,28
0.32999999999999985,0.6800000000000004,802.3871462891965,186.11795068253105,3.4706172327666623e-06,0.917462899406107,0.8975133688922524,0.922119228800762,0.9068482158865904,0.0,17,7530,8724.0,1679.0,1849.0,28,31,24,27
0.32999999999999985,0.7100000000000004,782.6519173997619,183.47005724303327,4.067668152577267e-06,0.9450911630331577,0.9326830327405526,0.947634286240088,0.9371460682521806,0.0,16,9239,10441.0,2030.0,2239.0,29,29,25,26
0.32999999999999985,0.7300000000000004,1098.9512019130088,242.3085194636193,5.0011637161500245e-06,0.9116442412424726,0.9091835568131588,0.9149532538290798,0.9131297372930826,0.0080723762512207,14,10414,12748.0,2352.0,2787.0,27,28,23,25
0.32999999999999985,0.7400000000000004,982.7654266003308,218.27801240087013,5.094250397795849e-06,0.93441084625149,0.9319773144031,0.9368109703503028,0.9344699714543698,0.0,14,10787,12941.0,2496.0,2828.0,27,28,23,25
0.32999999999999985,0.7700000000000005,1108.12566723365,262.45472589775824,6.21206356878271e-06,0.9414310849309252,0.931505636855144,0.942877425606458,0.9331861791903744,0.0080468654632568,11,13338,16263.0,3069.0,3657.0,24,24,20,21
0.32999999999999985,0.8200000000000005,1269.2527350746602,293.3489464709297,8.032179410386474e-06,0.948793907955306,0.945986890596788,0.9498321173218292,0.9468446661928464,0.0020282268524169,9,17160,21112.0,4122.0,4958.0,22,21,19,19
0.32999999999999985,0.8500000000000005,1490.464211317196,360.6050621796167,9.377622594050096e-06,0.9436263385340412,0.9374375789349894,0.9445837247652156,0.9382126762181754,0.010061502456665,8,19542,24745.0,4867.0,6024.0,20,19,16,17
0.32999999999999985,0.9200000000000006,1588.9511959861468,425.2451159062859,1.2889366036732532e-05,0.959382120378901,0.9478230670412712,0.9599257562710694,0.9482784074840832,0.0100557804107666,7,26119,32180.0,6822.0,8502.0,17,17,14,14
0.32999999999999985,0.9500000000000006,1872.7257299387084,538.9064182764707,1.691410628892452e-05,0.9524483543373669,0.9327637539000352,0.9529854898150776,0.9332144852806749,0.0100774765014648,6,29326,36887.0,7979.0,10346.0,16,14,13,12
0.32999999999999985,0.9600000000000006,1881.081326643484,534.6874907513336,1.78265103198841e-05,0.9544125488259748,0.9385321859740808,0.9549225181316194,0.938924892198763,0.0020277500152587,6,30416,38156.0,8424.0,10883.0,15,14,12,12
0.32999999999999985,0.9800000000000006,2022.8127706891603,643.9650284718393,2.2358789566469126e-05,0.9534261842741312,0.9225992316258989,0.9538564052643864,0.9229728001849596,0.0080299377441406,5,32988,41322.0,9290.0,12580.0,14,13,11,11
0.32999999999999985,0.9900000000000007,2094.810301674116,692.4104958309356,2.617807131482576e-05,0.9524857606308824,0.9180339491633498,0.9529385950918794,0.9183954254750472,0.0120844841003417,5,34248,43563.0,10051.0,13698.0,14,12,11,10
0.33999999999999986,0.21000000000000002,1045.070377414842,212.65695184184943,1.7732315252973553e-05,-176.73451157918112,-139.9921245351852,-172.31879881385782,-104.0780811307968,0.0,4,297,1920.0,91.0,399.0,9,41,6,38
0.33999999999999986,0.22000000000000003,761.1091344763465,153.83259976350917,1.32437853759384e-05,-76.58252859915767,-65.00346281618778,-74.54796033779708,-48.39879861922753,0.0020201206207275,4,310,1192.0,96.0,243.0,8,46,4,43
0.33999999999999986,0.26000000000000006,948.5503742553686,191.83176765940863,1.1342149313633896e-05,-143.7998511362179,-110.47327992111424,-139.9570878328016,-82.3081402149142,0.0,4,286,1504.0,90.0,307.0,8,51,3,47
0.33999999999999986,0.2800000000000001,1190.4822902224682,241.83818625960072,1.1184826233231763e-05,-117.7737600542876,-106.60890483555433,-114.83745902387804,-79.15908957226047,0.0,4,373,2059.0,107.0,423.0,10,45,4,41
0.33999999999999986,0.34000000000000014,1019.8013695486652,206.40494180130477,7.423904650797212e-06,-108.5822231759006,-98.64895724093962,-106.5392914590371,-75.16887978396498,0.0,4,313,1519.0,96.0,308.0,10,57,5,52
0.33999999999999986,0.4000000000000002,617.2680654167469,125.6508887088879,3.750457844109928e-06,-16.651737897471097,-12.701932885898456,-16.35335804675783,-10.293539467018306,0.0080301761627197,4,469,875.0,152.0,176.0,9,50,5,46
0.33999999999999986,0.4100000000000002,1899.734315305696,389.948394021568,6.443458590428508e-06,-54.35429494067069,-47.55513109423983,-53.53426848471611,-42.43287798600857,0.0100975036621093,4,759,3886.0,227.0,808.0,13,39,5,35
0.33999999999999986,0.45000000000000023,2518.8905254430306,522.9412909208834,6.668934919864308e-06,-69.6047102655252,-60.82398269589967,-67.71045853798596,-56.33340679937376,0.0020275115966796,4,908,5948.0,247.0,1265.0,15,35,7,31
0.33999999999999986,0.5400000000000003,3003.589886840967,632.955871618762,5.639180044079631e-06,-39.73276380684255,-36.46571084312971,-34.80298478713,-34.40880704471071,0.0,4,1634,8782.0,359.0,1905.0,36,33,28,29
0.33999999999999986,0.5600000000000003,3350.614531631971,713.7611061599439,6.371959454045513e-06,-27.03654944683685,-24.47542606045011,-24.37980761743168,-23.45203192908427,0.0,4,2095,10566.0,455.0,2337.0,36,29,25,26
0.33999999999999986,0.6100000000000003,3213.1978538391727,702.7654006376049,6.607854665298649e-06,-4.261275224634493,-4.464532010154825,-4.002338337731323,-4.33997860744769,0.0,4,4108,12646.0,860.0,2839.0,33,27,27,24
0.33999999999999986,0.6300000000000003,2970.06144892941,642.2586527897723,5.77622836134487e-06,-2.363909041379625,-2.417345861162256,-2.197058955071859,-2.32653540842172,0.0100648403167724,4,4833,12475.0,1017.0,2781.0,35,29,27,26
0.33999999999999986,0.6400000000000003,257.15317836429153,59.74302111065837,1.7537853389420665e-06,0.9785569413517792,0.9683588141542188,0.9845496549355596,0.9817905974992284,0.0100598335266113,30,5013,5086.0,1100.0,1058.0,31,32,27,31
0.33999999999999986,0.6500000000000004,362.1930463397957,87.52536855589396,1.900169191499191e-06,0.9667156991683936,0.9497321318576728,0.9733827070702392,0.965137416802285,0.0100843906402587,29,5424,5417.0,1172.0,1134.0,35,35,29,30
0.33999999999999986,0.6600000000000004,657.37451978249,148.05904728006823,2.7990900733286377e-06,0.928025995572602,0.913047662465352,0.9339827315328142,0.9258803647399853,0.0100958347320556,19,6664,7222.0,1457.0,1511.0,29,31,25,27
0.33999999999999986,0.7100000000000004,871.6939943312025,206.7331434303474,4.292645574749443e-06,0.9301103746695136,0.9129900868559416,0.9344323481361564,0.9197572297488348,0.0,19,9034,10534.0,1990.0,2262.0,32,32,26,29
0.33999999999999986,0.7300000000000004,974.9150290940684,227.62318413001864,5.465896305557347e-06,0.9342865655366034,0.9231427912420772,0.9365667743030098,0.9263271105645284,0.0,14,10642,12739.0,2413.0,2784.0,26,28,23,24
0.33999999999999986,0.7800000000000005,1193.356472498702,282.0962521100652,6.853793913642794e-06,0.9401231674439768,0.9313496353633456,0.9418074565906982,0.9330894374347622,0.0,12,14324,17682.0,3347.0,4036.0,25,25,21,22
0.33999999999999986,0.7900000000000005,1091.2123176642674,261.2583438327324,7.196490120813843e-06,0.95476424376285,0.9469522019496254,0.9557212934227208,0.9482921408373756,0.0080294609069824,10,15286,18419.0,3582.0,4219.0,22,22,20,19
0.33999999999999986,0.9200000000000006,1530.3468754304645,422.4825631064935,1.3547462803351827e-05,0.9638373910676784,0.9505211184542892,0.9642715786830274,0.9512106685827172,0.008061408996582,7,26854,32719.0,7103.0,8655.0,16,16,14,13
0.34999999999999987,0.22000000000000003,682.4240342338479,137.7787326355801,1.2750634785977677e-05,-85.13875518920035,-70.16257263318035,-83.2273053130326,-53.35284194552448,0.0,4,259,1018.0,77.0,206.0,9,51,8,46
0.34999999999999987,0.24000000000000005,273.6115327125912,55.75878107228194,8.445380629930648e-06,-9.798837925047,-7.844064063371972,-9.560348187557834,-5.796177520160738,0.0080330371856689,4,294,364.0,91.0,91.0,9,33,5,4
0.34999999999999987,0.38000000000000017,1181.942667285516,240.4098063723691,4.829978168446455e-06,-57.64430089888267,-47.12177232483136,-56.66018645325354,-38.87970753587395,0.0,4,513,1931.0,146.0,393.0,9,50,4,46
0.34999999999999987,0.4000000000000002,2185.3145320906706,450.0876419283989,7.78304915100776e-06,-98.47059089581025,-78.35587765836263,-97.12140324480472,-69.51332784819837,0.0,4,693,4611.0,211.0,970.0,9,37,6,33
0.34999999999999987,0.4200000000000002,2238.7999482609725,460.9938764958453,6.909092450804597e-06,-71.4630928613289,-63.20489532856918,-70.26568399951071,-56.74037591250089,0.0100259780883789,4,801,4866.0,204.0,1024.0,15,37,4,33
0.34999999999999987,0.4400000000000002,2023.078458171276,414.8614477549503,5.227640810149031e-06,-59.34723750277106,-53.1071692890093,-58.01449057397813,-48.20982379568771,0.0080318450927734,4,806,4230.0,201.0,880.0,16,40,8,36
0.34999999999999987,0.49000000000000027,2700.725716512755,561.150093186603,5.601001588306852e-06,-142.96151812131072,-116.80239314929231,-128.45532434397484,-109.7325748052589,0.0020272731781005,4,840,6520.0,195.0,1387.0,24,37,7,33
0.34999999999999987,0.5100000000000002,2630.923879235834,552.267220947734,5.423245807686638e-06,-29.43531250873112,-26.746142525091937,-27.437847503301157,-25.71539540236152,0.0080525875091552,4,1555,7335.0,328.0,1569.0,24,32,8,29
0.34999999999999987,0.5400000000000003,2842.028942571955,597.9749855414801,5.373475018299924e-06,-27.384187659795437,-24.60387339958832,-24.48103870296279,-23.45274874156409,0.002026081085205,4,1785,8515.0,377.0,1843.0,31,33,30,29
0.34999999999999987,0.6200000000000003,3091.4380822954654,675.293701535364,6.108858231865966e-06,-2.939515151332364,-3.1484942087401846,-2.7509875040887115,-3.0460904340705,0.0020248889923095,4,4520,12651.0,979.0,2833.0,33,28,29,25
0.34999999999999987,0.6500000000000004,503.16426741174695,119.80545340954504,2.552185048449982e-06,0.94634566437422,0.925495295190176,0.9534981312615056,0.941254140532162,0.0020198822021484,25,5779,6074.0,1242.0,1261.0,34,35,29,31
0.34999999999999987,0.7300000000000004,1042.0324393468577,247.14890530882155,5.66164959349132e-06,0.9279304498998132,0.9111291624638174,0.9304787857612586,0.9156939802962978,0.0,14,10900,13349.0,2417.0,2936.0,27,27,22,24
0.34999999999999987,0.7700000000000005,1103.517094236753,253.81149053435848,6.389847785320527e-06,0.9439683735827312,0.9396927694549746,0.9454842272836564,0.9415191047085388,0.0,12,13522,16375.0,3200.0,3689.0,23,25,20,22
0.34999999999999987,0.8300000000000005,1401.5137420770334,337.6724956014545,9.152321233088366e-06,0.9454350522290929,0.9389533624129546,0.9463904429868149,0.9401572555398212,0.0,9,18596,23232.0,4491.0,5578.0,20,20,17,17
0.34999999999999987,0.8900000000000006,1481.0346499689338,385.07640632694887,1.1863896239207602e-05,0.9598379132236712,0.9498781186202592,0.960382847118326,0.9503486393886812,0.0,7,24261,29764.0,6074.0,7611.0,18,17,15,15
0.34999999999999987,0.9700000000000006,1691.931795944405,515.9571976309993,1.9379259191130156e-05,0.9665756662297258,0.9487529553225088,0.966896597523979,0.949273878200662,0.0100343227386474,6,32386,39631.0,9059.0,11556.0,14,13,11,11
0.3599999999999999,0.2,167.1813511330336,34.2235299172952,8.213774521330693e-06,-4.614158329330775,-4.458983935448472,-4.367432374785393,-2.5458219596248064,0.0080726146697998,4,243,252.0,85.0,74.0,7,11,3,4
0.3599999999999999,0.23000000000000004,920.0286000989316,186.62632562601308,1.06301246600411e-05,-103.46655873401691,-104.132641243456,-101.02330553947468,-73.34306543376007,0.0,4,303,1434.0,91.0,292.0,9,52,4,48
0.3599999999999999,0.2700000000000001,1110.3701897715614,227.58606430681704,2.0025789999305877e-05,-161.8069003272814,-143.3105994004423,-158.79698471566496,-111.79441077467048,0.0,4,315,2174.0,91.0,455.0,9,38,6,34
0.3599999999999999,0.3100000000000001,1261.4264082114871,256.3185680619594,9.06507263787051e-06,-66.1510250553621,-57.52081390843312,-65.19246266656178,-46.658935874791005,0.0,4,498,2213.0,155.0,454.0,8,43,5,38
0.3599999999999999,0.34000000000000014,845.1084434852133,171.39750338516214,6.569891838047084e-06,-48.80285942988637,-44.49374060578361,-47.57867855116072,-31.937131140772905,0.0156397819519042,4,383,1227.0,130.0,248.0,10,53,4,48
0.3599999999999999,0.35000000000000014,894.9499869638898,180.7322778310504,5.8180189332694064e-06,-37.78689024351795,-29.536690595959392,-37.14324713007184,-23.80573936277258,0.0,4,479,1333.0,146.0,270.0,8,51,7,47
0.3599999999999999,0.38000000000000017,1548.628317791802,314.4539579440314,7.079519912557841e-06,-84.8195297588082,-77.08258525858619,-83.71810216117295,-64.62191682336028,0.0,4,534,2724.0,145.0,560.0,10,46,6,42
0.3599999999999999,0.47000000000000025,2033.6981016734023,415.44335002901823,4.396794181441267e-06,-134.83513591748448,-95.28127894124526,-126.23019129504696,-85.84580230005598,0.0156397819519042,4,633,4185.0,179.0,868.0,12,44,10,40
0.3599999999999999,0.5000000000000002,1910.6058212427456,392.3090565272912,3.6288077442250952e-06,-44.33508104613959,-34.800489994764455,-39.448875614115366,-32.73471402213853,0.0,4,1039,4568.0,232.0,948.0,34,41,24,37
0.3599999999999999,0.5200000000000002,2343.2775768319325,488.7057737875964,4.1913483167054085e-06,-43.265732047742695,-40.581834425752696,-37.98795499809715,-38.18940824882348,0.0,4,1282,6228.0,277.0,1315.0,37,37,29,34
0.3599999999999999,0.5400000000000003,3399.3500680889965,728.616540094994,6.786587345509285e-06,-47.12523554294857,-47.18763275556871,-41.16053219599467,-44.23054049643718,0.0,4,1724,10271.0,382.0,2274.0,38,32,36,28
0.3599999999999999,0.5500000000000003,3108.235339719844,658.2516299511406,6.006363402864137e-06,-25.759304216299995,-23.477515972592183,-23.1513625754782,-22.494953145020837,0.0080683231353759,4,2026,9669.0,434.0,2117.0,35,31,32,28
0.3599999999999999,0.5700000000000003,3109.8071383126,670.0465702098624,6.433315696259244e-06,-8.692524059027345,-8.551896332946313,-8.116190067969939,-8.295854149638979,0.0020210742950439,4,2989,11093.0,663.0,2464.0,33,28,27,25
0.3599999999999999,0.5800000000000003,2931.2293833674407,629.0100025701764,5.87642410471972e-06,-6.501503450861426,-6.300339063406263,-6.052081451257959,-6.102153000882933,0.0,4,3242,10814.0,693.0,2389.0,29,28,27,25
0.3599999999999999,0.5900000000000003,3181.319003835778,691.2751050293459,6.390523152741278e-06,-6.687338635986148,-6.9199861487761645,-6.236613832055864,-6.712509168324591,0.0,4,3399,11726.0,707.0,2614.0,33,28,28,25
0.3599999999999999,0.6400000000000003,402.5732432939579,99.49602735516358,2.172556788186154e-06,0.9607085695391554,0.9391365607979336,0.9669253789532404,0.9551237552866962,0.0080409049987792,26,5559,5630.0,1215.0,1215.0,33,34,27,26
0.3599999999999999,0.6600000000000004,665.8131343478663,155.92780547253437,2.6642862336077834e-06,0.9237308556535648,0.8994128696770318,0.9311560792676108,0.9159006168045928,0.0080702304840087,23,6494,6936.0,1444.0,1450.0,31,35,29,31
0.3599999999999999,0.6700000000000004,739.1158528285258,169.5052700813926,3.531871192725195e-06,0.9263614080007676,0.9102404063842168,0.9311917949660932,0.9202667070825448,0.0080351829528808,18,7405,8278.0,1604.0,1748.0,29,31,26,27
0.3599999999999999,0.7100000000000004,770.369188601795,175.54706230620138,4.135882854036734e-06,0.9507066810804424,0.9439297609788108,0.953043581430098,0.9475656504335532,0.0100860595703125,17,9568,10631.0,2156.0,2283.0,28,30,25,27
0.3599999999999999,0.7200000000000004,922.9547752958318,214.67607247188505,1.5111146482149408e-05,0.9404676532646348,0.9309671580469928,0.942381594940374,0.933866960905716,0.01005220413208,13,10737,12558.0,2366.0,2746.0,26,26,24,23
0.3599999999999999,0.7300000000000004,1002.9533212995918,230.21708425386885,5.5021782573369495e-06,0.932934309640761,0.9247834900037598,0.9355370402424948,0.9281597194048185,0.0100705623626708,15,10980,13058.0,2446.0,2867.0,28,28,24,25
0.3599999999999999,0.7800000000000005,1054.991102935341,254.81374659650027,6.894164796037913e-06,0.9546548645298916,0.945848336634332,0.9558511885577262,0.9472733661577212,0.0100593566894531,12,14621,17467.0,3415.0,3975.0,24,24,21,22
0.3599999999999999,0.8200000000000005,1233.92050351259,300.3362722091596,8.658349538334678e-06,0.9550941114087615,0.9479308978471516,0.9561478966961172,0.9490453334189118,0.0080504417419433,11,17905,21735.0,4292.0,5145.0,22,22,19,20
0.3599999999999999,0.8900000000000006,1633.7114780610398,432.556516290006,1.2558208534493902e-05,0.950884064975997,0.9368682322395844,0.9515555178421864,0.9373916062636029,0.008056640625,7,24072,30327.0,6138.0,7828.0,18,17,14,15
0.3599999999999999,0.9300000000000006,1824.648890737088,492.78301081173737,1.5486800484672292e-05,0.9510165968973991,0.9380212996292638,0.9515555480313403,0.9384922103310248,0.0,6,27889,35107.0,7646.0,9597.0,16,15,13,13
0.3599999999999999,0.9400000000000006,1826.4184636208968,520.8232844420661,1.6855600158500083e-05,0.9537295357755796,0.9357679616682426,0.9542552392287156,0.9361456061109584,0.0,6,28974,36502.0,8038.0,10198.0,16,15,13,13
0.3599999999999999,0.9500000000000006,1839.190646464513,525.3322555520499,1.753812885912648e-05,0.9556850331187362,0.9387629163939628,0.9561647554245244,0.9391991621792816,0.0,6,29856,37578.0,8201.0,10678.0,15,14,12,12
0.3599999999999999,0.9700000000000006,1916.0978329049792,602.7766366442967,2.1848129540205143e-05,0.95681562819747,0.9306427650384452,0.957203753959907,0.931000042265838,0.0020225048065185,5,32517,40563.0,9323.0,12243.0,14,13,11,11
0.3699999999999999,0.24000000000000005,1340.7965294306714,274.337877139365,1.660250203335464e-05,-412.9435730624413,-322.19532546322506,-400.56296812050215,-243.308174441834,0.0020327568054199,4,217,2612.0,80.0,548.0,8,42,6,39
0.3699999999999999,0.26000000000000006,1316.1152748398092,268.28246153385925,1.3804536166023763e-05,-272.6625848945844,-201.0758237473192,-267.1954879881424,-158.68764328713635,0.0,4,265,2448.0,88.0,509.0,9,44,6,40
0.3699999999999999,0.2700000000000001,252.47062535405317,51.58548730020877,7.056573297883629e-06,-6.996623628750756,-5.879463564388431,-6.76749853222745,-4.033353141358368,0.008035659790039,4,307,347.0,97.0,92.0,11,28,3,4
0.3699999999999999,0.2800000000000001,1518.4275892349954,311.14949849978336,1.365948941130481e-05,-158.6875505373573,-132.0177022906488,-156.29217757754435,-107.7882033008406,0.0,4,403,2986.0,125.0,625.0,10,39,5,36
0.3699999999999999,0.3300000000000001,1281.4766872635646,259.81860659570424,8.483620319301283e-06,-126.40169428505644,-109.50728872916709,-125.1362013968493,-92.90198736603436,0.0,4,361,2131.0,100.0,436.0,10,50,7,46
0.3699999999999999,0.37000000000000016,1303.27770687985,264.408557759893,5.956672098626825e-06,-79.28729487697645,-62.59164461680115,-78.22994648758292,-53.66049212792732,0.0080728530883789,4,481,2165.0,137.0,442.0,10,48,5,44
0.3699999999999999,0.38000000000000017,1911.585451268135,390.7694599547582,7.883163695834717e-06,-168.7743401609682,-126.53184389588772,-166.3698503789096,-109.97625406917312,0.008033275604248,4,476,3721.0,146.0,775.0,10,42,5,38
0.3699999999999999,0.4100000000000002,1897.127200422611,388.1546620442252,5.98869547292312e-06,-106.70028389799432,-94.19008046446336,-104.72880682813518,-84.15009761759842,0.0,4,595,3713.0,143.0,770.0,11,43,4,39
0.3699999999999999,0.4200000000000002,1633.1056303864732,333.2891949943772,4.9175327295046855e-06,-67.90774385975438,-61.66679856298311,-66.40811204499092,-54.23487705292494,0.0156230926513671,4,614,3064.0,157.0,630.0,12,45,6,41
0.3699999999999999,0.4300000000000002,2013.0440491330537,413.3566483679681,5.99254940010624e-06,-46.76669870317775,-39.731819176158695,-45.82550054860276,-35.98542773988762,0.0,4,893,4303.0,238.0,897.0,15,37,7,34
0.3699999999999999,0.4400000000000002,2033.1744908926696,418.0063047770133,5.363529568025115e-06,-46.06551161787947,-38.24477234946101,-44.92634267207233,-35.10308127368254,0.0,4,926,4425.0,239.0,923.0,15,37,7,34
0.3699999999999999,0.49000000000000027,2739.622643570948,569.6892062051612,5.844541745298287e-06,-85.42381082542258,-67.24432109973097,-78.00387472228348,-62.63308822161321,0.0156226158142089,4,1088,6974.0,247.0,1491.0,16,34,6,30
0.3699999999999999,0.5100000000000002,3121.772193001917,657.7789807374511,6.220919982864036e-06,-123.92176299975198,-114.83094902157448,-103.9364153098733,-106.43378551267304,0.0,4,1149,8495.0,249.0,1848.0,29,33,28,30
0.3699999999999999,0.5700000000000003,2993.502691594469,641.1127452198508,6.100086393811736e-06,-7.630640049982521,-7.23434261076236,-7.148931465357796,-7.0309786897481885,0.0,4,3024,10763.0,667.0,2378.0,31,28,26,25
0.3699999999999999,0.5900000000000003,2656.791366401083,563.9728218185695,4.943987487498213e-06,-4.551439326753704,-4.343346062933711,-4.227420511883959,-4.198541522325388,0.0,4,3414,9987.0,745.0,2178.0,35,31,30,28
0.3699999999999999,0.6200000000000003,433.52526788497215,103.74735253438874,2.009847525299552e-06,0.9455139510900084,0.9162851951466346,0.9564244852583312,0.9452438077049428,0.0,24,5207,5393.0,1127.0,1125.0,28,30,26,25
0.3699999999999999,0.6600000000000004,652.4303188752453,149.71330626926277,3.1313771556722105e-06,0.9367673676386518,0.9226303116296872,0.941421306198984,0.9324305499173194,0.0,19,6997,7584.0,1511.0,1593.0,31,31,25,28
0.3699999999999999,0.6800000000000004,793.4221083227443,177.21873908106187,3.739851536946196e-06,0.9250243926996676,0.9157840566968136,0.929787609935995,0.9235147491975768,0.0,19,7843,9041.0,1737.0,1920.0,31,32,27,29
0.3699999999999999,0.7000000000000004,1007.6670788809492,230.0361447837638,4.92619995232915e-06,0.9121193867783874,0.8989758574985879,0.9154036219128484,0.9053871369961248,0.0,14,9420,11519.0,2070.0,2500.0,27,27,21,24
0.3699999999999999,0.7500000000000004,1084.472080406784,244.8119872287897,6.023848649862012e-06,0.936533182482258,0.933818461547005,0.9383106664754592,0.9357942228830654,0.0,12,12501,15169.0,2883.0,3390.0,25,25,21,22
0.3699999999999999,0.8100000000000005,1451.058816481568,349.74527238485376,8.865226489271434e-06,0.9338422273464436,0.924669907576405,0.9352949286452712,0.9258522106491606,0.0156264305114746,10,17265,21980.0,4142.0,5245.0,22,22,19,19
0.3699999999999999,0.8300000000000005,1358.7207299434351,338.13949589085075,9.660637628191042e-06,0.9514656893259608,0.9416085716216304,0.952395366980239,0.9423468106951316,0.0,9,19129,23859.0,4579.0,5791.0,21,20,17,18
0.3699999999999999,0.8500000000000005,1409.704844994157,350.8519444958539,1.0245725686686796e-05,0.954059013482416,0.9467687923420678,0.9547379652869148,0.9476140944600314,0.0,8,20939,25947.0,5181.0,6412.0,19,18,15,16
0.3699999999999999,0.8600000000000005,1594.2842165195884,412.5194857057743,1.1349043029698036e-05,0.9449768478567772,0.9309052119323956,0.9458600011310612,0.9317202700745382,0.0,8,21643,27570.0,5433.0,6967.0,19,18,16,16
0.3699999999999999,0.8700000000000006,1617.6311567040816,419.049538991552,1.3453786319597842e-05,0.9474353996722183,0.9351711424685074,0.9481578789787688,0.935737442794955,0.0,7,22992,29109.0,5910.0,7460.0,18,17,15,15
0.3699999999999999,0.8800000000000006,1439.959019646347,376.790104180956,1.1531702851521716e-05,0.9598713358561118,0.949483055629912,0.9605069838644028,0.9499935018661188,0.0,8,23459,28744.0,5896.0,7316.0,19,18,16,16
0.3699999999999999,0.8900000000000006,1628.716916992921,420.7534588310351,1.2901061679246218e-05,0.9520080460509188,0.9421355779345308,0.9526355402851714,0.9427916182377444,0.0,7,24427,30597.0,6209.0,8007.0,18,16,14,14
0.3699999999999999,0.9300000000000006,1684.831244540724,460.7783737084667,1.524147753115886e-05,0.9588480398753304,0.9468669581470208,0.9593543736813558,0.9473934146476408,0.0,7,28048,34784.0,7520.0,9542.0,16,15,13,13
0.3699999999999999,0.9900000000000007,1605.351825678884,544.8314852946928,2.406136598982169e-05,0.9737357142208704,0.9527014256360256,0.9739349640618532,0.9531717772631322,0.0,5,35652,42930.0,10697.0,13137.0,13,11,10,9
0.3799999999999999,0.25000000000000006,44.04874194192913,9.388601244771946,5.52111353906984e-06,0.5039037861661293,0.4556445371264455,0.5273154918878556,0.6959915213896297,0.0,4,215,215.0,83.0,77.0,7,6,4,4
0.3799999999999999,0.2900000000000001,660.9657706719767,133.23936793105358,7.974444266861762e-06,-23.59439654888841,-20.71539531422318,-22.999660640574337,-15.122082921553432,0.0,4,425,950.0,142.0,191.0,8,46,4,39
0.3799999999999999,0.3100000000000001,755.2546135244722,152.42317053737816,7.498664753254047e-06,-34.404853757602424,-29.49651242486032,-33.788678118138186,-23.11327129377613,0.0,4,399,1086.0,126.0,219.0,9,50,5,45
0.3799999999999999,0.3200000000000001,1106.5360223463128,223.82894324312332,9.100120828717024e-06,-135.16241761265826,-110.29337404387316,-132.21560513009325,-81.78242208631912,0.0,4,292,1742.0,94.0,355.0,9,54,3,49
0.3799999999999999,0.4000000000000002,2395.218977028336,495.037435453118,8.498058347828575e-06,-154.43954787383132,-132.02803441059035,-151.7746539433173,-114.80507263155906,0.0,4,612,5316.0,166.0,1130.0,11,36,4,33
0.3799999999999999,0.4300000000000002,2507.250066473892,521.3586217758367,7.283926452456188e-06,-59.75003674993086,-51.6498851433581,-58.18444615558248,-48.44213511810078,0.0,4,1034,6114.0,268.0,1308.0,12,32,6,29
0.3799999999999999,0.4400000000000002,2033.877464761992,417.16718271375726,5.288993698528738e-06,-45.12441988419191,-37.47844689749662,-44.095467993128025,-34.125373545533485,0.0,4,909,4379.0,241.0,913.0,14,37,5,34
0.3799999999999999,0.46000000000000024,2493.758226803473,517.4463941640074,5.957318404384202e-06,-88.48458800209994,-72.91581570512454,-84.48382068134383,-67.0462457940121,0.0,4,879,5886.0,213.0,1248.0,17,36,9,32
0.3799999999999999,0.48000000000000026,2371.3218975218583,488.120961357599,5.15826872112898e-06,-54.04510653178598,-42.313452791430535,-50.72936706214593,-39.76989634379829,0.0,4,1027,5825.0,258.0,1230.0,18,35,6,32
0.3799999999999999,0.5100000000000002,3164.035806266,669.9852999009257,6.745752419438935e-06,-82.23160852967702,-73.34537059143473,-71.89181334122466,-69.334672024478,0.0,4,1239,8878.0,273.0,1941.0,22,32,18,29
0.3799999999999999,0.5200000000000002,2519.443231731302,526.5720313182867,5.138908390419275e-06,-20.06589012364848,-18.23532115894353,-18.65601668407716,-17.625736705084982,0.0,4,1669,7337.0,368.0,1567.0,23,33,18,30
0.3799999999999999,0.5300000000000002,2494.208796559208,521.8984775158224,4.976195601465938e-06,-13.840594666552718,-12.221621235729476,-12.745731221508091,-11.76286665897916,0.0,4,2031,7814.0,445.0,1678.0,32,31,28,28
0.3799999999999999,0.5500000000000003,2653.82460838755,556.4276682552729,4.6579276724460885e-06,-21.11990380765737,-18.429998162806903,-18.550202616934204,-17.42700184877409,0.0,4,1940,8133.0,422.0,1746.0,34,33,22,30
0.3799999999999999,0.5600000000000003,2852.4492618917284,609.2385530999604,5.686660268100246e-06,-9.641955225797057,-9.58853529430665,-8.920748686370024,-9.270157278421545,0.0,4,2639,9771.0,569.0,2140.0,33,30,33,27
0.3799999999999999,0.6000000000000003,2436.65121974128,521.7140021122684,4.915337846879129e-06,-2.017938968097386,-2.013605789832232,-1.873250642022886,-1.94781674851993,0.0,4,4146,10322.0,881.0,2254.0,32,30,25,26
0.3799999999999999,0.6300000000000003,556.8983212936993,130.7463589917914,2.385405001762297e-06,0.9306538661477752,0.901541897618268,0.9396719837928597,0.9248322224579312,0.0,23,5662,5981.0,1212.0,1242.0,29,33,29,29
0.3799999999999999,0.6400000000000003,563.2749668782453,128.60293264818765,2.8797316145144127e-06,0.9380008415054244,0.9225164202892364,0.944853135646562,0.936515929224258,0.0020298957824707,23,6090,6443.0,1299.0,1342.0,33,33,27,30
0.3799999999999999,0.6700000000000004,680.4348944385644,155.67456317668973,3.443425674847252e-06,0.9372578000115268,0.9265362868141837,0.9421369564278428,0.9347400591354772,0.0020263195037841,21,7249,8104.0,1611.0,1710.0,33,33,26,30
0.3799999999999999,0.6800000000000004,736.5877325919012,162.61982448973794,3.174499186264396e-06,0.9378544193055957,0.9336901960478338,0.9414709582740062,0.9395979165472572,0.0,18,8061,8897.0,1782.0,1885.0,31,31,24,27
0.3799999999999999,0.7100000000000004,899.6990517506008,208.14744885565204,5.099372528679924e-06,0.9386201153555638,0.9299242445283042,0.9408566353119464,0.9333143075421824,0.0,14,10268,11987.0,2379.0,2612.0,26,27,24,24
0.3799999999999999,0.7800000000000005,1228.5236686748783,278.236339600271,7.696608471016738e-06,0.9410288183750042,0.9397703166315942,0.9424985227770954,0.9410885906294242,0.0,11,15116,18770.0,3587.0,4330.0,23,23,20,20
0.3799999999999999,0.7900000000000005,1226.06859514466,292.27078388219223,8.000865202613594e-06,0.9470235461250032,0.9402817415004076,0.9481632847112388,0.9416060858572404,0.0,10,16011,19909.0,3793.0,4650.0,22,22,20,19
0.3799999999999999,0.8100000000000005,1196.81338469194,282.5711513151255,7.779586299985046e-06,0.9559449181875284,0.9517712414768612,0.9568494800130566,0.9528391656021292,0.0020222663879394,10,17394,21186.0,4187.0,4989.0,22,21,19,19
0.3799999999999999,0.8200000000000005,1160.0343816743823,288.2983215737168,8.727846696949406e-06,0.9625406624595644,0.9540727626793868,0.963310650916298,0.954990837758888,0.0,10,18548,22357.0,4415.0,5317.0,22,21,18,18
0.3799999999999999,0.8300000000000005,1397.722732503311,344.9480742271849,9.89660205040778e-06,0.949568447747587,0.9406962434235776,0.9503729099013792,0.941568472419922,0.0020239353179931,8,19426,24383.0,4805.0,5933.0,20,19,16,16
0.3799999999999999,0.8400000000000005,1346.4662704956324,341.4246976652746,1.012478854719593e-05,0.9561025796172612,0.9458352894494,0.9569003611960932,0.9466028815289068,0.0020203590393066,9,20229,24958.0,4988.0,6117.0,21,20,17,17
0.3799999999999999,0.8600000000000005,1445.9224677031254,365.0298081932011,1.103498074898692e-05,0.9551528607634576,0.9468257750953664,0.9558212322158016,0.9475598918340432,0.0100917816162109,8,21831,27122.0,5423.0,6761.0,19,18,15,16
0.3799999999999999,0.9000000000000006,1574.6018919966943,415.7387775788971,1.3408246879376396e-05,0.9583325833577973,0.9482081188129384,0.9588713046209364,0.9487386482498116,0.0,7,25752,31696.0,6753.0,8350.0,17,16,14,14
0.3799999999999999,0.9200000000000006,1597.4537467852645,442.0210548189145,1.5090448506724323e-05,0.9620978538500072,0.9490684768901174,0.962551151449252,0.949649564877753,0.0020184516906738,7,27758,33953.0,7451.0,9228.0,16,15,14,13
0.3799999999999999,0.9600000000000006,1641.3646339866496,499.160465394412,1.914311222559961e-05,0.967556744520727,0.9504538373944088,0.967862633779182,0.9510323275907524,0.0080602169036865,6,31862,38916.0,8951.0,11269.0,14,13,11,11
0.3799999999999999,0.9700000000000006,1898.1770534688771,580.1107244583391,2.184203898592141e-05,0.9580826572835868,0.9366573066111032,0.958461972695232,0.9369674908589576,0.0,5,32707,40689.0,9527.0,12290.0,14,13,11,11
0.3799999999999999,0.9800000000000006,1775.828464926189,552.9466330012042,2.2745403790999328e-05,0.9653940845518516,0.9469890583336376,0.9656734588595768,0.9473722818113276,0.0,5,34136,41860.0,10100.0,12825.0,13,12,10,10
0.3899999999999999,0.23000000000000004,23.827286528963665,4.860555523805895,5.27576460134789e-06,0.6532490767900345,0.6672026608135291,0.6756928960541675,0.8118285814795517,0.0156223773956298,4,142,150.0,58.0,50.0,10,6,3,4
0.3899999999999999,0.2800000000000001,116.55265262246644,23.525252389719437,7.237851556954879e-06,-0.525169604003688,-0.3379167972761525,-0.4764199606077133,0.0915742097353903,0.0,4,322,330.0,112.0,106.0,8,8,4,4
0.3899999999999999,0.3300000000000001,1002.1907513459367,203.09318981689168,7.295472287318543e-06,-40.02413913984503,-34.06561579844583,-39.37004985314293,-27.48579917413637,0.0156247615814208,4,503,1590.0,154.0,323.0,10,47,4,42
0.3899999999999999,0.37000000000000016,1041.3766329559478,211.4055147498917,5.113599599812059e-06,-54.04109425907989,-47.38048468327007,-53.21825391303421,-38.87978231877279,0.0020143985748291,4,450,1600.0,128.0,324.0,11,53,5,48
0.3899999999999999,0.38000000000000017,1868.6448214548425,381.665879729902,7.396754735193811e-06,-100.2730420450641,-86.38637774380211,-98.85887980925148,-73.70527941648699,0.0081000328063964,4,560,3644.0,160.0,758.0,11,40,6,37
0.3899999999999999,0.4400000000000002,2713.1543200826845,566.8862962858308,7.619729715315585e-06,-94.17930875742972,-84.96641815641473,-91.06810563128042,-78.85201635577367,0.0080370903015136,4,881,6723.0,218.0,1447.0,15,33,6,29
0.3899999999999999,0.45000000000000023,2528.892008699989,523.7032298130944,6.791458737253254e-06,-65.11922137953003,-55.08436955513849,-62.989006788475415,-50.855837900406165,0.002023696899414,4,948,6132.0,254.0,1307.0,15,34,5,30
0.3899999999999999,0.48000000000000026,3048.196680006065,638.049158895039,6.763686823010426e-06,-302.66820843860484,-262.68485634433085,-253.14967860782423,-243.1984244358344,0.0,4,741,7691.0,167.0,1668.0,22,36,22,32
0.3899999999999999,0.5100000000000002,3099.5024298264398,662.7066108643653,7.284386056603746e-06,-28.194734131060653,-26.58872220203282,-26.448943185076423,-25.66245388282285,0.0,4,1754,9460.0,381.0,2087.0,24,28,15,25
0.3899999999999999,0.5400000000000003,3129.539546136673,670.5001320531811,6.842402134891346e-06,-16.630217520102775,-15.522440517500584,-15.453108592338548,-15.079650787647566,0.002028465270996,4,2289,10296.0,495.0,2281.0,26,28,26,24
0.3899999999999999,0.5700000000000003,2807.9119985616835,604.3341980367044,6.052203120187079e-06,-5.560250026166682,-5.646654610281704,-5.188752408483799,-5.477398935040854,0.0100457668304443,4,3218,10419.0,694.0,2293.0,34,29,27,26
0.3899999999999999,0.7500000000000004,1051.8623398631933,249.5068619443228,6.416931066877373e-06,0.9466904690222114,0.9377266095888538,0.948001719338122,0.9397651370628834,0.0100882053375244,11,13231,16033.0,3075.0,3612.0,23,23,18,20
0.3899999999999999,0.8800000000000006,1496.7698913082404,412.341386905121,1.258155377560992e-05,0.9585565444991898,0.9426267572216084,0.959097915321872,0.9432165106804802,0.0080313682556152,7,24157,29858.0,6125.0,7697.0,18,17,13,14
0.3899999999999999,0.8900000000000006,1568.623627904892,412.7581889928353,1.3260985971509272e-05,0.9570723157025842,0.9465456172286238,0.9576542016529784,0.9470047147666882,0.0100889205932617,7,25045,31042.0,6502.0,8140.0,17,17,14,14
0.3899999999999999,0.9200000000000006,1767.3164143725476,484.6005922845671,1.5900957644042848e-05,0.9536957482969974,0.9393222982363556,0.9541900284878408,0.939779981437727,0.0080275535583496,6,27961,34764.0,7450.0,9508.0,16,15,13,12
0.3899999999999999,0.9800000000000006,1892.4879558818584,624.998290523978,2.5433725408085507e-05,0.9610407177113918,0.9328214612409124,0.9613860489488716,0.933125036883791,0.0,5,34078,42731.0,10045.0,13343.0,14,12,11,10
0.3899999999999999,0.9900000000000007,1645.8729662560934,546.1456620815791,2.441464527047496e-05,0.9723352378609365,0.9527318839547806,0.9725380472904273,0.9532241503261608,0.0,5,35503,43082.0,10744.0,13323.0,12,11,9,9
0.3999999999999998,0.22000000000000003,28.413795065073582,5.970413162699323,6.487583853522697e-06,0.3558835720392553,0.1473045685674461,0.4041228196626784,0.6078943629371945,0.0020196437835693,4,128,123.0,51.0,33.0,7,7,3,5
0.3999999999999998,0.24000000000000005,59.10680657363696,11.807483502705674,5.745447196432231e-06,-0.0283108149541113,0.2005967850012349,0.026100473622735,0.5018748546173528,0.0080573558807373,4,203,225.0,79.0,64.0,7,7,4,4
0.3999999999999998,0.25000000000000006,1064.2262300610712,215.77421165808173,1.2847585209292952e-05,-149.84322315851136,-140.16887925427287,-144.8194484410618,-92.14504196679168,0.0,4,294,1820.0,105.0,374.0,9,46,3,42
0.3999999999999998,0.26000000000000006,1111.9343646321936,225.26630074203288,1.2239895921992149e-05,-208.05334855761348,-177.49000598827763,-201.1819046580146,-121.716617074638,0.0,4,264,1897.0,85.0,390.0,9,47,4,44
0.3999999999999998,0.2700000000000001,1353.4778658453686,276.1403439979992,1.3280815737483357e-05,-124.9004702404752,-99.22331582918837,-122.3761219791542,-75.64550740197338,0.0,4,426,2538.0,143.0,528.0,8,39,4,36
0.3999999999999998,0.3200000000000001,1577.4142970644502,321.5848773393011,1.026324049220702e-05,-102.04630894910112,-85.03898436593735,-100.15216652900548,-69.07153948222806,0.0080618858337402,4,501,2987.0,154.0,620.0,9,40,6,36
0.3999999999999998,0.3300000000000001,227.73950305118345,46.16625300657036,4.326032558033916e-06,-2.1921365977585885,-1.722476335283246,-2.117398606127721,-0.970012733395436,0.0080258846282958,4,407,443.0,148.0,135.0,11,10,4,4
0.3999999999999998,0.35000000000000014,355.04107743564924,72.31240096507192,4.585168963677266e-06,-5.933992732671433,-5.308387021103693,-5.815041463077873,-3.976621403144086,0.0,4,418,508.0,127.0,124.0,11,40,4,4
0.3999999999999998,0.37000000000000016,1261.105108129374,255.25701916565063,5.687663956205179e-06,-70.44490794843828,-64.61374044483625,-69.4920944191147,-56.22284771535014,0.0,4,473,2086.0,119.0,425.0,12,50,7,46
0.3999999999999998,0.38000000000000017,1734.6363031386916,354.14022940543384,7.266749826725094e-06,-47.38306746349603,-37.96331666166798,-46.77783406560585,-32.74551801951791,0.0,4,816,3418.0,228.0,708.0,10,37,6,33
0.3999999999999998,0.4300000000000002,1986.8714178954813,408.5744781146598,5.389378853918629e-06,-64.81512674265214,-55.82930678872953,-63.19093967539182,-49.39933704854516,0.008061408996582,4,774,4183.0,194.0,871.0,14,39,7,36
0.3999999999999998,0.5100000000000002,2677.4485619864545,563.2150732624261,5.9927462771997374e-06,-17.248959570255035,-15.035949964204852,-16.26860055134021,-14.588317468052738,0.0,4,1862,8175.0,412.0,1770.0,20,30,20,26
0.3999999999999998,0.5200000000000002,2584.3895676735733,541.3629501083353,5.389501932839839e-06,-16.723924190698416,-14.620629582783044,-15.553256385295844,-14.14103641102335,0.0080304145812988,4,1833,7893.0,399.0,1697.0,19,31,24,27
0.3999999999999998,0.5600000000000003,2666.776516617644,562.9378296046553,4.880299644495574e-06,-10.259150209275647,-9.440617905985272,-9.270174344233194,-9.031832200378329,0.010089635848999,4,2505,8963.0,554.0,1939.0,41,32,25,29
0.3999999999999998,0.5900000000000003,3118.9785370507657,686.3231366613446,7.233347993628454e-06,-3.5708246130536754,-3.7911716366388832,-3.36894075852756,-3.6965518865973177,0.0100703239440917,4,4214,12781.0,931.0,2890.0,29,25,25,22
0.3999999999999998,0.6000000000000003,2942.496079365839,639.3792399663912,6.326383087757731e-06,-2.837922632553875,-2.9762092611617788,-2.6496879087598386,-2.87361277896446,0.0020184516906738,4,4377,12109.0,917.0,2707.0,34,28,28,25
0.3999999999999998,0.6100000000000003,2788.855152656731,609.311385568441,6.422965134597853e-06,-1.666253856907597,-1.7383872927394477,-1.5631532768083125,-1.691458285640543,0.0100483894348144,4,4922,12502.0,1056.0,2799.0,29,27,29,24
0.3999999999999998,0.6500000000000004,640.5462175285429,150.17520631779598,3.047662634666249e-06,0.937620743179805,0.919277373401867,0.9423027757606048,0.9300862739726874,0.0020208358764648,19,6936,7487.0,1508.0,1571.0,29,31,28,27
0.3999999999999998,0.6600000000000004,763.624466148908,176.02751701648225,3.896850699445612e-06,0.9246276219751038,0.907990298200554,0.9290199524858592,0.9171049299994464,0.0020210742950439,17,7485,8577.0,1631.0,1817.0,28,30,23,26
0.3999999999999998,0.6700000000000004,968.6813140012756,218.33466011956008,4.468230971624972e-06,0.8960532046517617,0.8816417332902294,0.9011686580950496,0.8910925797194993,0.0101072788238525,16,8293,9901.0,1805.0,2122.0,27,29,21,26
0.3999999999999998,0.7300000000000004,1036.9135001250456,240.8738538802957,6.100106098295284e-06,0.9391253806825324,0.9310688877734002,0.940645779004762,0.9332521483012152,0.0020136833190917,11,12256,14774.0,2861.0,3298.0,24,24,20,21
0.3999999999999998,0.7700000000000005,1296.6938858912945,314.2770015573287,8.080322626608123e-06,0.9338910357056625,0.9211212073072456,0.9353479510852548,0.9230998927293588,0.0,11,14962,18999.0,3460.0,4424.0,23,23,20,20
0.3999999999999998,0.7800000000000005,1195.659441479889,284.2677728246145,7.866500601148448e-06,0.9477843741883124,0.9412707965240243,0.9488813925315523,0.9424408360135256,0.0080499649047851,10,15828,19415.0,3823.0,4517.0,22,22,19,19
0.3999999999999998,0.8200000000000005,1354.8917832965276,334.60924142116045,9.515343561791603e-06,0.949740889360668,0.9403765593666864,0.9507563675321176,0.9414349036318526,0.0020210742950439,10,18667,23330.0,4565.0,5639.0,21,21,17,18
0.3999999999999998,0.8400000000000005,1339.9238784348909,339.2992455370009,1.0513967014844545e-05,0.9576717250382808,0.9481392457572708,0.9583660959665724,0.9490673545236517,0.0020270347595214,9,20554,25361.0,5142.0,6235.0,19,19,17,17
0.3999999999999998,0.8500000000000005,1467.136378178223,373.53208348320544,1.136637830266177e-05,0.9524095477651408,0.9426885940699145,0.9531480969917608,0.9433711480215052,0.0,8,21528,26935.0,5462.0,6772.0,19,18,15,16
0.3999999999999998,0.9000000000000006,1538.7488319222002,417.158269132204,1.4025813172428394e-05,0.961505580487476,0.9496429883468614,0.9619896719199306,0.950202554495902,0.0,7,26294,32273.0,6836.0,8551.0,17,16,14,14
0.3999999999999998,0.9100000000000006,1592.4366836385832,425.8492842582054,1.4410827223837093e-05,0.9604074792219,0.9506856245924028,0.9608724328533302,0.9513424547562764,0.0020196437835693,7,26755,33060.0,7141.0,8889.0,16,15,13,13
0.3999999999999998,0.9300000000000006,1670.233472022349,472.5770791571263,1.647251514656163e-05,0.9610416201786408,0.9464954622392332,0.9614411771282082,0.9469851977304452,0.0080504417419433,6,28990,35833.0,7852.0,9971.0,16,14,12,12
0.3999999999999998,0.9600000000000006,1632.4278551065158,496.8659971752305,1.939676308125333e-05,0.968514397113466,0.9517141629191764,0.9688187100397584,0.9521973942956444,0.0,6,32210,39143.0,9101.0,11377.0,14,13,11,11
0.3999999999999998,0.9700000000000006,1815.964044392486,572.2075534371478,2.2439601126280622e-05,0.9624007157184508,0.9398220399229276,0.962727691651254,0.9401272243865322,0.0020203590393066,5,33105,40972.0,9436.0,12247.0,14,12,10,11
0.4099999999999998,0.21000000000000002,265.3549509619144,53.96816191051906,9.766013560658016e-06,-6.89978819418119,-6.336736275279144,-6.6649502203661095,-4.119853453748628,0.0080471038818359,4,328,380.0,110.0,110.0,8,29,5,4
0.4099999999999998,0.24000000000000005,869.4767823237145,175.79503927396055,1.2687429474633508e-05,-92.42573734858954,-78.94980411883799,-89.83180701747183,-55.68642148829334,0.0,4,333,1379.0,99.0,281.0,8,47,4,43
0.4099999999999998,0.26000000000000006,739.3134977238456,150.03315605780833,9.877001510847778e-06,-54.0879448636993,-42.88417379642098,-52.94690755884368,-32.44665603863239,0.0100405216217041,4,329,1106.0,104.0,224.0,10,49,5,44
0.4099999999999998,0.2800000000000001,1207.962652913298,246.0054623377294,1.1041560773758422e-05,-73.76902753616707,-64.81136827389244,-72.61314815232397,-51.78612022887639,0.0,4,458,2140.0,137.0,440.0,8,42,5,37
0.4099999999999998,0.38000000000000017,1246.5242927837387,252.46456021918536,5.412305143443186e-06,-47.25389949969171,-42.46970062943124,-46.53795297915579,-34.765776466074406,0.0,4,549,2052.0,164.0,418.0,9,48,4,43
0.4099999999999998,0.3900000000000002,2128.7371305150227,439.3762268830666,7.397591245755938e-06,-68.17989972468035,-60.10278632131322,-67.11520692810173,-52.352316988562606,0.0100486278533935,4,796,4663.0,210.0,984.0,13,35,4,32
0.4099999999999998,0.45000000000000023,2938.9247644050592,621.2894772836036,8.462230112795453e-06,-68.02279550097425,-61.67769985927309,-65.51242122403798,-58.37335002522514,0.0100648403167724,4,1116,7917.0,268.0,1733.0,16,30,8,26
0.4099999999999998,0.49000000000000027,3316.9489384699104,716.5699910569332,9.021176004095e-06,-43.35319908308077,-41.8725569543247,-40.8095692749154,-40.57895671795338,0.0,4,1483,10085.0,331.0,2261.0,21,27,14,24
0.4099999999999998,0.5000000000000002,2412.281656786095,505.4347344943097,4.942176146422414e-06,-46.20954114646032,-44.20054783010816,-40.50948435811443,-41.805283910565215,0.0,4,1251,6479.0,269.0,1374.0,29,36,22,33
0.4099999999999998,0.5500000000000003,2718.100039166452,575.1642247364371,5.718378901798571e-06,-8.636484270492018,-7.984590096016516,-8.006429229693817,-7.739583306129461,0.0,4,2589,9371.0,562.0,2044.0,35,30,27,27
0.4099999999999998,0.5600000000000003,2983.835280166562,647.4664486159367,6.740304086125375e-06,-6.7670017739584445,-6.746173613892145,-6.341968152060052,-6.558510060157149,0.0020170211791992,4,3225,11041.0,664.0,2459.0,32,27,25,24
0.4099999999999998,0.5700000000000003,3057.408498903388,662.6660483732863,6.782782326460668e-06,-6.023492581426321,-6.11899034240372,-5.651889684914168,-5.953813427009504,0.0100817680358886,4,3392,11438.0,745.0,2553.0,31,27,30,24
0.4099999999999998,0.5900000000000003,2812.3798289141764,609.5675123260206,6.019661832734175e-06,-3.0193502866710515,-3.094132094520456,-2.835031635938168,-3.006853139803181,0.0080265998840332,4,4080,11374.0,875.0,2522.0,36,28,29,25
0.4099999999999998,0.6100000000000003,489.1609611834799,104.22999516402125,2.0612251287706123e-06,0.9296363213394304,0.911577927215883,0.9461176604599852,0.9455691572358884,0.0,26,5125,5229.0,1111.0,1099.0,32,31,23,26
0.4099999999999998,0.6200000000000003,425.2515177319575,103.33763431909338,2.2742412126049363e-06,0.9563547496640286,0.9337360851156636,0.9635069697770842,0.951852639263136,0.0080652236938476,25,5622,5645.0,1222.0,1171.0,33,32,28,27
0.4099999999999998,0.6300000000000003,463.6772357441849,117.2140417311312,2.7398935159223457e-06,0.9537279255552956,0.92482857722958,0.9602258428459486,0.9435132977974046,0.0,24,5879,6016.0,1325.0,1251.0,33,33,28,29
0.4099999999999998,0.6600000000000004,896.8769173188019,194.71356782200849,4.089188626539461e-06,0.8968899993957952,0.8926831475080916,0.9025091867917676,0.9020141078429794,0.0020186901092529,17,7688,8907.0,1718.0,1895.0,29,30,24,27
0.4099999999999998,0.7100000000000004,971.4297979127092,225.98838465726507,9.143244275984864e-06,0.9372369355917622,0.9279140673613948,0.9389524388155104,0.9308863940338884,0.0080585479736328,12,11044,13226.0,2508.0,2917.0,25,25,21,22
0.4099999999999998,0.7300000000000004,1184.715692783409,261.7340122754744,6.171985268880375e-06,0.920109688511605,0.9199134649321068,0.9222919350259038,0.9223473506460363,0.0,12,12023,15308.0,2773.0,3442.0,25,25,20,22
0.4099999999999998,0.7400000000000004,1085.881390050694,253.61359177414812,1.0786701933592136e-05,0.941601418900167,0.9342554404971052,0.9430098263964868,0.9359995593157704,0.0,11,13108,15973.0,3093.0,3606.0,23,24,20,21
0.4099999999999998,0.8000000000000005,1184.3584854164817,279.0973873907666,8.702075922182458e-06,0.9568202820729248,0.9532538372715478,0.9575502288609076,0.9542958571623164,0.0020251274108886,9,17527,21354.0,4258.0,5048.0,21,20,18,17
0.4099999999999998,0.8200000000000005,1314.335461943312,335.7189559606433,9.723549917095652e-06,0.9546485238935954,0.9428148575537676,0.9553670066542816,0.9435610701539736,0.0080335140228271,8,19402,23988.0,4785.0,5820.0,19,19,16,17
0.4099999999999998,0.8300000000000005,1393.0196829034835,352.96287832895524,1.0571814161438789e-05,0.952047936264686,0.941271270780956,0.9528154178212638,0.941924336137594,0.0,8,20238,25184.0,4880.0,6184.0,20,19,15,16
0.4099999999999998,0.8800000000000006,1613.2337723656406,435.19019448551927,1.3462576344894437e-05,0.9529681751959616,0.9378873612959596,0.9535647845182124,0.9385366430454676,0.0,7,24485,30661.0,6280.0,8057.0,17,16,14,14
0.4099999999999998,0.8900000000000006,1624.666324716145,440.33221817803815,1.4192905803343025e-05,0.9545239745508742,0.940138543742765,0.9551062690478972,0.9406977840257524,0.0100452899932861,7,25366,31671.0,6523.0,8413.0,17,16,14,14
0.4099999999999998,0.9000000000000006,1538.3623361937052,428.5862480796727,1.4342785806180114e-05,0.9624611322663116,0.9475901116616232,0.9629106200125332,0.9482018396596116,0.0080456733703613,7,26451,32448.0,6937.0,8650.0,16,16,13,13
0.4199999999999998,0.21000000000000002,143.1036192181502,28.718823676002703,8.724581860795771e-06,-3.039350856281076,-2.509159210385993,-2.894217680499006,-1.3980136991279943,0.0,4,261,263.0,88.0,79.0,8,9,4,4
0.4199999999999998,0.2900000000000001,1044.7882510745098,211.9490160785529,9.224731881285143e-06,-46.04720953968077,-38.74192844844667,-45.17969179235989,-30.038530596158296,0.0,4,506,1737.0,156.0,355.0,10,43,4,39
0.4199999999999998,0.3000000000000001,1077.9612460179942,218.07947232603075,1.0082472425589331e-05,-77.20289498327408,-63.35573300466877,-75.88360910070222,-50.51727011776022,0.0020186901092529,4,398,1736.0,119.0,354.0,10,47,6,43
0.4199999999999998,0.3100000000000001,637.5080309951659,129.64559061790982,7.360614038736614e-06,-67.37296807918027,-53.26677410088074,-65.47062514495096,-37.47378691520327,0.010038137435913,4,272,860.0,89.0,173.0,8,61,4,56
0.4199999999999998,0.3200000000000001,1026.0667619604487,207.2845266777045,7.241194849078199e-06,-50.52096788211812,-46.3103117204584,-49.31863274536917,-32.993131027605685,0.0080068111419677,4,473,1624.0,161.0,330.0,10,47,4,42
0.4199999999999998,0.34000000000000014,486.32935299376425,99.0844547175119,4.905083132820422e-06,-13.523557119677625,-10.776014127022163,-13.24603387130922,-8.156319561772193,0.0,4,410,671.0,132.0,134.0,9,47,5,39
0.4199999999999998,0.35000000000000014,911.3079656918036,184.30556602193724,6.062448654823595e-06,-23.68197744866944,-19.264687483169624,-23.29607169986284,-15.485372794398032,0.0,4,578,1418.0,184.0,287.0,12,45,5,40
0.4199999999999998,0.36000000000000015,1853.1180958274983,380.335433093824,9.343371826649475e-06,-78.90617846280183,-69.14819247261562,-77.84187762532444,-58.74889935601704,0.0020291805267333,4,658,3771.0,189.0,788.0,11,37,7,34
0.4199999999999998,0.38000000000000017,2079.458004805579,428.5495522690463,7.922305203242612e-06,-88.53268180153157,-69.86337906104536,-87.16005049256009,-61.12221268686325,0.010056734085083,4,697,4493.0,207.0,947.0,10,35,7,32
0.4199999999999998,0.3900000000000002,1541.4536226670375,314.43305461311365,5.422532708773857e-06,-29.6481505963942,-25.502998036058337,-29.25637296737014,-22.640759484899583,0.0080597400665283,4,851,2990.0,252.0,615.0,11,39,5,35
0.4199999999999998,0.4000000000000002,1715.9305177269464,349.6432110023016,5.870215418894859e-06,-49.76829404558129,-43.22590385601189,-48.97053573580288,-38.00278532073395,0.0121090412139892,4,701,3384.0,208.0,700.0,13,40,5,37
0.4199999999999998,0.4200000000000002,1952.390231122696,398.85731314594193,5.539950137753762e-06,-85.2469143962469,-72.00018049050499,-83.2800980629579,-63.18507838695915,0.0,4,657,3951.0,177.0,821.0,16,41,4,37
0.4199999999999998,0.45000000000000023,2259.586724750052,470.62417551941945,5.905679046195287e-06,-56.209901139358855,-51.38337018455619,-53.62139232295517,-47.48468561881177,0.0,4,925,5473.0,226.0,1156.0,17,36,6,32
0.4199999999999998,0.46000000000000024,2015.0200216126889,414.78455753157766,4.668989562026901e-06,-44.99982321801279,-37.06442978869988,-42.40276314308001,-34.71291607384567,0.0100870132446289,4,996,4652.0,253.0,971.0,18,38,8,35
0.4199999999999998,0.49000000000000027,1562.2151707057942,318.45049654538144,3.00469647984304e-06,-32.42566729018412,-26.5655834717608,-28.206570061778734,-25.04211762440013,0.0100798606872558,4,1027,3747.0,226.0,772.0,33,45,36,42
0.4199999999999998,0.5200000000000002,3118.76574144324,667.8218871201113,7.363572594610544e-06,-22.99213270207362,-21.83889027137765,-21.395062405930616,-21.193721638828617,0.0080714225769042,4,1950,9886.0,424.0,2189.0,29,28,29,25
0.4199999999999998,0.5800000000000003,2996.068955731827,654.1962944458388,6.755918415828445e-06,-3.948364590203561,-4.2161052521004665,-3.71227222006856,-4.103360197005407,0.0,4,3905,11756.0,818.0,2629.0,34,27,30,24
0.4199999999999998,0.6300000000000003,630.0290568696018,135.38957677753484,3.058099954557613e-06,0.9246076372264764,0.9168875278146542,0.9318838819300173,0.9318401849093768,0.0,20,6204,6651.0,1354.0,1389.0,29,31,24,27
0.4199999999999998,0.6500000000000004,732.3172497059368,172.40247810815055,4.19114201670614e-06,0.9316894996864478,0.9099415637698944,0.9357303922651888,0.9206675435093316,0.0020289421081542,17,7594,8368.0,1616.0,1771.0,28,29,23,26
0.4199999999999998,0.6900000000000004,832.2501054942787,196.90198794614253,8.083849509678853e-06,0.9413196783386112,0.9284400710230928,0.9439012444883624,0.9330125505797472,0.0020174980163574,16,9533,10932.0,2161.0,2359.0,27,29,23,25
0.4199999999999998,0.7400000000000004,1078.1715418073409,250.03036597190743,6.580637627469099e-06,0.9410011072633796,0.9345191452170252,0.942764796789038,0.9368411585601696,0.0100636482238769,13,12826,15473.0,3044.0,3476.0,24,25,20,22
0.4199999999999998,0.7500000000000004,1148.21222873745,278.8833288511723,1.1618250076668728e-05,0.9417087325994992,0.929284987306391,0.9429501133238912,0.9309139902924572,0.0020258426666259,10,14026,17310.0,3332.0,3961.0,22,22,19,20
0.4199999999999998,0.7800000000000005,1145.3383827450346,277.57590784393483,1.5251887573603966e-05,0.95460100588734,0.9471725428339334,0.9554721957425168,0.9480331076264684,0.010056734085083,9,16501,20027.0,3892.0,4687.0,22,21,19,18
0.4199999999999998,0.7900000000000005,1285.2771166821055,298.0840299125213,8.657107295823746e-06,0.9445565778653752,0.942301946716399,0.945735161628298,0.9432660858684514,0.0100905895233154,10,16670,20751.0,4102.0,4898.0,22,22,19,19
0.4199999999999998,0.8000000000000005,1279.3351635416566,303.60441441032805,8.853374985255468e-06,0.9493083488380804,0.9446331902160446,0.9505066052464426,0.945672864496267,0.0,11,17386,21452.0,4252.0,5108.0,23,22,19,20
0.4199999999999998,0.8200000000000005,1332.9549591328744,327.15967133717834,9.968621266608794e-06,0.9524052225302472,0.94530081596315,0.9532639608743368,0.9460217090254416,0.0100607872009277,9,19179,23686.0,4650.0,5739.0,20,20,17,18
0.4199999999999998,0.8300000000000005,1330.485862546003,327.1967563887276,1.0363703334899714e-05,0.9570865634209996,0.9507898534092,0.9577132481944922,0.951660727153398,0.0,8,20320,25051.0,5007.0,6141.0,19,18,16,16
0.4199999999999998,0.8700000000000006,1501.1672483527216,395.57387195319535,1.2979680709878336e-05,0.957293713734459,0.9462055095364966,0.957816668140652,0.9469191535849956,0.0020251274108886,7,23854,29653.0,6089.0,7697.0,17,16,14,14
0.4199999999999998,0.8800000000000006,1533.127620609344,418.2538072891005,1.3893218940793776e-05,0.9588543164756876,0.9443127972314898,0.959393367864914,0.9448211758238836,0.0100808143615722,7,25071,30917.0,6531.0,8178.0,17,16,14,14
0.4199999999999998,0.8900000000000006,1512.4532766265854,412.4260376832915,1.3781315535161033e-05,0.961044802343762,0.9484253992492492,0.9615452865673544,0.948933443460808,0.0,7,25306,31441.0,6755.0,8312.0,17,16,14,14
0.4199999999999998,0.9800000000000006,1642.00123084767,531.0849173848607,2.3582374797784563e-05,0.9714109959924764,0.952851511957549,0.9716320617333832,0.9532605295161128,0.0,5,34829,41852.0,10402.0,12921.0,13,11,10,10
0.4299999999999998,0.21000000000000002,410.6107113191277,83.14175896222868,1.1238070287339398e-05,-24.98884182727171,-21.62399839764932,-24.277227152674403,-15.290657908335548,0.0,4,268,553.0,92.0,111.0,8,47,3,41
0.4299999999999998,0.24000000000000005,68.56778884189475,13.570034389541291,6.087882795601515e-06,0.0048458902536495,0.2223522053213644,0.0535232211615152,0.5072471847474636,0.0100700855255126,4,247,254.0,88.0,87.0,6,7,3,4
0.4299999999999998,0.26000000000000006,426.6053382030437,86.74159421331076,8.320499987380379e-06,-13.684774206534511,-11.60931551208804,-13.26101401704885,-8.19800854177016,0.0,4,377,591.0,125.0,125.0,8,40,5,4
0.4299999999999998,0.2700000000000001,1015.525182274341,205.536721171668,1.0642551472082447e-05,-181.1436183109847,-152.5854956291223,-173.87235007488124,-101.56929501634312,0.0100882053375244,4,246,1641.0,89.0,335.0,10,50,4,45
0.4299999999999998,0.3000000000000001,672.7029201289378,136.3279211435916,7.138862717039058e-06,-23.764035752763256,-19.626226458151077,-23.294483342467508,-15.325272211547254,0.0100555419921875,4,454,972.0,142.0,196.0,9,46,4,41
0.4299999999999998,0.3100000000000001,734.5903833089568,149.53535674437222,6.640938636694256e-06,-32.07426723671331,-30.223958272569224,-31.441970594256105,-22.76543172289828,0.0020253658294677,4,415,1060.0,128.0,214.0,10,51,5,46
0.4299999999999998,0.3300000000000001,1282.949040135006,260.39913274305144,8.464589246038245e-06,-55.50396505146315,-48.61035463875624,-54.50394700767279,-37.340433391776685,0.0,4,539,2242.0,178.0,460.0,9,43,4,39
0.4299999999999998,0.34000000000000014,1655.306721955179,338.48735205321924,8.927194521695004e-06,-89.11461367175319,-73.8215966912465,-88.00653180029599,-62.65689655531636,0.0020217895507812,4,546,3225.0,172.0,670.0,10,39,5,35
0.4299999999999998,0.4200000000000002,2287.1564632748677,473.6135467516387,6.668993678239695e-06,-64.85380984734103,-53.241581385119424,-63.0095682109598,-48.25156681637564,0.0100972652435302,4,884,5354.0,242.0,1134.0,12,34,5,31
0.4299999999999998,0.4300000000000002,2013.3347544145092,411.95023971348775,5.327681032865777e-06,-94.5065271159642,-75.3901958262655,-91.2929773583832,-68.33121616528618,0.0100526809692382,4,685,4230.0,181.0,882.0,11,40,6,37
0.4299999999999998,0.4400000000000002,1960.8882128600123,401.2371882689839,4.93913005486815e-06,-68.56382742175806,-52.70292073875196,-66.08580923819795,-46.800067986413,0.0020256042480468,4,810,4180.0,215.0,869.0,11,39,6,35
0.4299999999999998,0.46000000000000024,2312.41427994279,479.4434924993768,5.747013080704534e-06,-41.31762969190674,-35.28808611602236,-39.34535507507128,-33.64097040182263,0.0100867748260498,4,1097,5832.0,274.0,1236.0,18,35,9,31
0.4299999999999998,0.49000000000000027,2767.466604360385,581.0140650190837,6.383909191236708e-06,-47.805332776280046,-41.25740919315928,-43.90121552071055,-39.55037347784343,0.0,4,1267,7725.0,274.0,1669.0,30,32,6,28
0.4299999999999998,0.5300000000000002,3112.252048356624,673.9791431614681,7.355218804462841e-06,-15.864367698424722,-15.977205704119289,-14.654395750229607,-15.458313616452571,0.0080344676971435,4,2337,10426.0,506.0,2320.0,28,28,24,25
0.4299999999999998,0.5700000000000003,3169.485113613356,694.3248294206394,7.426888302284037e-06,-5.076799683990754,-5.193760052117261,-4.80366980053405,-5.069435436113993,0.0100989341735839,4,3748,12419.0,805.0,2813.0,28,26,24,23
0.4299999999999998,0.5800000000000003,2939.3391122268736,635.7070047068329,6.458747913359826e-06,-4.188693434179467,-4.1806124447537085,-3.9268477789949534,-4.061818995022185,0.0020275115966796,4,3806,11435.0,814.0,2547.0,37,28,33,25
0.4299999999999998,0.6300000000000003,712.2893372780474,163.2885482818682,3.463632430641539e-06,0.9075470767927531,0.8844951395475208,0.9153724206643984,0.9017538629420928,0.0,20,6379,7089.0,1362.0,1487.0,30,32,24,28
0.4299999999999998,0.6400000000000003,614.8047625904471,138.47307394505333,2.9486426483945307e-06,0.9365463886023236,0.92606955446009,0.9427918735788564,0.9364316499366476,0.0,23,6583,7085.0,1421.0,1485.0,32,35,28,31
0.4299999999999998,0.6700000000000004,869.5850885281303,201.7714112082095,5.102864471935264e-06,0.9236997360856604,0.9087568359257164,0.9271853599994444,0.9156001936877332,0.0100648403167724,16,8732,10150.0,1928.0,2182.0,28,29,23,26
0.4299999999999998,0.6800000000000004,806.5080486629626,187.93244704191665,4.55528715487015e-06,0.9425693598974518,0.9319523612198046,0.9446342670188594,0.936287166035517,0.0080535411834716,14,9426,10573.0,2141.0,2276.0,25,27,23,24
0.4299999999999998,0.6900000000000004,1053.7413190351133,243.0420099584661,5.775667802881138e-06,0.911288960777249,0.8983125131909034,0.9143105050123944,0.9034870853938392,0.0,14,9975,12145.0,2255.0,2659.0,26,27,22,24
0.4299999999999998,0.7100000000000004,1037.6114813391844,241.3343890876761,6.220746222952673e-06,0.9321472152467964,0.9221412953205366,0.9341820977118904,0.9247601701068016,0.0,13,11539,13855.0,2658.0,3081.0,26,26,22,23
0.4299999999999998,0.7200000000000004,1150.4735370926885,260.365106656105,6.747957789431643e-06,0.9236579030009948,0.9188556488148438,0.9255765415264242,0.921355047663142,0.0,11,12049,15130.0,2740.0,3401.0,23,24,19,21
0.4299999999999998,0.7700000000000005,1109.058905358753,267.5753268811524,8.03228353721518e-06,0.9538147079903724,0.945879354680327,0.9547908360814548,0.946963194211098,0.0,10,15515,18915.0,3674.0,4383.0,23,22,20,19
0.4299999999999998,0.7800000000000005,1267.5567525279178,305.1643765305785,8.803775505943976e-06,0.944741266350196,0.9364719029045934,0.9457405777838148,0.9377310671083824,0.0,9,16384,20518.0,3906.0,4852.0,21,21,18,18
0.4299999999999998,0.7900000000000005,1242.5458047585516,296.1353826126909,9.130820503087794e-06,0.9507597879118496,0.9449962364047452,0.951609265011494,0.9461549660335432,0.0065095424652099,9,17136,21276.0,4166.0,5040.0,20,20,16,17
0.4299999999999998,0.8000000000000005,1228.4807332994328,308.3031190027327,9.450454322366989e-06,0.956253091133372,0.9460095940499472,0.9569833251133236,0.9471405175269942,0.0156254768371582,9,18295,22287.0,4405.0,5352.0,20,20,16,17
0.4299999999999998,0.8500000000000005,1604.0759407384407,415.3069728772081,1.243977616393268e-05,0.94533305919706,0.9320410434656096,0.946082957647332,0.9326666025471612,0.0,7,22254,28255.0,5625.0,7238.0,18,17,15,15
0.4299999999999998,0.8600000000000005,1500.365911891235,390.71521653857127,1.2633601273476884e-05,0.9553631698955366,0.9442754578116632,0.9559935001107164,0.9451543016926464,0.0,8,22920,28677.0,5972.0,7374.0,18,17,15,15
0.4299999999999998,0.8700000000000006,1562.5849172623912,406.2210717574668,1.3115721964198447e-05,0.9541003947918452,0.9440383252988404,0.9546547481564004,0.94481935666594,0.0,7,23967,29997.0,6241.0,7790.0,17,16,14,14
0.4299999999999998,0.9500000000000006,1778.6961785939388,533.4372782129442,2.047672122870466e-05,0.9608373350489898,0.9424562373254352,0.9612688181438748,0.9427873944890772,0.0156240463256835,6,31598,39094.0,8933.0,11543.0,15,14,12,12
0.4299999999999998,0.9600000000000006,1762.868022047565,544.9859872655346,2.206065063011733e-05,0.9637466381142632,0.9440959625012648,0.964047479113164,0.9444251118524122,0.0,5,32607,40427.0,9448.0,12069.0,14,12,11,10
0.4299999999999998,0.9800000000000006,1646.639739463052,534.767504819175,2.430023285310422e-05,0.9713941744847596,0.9528483160238204,0.9716072280823798,0.9533698436911208,0.0065126419067382,5,35022,42406.0,10395.0,12966.0,13,11,10,9
0.43999999999999984,0.22000000000000003,619.3075013674547,125.48319110542256,1.2171182482190533e-05,-49.661187927909424,-43.82934808497703,-48.23703084692376,-31.008662304175445,0.0,4,290,905.0,88.0,183.0,10,48,4,43
0.43999999999999984,0.26000000000000006,468.8711287941141,95.10766924911997,9.295750029490196e-06,-23.761459366208264,-19.45803617377015,-23.07187234455109,-13.812105204982956,0.0,4,317,622.0,114.0,125.0,9,49,5,43
0.43999999999999984,0.2800000000000001,1068.396530242088,216.899626363594,1.072520406906442e-05,-59.90751625219733,-48.34522675747284,-58.91226958617843,-38.11193766494693,0.0,4,437,1793.0,148.0,367.0,7,43,6,39
0.43999999999999984,0.3200000000000001,1012.9524554900556,205.68131194479807,7.73704900580537e-06,-39.10799052061704,-32.928666277557284,-38.27105531938795,-24.5401270233087,0.0080327987670898,4,515,1637.0,172.0,333.0,10,44,6,40
0.43999999999999984,0.4100000000000002,1645.8093437070204,335.5399876815479,5.108738096953099e-06,-41.54597624544109,-35.55178059854873,-40.798598664162334,-31.932437126368846,0.0,4,776,3213.0,197.0,662.0,11,41,7,37
0.43999999999999984,0.4200000000000002,2234.9963227039098,461.5015348475741,6.795709403399769e-06,-71.73550078443175,-59.86917294277646,-69.78804536197646,-54.783447589767285,0.0020225048065185,4,806,5111.0,211.0,1079.0,13,36,5,32
0.43999999999999984,0.46000000000000024,2847.9164734211104,603.9242502168629,8.087260411150411e-06,-44.60716322471007,-41.38560205922366,-42.87996127701759,-39.29383504951623,0.0,4,1235,7918.0,310.0,1729.0,16,29,6,26
0.43999999999999984,0.48000000000000026,2656.676801005346,555.7860986926535,6.277806536628715e-06,-37.345115441217935,-31.55217563713741,-34.97786934348074,-30.06036766987482,0.0,4,1359,7355.0,309.0,1585.0,21,31,21,28
0.43999999999999984,0.5300000000000002,2788.150019502179,590.5738734485298,6.241626305695116e-06,-11.872575733228617,-10.65443918673709,-11.00634355826997,-10.305922015332811,0.0080442428588867,4,2312,9312.0,505.0,2037.0,34,30,30,26
0.43999999999999984,0.5500000000000003,2758.250360660419,594.0920681314191,6.193235032932023e-06,-6.403255187859583,-6.54151777704251,-5.991131766934428,-6.3670823398148295,0.0,4,2982,10073.0,631.0,2217.0,33,29,25,25
0.43999999999999984,0.5800000000000003,2878.61453762917,633.9209089074125,7.393069563910803e-06,-2.3637945951005075,-2.5518882900552704,-2.2397804258864564,-2.4941801935516548,0.0,4,4449,12367.0,939.0,2788.0,29,25,23,22
0.43999999999999984,0.5900000000000003,2914.618889466225,633.493085663398,6.549614282722267e-06,-2.561924591897238,-2.5301567458057,-2.4177634717986054,-2.467580901846732,0.010009765625,4,4410,12440.0,973.0,2800.0,29,26,26,23
0.43999999999999984,0.6400000000000003,745.5758700821671,172.39521384335924,3.722150023655689e-06,0.9174669014440368,0.8956175751309357,0.9232144027640978,0.9097587193815714,0.0,18,7059,8009.0,1577.0,1691.0,27,30,23,26
0.43999999999999984,0.7100000000000004,1086.5630330169995,246.4198481718421,6.273295315812405e-06,0.927696163251206,0.9227695033774432,0.9294292120073396,0.9255482286111992,0.0,11,11668,14339.0,2659.0,3197.0,23,24,20,21
0.43999999999999984,0.7800000000000005,1289.7784800005493,312.0654341077127,9.23343272907752e-06,0.9442464202020784,0.9356090941202968,0.9452592270986768,0.9368091376148128,0.0,9,16704,20896.0,3970.0,4970.0,21,21,16,18
0.43999999999999984,0.8900000000000006,1566.2030279408807,430.0277185364653,1.4645711461961538e-05,0.9593141742779394,0.9457208213246868,0.9598501927475652,0.946159982966732,0.0,7,26028,32176.0,6943.0,8624.0,17,16,14,14
0.43999999999999984,0.9400000000000006,1599.584277774112,475.6942966126325,1.8543219651506983e-05,0.9673441919437462,0.9518701194300556,0.967648804349478,0.9524105084105496,0.0,6,30663,37468.0,8594.0,10693.0,14,13,11,11
0.43999999999999984,0.9500000000000006,1782.8986746897667,543.3725096198061,2.1391196272946896e-05,0.9609701504809126,0.9411766299669828,0.9613064401457632,0.9414994132232908,0.0,5,31808,39357.0,9089.0,11721.0,14,13,11,11
0.43999999999999984,0.9900000000000007,1863.234983614967,610.0852314089674,3.274700345692388e-05,0.9653354572942392,0.9440948502837588,0.9655778856150444,0.9442989836098094,0.0,4,36399,45062.0,11444.0,14491.0,12,10,9,9
0.44999999999999984,0.22000000000000003,49.967385196078986,10.294618335162632,6.018543734156492e-06,0.6363466712991868,0.647458204639441,0.649404373447393,0.7642252758661605,0.0,4,295,290.0,91.0,89.0,8,7,4,5
0.44999999999999984,0.24000000000000005,580.1265846060381,117.85535803121836,1.288165664158649e-05,-28.371389631997765,-22.494929038474776,-27.56299302241096,-16.248991814862606,0.0,4,375,837.0,122.0,169.0,9,44,4,39
0.44999999999999984,0.25000000000000006,713.5692123636875,144.31053755703357,1.0159212879574891e-05,-97.18419529426806,-77.16905748596402,-93.7418642862992,-52.86493695441319,0.0,4,253,1036.0,91.0,210.0,8,55,4,51
0.44999999999999984,0.2700000000000001,657.1079312664955,133.37853400503894,8.94438075287215e-06,-35.37154288923207,-34.36383064818803,-34.19034108676611,-22.449860117055422,0.0100882053375244,4,359,943.0,126.0,190.0,10,49,4,44
0.44999999999999984,0.3200000000000001,686.9308629088277,139.05293506431283,6.589158652231014e-06,-20.47287152911731,-17.40508184311938,-19.97152860880592,-12.569718989414582,0.0100677013397216,4,457,993.0,161.0,200.0,8,46,5,40
0.44999999999999984,0.35000000000000014,1291.7503306237884,262.47654657130795,6.6382918347693484e-06,-44.18826353747994,-37.203965633391554,-43.53645228130474,-30.17811253241877,0.0080468654632568,4,612,2242.0,195.0,459.0,11,42,6,39
0.44999999999999984,0.38000000000000017,1530.7385812628709,311.69345918706733,5.805882003841722e-06,-76.94979671354919,-61.01533704342874,-75.56605175548864,-49.93205629712215,0.0,4,561,2783.0,160.0,572.0,10,44,4,40
0.44999999999999984,0.4000000000000002,2026.3088131501572,415.8673165806613,6.66038628562019e-06,-61.18172314223159,-50.40074139346213,-60.06284750667753,-45.09713694754333,0.0,4,791,4376.0,210.0,917.0,14,36,6,33
0.44999999999999984,0.45000000000000023,2678.602892989801,558.8845661971113,7.101846066969597e-06,-77.45527491370869,-63.077131296169085,-74.26979980885434,-58.96413565004853,0.0,4,1004,6735.0,262.0,1449.0,16,32,7,29
0.44999999999999984,0.5300000000000002,2832.974807585953,611.4291744892998,7.088172732132539e-06,-8.047324861776467,-8.023193604756733,-7.606284036741627,-7.8383758259501715,0.0,4,2715,10060.0,580.0,2227.0,29,27,29,24
0.44999999999999984,0.5500000000000003,2711.998373355584,585.2995760719463,6.656245038311668e-06,-4.82353953532051,-4.800363643893482,-4.551933025631429,-4.683609110277739,0.0,4,3270,10296.0,720.0,2274.0,27,27,27,24
0.44999999999999984,0.5600000000000003,2626.4207524214394,562.0207310085041,5.880194264747884e-06,-3.944749668851962,-3.8079467510567193,-3.711283983287687,-3.7083279084177896,0.0,4,3422,10258.0,732.0,2258.0,31,28,23,25
0.44999999999999984,0.6500000000000004,797.6240327127659,179.84047809371395,3.893704386604954e-06,0.9192984327787612,0.9074191847269204,0.9241193767266728,0.9165571101830348,0.0,18,7706,8621.0,1683.0,1832.0,30,31,25,27
0.44999999999999984,0.6600000000000004,834.5048176599548,184.45617743884003,4.834016126634895e-06,0.9271514396181813,0.9218691080582224,0.9298823457645882,0.9269031452071216,0.0156238079071044,14,8613,9727.0,1904.0,2083.0,25,27,22,24
0.44999999999999984,0.6700000000000004,839.3731672822812,190.2977776697524,5.107634983367635e-06,0.9347766449163368,0.9260012889283712,0.9372423834903894,0.9312611376853404,0.0,14,9156,10442.0,2034.0,2247.0,27,27,22,24
0.44999999999999984,0.7000000000000004,1057.6917342012753,240.85122035154316,9.653995560556227e-06,0.9259694565823896,0.9180748297157402,0.9282400781027194,0.9224099682391996,0.0,13,11081,13550.0,2507.0,3006.0,25,25,21,22
0.44999999999999984,0.7100000000000004,985.303687358288,235.91757765854555,6.4371922987121605e-06,0.9416502427951032,0.9282819101045092,0.9434158433963548,0.9313230861817994,0.0,13,11799,13966.0,2678.0,3106.0,25,25,21,22
0.44999999999999984,0.7500000000000004,1277.2077201612744,296.501375939583,8.320364934415355e-06,0.9310296025430737,0.9257420226167148,0.9322916026031512,0.9273919168743237,0.0,9,14642,18466.0,3491.0,4280.0,21,21,18,18
0.44999999999999984,0.7900000000000005,1190.447861054868,293.1670378605209,9.281857782310129e-06,0.9562076355111724,0.9480229258498648,0.9569961572478408,0.948957139171728,0.0,9,17632,21394.0,4227.0,5089.0,20,20,18,18
0.44999999999999984,0.8000000000000005,1179.784507237014,296.1400767456932,9.590576515988894e-06,0.9603177203801984,0.9510423992916016,0.9609641824254838,0.9520429203213748,0.0,9,18408,22336.0,4569.0,5369.0,20,20,17,17
0.44999999999999984,0.8200000000000005,1248.2834147406122,322.08496592471573,1.0458012304368022e-05,0.9612004997635047,0.950646027600462,0.961856688866229,0.9515018425889769,0.0,9,20027,24367.0,4950.0,5978.0,19,19,17,17
0.44999999999999984,0.8400000000000005,1542.0301941159314,393.2531544415898,1.227178571378535e-05,0.9475186934608252,0.9368417564755952,0.9482986935128758,0.9376664979296166,0.0,8,21779,27456.0,5536.0,6956.0,19,18,15,15
0.44999999999999984,0.8500000000000005,1383.615388566585,365.6169146263197,1.2133304318708514e-05,0.9606800055294732,0.9488568405072276,0.9612284690338642,0.9496435969330888,0.0,8,22552,27685.0,5690.0,7056.0,18,17,14,15
0.44999999999999984,0.9400000000000006,1684.2550439857646,507.7180173151067,1.9407435210117004e-05,0.964204551517749,0.9458254114260756,0.9645726377943564,0.9462599767308544,0.0,6,30853,37858.0,8704.0,10944.0,15,14,12,12
0.44999999999999984,0.9600000000000006,1807.934325775079,569.8500818544064,2.303790462562044e-05,0.9617891487013644,0.9395359804415058,0.9621234737959464,0.939856809957501,0.0,5,32767,40827.0,9467.0,12283.0,14,12,11,10
0.44999999999999984,0.9700000000000006,1778.1709644877706,563.1521996760733,2.430777478071325e-05,0.965069167803564,0.944566780537442,0.965360433166048,0.9449016878227968,0.0,5,33905,41848.0,10018.0,12994.0,13,12,10,10
0.44999999999999984,0.9900000000000007,1909.7480118460653,623.9409109977215,3.2906258966086456e-05,0.9634325463759756,0.941540663529434,0.9636897047568014,0.9417692614703986,0.0156254768371582,4,36535,45118.0,11366.0,14529.0,12,10,9,8
0.45999999999999985,0.21000000000000002,668.8687667123748,135.03275065701655,1.329537967893872e-05,-71.46544609440704,-65.16995646503659,-68.89384838459273,-43.23453451935712,0.0156257152557373,4,272,1015.0,91.0,206.0,8,48,4,43
0.45999999999999985,0.22000000000000003,438.6416889102084,88.63025959945433,1.0834930237062591e-05,-26.75273883652229,-21.15782185999875,-25.43247309361058,-13.37915139265608,0.0,4,297,592.0,115.0,119.0,8,46,4,40
0.45999999999999985,0.25000000000000006,144.46052661540452,28.78168543825512,6.828589545873164e-06,-2.1358658265346357,-1.8912935872620085,-2.018506234850753,-0.8829455448123276,0.0,4,279,280.0,97.0,79.0,8,9,4,5
0.45999999999999985,0.2700000000000001,607.5705120258334,123.07763471348753,8.502895783830331e-06,-24.66246956269858,-24.41006927639737,-23.906724251348862,-16.762092046120774,0.0,4,412,852.0,118.0,172.0,9,48,3,44
0.45999999999999985,0.3000000000000001,1106.4236586859483,225.0417090970768,8.635163475781927e-06,-46.5450651351618,-40.82342550234968,-45.677887781438095,-31.196724568386045,0.0,4,532,1884.0,161.0,385.0,10,43,4,38
0.45999999999999985,0.3200000000000001,442.9080980670069,90.16749460494805,5.981504085450629e-06,-18.373197759560124,-12.98866534386694,-17.890312476728273,-9.487885404395197,0.0156242847442626,4,331,586.0,131.0,131.0,9,49,5,4
0.45999999999999985,0.3900000000000002,2033.6992874234545,419.66272420043856,7.441676703217869e-06,-51.19900794739044,-42.65925278122919,-50.41680804276185,-38.58889741521265,0.0156252384185791,4,882,4512.0,259.0,949.0,13,35,7,31
0.45999999999999985,0.4000000000000002,1942.5088481136968,399.59388237726233,6.640382424606847e-06,-45.04161296071951,-40.902894291193206,-44.29666092540352,-36.02990641562671,0.0,4,859,4171.0,237.0,871.0,15,36,5,32
0.45999999999999985,0.4200000000000002,1626.7705802704122,332.05281645645874,4.592084010731046e-06,-39.96096942340765,-31.855604300096218,-38.72100012032027,-29.87028521370562,0.0,4,812,3350.0,227.0,691.0,13,41,5,37
0.45999999999999985,0.4300000000000002,2558.7768033118223,534.3574314850813,7.781117363378824e-06,-61.3251250968505,-54.46892832571128,-59.70947606573637,-50.6862027980008,0.0156247615814208,4,1030,6381.0,253.0,1369.0,12,32,7,28
0.45999999999999985,0.46000000000000024,1867.140209652184,381.084854942658,4.056207373527758e-06,-67.13369165788488,-55.254504438239145,-61.26858964535689,-51.74911941429284,0.0,4,781,4173.0,185.0,866.0,15,42,6,39
0.45999999999999985,0.47000000000000025,2285.4499602558208,473.3600307905178,5.142208259838664e-06,-52.10567919025921,-43.5994058960305,-47.79951159130062,-41.322209555043614,0.0,4,1076,5791.0,242.0,1225.0,20,36,18,32
0.45999999999999985,0.48000000000000026,2479.277730005253,518.1074534624389,5.842603681429291e-06,-28.62022337140817,-24.565016220077183,-26.857719488345456,-23.444060785632388,0.0,4,1438,6945.0,331.0,1488.0,20,31,7,28
0.45999999999999985,0.5700000000000003,2734.566780893578,586.3215397004161,5.860443788297003e-06,-4.1567310270350415,-4.110854936929315,-3.8800382376897486,-3.984896891511615,0.0,4,3469,10532.0,744.0,2324.0,35,30,33,26
0.45999999999999985,0.6100000000000003,481.0135001658188,109.79808856790066,2.621397372258755e-06,0.9490415074631738,0.9335827456731316,0.955266916958023,0.9491321176102396,0.0156276226043701,21,5864,5956.0,1287.0,1238.0,28,29,25,25
0.45999999999999985,0.6200000000000003,640.8249577739807,144.266737560205,3.1099869899471675e-06,0.9316283947318404,0.9175786550295016,0.936564522462828,0.9295797807830444,0.0,17,6647,7187.0,1445.0,1509.0,27,28,22,25
0.45999999999999985,0.6500000000000004,893.3068254174203,199.9640027845976,4.415453341151507e-06,0.9039060248230322,0.8907483766096033,0.9093590859029168,0.9026930887066132,0.0156245231628417,17,7852,9209.0,1743.0,1970.0,26,29,24,26
0.45999999999999985,0.6700000000000004,849.6617389221639,197.93388676376705,6.570951788906403e-06,0.93294693176725,0.919258824342056,0.9357295810021368,0.9255466112405116,0.0,15,9116,10557.0,2013.0,2280.0,27,27,20,24
0.45999999999999985,0.6900000000000004,1170.336526904504,253.8924335542356,6.264999036524795e-06,0.8933498520340414,0.8960826665284408,0.8966247713109176,0.9006884355468123,0.0,13,10130,12806.0,2338.0,2824.0,24,26,22,23
0.45999999999999985,0.7200000000000004,1054.8467682774851,245.05127014565747,6.80164506016605e-06,0.9408011780646648,0.9340171465285269,0.9423538491364756,0.9366267005283748,0.0,12,12624,15224.0,3006.0,3425.0,23,24,20,21
0.45999999999999985,0.7400000000000004,1258.685734318848,294.66208518308633,8.023998476736224e-06,0.9280994525760624,0.9204077077805422,0.929559958279316,0.9222216101119044,0.0,10,13873,17650.0,3321.0,4065.0,22,22,18,19
0.45999999999999985,0.7700000000000005,1152.943895587997,279.94901419624705,8.909919408818222e-06,0.953975020788164,0.9459512964638328,0.9547693555971172,0.9471622095376012,0.0156240463256835,9,16388,20041.0,3900.0,4709.0,21,20,17,18
0.45999999999999985,0.7900000000000005,1411.8173879636563,350.75149136625515,1.04329172521968e-05,0.9408864178230386,0.9293605284590212,0.9418028129081828,0.9303460112921912,0.0,8,18126,23077.0,4352.0,5598.0,19,19,16,16
0.45999999999999985,0.8100000000000005,1338.0673075616253,334.1136880191219,1.0672519765855436e-05,0.9533946642689192,0.9444571563501744,0.954068463518078,0.9453624609410256,0.0156247615814208,8,19612,24291.0,4739.0,5984.0,19,18,16,16
0.45999999999999985,0.8200000000000005,1460.191293256889,372.12976115836926,1.08444561643542e-05,0.9469585999989152,0.935228349994515,0.9476740722478514,0.935942287150872,0.0,7,20317,25596.0,5093.0,6383.0,18,18,16,15
0.45999999999999985,0.8300000000000005,1406.161793368898,352.91503473092564,1.154092289904693e-05,0.9540829750572862,0.9464487156570144,0.9548143582627836,0.9470061974001484,0.0065138339996337,8,21245,26171.0,5393.0,6576.0,19,19,16,16
0.45999999999999985,0.8400000000000005,1472.4526455809234,378.4008686450183,1.2240423403714736e-05,0.9528733799919028,0.9427667140986784,0.9535681364990096,0.9435416076950864,0.0,8,21951,27414.0,5745.0,6953.0,18,18,16,15
0.45999999999999985,0.8800000000000006,1550.488126400047,422.112302235939,1.4306266412025182e-05,0.9586569775629332,0.9453642982574788,0.9591565269465048,0.9460269396191836,0.0,7,25284,31440.0,6682.0,8296.0,16,16,14,13
0.45999999999999985,0.8900000000000006,1661.3910315077749,468.0600411567512,1.608447485171319e-05,0.9555356499428777,0.937922672361626,0.9560187142521126,0.938403351057812,0.0156309604644775,6,26567,33319.0,7128.0,9066.0,16,15,13,13
0.45999999999999985,0.9200000000000006,1579.6306732365597,461.9578248226711,1.7561999627531657e-05,0.965499195384695,0.9501986769454804,0.965825175725504,0.9507636133302272,0.0,6,29178,35888.0,8291.0,10057.0,15,14,12,12
0.45999999999999985,0.9400000000000006,1609.8113970408317,491.2866628623079,1.941170197461475e-05,0.9676617908108978,0.9497089354257576,0.9679719237166662,0.9502110684438178,0.0156216621398925,6,31134,37990.0,8731.0,10959.0,15,13,12,11
0.45999999999999985,0.9500000000000006,1804.95174742327,566.3231084441944,2.245927090318769e-05,0.9607540335292756,0.9375149565507956,0.9610864027953276,0.9379029836158568,0.0156266689300537,5,32047,39980.0,9245.0,11914.0,14,12,11,10
0.46999999999999986,0.26000000000000006,781.8277397121014,158.13242736179487,1.013873990238287e-05,-39.8583484736168,-35.87899676808359,-38.89447718502179,-25.592859985093757,0.0,4,426,1194.0,136.0,242.0,8,45,5,40
0.46999999999999986,0.3000000000000001,1065.8694660932922,215.4622695121662,8.632547165015589e-06,-43.64454362116601,-37.51464596053217,-42.71168683116522,-28.81946080654138,0.0156378746032714,4,534,1782.0,153.0,364.0,10,43,5,39
0.46999999999999986,0.37000000000000016,1512.0026627236257,308.13766877268785,6.309349267494192e-06,-58.02606570694176,-50.12642539170757,-57.06009273886112,-41.265332501419806,0.0,4,606,2820.0,175.0,581.0,9,42,4,38
0.46999999999999986,0.46000000000000024,2361.973012211754,491.75691615200833,5.836054260618048e-06,-49.399654481984726,-42.881339877519785,-46.63523611322932,-41.19865030481031,0.0,4,1039,6011.0,238.0,1278.0,19,34,8,31
0.46999999999999986,0.5100000000000002,2558.475453435763,542.6022561078541,5.915157956810671e-06,-12.822683217244608,-12.21999300429292,-11.99960377300066,-11.857878631529724,0.0065107345581054,4,2067,8242.0,447.0,1785.0,28,30,28,27
0.46999999999999986,0.5200000000000002,2453.7794466733694,517.6655733514962,5.120301300407302e-06,-14.566653475249334,-13.725345786100824,-13.236310235630684,-13.191031900954398,0.015615701675415,4,1956,7736.0,421.0,1663.0,29,33,24,29
0.46999999999999986,0.5500000000000003,2820.377163386131,608.5929040965452,6.476455178548784e-06,-6.073185695323044,-6.049183880056392,-5.722453618217299,-5.901693018315685,0.0,4,3132,10435.0,668.0,2309.0,32,28,32,25
0.46999999999999986,0.5600000000000003,2203.117495259085,469.422173617026,4.995222951563418e-06,-1.958663328450343,-1.8975402960052576,-1.830180362645112,-1.8427310079378545,0.0,4,3599,9174.0,763.0,1991.0,32,29,27,26
0.46999999999999986,0.5700000000000003,3337.4434576983226,729.5036054857211,7.526211705628952e-06,-6.3133964755360905,-6.617162820616638,-5.907983804588845,-6.3954364467956095,0.0,4,3663,12444.0,786.0,2819.0,37,27,33,24
0.46999999999999986,0.6000000000000003,381.3677869050936,94.84168094484852,2.500642457688212e-06,0.956682343620644,0.924604359327803,0.9672702865357592,0.955108052169884,0.0,28,5164,5189.0,1118.0,1089.0,32,32,26,28
0.46999999999999986,0.6200000000000003,669.7829757226599,148.1613651511648,2.94835707314968e-06,0.9177878770312904,0.90427078225958,0.9247336375871226,0.9194878843066088,0.0,19,6304,6900.0,1378.0,1445.0,29,30,25,27
0.46999999999999986,0.6300000000000003,569.2340219934783,129.49086691880868,3.266368800471084e-06,0.9450815372599332,0.934088094372131,0.9501092562406837,0.942924703937538,0.0,22,6518,6879.0,1429.0,1439.0,33,33,30,30
0.46999999999999986,0.6600000000000004,825.7544887009432,192.325435579207,4.674635921565741e-06,0.9271181283217984,0.9100489215482478,0.9311712210195272,0.9183944095230768,0.0,18,8386,9514.0,1826.0,2037.0,30,30,24,27
0.46999999999999986,0.7000000000000004,1053.9901403282151,240.90996998124348,6.468861264583344e-06,0.9288471556084804,0.9214886948458612,0.9307430630268432,0.9248722367606632,0.0156295299530029,12,11387,13794.0,2617.0,3066.0,24,25,21,21
0.46999999999999986,0.7100000000000004,1213.8657818571362,273.4881790697892,7.233169933928634e-06,0.9141067674329828,0.9097338141111312,0.9163037661236634,0.9126537379750748,0.0,12,12001,15289.0,2779.0,3455.0,24,25,20,22
0.46999999999999986,0.7200000000000004,1103.2921776272517,254.9276830701319,7.384447301802463e-06,0.93755058749764,0.9312630675847736,0.9389863426611358,0.9337380475398565,0.0065124034881591,11,13030,15873.0,3039.0,3598.0,23,23,19,20
0.46999999999999986,0.7400000000000004,1118.3981103942072,273.0978863989166,8.009728575740075e-06,0.9456391096974944,0.933659094321976,0.946730459392032,0.9354821558728108,0.0,10,14327,17547.0,3332.0,4037.0,22,22,17,19
0.46999999999999986,0.7600000000000005,1184.991357134522,288.2976560111762,8.62418408700883e-06,0.9483162812345286,0.9389159763547008,0.9492403832082754,0.9402210849548708,0.0,9,15834,19572.0,3802.0,4596.0,21,21,17,18
0.46999999999999986,0.7800000000000005,1251.813404625466,302.27140122744,9.129635058896922e-06,0.9490487888100656,0.942416898867968,0.950055227200024,0.9437428717873724,0.0156235694885253,10,17048,21007.0,4155.0,4986.0,21,21,18,18
0.46999999999999986,0.8300000000000005,1432.9305673174426,362.1641937378769,1.1879050202843702e-05,0.9530992962447368,0.944479080653972,0.9537189256427808,0.9450173339120774,0.0,7,21400,26623.0,5456.0,6729.0,18,17,14,15
0.46999999999999986,0.8400000000000005,1449.483258748201,381.160969647482,1.2429652205744727e-05,0.9553953565644144,0.9430721879166296,0.9560230627508997,0.9438485219021095,0.0156309604644775,8,22207,27499.0,5604.0,7035.0,18,17,15,15
0.46999999999999986,0.8500000000000005,1496.6514667427502,400.96975189593024,1.2955002132975078e-05,0.9552861245964026,0.9412128470902728,0.9558323425848444,0.9418991928139864,0.0,7,23136,28821.0,5977.0,7478.0,17,16,14,14
0.46999999999999986,0.8700000000000006,1641.676420030789,439.74580423288353,1.4794383493431276e-05,0.9516036253877106,0.9383119913089458,0.952135596324976,0.9388332770873236,0.0,6,24979,31424.0,6570.0,8405.0,16,15,13,13
0.46999999999999986,0.9200000000000006,1641.7479560102488,471.6117001778909,1.806384530350016e-05,0.9627509457757374,0.9483866662952491,0.963102695473023,0.9489519966758352,0.0,6,29247,36068.0,8103.0,10145.0,15,14,11,12
0.46999999999999986,0.9400000000000006,1817.0637650659892,548.4369752209216,2.141945572739662e-05,0.9584944078094928,0.9378406070842572,0.958851253655802,0.9381898709044256,0.0,5,31408,38848.0,8815.0,11535.0,14,13,11,11
0.46999999999999986,0.9500000000000006,1843.7783489346,572.5076602567267,2.295043264411393e-05,0.9591455367884836,0.9361923437694808,0.9594971110349348,0.936525086599227,0.0,5,32107,40154.0,9301.0,12013.0,14,12,11,10
0.46999999999999986,0.9800000000000006,1841.248950554125,629.484370669095,3.129130429253971e-05,0.9650102852470556,0.9375893869943788,0.9652567983038906,0.9377999346289017,0.0,4,36044,43895.0,10896.0,14670.0,12,11,9,9
0.46999999999999986,0.9900000000000007,1882.013845481306,651.5917849134278,3.38792143162413e-05,0.964639116691824,0.9375682324547658,0.964877176250673,0.9378413093639536,0.0156416893005371,4,36637,45340.0,11454.0,15283.0,11,10,9,8
0.47999999999999976,0.23000000000000004,324.853620881775,66.0690137911361,8.963874331956916e-06,-9.615683732733022,-8.943846745370971,-9.266359719690982,-5.871920208841591,0.0,4,327,450.0,110.0,104.0,7,33,4,4
0.47999999999999976,0.24000000000000005,124.51020707824183,25.49652754134701,6.9749955325187895e-06,-1.1094989023273314,-1.1195217601265115,-1.0212568870108591,-0.3218528603890214,0.0,4,296,303.0,107.0,87.0,10,8,4,5
0.47999999999999976,0.2700000000000001,414.9573020203404,83.89576866564845,8.456431522288429e-06,-10.038252210858476,-8.718818545980193,-9.78506848446242,-6.130137868790548,0.0,4,416,592.0,136.0,132.0,10,35,4,5
0.47999999999999976,0.2900000000000001,1034.622420056386,209.33174926417635,9.024649334154608e-06,-68.6617109740771,-54.94687304490844,-67.14455175976563,-42.03528388746802,0.0,4,405,1671.0,134.0,341.0,10,46,5,42
0.47999999999999976,0.3000000000000001,1041.085561245248,210.70373157587883,9.021793064255807e-06,-62.18241700516124,-52.2646844826556,-60.966714182997286,-41.28557617867953,0.0,4,433,1678.0,134.0,342.0,10,47,6,42
0.47999999999999976,0.3300000000000001,1518.5691764783055,310.1542794857639,8.635239880164331e-06,-108.74085174924592,-92.14955718887222,-106.897830186046,-74.1695423993358,0.0156264305114746,4,493,2833.0,133.0,586.0,10,42,4,38
0.47999999999999976,0.38000000000000017,2169.033115526363,446.9513396332984,8.694627448274385e-06,-158.28164539649643,-132.2519928026624,-155.92621254937802,-117.68326750231957,0.0,4,536,4656.0,155.0,984.0,10,38,6,34
0.47999999999999976,0.5100000000000002,2333.5332652439306,493.5267216676317,5.292080519060775e-06,-10.211828602859615,-9.955363999764565,-9.487302404777102,-9.637808621763924,0.0156402587890625,4,2120,7568.0,446.0,1627.0,30,32,23,28
0.47999999999999976,0.5700000000000003,2648.1665689837814,572.0507243680406,6.522796444824153e-06,-2.3122335641336957,-2.266844047917583,-2.186808884053941,-2.212501605944792,0.0,4,4145,11237.0,920.0,2501.0,31,26,23,23
0.47999999999999976,0.5800000000000003,2456.6603982846304,529.6348781629347,5.836450866024126e-06,-1.6690781755498303,-1.6960810348687776,-1.5565489043560912,-1.6447495292098275,0.0,4,4339,10788.0,927.0,2379.0,31,29,31,26
0.47999999999999976,0.6900000000000004,1023.2395525086888,243.3252359590872,6.842540985212732e-06,0.9286373975378902,0.913442292209965,0.9305156579406924,0.9167244898472778,0.0156276226043701,12,11049,13400.0,2467.0,2974.0,25,25,21,22
0.47999999999999976,0.7100000000000004,1001.241031057321,225.99467009000657,6.704025390673572e-06,0.9413313505213372,0.9381671341904356,0.9428750842060512,0.9408371735187442,0.0,12,12029,14266.0,2824.0,3182.0,24,24,21,21
0.47999999999999976,0.7800000000000005,1278.3518381972242,314.35128969567364,9.583487620874674e-06,0.9479303639766548,0.9386102497368162,0.9489099484899246,0.9398562112646016,0.0156199932098388,10,17338,21489.0,4177.0,5147.0,21,21,18,18
0.47999999999999976,0.8000000000000005,1261.6267276813694,313.04048911616366,1.0128058588735894e-05,0.9555443019415548,0.9481394611961108,0.9562496046346152,0.948823041952174,0.0,8,18764,23147.0,4721.0,5604.0,19,19,16,17
0.47999999999999976,0.8100000000000005,1430.1404423281683,350.09723804531296,1.1056568647891376e-05,0.9469860268682248,0.9398058422797806,0.9478113409272868,0.9405551533220604,0.0156254768371582,8,19568,24736.0,4856.0,6130.0,19,19,16,16
0.47999999999999976,0.8300000000000005,1530.362140008009,381.76445195197726,1.2334991329087225e-05,0.9465412418365152,0.9387371345885784,0.947259385371666,0.939364412379388,0.0,7,21450,27103.0,5383.0,6874.0,18,17,15,15
0.47999999999999976,0.8900000000000006,1566.7478473590768,418.0129390393329,1.519553806664564e-05,0.9601257293097748,0.9504326833129362,0.9605796193452296,0.9510700971129598,0.0156309604644775,7,26363,32459.0,7007.0,8748.0,16,15,14,13
0.47999999999999976,0.9300000000000006,1768.0727598745834,527.5117160085791,2.085061945014584e-05,0.959182263915289,0.939959825915642,0.959547157809241,0.9402643441592902,0.0,5,30794,38349.0,8618.0,11309.0,14,13,11,11
0.48999999999999977,0.23000000000000004,447.7719727532456,90.54591376754668,1.0418900886091964e-05,-38.95654916843036,-32.422843159632464,-37.840484517916174,-24.75127601099333,0.0065114498138427,4,239,588.0,83.0,118.0,9,55,5,49
0.48999999999999977,0.25000000000000006,540.258290851083,109.46479647204696,9.071022577650856e-06,-21.21869737197595,-17.368202685260343,-20.74351504329429,-13.239848362334008,0.0,4,396,765.0,119.0,154.0,10,45,6,39
0.48999999999999977,0.26000000000000006,259.3465546651173,53.08277733879417,7.558244981721901e-06,-5.148140045206942,-5.198892210623204,-4.963526150891464,-3.1878271606926,0.0156242847442626,4,355,379.0,112.0,98.0,9,22,4,5
0.48999999999999977,0.2700000000000001,823.4560995685603,166.50753861812584,9.988364506242194e-06,-46.93292552663221,-42.97962809868279,-45.871355595480686,-32.2657039826701,0.0,4,405,1261.0,119.0,256.0,11,47,6,43
0.48999999999999977,0.2800000000000001,745.5832448492924,151.28691009689723,9.06194687818157e-06,-29.046145975757824,-23.59890088616695,-28.34332317586292,-17.369155977837185,0.0,4,469,1126.0,155.0,228.0,9,44,5,40
0.48999999999999977,0.3100000000000001,1077.2474858793282,218.39132499559895,7.956707483949644e-06,-34.99220608661214,-32.11290516987845,-34.31060021598084,-24.596908803083068,0.0,4,578,1802.0,168.0,367.0,10,42,4,37
0.48999999999999977,0.3200000000000001,1033.3024071312973,208.88186952597556,7.970676047013736e-06,-45.67940835238012,-40.86701086862024,-44.97693290465291,-32.75873781509408,0.0156290531158447,4,489,1643.0,133.0,334.0,9,47,6,42
0.48999999999999977,0.3300000000000001,1635.304848618956,335.2128987673356,1.0126444787925318e-05,-86.91745911170257,-79.5395886400034,-85.399531268674,-64.22404599694923,0.0,4,544,3222.0,151.0,671.0,9,39,7,35
0.48999999999999977,0.3900000000000002,1696.3599878367013,347.8744535269393,6.311661841057956e-06,-33.0280008944283,-30.06392416909543,-32.57926716911525,-26.618428639948945,0.0065124034881591,4,874,3442.0,246.0,713.0,12,38,6,34
0.48999999999999977,0.4200000000000002,2034.128527056079,418.24241624923695,5.83980307796048e-06,-52.3641440025332,-43.39119063801592,-50.890772414632345,-39.89414268659224,0.0,4,857,4574.0,236.0,959.0,14,36,5,33
0.48999999999999977,0.4300000000000002,2498.789661182656,522.2030555732129,7.280690895411019e-06,-50.36392710160379,-45.22506631100678,-48.76082763518763,-42.88127544585545,0.0,4,1082,6405.0,260.0,1375.0,15,32,8,28
0.48999999999999977,0.48000000000000026,2166.131228711686,445.8306736680792,4.537760161130631e-06,-29.634817423322183,-23.80340193472743,-27.21265806055614,-22.806246984286,0.0,4,1339,5809.0,307.0,1226.0,27,35,25,31
0.48999999999999977,0.5000000000000002,2481.6568285287417,522.0728417408181,5.607181554245305e-06,-20.76979532741605,-19.190796743433776,-18.957092928512363,-18.3303774764018,0.0,4,1729,7466.0,372.0,1605.0,36,32,31,29
0.48999999999999977,0.5100000000000002,2792.7277753270787,594.8859572080462,6.7818226244651404e-06,-14.038966720900278,-13.091347890783972,-13.195258433220692,-12.712593880015412,0.0,4,2141,9126.0,458.0,2003.0,29,28,25,25
0.48999999999999977,0.5300000000000002,2594.924250259212,554.105200225252,5.99140359731103e-06,-7.412044149231832,-7.224373713559272,-6.930104934451953,-7.023852891317665,0.0,4,2622,9149.0,565.0,2001.0,30,30,24,26
0.48999999999999977,0.5900000000000003,295.40304759144885,72.47876276973538,2.515654469189409e-06,0.9741456742780642,0.9567512938240528,0.979817099337678,0.9730813329702968,0.0,24,5199,5180.0,1129.0,1095.0,29,27,22,24
0.48999999999999977,0.6400000000000003,648.9321454603437,161.72336584063396,4.37603149537754e-06,0.9516554429243632,0.9299124574340288,0.9538987220930808,0.9367623337070294,0.0,15,8154,8768.0,1786.0,1862.0,26,27,21,24
0.48999999999999977,0.6500000000000004,888.759488597128,200.69711839818063,4.84557178745067e-06,0.9118230267924996,0.8990098102782766,0.9161383294781582,0.9085655717395342,0.0156226158142089,16,8345,9623.0,1890.0,2065.0,26,28,23,25
0.48999999999999977,0.6600000000000004,865.3725821184496,195.74040431743504,5.171358480488536e-06,0.9274347948165902,0.9194863312533258,0.930315500433333,0.924866755807227,0.0,15,8836,10281.0,1978.0,2214.0,26,28,21,25
0.48999999999999977,0.6800000000000004,1047.4129167533777,242.7223909961936,6.194709120147206e-06,0.9178476481871723,0.9050195564204616,0.9200648061271808,0.9092716034803414,0.0,12,10530,12697.0,2352.0,2799.0,24,25,22,22
0.48999999999999977,0.7200000000000004,1011.4651460001148,235.98912086903357,6.890017654181227e-06,0.94890288715395,0.942321176183984,0.9500641433294468,0.9443789903449084,0.015636920928955,11,13288,15773.0,3046.0,3569.0,22,23,20,20
0.48999999999999977,0.8100000000000005,1456.1744512965113,370.29195297060215,1.1619040601692032e-05,0.9463588325176034,0.93455550829227,0.9471113913551716,0.9355970088260408,0.0,8,19927,25302.0,4974.0,6277.0,18,18,15,15
0.48999999999999977,0.8200000000000005,1481.1333168131466,357.66767123054086,1.1876498472166062e-05,0.947030328840202,0.9429824527976522,0.9478531106146372,0.943706142856698,0.0,8,20470,25976.0,5243.0,6517.0,19,18,16,16
0.48999999999999977,0.8400000000000005,1517.3163455499707,394.87296174083446,1.2936215084381462e-05,0.9513175715575332,0.9399995653676618,0.9519343332665878,0.9407177808641384,0.0,7,22412,28149.0,5833.0,7247.0,17,17,14,14
0.48999999999999977,0.8500000000000005,1317.1168447061543,353.5456891942342,1.2730142893436558e-05,0.966022855830393,0.9550804893031332,0.9665029792702868,0.9558049922004136,0.0,8,23438,28344.0,5993.0,7257.0,18,17,15,15
0.48999999999999977,0.8700000000000006,1483.6686005065392,401.3466578719028,1.43135177888897e-05,0.9610699936068716,0.9494244645243765,0.9615334641264756,0.9500148016629676,0.0,7,25117,30965.0,6623.0,8154.0,17,16,14,14
0.48999999999999977,0.9300000000000006,1487.6419152756844,451.6931386343628,1.8848620400585807e-05,0.9716475761097022,0.9563497721980958,0.9719093969884328,0.956834605524991,0.0,6,30773,37110.0,8718.0,10600.0,14,13,12,11
0.48999999999999977,0.9400000000000006,1790.8122620461188,544.1549992032552,2.2044372312085924e-05,0.960284501780834,0.9401387437880834,0.9606234974153768,0.9404832493153557,0.0156350135803222,5,31753,39145.0,9144.0,11646.0,14,12,11,11
0.48999999999999977,0.9600000000000006,1677.275987082062,528.5768280561443,2.347385785872358e-05,0.9680895883144184,0.950005973614862,0.968335291966224,0.950452437044395,0.0,5,33587,40811.0,9924.0,12514.0,13,12,10,10
0.4999999999999998,0.23000000000000004,361.6197934295079,73.36779493301766,9.550546123319888e-06,-11.292851661889127,-9.084179234574565,-10.992397046490314,-6.757692508627634,0.0,4,368,503.0,117.0,117.0,10,34,5,4
0.4999999999999998,0.2700000000000001,229.7594303469029,46.88583208177072,6.848687145296767e-06,-6.078281115704208,-5.696496656438708,-5.82679393176986,-3.4895179695597323,0.0156252384185791,4,293,314.0,97.0,82.0,8,27,3,5
0.4999999999999998,0.3300000000000001,1227.6116547996764,249.50419585650255,7.926381844076728e-06,-59.12489054554033,-49.35773787376439,-57.82177327776211,-38.21802748623483,0.0,4,518,2111.0,162.0,432.0,8,43,5,39
0.4999999999999998,0.37000000000000016,1998.3097988258312,410.3572249678728,8.658864699228702e-06,-95.12960089034004,-85.63877399500895,-93.77539343831188,-74.5476606546416,0.0156242847442626,4,636,4202.0,172.0,883.0,12,37,6,34
0.4999999999999998,0.38000000000000017,1420.162380680463,288.6056998744134,4.980364025812602e-06,-50.09496546269648,-40.86291673647177,-49.08672354915971,-33.980734494841386,0.0,4,626,2626.0,182.0,539.0,10,43,4,39
0.4999999999999998,0.46000000000000024,2233.351389075023,465.59792426871206,5.473133793631656e-06,-32.83067739402204,-28.50172701506613,-30.94949746074428,-27.027514536424672,0.0,4,1187,5898.0,279.0,1250.0,17,33,5,30
0.4999999999999998,0.5500000000000003,2573.658491573814,556.2896615073842,6.62096830695954e-06,-3.173357790719993,-3.2014609649387538,-3.000696406650789,-3.123820583703397,0.0156269073486328,4,3679,10423.0,799.0,2305.0,29,27,29,24
0.4999999999999998,0.6000000000000003,391.7292203184261,90.7149663958772,2.32366520973701e-06,0.9647381439989516,0.9508937099497428,0.9696245018563076,0.9636974705037128,0.0,22,5760,5729.0,1224.0,1224.0,30,29,23,22
0.4999999999999998,0.6400000000000003,740.787506247078,173.88667709341115,4.4953915145729616e-06,0.9354951800275196,0.9188754657474107,0.9384852232413868,0.9268196491480492,0.0,15,8035,8999.0,1834.0,1920.0,27,27,23,24
0.4999999999999998,0.6600000000000004,881.0155279364355,202.58693224460225,5.304032854760096e-06,0.928282823244931,0.9163224060142778,0.9307656923604284,0.9214102001495232,0.0,14,9368,10596.0,2064.0,2291.0,26,27,21,24
0.4999999999999998,0.7000000000000004,1060.5290443606832,234.71905271593351,6.793062696736553e-06,0.9310717049619875,0.9306611067801766,0.932727819825752,0.9331506531222692,0.0,11,11738,14238.0,2765.0,3176.0,23,24,19,21
0.4999999999999998,0.7400000000000004,1285.117145546575,298.20459047066623,8.595114401759565e-06,0.9300773763098448,0.9246788855166178,0.9314463154104896,0.9269209514292144,0.0100619792938232,10,14602,18494.0,3489.0,4300.0,21,21,17,18
0.4999999999999998,0.7600000000000005,1190.868853557614,286.74578088812893,8.607517401745494e-06,0.948975721789003,0.9420887296019712,0.949830753049189,0.9434209663708664,0.0,9,16155,19786.0,3913.0,4639.0,20,20,16,17
0.4999999999999998,0.7800000000000005,1263.7909069627535,307.110269107538,9.879491896911344e-06,0.9512484396693952,0.9447223554969308,0.9520122084256946,0.9454700157433032,0.0,8,17791,22129.0,4397.0,5319.0,19,19,17,17
0.4999999999999998,0.8000000000000005,1458.0394444271308,358.2670656403972,1.122450004499842e-05,0.9425946311852138,0.9347750557210388,0.9433745528836452,0.9354559823683074,0.0156300067901611,7,19182,24558.0,4852.0,6070.0,18,18,15,15
0.4999999999999998,0.8200000000000005,1489.2743235390476,384.6246040251525,1.2238144482335367e-05,0.948168250683898,0.935659543250887,0.9488296882887262,0.9364610956752912,0.0,7,21118,26657.0,5334.0,6725.0,18,17,14,15
0.4999999999999998,0.8300000000000005,1456.2546635672245,378.0527925812672,1.2545675852515643e-05,0.9533837277953926,0.942274010896544,0.9539459540162132,0.9431397003906224,0.0,7,21923,27277.0,5627.0,6980.0,17,16,14,14
0.4999999999999998,0.8500000000000005,1419.4870874361095,375.142653870082,1.3489956514306245e-05,0.9610090421308568,0.9506176983122347,0.9614554263965334,0.9513812335254526,0.0,7,23770,29180.0,6183.0,7539.0,17,16,13,14
0.4999999999999998,0.8800000000000006,1557.2927225335363,439.06823385266057,1.5605467759353448e-05,0.9598783502372396,0.943322708462003,0.96036950556357,0.943834912456058,0.0,7,26157,32339.0,6896.0,8685.0,17,16,14,14
0.4999999999999998,0.9700000000000006,1671.4347697333822,540.9024038829148,2.59931725757058e-05,0.9701843924196863,0.951368220337063,0.9704200969821926,0.9516908946840896,0.0,5,34966,42187.0,10479.0,13246.0,13,11,10,10
0.4999999999999998,0.9900000000000007,1697.2018914721568,606.8195692158694,3.301686196524636e-05,0.9721119809918825,0.9473032357748185,0.9722856826033408,0.9475881793107956,0.0,4,37426,44995.0,11820.0,15301.0,11,10,8,8
0.5099999999999998,0.26000000000000006,50.91404112161333,11.321531845705922,4.933965656902065e-06,0.7477938422040562,0.7419974839250769,0.755057910686056,0.8224811693708534,0.0,4,342,341.0,128.0,128.0,8,7,5,4
0.5099999999999998,0.2800000000000001,997.9855178057444,202.25605161939325,9.88804081648079e-06,-46.39810642764322,-37.17818448574987,-45.48184327596605,-29.21694668354413,0.015627384185791,4,505,1645.0,152.0,336.0,8,42,5,38
0.5099999999999998,0.2900000000000001,501.2772228684111,101.74764534540016,7.379702583295183e-06,-10.918039844671352,-9.032197444460332,-10.705566448548232,-7.094645932950446,0.0,4,486,713.0,155.0,155.0,8,40,5,4
0.5099999999999998,0.3000000000000001,1322.208939300694,269.6156600916695,1.058733853135221e-05,-56.46359945425702,-46.30998239262435,-55.4929994146403,-37.620376457480646,0.0,4,549,2414.0,167.0,498.0,10,39,5,35
0.5099999999999998,0.35000000000000014,1364.3503414323854,277.4921920823479,7.580594764903592e-06,-41.00351141586975,-35.5924643774395,-40.38353383891232,-29.563670268048533,0.0,4,651,2445.0,182.0,502.0,11,41,6,37
0.5099999999999998,0.36000000000000015,1133.1470373845282,229.69771802668535,5.468183356000153e-06,-27.571105972376,-22.444399765095916,-27.07584361725843,-18.635715085698894,0.0,4,665,1980.0,200.0,403.0,9,42,4,38
0.5099999999999998,0.37000000000000016,1201.4341430140896,244.5801887929601,6.480860891753839e-06,-46.69848322875404,-40.418758385891,-45.99907157834113,-33.641865530056826,0.0,4,539,2012.0,162.0,410.0,9,47,5,43
0.5099999999999998,0.38000000000000017,1431.4466859032275,290.8571026581037,5.433073735943489e-06,-41.71413417383082,-37.205499644041055,-41.1250480481146,-31.63043424456796,0.0,4,657,2596.0,190.0,532.0,10,43,4,39
0.5099999999999998,0.4300000000000002,2193.858473101672,455.438387710127,6.000002209610064e-06,-42.24757368506322,-36.69758252971462,-40.89529974072278,-33.81929545605124,0.0156247615814208,4,1093,5314.0,267.0,1123.0,12,33,9,30
0.5099999999999998,0.46000000000000024,2059.6193317374614,427.44405091972754,4.938281672159516e-06,-33.61776575348125,-29.536350225575976,-31.334726126528423,-27.886042079796724,0.0,4,1084,5296.0,257.0,1114.0,34,36,14,33
0.5099999999999998,0.48000000000000026,2020.734285373348,418.3682339359272,4.637446499469361e-06,-14.50673094669466,-12.162935900666128,-13.608164816003862,-11.70801997810702,0.0,4,1592,5789.0,344.0,1221.0,22,33,17,30
0.5099999999999998,0.49000000000000027,2739.3350527545917,580.9999103557017,6.613697092480775e-06,-26.856581307830066,-25.31939067592109,-24.718006331901915,-24.44959276060174,0.0,4,1632,8264.0,358.0,1801.0,35,31,33,27
0.5099999999999998,0.5200000000000002,2869.29990916774,613.1582772145107,6.775402827356112e-06,-12.559741322173153,-12.021936944504263,-11.674702846805358,-11.65197266697964,0.0,4,2400,9714.0,528.0,2146.0,33,29,28,26
0.5099999999999998,0.5300000000000002,2321.6768118646487,489.0677249454653,5.514457678177903e-06,-4.869879826521642,-4.363828346910994,-4.5675712562524335,-4.248988025118681,0.0,4,2822,8501.0,602.0,1842.0,30,29,29,26
0.5099999999999998,0.5600000000000003,2761.373169502811,607.8897498039153,7.444120402629498e-06,-2.496205635849277,-2.6651218812993123,-2.3627120785768767,-2.6054497778417174,0.0,4,4226,11779.0,902.0,2649.0,29,26,29,23
0.5099999999999998,0.6000000000000003,541.6976971168775,124.11016611596864,3.652171070278298e-06,0.9395573764197946,0.92159825824147,0.9458250145189138,0.9380869394562786,0.0156314373016357,19,5934,6237.0,1297.0,1300.0,28,28,23,25
0.5099999999999998,0.6200000000000003,642.6571014156772,146.9071560544278,3.5408042169119505e-06,0.934698453343098,0.9192146115522728,0.9396136779758776,0.929665736854055,0.0,20,6710,7306.0,1453.0,1537.0,29,32,26,28
0.5099999999999998,0.6800000000000004,924.9800432764862,220.38404306297136,5.808865122279003e-06,0.9375518800264744,0.9243951421016996,0.9394475608999676,0.9275957671105816,0.0156395435333251,13,10466,12427.0,2395.0,2730.0,25,26,21,23
0.5099999999999998,0.7200000000000004,1124.5606982484069,266.7157094415725,7.351867413293437e-06,0.9373325263804372,0.9272673195713976,0.9387634453955752,0.9301149099826092,0.0,11,13225,16366.0,3135.0,3736.0,22,23,19,20
0.5099999999999998,0.7300000000000004,1113.254304311201,271.59977577724027,8.201281383243198e-06,0.945023489761585,0.9330572717398032,0.9462767195302688,0.9350968882296116,0.0,11,14066,17340.0,3275.0,3996.0,23,23,18,20
0.5099999999999998,0.7700000000000005,1318.6660009183606,322.8262554514289,9.905774409730313e-06,0.943323906841536,0.9340343192471328,0.9442883150889536,0.9353946993658976,0.0,9,17103,21573.0,4116.0,5185.0,21,20,16,17
0.5099999999999998,0.8000000000000005,1394.6909272698003,350.37832037856504,1.109837116135494e-05,0.9476938709486332,0.9378365256820376,0.9484770899779807,0.9387670939008872,0.0,8,19354,24142.0,4793.0,5973.0,19,18,15,16
0.5099999999999998,0.8100000000000005,1432.8644198430547,361.6713617540701,1.142711728896733e-05,0.9484161368052608,0.9379238980670244,0.9491807748248272,0.9387440213645492,0.0,8,20122,25295.0,5068.0,6308.0,19,18,15,16
0.5099999999999998,0.8600000000000005,1441.5257933534265,389.42768870636667,1.4191078704557123e-05,0.9619673808942262,0.9502170786436388,0.9624240798273588,0.950797084738109,0.0,7,24622,30226.0,6531.0,7929.0,17,16,14,14
0.5099999999999998,0.8700000000000006,1485.0215880657347,398.2147795327264,1.5033976118411304e-05,0.9614727510424907,0.9514609534253244,0.9618974584511611,0.9518294660417368,0.0,6,25549,31453.0,6761.0,8425.0,16,15,13,13
0.5099999999999998,0.8900000000000006,1569.3464759899668,434.0517544393928,1.626902150593934e-05,0.9610567413672,0.9491139410682086,0.961442448408362,0.9496125211555556,0.0,6,27184,33489.0,7365.0,9188.0,15,14,12,12
0.5099999999999998,0.9200000000000006,1561.187290275945,453.3126885683008,1.8810340497962336e-05,0.9673875723776576,0.954468090572676,0.9676827005802237,0.9550089010398932,0.0,6,30092,36718.0,8489.0,10494.0,14,13,12,11
0.5099999999999998,0.9300000000000006,1747.0499542237455,514.3545428444089,2.033943856771523e-05,0.9601897465041104,0.9432493990296618,0.9605965803998998,0.9436616074470746,0.0,6,30398,37708.0,8548.0,10980.0,15,14,11,12
0.5099999999999998,0.9800000000000006,1565.7536843322453,526.1735155070546,2.7579357906771028e-05,0.9751590695805308,0.9573166118722752,0.9753435783206038,0.9577353817647118,0.0,5,36178,43394.0,11268.0,13871.0,12,11,9,9
0.5199999999999998,0.2,190.92221365432223,38.45099695283162,8.524751009988754e-06,-2.91792054916532,-2.241846884742912,-2.7603877541088013,-1.2359293464348309,0.0156235694885253,4,327,352.0,121.0,121.0,8,9,5,4
0.5199999999999998,0.22000000000000003,801.0456317630517,161.6774695703352,1.1326722226050706e-05,-53.964943004275206,-49.44794148855635,-51.72346446593947,-32.37470033748401,0.0156276226043701,4,366,1213.0,117.0,246.0,9,46,3,42
0.5199999999999998,0.26000000000000006,544.8033188683784,110.22344729381918,1.3350458633023269e-05,-45.07773287219557,-36.64441597869776,-43.46442621722124,-25.322656360199726,0.0,4,291,787.0,94.0,159.0,8,48,6,43
0.5199999999999998,0.3000000000000001,826.2383761159165,167.28341096275307,8.250464674935561e-06,-37.09971615448676,-34.037461959829585,-36.42884969436056,-26.247589195408544,0.0,4,466,1234.0,136.0,250.0,10,47,5,43
0.5199999999999998,0.37000000000000016,1559.756207579676,318.9255562300812,6.106056810903666e-06,-38.2520561881377,-32.733420564541376,-37.59566407607438,-27.008368465352625,0.0,4,779,3099.0,237.0,640.0,10,38,4,34
0.5199999999999998,0.38000000000000017,1341.74579994374,273.2351322579145,5.680096685433181e-06,-35.402357142679264,-30.0436748219206,-34.7314269080035,-25.20821822091996,0.0,4,679,2499.0,192.0,512.0,12,42,4,38
0.5199999999999998,0.4100000000000002,1948.906635248766,398.9657853960245,6.075758463398619e-06,-52.01846297765451,-42.082549976757456,-50.841520634958016,-38.758864293457,0.0,4,854,4212.0,214.0,880.0,14,37,5,34
0.5199999999999998,0.4300000000000002,2527.5657261483825,526.6000221547026,7.193939618753157e-06,-74.49811517107338,-62.347888921497855,-71.71079407714282,-58.05934948684652,0.0,4,929,6338.0,233.0,1361.0,17,32,6,29
0.5199999999999998,0.46000000000000024,2314.752439067009,482.5758144236682,5.8904405924722575e-06,-30.2229954276326,-26.632164346007364,-28.662956525730756,-25.276442490096333,0.0156240463256835,4,1267,6167.0,297.0,1312.0,23,33,6,29
0.5199999999999998,0.48000000000000026,2499.302700671396,527.7711980584011,6.351639472399846e-06,-16.814762103249766,-15.668957360589491,-15.939537890422072,-15.03551517362121,0.015625,4,1744,7625.0,372.0,1650.0,25,30,19,26
0.5199999999999998,0.5200000000000002,2816.4430637330483,607.0780856556538,7.033054289041083e-06,-8.696927148169792,-8.677669660007833,-8.217899962760013,-8.481564535162118,0.0,4,2595,9912.0,560.0,2195.0,28,27,28,24
0.5199999999999998,0.5300000000000002,2587.7082464509017,557.0630855208411,6.38261604112874e-06,-5.481096404710045,-5.474441805023357,-5.15885849450593,-5.333578945674089,0.0,4,3021,9626.0,650.0,2115.0,29,28,26,25
0.5199999999999998,0.5600000000000003,2591.653592544729,560.9354538031389,6.495613466533405e-06,-2.6983750258272234,-2.751355040546071,-2.5335109753362928,-2.675106494149515,0.0156242847442626,4,3893,10713.0,832.0,2375.0,32,28,32,25
0.5199999999999998,0.6400000000000003,746.193355511508,171.33825497841286,5.258993614848846e-06,0.9369924020580184,0.9248396644196398,0.9401566834151592,0.9323043064273644,0.0,16,8253,9171.0,1826.0,1957.0,27,28,24,25
0.5199999999999998,0.6500000000000004,994.1513333307048,221.7798691153631,5.602141918936665e-06,0.9026128217971474,0.8934158410608101,0.9058575574182552,0.9005113269025006,0.015625,13,8882,10723.0,1994.0,2322.0,24,26,21,23
0.5199999999999998,0.6600000000000004,923.810580496004,207.10493607216256,5.8271453332687725e-06,0.9253403666252302,0.9195152972648686,0.927525166411185,0.9242030125550548,0.0,12,9570,11190.0,2155.0,2429.0,24,25,21,21
0.5199999999999998,0.6700000000000004,960.1416382582528,218.0344009554456,6.044440329816634e-06,0.9265878648967748,0.918539441731909,0.9289569607171568,0.9236859798829884,0.0,13,10026,11770.0,2269.0,2574.0,24,25,21,22
0.5199999999999998,0.6800000000000004,1063.637774153749,254.15542002501124,9.764629153157122e-06,0.9209489633019312,0.9032008568195994,0.9228728844739496,0.907177438143112,0.0,11,10929,13454.0,2466.0,2992.0,23,24,19,21
0.5199999999999998,0.7000000000000004,1089.422527968118,252.69338029407191,7.233851681995874e-06,0.9314671198583536,0.92338394624401,0.9328819712654584,0.9260410784808591,0.0,10,12253,14918.0,2797.0,3358.0,22,23,19,20
0.5199999999999998,0.7100000000000004,1191.802039402348,278.7344997453932,7.653487913364704e-06,0.9256704080916276,0.9167060379979944,0.9273642956587894,0.9195417326682652,0.0,11,12845,16117.0,3065.0,3676.0,22,23,19,20
0.5199999999999998,0.7200000000000004,1172.964989531515,277.7523677266816,8.00301644621895e-06,0.9349755937315604,0.925036808284627,0.9362645424412952,0.92762227504133,0.0,10,13565,16969.0,3203.0,3898.0,21,21,18,19
0.5199999999999998,0.7300000000000004,1146.6036465240386,277.9163743126898,8.18741868888999e-06,0.942163641598062,0.9308798526967554,0.9432995535146982,0.9326795675008916,0.0,10,14261,17586.0,3390.0,4062.0,21,22,18,19
0.5199999999999998,0.8200000000000005,1421.7510784354124,364.023956437231,1.2185250845743224e-05,0.9535444240781252,0.9436131416324944,0.9541366768080104,0.9442237053559916,0.0,7,21469,26717.0,5394.0,6752.0,18,17,15,15
0.5199999999999998,0.8800000000000006,1673.5395157086366,463.72784112914536,1.6633702391326845e-05,0.9535491328272504,0.9386822573154096,0.9540166999670316,0.9391940520189968,0.0,6,26217,33049.0,7120.0,9083.0,16,14,13,12
0.5199999999999998,0.9100000000000006,1692.110114117244,483.61189820465165,1.8653144720746667e-05,0.9595198020491454,0.9446879895524058,0.9599400728881968,0.9451281399612144,0.0,6,28864,36077.0,8093.0,10259.0,15,14,12,12
0.5199999999999998,0.9300000000000006,1730.2400715690171,529.3766940568183,2.1311051878234696e-05,0.9616813038109306,0.94108887624351,0.9620015195763664,0.9414364319502708,0.0,5,31028,38307.0,8932.0,11317.0,14,13,11,11
0.5199999999999998,0.9800000000000006,1814.371800720569,586.4159235701795,3.256801844278625e-05,0.966419178946295,0.9471154230016192,0.9666488101333376,0.94730998842452,0.0,4,36463,44467.0,11379.0,14329.0,12,10,9,9
0.5299999999999998,0.22000000000000003,92.33865432923167,18.56267536393035,7.128531632870136e-06,-0.3611122370057382,-0.0990982821570758,-0.3140724017792946,0.229017417321388,0.0,4,290,293.0,91.0,91.0,7,8,4,4
0.5299999999999998,0.23000000000000004,80.79410560183211,16.852917650464363,6.350829786342224e-06,0.0176276709372308,0.0161991343423152,0.068525614007174,0.4170114793103862,0.0156354904174804,4,293,293.0,107.0,86.0,8,7,3,5
0.5299999999999998,0.34000000000000014,791.2984319037498,160.85219017263438,6.138098398964513e-06,-49.290815019686185,-42.78475593230049,-48.360463525999165,-33.21334280272247,0.0,4,338,1135.0,109.0,229.0,11,57,4,52
0.5299999999999998,0.38000000000000017,1268.735394004597,258.44218808726515,5.14580564926502e-06,-20.41351131894274,-17.44676257233561,-20.126617093355264,-15.148967785236284,0.0,4,821,2334.0,227.0,477.0,12,40,5,36
0.5299999999999998,0.4000000000000002,1662.671579491873,340.08990845559254,5.299266548699632e-06,-60.029711057313705,-49.11218923850785,-58.35126411435958,-41.26341757225804,0.0065083503723144,4,661,3337.0,192.0,690.0,12,41,4,37
0.5299999999999998,0.4300000000000002,1638.199837728393,335.17524955859534,4.647594053145092e-06,-27.391907644281964,-22.86763049032924,-26.41575016148269,-20.96799504065491,0.0,4,901,3667.0,232.0,758.0,13,39,7,35
0.5299999999999998,0.4400000000000002,1295.1685178320747,263.1007015700769,3.401455759199077e-06,-14.623198775679285,-11.51065200200806,-13.872446138085284,-10.67495333003592,0.0,4,1044,2980.0,240.0,611.0,17,40,6,37
0.5299999999999998,0.49000000000000027,2292.6571601891696,479.78673647778135,5.347471149194597e-06,-17.828766342248358,-15.995058921419384,-16.570571302849114,-15.491169307651704,0.0,4,1676,6804.0,366.0,1453.0,24,32,18,29
0.5299999999999998,0.5000000000000002,2070.163603136235,429.3519341208717,4.616798378247833e-06,-9.272411579875047,-7.8121535283792465,-8.649789456478043,-7.578781188074986,0.0156357288360595,4,1968,6490.0,434.0,1376.0,26,33,26,29
0.5299999999999998,0.5300000000000002,2444.87981342301,523.2785169008947,5.576261370268856e-06,-5.695224570191111,-5.671259990546985,-5.3191469012956025,-5.518354875635284,0.0,4,2835,8923.0,603.0,1941.0,32,30,27,27
0.5299999999999998,0.5500000000000003,2460.528210144453,530.3208246743977,6.278157144301389e-06,-2.5555561131615785,-2.6055502039210165,-2.405549959107005,-2.5379829812252503,0.0,4,3717,10168.0,816.0,2243.0,30,28,26,25
0.5299999999999998,0.5700000000000003,2790.039930269816,611.7211800185877,7.236619429501451e-06,-2.249060038701681,-2.353966423142033,-2.127234190091048,-2.3014394532897207,0.015625,4,4455,12053.0,978.0,2714.0,30,26,30,23
0.5299999999999998,0.5800000000000003,591.2468160323186,132.11756368065298,2.822040383191356e-06,0.9055970879868592,0.8749646467457475,0.9219158157199104,0.916042896299644,0.0156357288360595,21,5414,5578.0,1190.0,1173.0,26,28,24,21
0.5299999999999998,0.5900000000000003,427.5208929678767,105.1292754515222,3.17100101577834e-06,0.9571204558178218,0.9334732090472052,0.9630258392159816,0.9511662746459474,0.0,21,5625,5794.0,1240.0,1240.0,29,28,22,21
0.5299999999999998,0.6200000000000003,652.6813741715603,149.75269295615036,3.9476559690092125e-06,0.9380302644822806,0.925562296492386,0.9414925600264646,0.9337040122370872,0.0,16,7165,7646.0,1583.0,1610.0,27,28,21,24
0.5299999999999998,0.6400000000000003,755.9578707345942,177.7952506755754,4.710142029126648e-06,0.9398768871127404,0.9238842822833784,0.9421985184377883,0.9303885819681058,0.0156254768371582,14,8648,9354.0,1901.0,2002.0,25,26,21,23
0.5299999999999998,0.6700000000000004,964.5845313822,217.2565251661564,5.874201378107021e-06,0.9290882028925296,0.9226509588098624,0.9310476075029196,0.9268882939999264,0.0,12,10350,12244.0,2393.0,2691.0,23,24,19,21
0.5299999999999998,0.7100000000000004,1190.7232536012164,280.3655946557399,7.994634187413498e-06,0.925322619466592,0.9150978866606077,0.9268783360336108,0.9172590438886816,0.0,10,12923,16208.0,3066.0,3701.0,22,23,18,20
0.5299999999999998,0.7700000000000005,1385.7348191953736,347.24912746001127,1.034738269947217e-05,0.9383439799020266,0.9250375618704432,0.9392940572044473,0.926221280889101,0.0,8,17298,22144.0,4171.0,5339.0,19,19,16,16
0.5299999999999998,0.7900000000000005,1268.0648514138795,314.0072347546484,1.0592184468211742e-05,0.9555021951238204,0.9477902809802472,0.9561228898839778,0.948868009384426,0.0,8,18970,23385.0,4725.0,5682.0,19,18,16,15
0.5299999999999998,0.8500000000000005,1441.573766663081,381.92168312758935,1.3828137419346109e-05,0.9601718998046592,0.9496721901285676,0.9606520898428652,0.950337834881718,0.0,7,23864,29508.0,6183.0,7690.0,17,16,14,14
0.5299999999999998,0.9800000000000006,1806.664459369808,584.9479944832702,3.1859753380116255e-05,0.9665533920161566,0.9473638061553084,0.966781713961576,0.9475520175449496,0.0,4,36389,44296.0,11475.0,14287.0,12,10,9,9
0.5299999999999998,0.9900000000000007,1763.2617296032186,621.6694593324227,3.462139833559059e-05,0.9697084967906798,0.9448024050795726,0.9699026575787087,0.9450574362004164,0.0,4,37310,45399.0,11741.0,15357.0,11,10,8,8
0.5399999999999998,0.2,449.4375420085272,91.1128535571866,9.86503201410463e-06,-16.514404340342754,-14.47474099408192,-15.947748484191065,-9.306213712564196,0.0,4,381,626.0,133.0,126.0,9,41,4,36
0.5399999999999998,0.23000000000000004,262.46267591792935,53.12897043986454,1.137583718678864e-05,-9.049327384924762,-7.698368221360953,-8.657222803848615,-4.742392725090402,0.0,4,298,368.0,99.0,92.0,8,30,3,5
0.5399999999999998,0.3200000000000001,1368.3614517005367,278.7767363859474,8.84974604987173e-06,-50.07019011866439,-44.01422517062242,-49.21368232397656,-35.27321783807902,0.0,4,620,2517.0,182.0,519.0,10,39,5,35
0.5399999999999998,0.34000000000000014,1545.1438343241707,315.21568343490355,7.3927415561972705e-06,-78.03843695468917,-64.4695371319346,-76.94321739514626,-53.92117033668625,0.0,4,536,2923.0,160.0,605.0,10,41,7,37
0.5399999999999998,0.38000000000000017,1280.347397518866,260.276315512316,4.83881210156721e-06,-39.583916939176525,-33.549463568049426,-38.7738494270964,-26.9866830677538,0.0,4,627,2277.0,190.0,465.0,11,44,4,40
0.5399999999999998,0.3900000000000002,1667.5141210046768,340.1747712573641,5.438563773193513e-06,-53.12328574409538,-45.45887516795879,-52.114793102629655,-39.19804817681477,0.0,4,699,3323.0,187.0,687.0,12,40,6,36
0.5399999999999998,0.4200000000000002,1872.6578927645417,382.68967247192165,5.226285139468163e-06,-54.67348983193122,-44.68983385465329,-52.69417718683339,-41.360072333706896,0.0,4,791,4117.0,209.0,857.0,13,39,9,35
0.5399999999999998,0.45000000000000023,1788.4456647696438,367.4046219769153,4.5758841365565554e-06,-21.755352785976637,-18.74879858917243,-20.754440214291336,-17.795605774880737,0.0,4,1136,4332.0,255.0,901.0,25,38,15,34
0.5399999999999998,0.48000000000000026,2068.7561958618194,429.42112197701687,4.818269965205667e-06,-18.89441341336759,-16.61447368770182,-17.388690604820223,-15.897938053589227,0.0,4,1444,5890.0,320.0,1244.0,27,35,23,31
0.5399999999999998,0.5000000000000002,2699.080929609806,572.5728301564207,6.575760831871995e-06,-14.944854359413972,-13.985016179974766,-14.064020037847834,-13.585191281248791,0.0,4,2037,8680.0,459.0,1897.0,28,29,28,26
0.5399999999999998,0.5100000000000002,2954.700719827644,637.49286760716,7.816804587320772e-06,-12.610043879052302,-12.097392149823554,-11.849306987776348,-11.799511498165248,0.0156233310699462,4,2396,10068.0,490.0,2241.0,29,27,26,24
0.5399999999999998,0.5200000000000002,2445.5061017609423,521.1306717929135,5.9690863924475535e-06,-7.260669667622615,-7.258508494560202,-6.760283243716207,-7.048494985610981,0.0,4,2608,8556.0,570.0,1860.0,35,31,33,28
0.5399999999999998,0.5400000000000003,2794.6517355328315,603.303026402708,6.834759934935367e-06,-5.310809600731217,-5.299362567240707,-4.995568101249109,-5.156963508135852,0.0156252384185791,4,3182,10519.0,701.0,2339.0,35,28,29,25
0.5399999999999998,0.5800000000000003,301.0403270012386,72.27601804755244,1.944078482854664e-06,0.9760702044265456,0.9624670335919095,0.9804857526040784,0.9752126193372908,0.0,21,5446,5343.0,1146.0,1152.0,27,25,23,22
0.5399999999999998,0.6300000000000003,758.6145501598857,179.40851893560313,7.65683004153861e-06,0.9305487620425328,0.9117894579279688,0.9340282541566692,0.9206357801555664,0.0156254768371582,16,7922,8881.0,1790.0,1894.0,26,28,21,25
0.5399999999999998,0.7000000000000004,1102.5818151461183,259.2612757256839,7.168871700595e-06,0.930909135184786,0.919799421564888,0.9326976223128712,0.9232007088007432,0.0,12,12309,15003.0,2900.0,3383.0,23,24,20,21
0.5399999999999998,0.7300000000000004,1025.4543925066152,241.84852927216883,8.050929598346944e-06,0.9547158344737532,0.9495619394010928,0.9555981949461824,0.9509855598284632,0.0156259536743164,10,14588,17270.0,3527.0,3971.0,21,22,18,19
0.5399999999999998,0.7400000000000004,1210.342606338842,294.0725852459872,9.36094264549516e-06,0.9409128179331374,0.930150022107216,0.9422759852327646,0.9316578925294692,0.0,11,15103,18760.0,3580.0,4396.0,22,23,19,20
0.5399999999999998,0.7800000000000005,1236.1284538217806,319.6181315257318,1.0541306666124106e-05,0.9556819748784646,0.9424845954622816,0.956318861557878,0.9434733937232032,0.0,8,18357,22685.0,4481.0,5529.0,19,19,16,16
0.5399999999999998,0.8000000000000005,1329.602228847606,334.92864262731234,1.1529772154313597e-05,0.9550011225584536,0.9460607524919148,0.95563036148511,0.9470208743248606,0.0,8,19928,24757.0,5024.0,6145.0,18,18,15,15
0.5399999999999998,0.8900000000000006,1572.0127936515833,458.2571864533825,1.763798589637055e-05,0.9625802529137968,0.9450888291070864,0.9629331803730012,0.9457055521520924,0.0156264305114746,6,27764,34317.0,7554.0,9550.0,15,14,12,12
0.5399999999999998,0.9000000000000006,1583.116835515818,468.3515114717495,1.814014498404468e-05,0.9633982493498492,0.945785166177846,0.9637470162794322,0.9463728265739192,0.0,6,28458,35154.0,8020.0,9866.0,15,14,12,12
0.5399999999999998,0.9900000000000007,1692.3980643847751,559.5020107202475,3.4141975564877766e-05,0.9724941576544388,0.9560833500289132,0.9726632316066248,0.9563514114339844,0.015639305114746,4,37642,45196.0,12176.0,14996.0,11,10,8,8
0.5499999999999998,0.21000000000000002,300.27270591358564,61.13296642020027,1.0100308743976663e-05,-8.247097002712662,-6.847572662456673,-7.959879710068373,-4.62109693918718,0.0156245231628417,4,329,437.0,115.0,115.0,7,29,5,4
0.5499999999999998,0.25000000000000006,55.62851112514158,11.57088659812491,5.323911205362996e-06,0.6263000670569092,0.6064844743395977,0.6422625092699257,0.7458475045479712,0.0,4,315,307.0,102.0,102.0,9,6,5,4
0.5499999999999998,0.2800000000000001,1014.7052579033316,205.56796321411565,1.0258153288799928e-05,-43.39457319556861,-36.56910934581279,-42.4136989021365,-28.729150005580475,0.0,4,503,1689.0,151.0,345.0,9,41,5,37
0.5499999999999998,0.3200000000000001,1343.3293721509008,273.8186747953227,8.807939888924155e-06,-84.061709593524,-67.94704003715042,-82.31316253672632,-51.6559437506328,0.0156257152557373,4,468,2400.0,161.0,494.0,8,42,4,39
0.5499999999999998,0.34000000000000014,1551.5155896735296,317.8179182592867,8.12145215947235e-06,-72.20961429703836,-60.67529702159835,-71.25060872892898,-51.52502589745151,0.0,4,559,2982.0,178.0,617.0,11,40,6,36
0.5499999999999998,0.35000000000000014,1148.2313255974743,233.33253720102277,5.634388198407047e-06,-21.87538248617462,-19.057301209666264,-21.55279826604901,-15.708146949112574,0.0,4,736,2031.0,223.0,414.0,11,41,6,36
0.5499999999999998,0.36000000000000015,1777.9463515996952,363.4808855588787,8.027049410568112e-06,-76.44679838375257,-64.96787356648467,-75.2394839037424,-53.63036054535077,0.0,4,632,3567.0,179.0,743.0,10,38,4,35
0.5499999999999998,0.4000000000000002,1893.223447148628,391.0518534457206,6.351935777931894e-06,-36.878107423384535,-31.57405349473887,-36.05749557483136,-28.71576142657494,0.0,4,934,4294.0,232.0,898.0,15,35,6,31
0.5499999999999998,0.46000000000000024,2556.3173014775243,538.9027335707252,6.86416244330586e-06,-39.26470476865814,-35.559807130723925,-36.41675852808133,-34.1808072056073,0.0,4,1312,7151.0,286.0,1544.0,23,32,25,28
0.5499999999999998,0.6100000000000003,592.5656390522199,139.28335743561246,6.711753439416428e-06,0.9419122404290616,0.9232762698118664,0.946262558502793,0.934712329651002,0.0156240463256835,18,6703,7160.0,1509.0,1504.0,28,29,25,26
0.5499999999999998,0.6700000000000004,1064.6975029214975,247.3740726474418,1.0390381352673709e-05,0.9171175061853836,0.9043338292831756,0.9193671301900036,0.909424020615692,0.0,12,10732,13015.0,2415.0,2887.0,23,24,19,21
0.5499999999999998,0.6900000000000004,1182.6135453954555,273.1122952975509,7.538190750216325e-06,0.91335392498638,0.904097257346114,0.9153547675360548,0.9072598788787046,0.0156252384185791,11,11693,14788.0,2729.0,3336.0,23,24,20,21
0.5499999999999998,0.7300000000000004,1216.74856345371,293.5823753414212,8.961873269782834e-06,0.938178031589258,0.9283894081322585,0.9393629394191187,0.930186128946819,0.0,10,14859,18444.0,3626.0,4298.0,21,21,17,19
0.5499999999999998,0.7500000000000004,1379.2665235033955,328.3135060300722,9.869120062800612e-06,0.9297380720759288,0.9228305631846576,0.9309768675668816,0.9242409441338144,0.0065124034881591,9,15881,20420.0,4008.0,4865.0,21,20,17,18
0.5499999999999998,0.7600000000000005,1231.2982873891576,312.4973494393087,9.914578230201235e-06,0.9494027781923844,0.9360521146623998,0.9503069076671607,0.9371078359581024,0.0,9,17032,21028.0,4133.0,5040.0,21,20,17,18
0.5499999999999998,0.7800000000000005,1445.547124493157,368.7958667126678,1.1421001434070088e-05,0.9395320844515797,0.9246525439104436,0.9404227981840202,0.925586155908753,0.0,8,18435,23687.0,4534.0,5864.0,19,19,16,16
0.5499999999999998,0.8100000000000005,1325.3919404081664,335.71105727767537,1.1830785184104204e-05,0.9579978642912416,0.9502632469283891,0.9585210417417164,0.9508648207790864,0.0,7,20901,25824.0,5361.0,6471.0,17,17,14,15
0.5499999999999998,0.8200000000000005,1378.603224086744,350.0329323984257,1.2425386467703174e-05,0.9568244193524652,0.94914227738645,0.957359502143768,0.949723976534962,0.0,7,21726,26842.0,5531.0,6784.0,18,17,15,14
0.5499999999999998,0.8700000000000006,1542.2399363512136,415.2394848605248,1.5665663569774364e-05,0.9596779582189456,0.949334121196892,0.9600642369963944,0.9499140217241052,0.0,6,25931,32047.0,7093.0,8681.0,15,14,12,12
0.5599999999999997,0.2,388.86893946847096,78.8347427640039,1.04195846778969e-05,-18.20396037071758,-14.535374187485004,-17.741949688971673,-10.809175074595109,0.0,4,308,517.0,109.0,109.0,9,45,5,4
0.5599999999999997,0.22000000000000003,268.05411844750057,54.86745392306809,8.417839403418358e-06,-14.829333191565173,-14.72009539420938,-13.991280120097343,-8.135887001556254,0.0,4,243,343.0,90.0,69.0,7,42,3,4
0.5599999999999997,0.24000000000000005,378.58160447914,76.63223864666881,8.524628083170382e-06,-12.905720222955706,-11.932947964446967,-12.402189146169718,-7.639371080266189,0.0,4,345,508.0,110.0,104.0,8,41,3,4
0.5599999999999997,0.25000000000000006,742.3661285039883,150.57203425603308,9.991987541014829e-06,-42.08039655289405,-33.7731186081205,-41.18482079384573,-25.39806892563489,0.0156252384185791,4,378,1117.0,128.0,226.0,8,46,5,41
0.5599999999999997,0.26000000000000006,592.1472666631728,120.5697412288838,7.438803272167996e-06,-11.611911769444372,-10.792733679509553,-11.36830626619733,-7.948792399273838,0.0,4,528,887.0,159.0,179.0,11,41,6,36
0.5599999999999997,0.2900000000000001,298.67445000088867,60.22950896363011,1.091500976977722e-05,-12.521423349423378,-11.072713826171489,-11.813606401649364,-6.696295888674446,0.0,4,298,404.0,99.0,87.0,8,35,3,5
0.5599999999999997,0.3200000000000001,940.4410755952052,191.39147817148668,5.635075794169904e-06,-20.861584575817982,-17.608728198424743,-20.513488536584152,-14.006728079417114,0.0,4,653,1556.0,191.0,316.0,12,41,4,37
0.5599999999999997,0.3300000000000001,1323.0052398170362,268.2778604668426,7.837634101894554e-06,-71.88257519459016,-58.538341273385385,-70.63238593746499,-47.057310079488445,0.015625,4,484,2318.0,163.0,476.0,9,44,5,40
0.5599999999999997,0.38000000000000017,1357.1227568217007,275.2545602104835,5.211526868551761e-06,-40.64420939406503,-35.386764458736835,-39.9074686578211,-29.305902892071288,0.0,4,639,2492.0,190.0,510.0,13,43,3,39
0.5599999999999997,0.4300000000000002,2520.710452927904,531.5897051141353,8.360102264191293e-06,-32.64142485246944,-30.947001534477685,-31.78785538764513,-29.09647377912737,0.0156359672546386,4,1234,6870.0,311.0,1488.0,18,29,7,26
0.5599999999999997,0.4400000000000002,2195.029244774809,453.597299833968,5.889503015353863e-06,-35.03670035910274,-27.97805409079081,-33.66759727738392,-26.16160613637356,0.0156242847442626,4,1165,5472.0,287.0,1158.0,16,33,5,30
0.5599999999999997,0.46000000000000024,2237.867339492372,465.657577160156,5.551064786397857e-06,-26.61999943187558,-22.31009967073867,-24.9638747311752,-21.316224329858777,0.0,4,1350,6155.0,326.0,1310.0,21,32,11,29
0.5599999999999997,0.47000000000000025,2530.185679533553,530.0710054637334,6.498448968997534e-06,-29.198303527014144,-25.141744495891107,-27.297559341016637,-24.298205773923307,0.0,4,1394,7271.0,317.0,1569.0,24,31,12,28
0.5599999999999997,0.5000000000000002,2323.119793062051,487.9621847541057,5.609116650689944e-06,-10.857740987781604,-9.72347360650184,-10.15024998053929,-9.439713566974488,0.0041747093200683,4,2056,7473.0,467.0,1604.0,29,31,24,27
0.5599999999999997,0.5800000000000003,473.08444013727615,108.56731782631456,3.0536740118481217e-06,0.9449213503264868,0.9246473248129754,0.9526669002594208,0.9448582951856216,0.0,20,5524,5673.0,1180.0,1177.0,25,28,22,20
0.5599999999999997,0.6000000000000003,693.7543495798607,156.9989902095847,4.399459014149203e-06,0.9150576214641026,0.8950837270000169,0.9222586602528616,0.9132963393619348,0.0,18,6520,7071.0,1424.0,1486.0,26,29,25,25
0.5599999999999997,0.6100000000000003,638.8370080791863,143.5673722035957,3.816547835123554e-06,0.9345891743814022,0.9219820699873438,0.9388892253849028,0.9324147165482922,0.0,17,6822,7271.0,1499.0,1530.0,28,28,22,25
0.5599999999999997,0.6200000000000003,785.7253149722461,177.58189494361386,4.697385154605965e-06,0.9190795637751444,0.9053294226879914,0.9229315552273132,0.9150555246840154,0.0,15,7597,8576.0,1685.0,1828.0,26,27,22,24
0.5599999999999997,0.7100000000000004,1167.7687937068515,272.4414514064342,7.75516729454925e-06,0.9308215802777148,0.9232642145595786,0.932224179591466,0.9252291619471348,0.0,10,13136,16478.0,3147.0,3771.0,23,22,19,19
0.5599999999999997,0.7300000000000004,1185.3788702073552,285.8522441655925,9.094330746901289e-06,0.9419755292372064,0.932398909734413,0.9429863874395824,0.9339632810708872,0.0,9,14870,18575.0,3506.0,4349.0,21,21,17,18
0.5599999999999997,0.7400000000000004,1191.1161124787934,290.56572330617314,9.022325972887102e-06,0.9453161843899448,0.9354289142480978,0.9462158093312976,0.9369629784633589,0.0,9,15554,19229.0,3728.0,4507.0,19,20,17,17
0.5599999999999997,0.8200000000000005,1437.367976171979,377.564720650076,1.305295585873642e-05,0.9539230572024182,0.9416856092994504,0.9544779290475576,0.942392061759592,0.0156261920928955,7,21706,27235.0,5562.0,6981.0,17,17,14,14
0.5599999999999997,0.8500000000000005,1590.517489051511,416.2881699322381,1.506232245382762e-05,0.951873093056852,0.9423312628087052,0.9523770580632256,0.9429138498507847,0.0,6,24305,30677.0,6428.0,8166.0,16,15,13,13
0.5599999999999997,0.8900000000000006,1551.422483852885,450.6590327839743,1.797579294587493e-05,0.9637049107199668,0.9479561943913092,0.9640652839360242,0.9483664304934576,0.0156373977661132,6,28133,34632.0,7720.0,9712.0,15,14,12,12
0.5599999999999997,0.9200000000000006,1689.247964098381,510.9325941740982,2.140289578555673e-05,0.9623037114474507,0.943797939373597,0.9626091150429544,0.9441701175516868,0.0044329166412353,5,30517,37776.0,8719.0,11066.0,14,12,11,11
0.5599999999999997,0.9300000000000006,1701.636509518503,530.1929539526649,2.2444152393910896e-05,0.9636051770939802,0.9429710184119696,0.9638984182005867,0.943347811385042,0.0030739307403564,5,31365,39016.0,9178.0,11622.0,14,12,11,10
0.5599999999999997,0.9500000000000006,1541.7764053878002,476.3621797705917,2.2948573004013105e-05,0.972689153261216,0.9591662361678248,0.9728840605117424,0.9596442360084256,0.0,5,33377,40168.0,9896.0,12053.0,13,11,10,10
0.5599999999999997,0.9700000000000006,1793.4187702309423,611.2200401655692,3.131740685669184e-05,0.966125827874777,0.9402786415864676,0.9663565436910788,0.9405034948766,0.0,4,35637,43513.0,10975.0,14289.0,12,10,9,9
0.5699999999999997,0.2700000000000001,463.5431254658693,94.8943491468275,8.066102241904838e-06,-11.77802442190474,-10.699803714494887,-11.404675263808414,-7.264803669396381,0.0156247615814208,4,445,651.0,137.0,135.0,9,40,3,4
0.5699999999999997,0.3000000000000001,960.7349996660544,194.69096773262663,8.520159659684744e-06,-43.13926196394503,-36.36761216935762,-42.18259104444083,-27.89592053182916,0.0,4,484,1522.0,166.0,309.0,9,45,5,40
0.5699999999999997,0.3100000000000001,1243.6345591316874,253.4505622404496,7.648563149982937e-06,-56.39324325819588,-46.09351342269921,-55.25148353935597,-36.20082516884417,0.0156357288360595,4,543,2201.0,182.0,452.0,9,41,5,37
0.5699999999999997,0.34000000000000014,1278.8589600043208,260.6624573402673,7.191385668190279e-06,-33.119923700747194,-29.103255772631847,-32.58476995105442,-24.14412250519914,0.0,4,715,2321.0,200.0,476.0,12,40,5,36
0.5699999999999997,0.3900000000000002,1724.8309880970946,355.17865223011364,6.231028983909188e-06,-31.272976376829995,-28.68135127418234,-30.69779366843809,-25.193768716508835,0.0156238079071044,4,872,3768.0,224.0,784.0,10,36,7,33
0.5699999999999997,0.4000000000000002,1855.936370811241,380.7578107099927,5.787227337700894e-06,-49.60549378718827,-43.60508479267071,-48.52899046679519,-38.9147698797364,0.0,4,815,3984.0,216.0,830.0,13,38,6,34
0.5699999999999997,0.4100000000000002,1731.839947618332,354.1679509780635,5.304111736284288e-06,-30.14721796533065,-24.36613443299849,-29.291490706476264,-22.460321623383,0.0156359672546386,4,951,3859.0,244.0,801.0,18,37,5,33
0.5699999999999997,0.4300000000000002,1824.8470084274643,375.3278566799965,5.006091330410269e-06,-23.437109285181965,-19.96340170199745,-22.426041758939174,-18.70155578530673,0.0,4,1130,4515.0,264.0,944.0,17,35,8,32
0.5699999999999997,0.45000000000000023,1779.469592673615,367.8485591925025,4.531339603276473e-06,-16.460006458328085,-14.659587369611335,-15.70254770731129,-13.982809569616403,0.0156261920928955,4,1280,4592.0,282.0,958.0,24,36,23,32
0.5699999999999997,0.47000000000000025,2585.6580501070384,544.6740998064806,6.293811863356753e-06,-52.04095532296584,-45.61391551360101,-46.39620126407914,-43.3263865962441,0.0,4,1247,7223.0,279.0,1559.0,27,32,17,29
0.5699999999999997,0.5000000000000002,2517.153435265055,531.4699740656412,5.916111846972686e-06,-13.07354347159288,-11.973481723217922,-12.136309138891546,-11.61515715566415,0.0156364440917968,4,2041,8192.0,457.0,1778.0,35,30,19,27
0.5699999999999997,0.5400000000000003,2557.1255081797085,549.1132434814031,6.683868134709709e-06,-3.4348509594730885,-3.3508558632118923,-3.2415059274296443,-3.2691764253417954,0.0,4,3470,10205.0,739.0,2256.0,31,28,27,25
0.5699999999999997,0.5500000000000003,2180.7408646489844,463.71379014071454,5.767786842739712e-06,-1.5044924163551117,-1.392778429601217,-1.4068522715187224,-1.355450444177325,0.0156245231628417,4,3910,9555.0,860.0,2088.0,30,28,28,25
0.5699999999999997,0.5600000000000003,2618.7687887154148,572.5639611286527,7.1105472112046e-06,-1.9254944361107256,-2.0351951676063376,-1.8169462930400584,-1.9868413556069784,0.0,4,4341,11427.0,967.0,2558.0,30,26,28,23
0.5699999999999997,0.5900000000000003,522.349332343787,123.5489781422736,3.584899031926148e-06,0.9438438246178265,0.9201558138812366,0.9500286778155034,0.9376921882664022,0.0156378746032714,20,5940,6290.0,1308.0,1312.0,28,29,24,26
0.5699999999999997,0.6100000000000003,664.9851681124353,156.0196874024008,4.3348231169142645e-06,0.9354478099684312,0.9149745831772892,0.9394537343817748,0.9268858085738833,0.0,16,7325,7749.0,1603.0,1638.0,26,27,22,24
0.5699999999999997,0.6200000000000003,804.4122521621432,181.1469740030901,4.482576418908504e-06,0.915381178324085,0.9018118915914648,0.9199205100598696,0.9124204494155524,0.0,16,7712,8568.0,1688.0,1822.0,27,28,21,24
0.5699999999999997,0.6500000000000004,839.5634552876545,203.37867725903905,6.4247158925435005e-06,0.9412515799054914,0.92385998225527,0.9429852573028396,0.9287024456735248,0.015625,12,9886,11234.0,2165.0,2449.0,24,24,19,21
0.5699999999999997,0.6600000000000004,948.7590745859536,218.65679295061537,6.307091021602192e-06,0.928172916488875,0.9169066419766808,0.9303698874498344,0.9217460118821036,0.0,13,10115,11951.0,2229.0,2625.0,24,25,19,22
0.5699999999999997,0.6900000000000004,1051.580362324709,253.16659701211893,7.637014801498258e-06,0.936124633938108,0.9219062477715356,0.9376010060088968,0.9243008244759672,0.0,11,12193,14765.0,2806.0,3328.0,23,24,19,21
0.5699999999999997,0.7700000000000005,1289.582094424729,316.2478733387852,1.0638774171394036e-05,0.9490130348717748,0.9415436777163766,0.9497683187393138,0.9424828031553428,0.0,8,18013,22430.0,4460.0,5456.0,19,19,16,16
0.5699999999999997,0.8000000000000005,1385.13017360322,356.54251530131904,1.2306381373358726e-05,0.9525576021941534,0.941006018450786,0.9532095081435876,0.9419849226265278,0.0,8,20344,25426.0,5133.0,6402.0,18,18,15,15
0.5699999999999997,0.8200000000000005,1463.4631044425123,377.2391073126188,1.3044527128294384e-05,0.9518873765930694,0.9416219321172226,0.9525054702750088,0.942246522844156,0.0,7,21863,27377.0,5636.0,6976.0,17,17,15,15
0.5699999999999997,0.8400000000000005,1363.5807344469335,373.0071635853949,1.3699652744745512e-05,0.9635089905429712,0.9507809705423392,0.963942577785582,0.9513353021671735,0.0,7,23601,28919.0,6319.0,7532.0,17,16,14,14
0.5699999999999997,0.8500000000000005,1545.3847243442517,404.914195078839,1.5199267036171024e-05,0.9549953485279484,0.94576073490072,0.955528657710126,0.9463251278408402,0.0156261920928955,7,24200,30498.0,6542.0,8093.0,17,16,14,14
0.5699999999999997,0.8700000000000006,1575.2116946552687,448.548225543584,1.6753106285311864e-05,0.9587303485452892,0.9420538624690477,0.9591384517430817,0.9425848337994972,0.0,6,26402,32801.0,7103.0,9011.0,15,14,13,12
0.5699999999999997,0.9200000000000006,1750.0315876848442,546.6686285801337,2.2186474028530588e-05,0.9595939753124014,0.9361556069840316,0.9599438040978558,0.9365075926401748,0.0,5,30631,38151.0,8820.0,11371.0,14,13,11,11
0.5699999999999997,0.9300000000000006,1633.1877998177931,510.3892632099543,2.2620893320788307e-05,0.966894204116059,0.947839492713602,0.9671664480667614,0.948146896383354,0.0156261920928955,5,31791,39060.0,9270.0,11614.0,14,12,11,10
0.5699999999999997,0.9600000000000006,1645.7813469915325,541.4180406458969,2.625351115535948e-05,0.9703094866890892,0.9503114425902428,0.9705358986952284,0.9506957483163818,0.0,5,34413,41806.0,10424.0,12959.0,13,11,10,10
0.5799999999999997,0.21000000000000002,208.7246741124138,42.52205310189056,9.05801792266732e-06,-2.878491548067198,-2.25968005070363,-2.7373448911638656,-1.2663902988363174,0.0,4,388,397.0,127.0,127.0,8,10,5,4
0.5799999999999997,0.22000000000000003,233.2261956413416,47.31157804033455,8.613260371081085e-06,-8.467954594779217,-8.022719767663098,-8.108871665208724,-5.167653636672575,0.0,4,266,319.0,79.0,82.0,8,29,4,5
0.5799999999999997,0.24000000000000005,454.8068042220418,92.10422085876412,9.434567013518144e-06,-13.177445771296306,-10.298495187365626,-12.86634649897014,-7.668835119093684,0.0121157169342041,4,400,656.0,132.0,135.0,9,37,5,5
0.5799999999999997,0.26000000000000006,59.10671845625222,12.502499750049989,5.0072619114970354e-06,0.5581108720223539,0.5363503995447751,0.5713876344822638,0.6876542241092389,0.0,4,294,304.0,102.0,102.0,9,7,5,4
0.5799999999999997,0.3200000000000001,759.9915980895228,154.019749815838,6.522920118579223e-06,-15.873529328564093,-12.889612310432211,-15.546756263051076,-9.896700160977678,0.012089729309082,4,597,1209.0,186.0,244.0,9,41,4,36
0.5799999999999997,0.37000000000000016,1684.514791663562,345.9637354550329,7.1890591746294215e-06,-35.45095491712655,-32.03074553143599,-34.979403850533295,-27.960487953951866,0.0,4,840,3462.0,229.0,719.0,11,36,6,33
0.5799999999999997,0.38000000000000017,1768.3564933293287,362.6513620775009,6.469826277122311e-06,-40.57416327978967,-34.9607823404228,-39.87873133377953,-30.38658753158009,0.0,4,852,3770.0,245.0,785.0,13,36,7,32
0.5799999999999997,0.3900000000000002,1686.38526452785,345.19343912749366,5.928804530799843e-06,-40.01252601403627,-35.52030470256383,-39.17779538211149,-31.414091959632856,0.0,4,803,3509.0,212.0,727.0,13,38,7,34
0.5799999999999997,0.4100000000000002,1751.094630866647,360.0255777950598,5.391337874221056e-06,-37.24681408851508,-32.94568909477316,-36.21690034105485,-29.34893783078461,0.0156269073486328,4,855,3869.0,220.0,804.0,13,38,4,34
0.5799999999999997,0.4200000000000002,1964.075856159838,406.19749660725387,6.234219084205448e-06,-26.768157327557297,-22.180582583058587,-26.02635448723016,-20.691419822678363,0.0,4,1098,4777.0,282.0,1003.0,11,34,5,30
0.5799999999999997,0.49000000000000027,2600.090955941093,548.9145159615779,6.275558740472483e-06,-20.867264945147745,-19.174633160124383,-19.219336249046584,-18.5308417498087,0.0,4,1746,8024.0,380.0,1741.0,33,31,24,28
0.5799999999999997,0.5000000000000002,2584.94425310618,551.2027852040179,6.754566090706011e-06,-9.327465042939435,-8.742328537398341,-8.821390216102815,-8.5132338574866,0.0156259536743164,4,2339,8851.0,519.0,1938.0,28,28,24,25
0.5799999999999997,0.5500000000000003,2541.8077085183554,557.166903479858,7.538319695393652e-06,-1.8303815272461992,-1.9653101050686104,-1.7312679748103466,-1.9191855839667735,0.0,4,4397,11281.0,948.0,2525.0,28,26,23,23
0.5799999999999997,0.5700000000000003,262.1474018066412,62.87626465952193,2.512874572940403e-06,0.9762313823064916,0.960698910292139,0.9829803287681496,0.9785718074151274,0.0,27,5062,5062.0,1110.0,1073.0,29,28,25,27
0.5799999999999997,0.6000000000000003,735.6685591458036,164.333117459555,4.102106174180029e-06,0.9099382001183118,0.8929714675606203,0.916419320225812,0.9097368289989474,0.0,17,6654,7464.0,1467.0,1574.0,26,28,21,25
0.5799999999999997,0.6200000000000003,843.947182623903,192.1521456003641,5.068630624166896e-06,0.9067123998776948,0.8893675928753588,0.9112100358656382,0.9008705590756968,0.0,15,7536,9001.0,1651.0,1927.0,27,27,23,24
0.5799999999999997,0.6600000000000004,963.243066180834,225.1544167091473,6.64134242998347e-06,0.9285098661779732,0.9163716209477176,0.930487728776556,0.921141849938343,0.0,12,10359,12168.0,2398.0,2677.0,23,24,19,21
0.5799999999999997,0.6700000000000004,1075.086858262619,244.2144940439113,7.127116905106656e-06,0.9170300835073464,0.9107191358490232,0.9190292731831364,0.9144596675236742,0.0,11,10663,13225.0,2451.0,2939.0,22,24,18,21
0.5799999999999997,0.7100000000000004,1089.6673350609817,262.8806397763646,8.290134685441846e-06,0.9433106108513994,0.9328781938111124,0.9442943277897312,0.9344980157350004,0.0,9,13520,16792.0,3211.0,3855.0,20,21,17,18
0.5799999999999997,0.7200000000000004,1195.8806631263674,287.9393441926024,8.722375043803455e-06,0.9374547296064368,0.927418680339272,0.9384972767176236,0.929036034828578,0.010007619857788,9,14540,18047.0,3439.0,4208.0,21,21,16,18
0.5799999999999997,0.7300000000000004,1266.493957764878,300.9926434791579,9.128132592481909e-06,0.9329365683166602,0.924943393935722,0.9341007396354828,0.926469212322468,0.0,9,14745,18831.0,3527.0,4428.0,20,21,17,18
0.5799999999999997,0.7800000000000005,1277.2073858703366,319.1968010899968,1.1364334123942052e-05,0.9544899892925878,0.946080621321622,0.9551012087232577,0.9472920074647798,0.0,8,18956,23531.0,4791.0,5784.0,19,18,15,15
0.5799999999999997,0.8100000000000005,1441.7982275728662,369.993010686674,1.3062966614092031e-05,0.9517732405555662,0.9415301691392126,0.9523216221550356,0.9425136882943568,0.0,7,21459,26778.0,5438.0,6837.0,17,16,13,14
0.5799999999999997,0.8300000000000005,1469.3986408022154,386.7712919259449,1.3856198249142884e-05,0.9549581855695808,0.9440216685820706,0.9554920405301665,0.9447208945955984,0.0,7,22823,28556.0,5947.0,7427.0,17,16,14,14
0.5799999999999997,0.8400000000000005,1423.8110867501655,389.2565011093764,1.450308317739122e-05,0.9606943101012252,0.9469920146791478,0.9611432873143244,0.9477565048872744,0.0,7,23849,29436.0,6315.0,7681.0,17,16,13,14
0.5799999999999997,0.8900000000000006,1469.5517336495304,416.98177163077577,1.778627150144078e-05,0.9679143798094474,0.9565108493467552,0.9682089631877177,0.9570441778769756,0.0,6,28307,34387.0,7895.0,9547.0,14,14,11,12
0.5799999999999997,0.9000000000000006,1682.567671275379,486.9590061639794,1.963044061167399e-05,0.9590371496544936,0.943399120395018,0.9593986378861044,0.9437064493629108,0.0,5,29001,36238.0,8231.0,10421.0,14,13,11,11
0.5799999999999997,0.9500000000000006,1654.4562153230447,543.8603535932053,2.533604243851258e-05,0.968872922059136,0.9474030544460806,0.9691248794866588,0.9477198114826988,0.0156426429748535,5,33612,41063.0,10150.0,12842.0,13,12,10,10
0.5799999999999997,0.9600000000000006,1857.0374227740629,609.9162083843977,3.007362605681232e-05,0.9618998645675856,0.9372412955791576,0.9621631173633806,0.9374660722657268,0.0,4,34473,42826.0,10445.0,14075.0,12,11,10,9
0.5799999999999997,0.9800000000000006,1753.7742722245262,619.2541128244527,3.4691705555916104e-05,0.9691493765393931,0.9434027812880176,0.9693486417211484,0.9436584085830908,0.0,4,36649,44856.0,11512.0,15200.0,11,10,9,8
0.5899999999999997,0.21000000000000002,79.42836132851623,16.542558750084584,7.113155042192745e-06,0.0224269078170152,-0.130002311964686,0.0848187771153056,0.3989429852658552,0.0156245231628417,4,277,298.0,108.0,82.0,7,7,3,5
0.5899999999999997,0.22000000000000003,54.76046323154447,12.08261492117221,6.261079030376229e-06,0.5841612699931913,0.5029789346762181,0.6004340433648346,0.6916241691840241,0.0,4,288,295.0,104.0,93.0,9,7,4,4
0.5899999999999997,0.3200000000000001,1195.3645625916806,243.2084154245764,8.338118466169865e-06,-45.40294822695248,-39.16816161126116,-44.66979091132459,-31.67972148498293,0.0,4,529,2073.0,176.0,424.0,11,42,4,38
0.5899999999999997,0.3300000000000001,1450.0122161841718,295.9036125441301,7.917239227590983e-06,-59.13789610833212,-56.6000356331592,-58.212587475743724,-45.43693391987157,0.0,4,587,2713.0,162.0,560.0,10,40,4,36
0.5899999999999997,0.34000000000000014,1196.6151306219278,241.3277724382339,6.215032216997119e-06,-45.85877321107641,-38.84611615586156,-45.05093967065798,-30.47743815526588,0.00651216506958,4,586,2040.0,160.0,417.0,9,44,3,40
0.5899999999999997,0.35000000000000014,1569.470289487295,319.4534720946594,8.118825047130332e-06,-99.95285281516128,-84.62782655627491,-98.44492857475952,-70.6984890759309,0.0,4,506,2931.0,136.0,606.0,13,43,4,39
0.5899999999999997,0.36000000000000015,1189.2016010402383,241.8124919229774,5.786733789910564e-06,-23.91448724830428,-19.444142933868783,-23.518947829453023,-16.360148215044667,0.0,4,758,2153.0,224.0,439.0,11,40,6,35
0.5899999999999997,0.4100000000000002,1558.7924112113196,319.2805714936838,4.735962645297242e-06,-19.57847422815819,-17.128692206050108,-19.073668363149952,-15.22351585613697,0.0156219005584716,4,1007,3496.0,278.0,723.0,17,37,4,33
0.5899999999999997,0.4200000000000002,2033.067123113089,420.95504015670525,6.407219804613819e-06,-26.26852973930688,-22.70380660878604,-25.5227560922508,-20.725362536317487,0.0,4,1216,5043.0,282.0,1062.0,15,33,4,29
0.5899999999999997,0.45000000000000023,2017.7496566926568,418.1384962943897,5.229589900339889e-06,-24.40343674837196,-21.78851431586497,-23.193253905303703,-20.60669520162199,0.0,4,1242,5259.0,270.0,1107.0,21,35,17,31
0.5899999999999997,0.47000000000000025,2219.0502824969967,463.04074244786136,5.518211098124137e-06,-20.310491500616635,-17.951935800380387,-19.01643977658425,-17.178566307380176,0.0156214237213134,4,1480,6373.0,332.0,1358.0,31,33,19,29
0.5899999999999997,0.48000000000000026,2019.9591502676485,424.5349784371915,5.367812442005539e-06,-8.462066996747723,-7.833240052465323,-7.965938263520368,-7.610410826389629,0.0,4,1894,6426.0,406.0,1366.0,28,32,18,28
0.5899999999999997,0.49000000000000027,1874.986641619081,394.5071292131487,4.449623325933322e-06,-8.290873055734055,-7.958792434366741,-7.678114982449596,-7.675459925764155,0.0156409740447998,4,1910,6005.0,399.0,1268.0,32,34,22,30
0.5899999999999997,0.5000000000000002,2149.2321085099206,448.36088050438417,5.173574223508976e-06,-7.100639099856265,-6.273989562886513,-6.63696452095315,-6.080990497506024,0.015625,4,2207,7239.0,490.0,1550.0,25,31,23,28
0.5899999999999997,0.5400000000000003,2522.6795587727743,551.0864742337026,6.935533653789106e-06,-2.5355373008913125,-2.703817011961447,-2.39679673253134,-2.6424681708432325,0.0,4,3757,10532.0,822.0,2339.0,30,27,25,23
0.5899999999999997,0.7300000000000004,1014.0189596597544,251.79271520155507,8.839426659951447e-06,0.9594874849045112,0.950190592590568,0.9601789852659114,0.951288588249246,0.00651216506958,9,15435,18289.0,3703.0,4261.0,20,21,16,18
0.5899999999999997,0.7500000000000004,1175.5948910343593,300.7719958344873,1.0077202790021878e-05,0.9533850398644812,0.9397273312182048,0.9540786051597328,0.9406643553096816,0.0,8,16982,20859.0,4049.0,4986.0,20,19,16,17
0.5899999999999997,0.7700000000000005,1401.782479404425,346.6892951784124,1.1312796564407149e-05,0.9404703233506652,0.9308324047334968,0.9413522298284988,0.9317449008447644,0.0,8,18210,23021.0,4445.0,5656.0,19,19,16,16
0.5899999999999997,0.7800000000000005,1271.907357509562,313.28520482974835,1.130373591087754e-05,0.9550070184243752,0.9480877630361076,0.9556132729472918,0.9492353329251616,0.0156235694885253,8,19195,23577.0,4686.0,5802.0,18,18,16,15
0.5899999999999997,0.7900000000000005,1398.23134440375,354.12536508071315,1.1876337347078452e-05,0.9487782791147454,0.9390090777617944,0.9493929129439472,0.939896684645952,0.0,7,19840,25019.0,5086.0,6228.0,17,17,14,15
0.5899999999999997,0.8000000000000005,1427.2753048024497,363.8623011436448,1.271110044916417e-05,0.9506571949368338,0.9405861410187436,0.951241898550022,0.9414984870810512,0.0156209468841552,7,20845,26024.0,5304.0,6623.0,17,17,14,14
0.5899999999999997,0.8200000000000005,1477.0675613001465,401.3905935646108,1.3615903163156089e-05,0.9528450771537894,0.9360023957295388,0.9534363840476568,0.9367114694124418,0.0,7,22306,27831.0,5636.0,7237.0,17,16,15,14
0.5899999999999997,0.8500000000000005,1484.5556359295574,412.4516219213253,1.5636750189981124e-05,0.9600527881917398,0.945635593871652,0.9604409447699044,0.946250157135014,0.0,6,24878,30894.0,6639.0,8257.0,15,15,13,12
0.5899999999999997,0.9200000000000006,1687.898646869907,516.5065648943364,2.225589801044225e-05,0.9633232344376174,0.944298270051328,0.9636145016110754,0.9447284659055794,0.0,5,30871,38436.0,8982.0,11412.0,13,12,10,10
0.5899999999999997,0.9600000000000006,1810.3010454065368,601.0457813261816,3.074461809297739e-05,0.9643698352442872,0.9399826085800788,0.9646097261548944,0.9401967125899008,0.0,4,34960,42741.0,10562.0,14191.0,12,11,9,9
0.5899999999999997,0.9700000000000006,1816.9520895811568,605.5093843891549,3.258552373624534e-05,0.9654099662355724,0.9417804214297611,0.9656437157503444,0.9420060199925496,0.0,4,35746,43888.0,10986.0,14101.0,12,10,9,9
0.5999999999999998,0.21000000000000002,378.2695109530593,77.18254876157779,1.082832657850267e-05,-17.930825503351084,-16.882264652426272,-17.37074277646635,-11.338329195285642,0.0065083503723144,4,305,512.0,103.0,103.0,8,43,4,39
0.5999999999999998,0.23000000000000004,405.9483623771214,82.70467036389178,9.505880664222204e-06,-9.97963236075905,-9.306083641798043,-9.60787848371187,-5.848015471300995,0.0,4,426,590.0,153.0,146.0,8,34,4,4
0.5999999999999998,0.24000000000000005,80.79436345851526,17.170104833692776,8.067053442258242e-06,0.1651549859817568,0.0640328144102856,0.2094837028974088,0.4570850288635789,0.0,4,294,315.0,117.0,91.0,8,7,3,5
0.5999999999999998,0.3000000000000001,722.7621280545903,146.61862376019403,6.999716095883289e-06,-26.75692276867205,-22.88122823400588,-26.09588127383517,-16.49613128461189,0.0,4,457,1068.0,146.0,216.0,9,45,4,41
0.5999999999999998,0.3100000000000001,835.1257327991597,168.28773103428148,7.597566639051142e-06,-38.08574426241758,-30.725375875943826,-37.15423284995424,-23.571882113588583,0.0,4,431,1252.0,127.0,253.0,10,48,5,43
0.5999999999999998,0.3200000000000001,621.1072605972874,126.12270810603458,5.790829598101176e-06,-13.735188957216865,-10.907041177956,-13.426794312560066,-8.378961472621253,0.0,4,493,933.0,169.0,188.0,9,42,5,38
0.5999999999999998,0.3300000000000001,1423.5234711506048,290.8364374237405,8.445797081820269e-06,-45.465114601560224,-38.27911609686204,-44.77755276306969,-31.78512200226873,0.0,4,647,2719.0,200.0,561.0,12,38,5,34
0.5999999999999998,0.37000000000000016,1503.604332789492,306.2453571076629,6.16891930973744e-06,-29.47059673228352,-25.18835560281644,-29.0680617253595,-22.2500848106693,0.0,4,834,2977.0,232.0,614.0,12,38,5,34
0.5999999999999998,0.4400000000000002,1831.3525113514693,380.89960674259913,4.804988199298478e-06,-20.04408089720161,-18.393644695272293,-19.08836798682287,-17.308413582392866,0.0,4,1258,4723.0,292.0,989.0,20,35,5,31
0.5999999999999998,0.45000000000000023,2274.086416838639,474.0621003623892,5.892615816858288e-06,-48.83381927404266,-42.10053606270269,-44.7424487136866,-39.88744849186969,0.0,4,1069,5984.0,233.0,1273.0,30,35,12,31
0.5999999999999998,0.48000000000000026,2522.816359828172,530.882461096616,6.065185700820655e-06,-27.003420325686708,-24.642720121735973,-24.488644054421066,-23.67675137469848,0.0,4,1591,7538.0,354.0,1628.0,33,32,30,29
0.5999999999999998,0.5000000000000002,2766.586925934192,599.6033584795869,8.312145620844736e-06,-7.492465797047313,-7.467416025284988,-7.16304076057353,-7.310822517277026,0.0,4,2682,9998.0,576.0,2228.0,24,26,23,23
0.5999999999999998,0.5200000000000002,2470.992074720866,520.6735021424975,5.416809085689531e-06,-8.1822731924483,-7.559402944896918,-7.592681957571449,-7.325702253914372,0.0,4,2490,8472.0,524.0,1839.0,40,31,37,28
0.5999999999999998,0.5400000000000003,2603.3992762668327,569.7657687594087,7.565746146465528e-06,-2.498808257171914,-2.658469085619191,-2.37184880563652,-2.604255717147932,0.0,4,3975,10999.0,841.0,2461.0,30,26,27,23
0.5999999999999998,0.5900000000000003,773.5317114650021,170.4373459335978,4.623985225205999e-06,0.878616861812856,0.8563263480667197,0.8903988624347479,0.8846145333836661,0.0156285762786865,19,6044,6887.0,1308.0,1447.0,28,30,20,26
0.5999999999999998,0.6700000000000004,1101.7234659866413,249.9702004711672,7.248839373385181e-06,0.918633949744638,0.9121214416479818,0.920601157850082,0.9170502654395264,0.0,11,11202,13781.0,2565.0,3082.0,22,23,18,20
0.5999999999999998,0.6800000000000004,1091.6983984867006,253.1466244751173,7.207808940473108e-06,0.9267458966075862,0.917462860725588,0.9284379752822742,0.921421483466384,0.0156245231628417,11,11765,14570.0,2701.0,3283.0,22,23,18,20
0.5999999999999998,0.7000000000000004,1049.9189084332725,256.47492005142453,8.185263877534903e-06,0.9450722746714194,0.9327872526819442,0.9460382341969508,0.934851481131511,0.0156266689300537,9,13367,16264.0,3156.0,3718.0,21,21,17,18
0.5999999999999998,0.7100000000000004,1072.449548152888,254.31823895793764,8.155160399881137e-06,0.9461844952272984,0.9386643375612604,0.947223879187976,0.940645427681028,0.0,10,13943,16718.0,3300.0,3840.0,21,22,18,19
0.5999999999999998,0.7300000000000004,1230.011748795073,297.79754941030427,9.636126213144755e-06,0.9408174126342208,0.9316182467421,0.9417009651690365,0.9328584185268024,0.0,8,15656,19446.0,3743.0,4611.0,19,20,17,17
0.5999999999999998,0.7500000000000004,1355.989094319362,348.5785576732528,1.1057173936677066e-05,0.9385194171417184,0.9199944597989452,0.9394025624855272,0.9212986009797512,0.0,8,17055,21791.0,4089.0,5296.0,19,19,16,16
0.5999999999999998,0.7600000000000005,1305.8861600627667,324.78934644661206,1.1114776084039678e-05,0.9467439094775916,0.936301559877183,0.9474872706845472,0.9377412456628652,0.0,8,17990,22373.0,4346.0,5446.0,19,18,15,16
0.5999999999999998,0.7800000000000005,1324.8777548201915,336.8310600931545,1.1817456111437489e-05,0.9516650789746296,0.9407352382938572,0.952341863419719,0.9415922641485368,0.0,8,19080,23927.0,4808.0,5925.0,19,18,16,16
0.5999999999999998,0.8000000000000005,1405.857894438424,364.2644082802833,1.259960731229394e-05,0.9519011116576788,0.940431976658422,0.952490089374609,0.9411047776724464,0.0,7,20766,26089.0,5326.0,6576.0,18,17,14,15
0.5999999999999998,0.8300000000000005,1315.793235546405,358.08471995697704,1.3887273998390558e-05,0.9654354963583838,0.9536510254784496,0.9658162956668912,0.9544668206421768,0.0156259536743164,7,23495,28521.0,6126.0,7393.0,16,16,13,13
0.5999999999999998,0.9100000000000006,1661.3261918688556,503.9940789125874,2.1231132119575023e-05,0.9623671589421902,0.9432810283403982,0.9626949068058788,0.9435747335721932,0.0,5,30271,37501.0,8543.0,11057.0,14,13,11,11
0.5999999999999998,0.9400000000000006,1624.867320899253,518.1930040763617,2.4156140693041334e-05,0.9688846010021388,0.9500648723599462,0.969121628684706,0.950469634539726,0.0156416893005371,5,32837,40040.0,9752.0,12299.0,13,12,10,10
0.5999999999999998,0.9500000000000006,1613.6728814790972,510.8997223680881,2.5069752497758536e-05,0.97046790121953,0.9539294943830716,0.9706862892479392,0.9543752814680656,0.0,5,33553,40908.0,10158.0,12499.0,13,11,10,10
0.5999999999999998,0.9800000000000006,1653.121696594053,574.1805483324329,3.358856080695574e-05,0.9728278049334712,0.9517765915761904,0.9729986882843672,0.9520141731922804,0.0,4,37052,44696.0,11671.0,15109.0,11,10,8,8
0.6099999999999998,0.21000000000000002,143.0351792392347,29.450700331231516,8.180628607855686e-06,-0.7362070090819068,-0.6875450073436784,-0.677805006967469,-0.1518389790942573,0.0065119266510009,4,385,377.0,126.0,113.0,8,8,4,5
0.6099999999999998,0.24000000000000005,339.2162996034634,68.34410484209056,8.44563567164624e-06,-6.299686842756293,-4.758363184930798,-6.052876736613429,-3.073055357411952,0.0,4,442,510.0,149.0,149.0,10,27,5,4
0.6099999999999998,0.26000000000000006,373.6231529451389,75.48785774326005,7.477570315959142e-06,-6.583656641170423,-5.84032666883751,-6.314116563395786,-3.4499237966574645,0.0,4,452,574.0,170.0,143.0,10,28,4,5
0.6099999999999998,0.2700000000000001,291.5154548504533,59.50262599247196,6.852325536491447e-06,-6.901221666518163,-5.953926101722656,-6.679170938049274,-3.9701035463828234,0.0,4,330,413.0,110.0,107.0,8,30,4,4
0.6099999999999998,0.3100000000000001,1163.0749116028596,235.80348014819455,8.764106523730635e-06,-53.183714287239184,-42.23109967520143,-52.06459212485797,-32.41201159035946,0.0,4,520,1991.0,165.0,407.0,9,42,5,38
0.6099999999999998,0.34000000000000014,1516.4417163764213,311.2841179426495,8.019772223651332e-06,-40.09135662194852,-38.86581417589928,-39.49509107289809,-31.63310973921369,0.0,4,739,2964.0,212.0,613.0,9,38,4,34
0.6099999999999998,0.38000000000000017,1048.1044596476695,212.24190208344817,4.662667891935045e-06,-13.92604421890842,-11.64955511559779,-13.66485960888203,-9.823350304651036,0.0156235694885253,4,839,1954.0,220.0,397.0,11,41,4,36
0.6099999999999998,0.3900000000000002,1909.5460002532889,392.59267748732486,6.377774740615767e-06,-47.99124925410784,-38.7278480964864,-46.96868367221203,-34.122628334782576,0.0,4,836,4266.0,224.0,894.0,13,36,5,32
0.6099999999999998,0.4200000000000002,1907.287318855412,396.3329040507908,5.985336236635535e-06,-21.40882496622279,-20.171218213276436,-20.772410726974964,-18.670856323624545,0.0156416893005371,4,1149,4797.0,286.0,1007.0,22,34,7,30
0.6099999999999998,0.45000000000000023,1941.7834827163404,402.867301353684,5.29120349992618e-06,-18.326802639878483,-15.943888304190557,-17.371236830163337,-15.069929626364544,0.0,4,1396,5193.0,311.0,1091.0,17,34,9,30
0.6099999999999998,0.48000000000000026,2457.013492450404,518.3355573371366,6.765007766410422e-06,-12.005056646759614,-10.587758694032296,-11.313723005299105,-10.289434037702575,0.0,4,2053,7996.0,459.0,1739.0,24,29,24,25
0.6099999999999998,0.5800000000000003,625.944817563135,139.55176502628413,3.1507193496400477e-06,0.919403128626176,0.9002074302065447,0.9276010330678112,0.9215307464696444,0.0065143108367919,18,6124,6371.0,1319.0,1331.0,26,27,23,24
0.6099999999999998,0.6700000000000004,1098.8406198649411,253.7621198743935,7.385424046267177e-06,0.9183335260991236,0.9079365644247772,0.920222745095121,0.9123404861042036,0.0,11,11233,13810.0,2551.0,3092.0,23,23,20,20
0.6099999999999998,0.6900000000000004,1168.366318383316,270.70747925730217,8.188495379816098e-06,0.9232465722835078,0.9156910393815674,0.9249799929663574,0.918445508005586,0.0,11,12418,15541.0,2962.0,3537.0,22,23,19,20
0.6099999999999998,0.7900000000000005,1252.1408796971273,311.4540932046215,1.148403881785597e-05,0.9594983852460652,0.9530027279745914,0.9600687607018572,0.9537656938929312,0.0156276226043701,8,19927,24447.0,5059.0,6039.0,18,18,16,15
0.6099999999999998,0.8000000000000005,1371.181987560642,363.54832841972217,1.2885332844538628e-05,0.9549569863366704,0.941254031210358,0.9554728723977284,0.9421504312476362,0.0,7,21068,26052.0,5383.0,6643.0,17,17,14,14
0.6099999999999998,0.8100000000000005,1444.8772727582552,382.1474269362264,1.3281466478146394e-05,0.9524648953391386,0.9389910337691184,0.95301435230799,0.9400519238610412,0.0,7,21385,27019.0,5478.0,6910.0,17,16,14,14
0.6099999999999998,0.8700000000000006,1518.8449909003152,433.4457069242512,1.7179440978769836e-05,0.9623866239318974,0.947791641112905,0.962736292110694,0.94840936948228,0.015629768371582,6,26867,33105.0,7308.0,9122.0,15,14,12,12
0.6099999999999998,0.8900000000000006,1546.0817634099874,454.2296377712349,1.8661608399601565e-05,0.9649493170014418,0.94869239601031,0.9652889279602358,0.9491296602662896,0.0,6,28571,35026.0,7788.0,9897.0,15,14,13,12
0.6099999999999998,0.9700000000000006,1764.4284721499291,589.3194344609155,3.2047777557246644e-05,0.9676924773877756,0.9456296250611738,0.9679023226962084,0.9458711728116,0.0156424045562744,4,35834,43972.0,11100.0,14270.0,12,10,9,8
0.6199999999999998,0.2,827.7834295575142,167.55021013614595,8.625829160960055e-06,-27.3362267852516,-20.827214162907964,-26.644373651359142,-15.535136878266975,0.0,4,520,1325.0,163.0,269.0,8,41,4,37
0.6199999999999998,0.2800000000000001,1104.049407295706,224.2594061572446,9.175154246551203e-06,-36.42182458569046,-30.3172262166402,-35.55011327095902,-22.48806547933384,0.0,4,577,1916.0,200.0,392.0,8,39,4,35
0.6199999999999998,0.2900000000000001,173.83085648602977,35.17101079013795,9.279593358544946e-06,-2.767782794968493,-2.0124053519500364,-2.604321615472761,-0.9811907665218929,0.0156278610229492,4,317,347.0,113.0,105.0,9,9,4,4
0.6199999999999998,0.3200000000000001,1350.794160700783,275.02634343519406,8.461806737161928e-06,-67.5342591617214,-61.17157265659783,-66.33544300868172,-47.95626494531837,0.0,4,514,2472.0,159.0,509.0,8,42,6,38
0.6199999999999998,0.34000000000000014,1321.0502214147652,269.1083076569729,6.579817211327949e-06,-41.430294231333846,-31.274618365710573,-40.76226403366311,-25.999164073612008,0.0156185626983642,4,662,2423.0,208.0,498.0,10,39,6,36
0.6199999999999998,0.4000000000000002,1893.914481305848,389.9876199958147,6.370212684309123e-06,-37.1498952655709,-30.291577062304185,-36.348994423207614,-27.68162125566908,0.0,4,925,4314.0,254.0,903.0,13,35,6,31
0.6199999999999998,0.4400000000000002,1938.88584039477,402.315252631565,5.172008026175894e-06,-19.45762643895669,-17.287745243330306,-18.6157954308877,-16.352901563604565,0.0,4,1257,5115.0,291.0,1076.0,20,34,5,30
0.6199999999999998,0.49000000000000027,1996.3441665329156,419.4429093055057,4.877937555872847e-06,-6.437717987894492,-5.88814021996438,-6.05357187266538,-5.707992764656206,0.0,4,2103,6626.0,469.0,1410.0,23,31,17,28
0.6199999999999998,0.5000000000000002,2408.856871439923,512.4177373003397,6.15082465925575e-06,-8.243423765311762,-7.884687207229309,-7.719380739050932,-7.677392374897961,0.0,4,2365,8299.0,522.0,1805.0,30,29,28,26
0.6199999999999998,0.5200000000000002,2121.976235925684,452.01624694251865,5.445788904219547e-06,-3.5925961032317177,-3.611295273714621,-3.346025247948808,-3.5005962937410926,0.0,4,2952,8102.0,627.0,1749.0,32,32,32,29
0.6199999999999998,0.5400000000000003,2346.424991254426,505.63345172169926,6.718721995681368e-06,-1.837043487787386,-1.8112333747394056,-1.7397700584731446,-1.772151008184148,0.015641450881958,4,4043,10201.0,889.0,2254.0,27,27,25,24
0.6199999999999998,0.7300000000000004,1124.7227985714408,265.5804342058485,9.280388866653207e-06,0.9502367749379006,0.9455386447983634,0.9510265899793522,0.947063353184008,0.0,9,15526,18858.0,3737.0,4425.0,20,20,15,17
0.6199999999999998,0.7500000000000004,1243.6178420063463,311.1397002047123,1.0531315550119774e-05,0.9486311308886156,0.937252218768169,0.9493729362108848,0.9383385571921694,0.0,8,17164,21367.0,4185.0,5155.0,19,19,15,16
0.6199999999999998,0.7700000000000005,1386.0958856976042,346.703278097393,1.1709432809879091e-05,0.9441555152832996,0.9333740669641868,0.9449305392868912,0.9347343069626004,0.0,8,18594,23505.0,4597.0,5794.0,18,18,14,15
0.6199999999999998,0.8000000000000005,1413.8713421110886,372.05507454491686,1.2819700030891356e-05,0.9520991784058926,0.9385806178224322,0.9527009824779163,0.9392790130736224,0.0,7,21011,26323.0,5401.0,6656.0,18,17,15,15
0.6199999999999998,0.8100000000000005,1529.0503096570649,410.4323579228465,1.401057369294662e-05,0.9469705300549528,0.9300612852459276,0.9476340722739728,0.9307634159454826,0.0,7,21637,27502.0,5732.0,7122.0,18,17,14,14
0.6199999999999998,0.8200000000000005,1478.700984699252,378.8842135954307,1.3933317907771792e-05,0.952447430590342,0.9444796653379464,0.9530065439759056,0.9451939539679934,0.0,7,22216,27996.0,5830.0,7265.0,17,16,14,14
0.6199999999999998,0.8400000000000005,1435.543540985266,394.4111304019528,1.490201227720189e-05,0.960735653130938,0.947746472896234,0.961173647627461,0.948490478398444,0.0166490077972412,7,24175,29797.0,6427.0,7915.0,16,16,13,13
0.6199999999999998,0.9300000000000006,1598.3678253966318,491.1216914263446,2.287998483051561e-05,0.9687243690280924,0.9530005762727224,0.9689654975676568,0.9534113746547632,0.0,5,32519,39227.0,9608.0,11841.0,13,12,10,10
0.6199999999999998,0.9500000000000006,1580.3810799597472,516.0461933627749,2.5742779506419857e-05,0.97189737272409,0.9535080413902453,0.9721003820680624,0.9539469865286804,0.0,5,33879,41164.0,10293.0,12597.0,13,11,10,10
0.6199999999999998,0.9600000000000006,1724.830770684475,588.452021196291,3.131173520413883e-05,0.9679262672158728,0.943573575743656,0.9681399427373776,0.9437999013544764,0.0156257152557373,4,35077,43005.0,10880.0,14035.0,12,10,9,9
0.6199999999999998,0.9700000000000006,1714.0420642203233,570.0441777470702,3.255970157940776e-05,0.9696174898755788,0.9500063937185996,0.9698122299631822,0.950227579601682,0.0,4,35960,44026.0,11261.0,14420.0,12,10,9,8
0.6199999999999998,0.9900000000000007,1585.0913978642789,533.6526940967005,3.511493217380502e-05,0.9763346137709796,0.9613358049312828,0.9764723273951718,0.96159908235366,0.0156207084655761,4,38180,45563.0,12581.0,14848.0,11,9,8,8
0.6299999999999997,0.21000000000000002,308.3904789386339,62.47374448518353,1.0199342296905337e-05,-9.364769710630595,-7.089760278809592,-8.992540221040127,-4.489732456034961,0.0,4,346,445.0,121.0,121.0,7,30,5,4
0.6299999999999997,0.25000000000000006,220.52385547448907,44.302816878087256,1.1871159925722911e-05,-3.2350945839229004,-2.863531860251129,-3.081621019791248,-1.4660853226807276,0.0,4,368,386.0,134.0,112.0,8,10,4,4
0.6299999999999997,0.26000000000000006,265.7989332496778,53.82281889062792,7.161006531199017e-06,-4.278025426521158,-4.016948541018356,-4.131776494460357,-2.3998917568316127,0.0,4,386,413.0,146.0,118.0,8,19,4,4
0.6299999999999997,0.3000000000000001,956.7340278259156,193.6661915513392,8.596925326039218e-06,-41.906578431092456,-33.575042108418714,-40.85422407388642,-24.9926658704684,0.0,4,501,1524.0,159.0,310.0,9,44,4,40
0.6299999999999997,0.3100000000000001,1094.6368023991645,221.4012195088365,7.428319397018519e-06,-61.81921020157719,-53.454292178995,-60.39439909989225,-39.90168430653872,0.0156295299530029,4,444,1813.0,138.0,370.0,8,46,3,42
0.6299999999999997,0.3200000000000001,821.8144369320851,166.35194242929657,6.695183794076617e-06,-19.285168477938864,-18.52243034179437,-18.83193703636189,-13.284862397555258,0.0,4,578,1303.0,195.0,264.0,9,42,4,38
0.6299999999999997,0.3300000000000001,882.5576232367682,179.33523078302267,6.658273880250533e-06,-21.339443982342598,-20.73340259155181,-20.960002082664115,-16.120570266459833,0.0,4,588,1436.0,165.0,291.0,11,44,4,39
0.6299999999999997,0.34000000000000014,1084.3452805725674,219.74203626070275,5.1361964250166655e-06,-30.884758515622952,-24.81681511036466,-30.342639515886145,-20.127567480452647,0.0,4,622,1869.0,190.0,381.0,10,42,4,38
0.6299999999999997,0.37000000000000016,1508.982673304546,307.469053320818,6.019251664205265e-06,-52.01289990542881,-48.16905524848784,-51.09307017716864,-40.17250530785562,0.0,4,647,2874.0,175.0,592.0,10,41,7,37
0.6299999999999997,0.46000000000000024,2057.216325624669,429.0610145033765,5.317601737922833e-06,-16.19557332252588,-14.350867182884322,-15.287542070077894,-13.79260510447671,0.0,4,1542,5858.0,322.0,1242.0,25,32,6,29
0.6299999999999997,0.47000000000000025,2368.208917972962,500.4967740488777,6.285756083409943e-06,-15.832472176027752,-14.684492050291755,-14.987159579606852,-14.071201211020014,0.0,4,1707,7223.0,374.0,1556.0,23,30,10,26
0.6299999999999997,0.49000000000000027,1944.092234073099,406.021538324426,4.752205981372032e-06,-7.133701016977199,-6.40498376263715,-6.692749978895486,-6.20757588653092,0.0,4,2038,6360.0,443.0,1349.0,33,32,19,29
0.6299999999999997,0.5000000000000002,2664.1170246130955,577.6402427116726,7.591515492291307e-06,-6.718525394218735,-6.823719003985115,-6.411632953026918,-6.665106574100416,0.0,4,2710,9730.0,598.0,2161.0,23,26,22,23
0.6299999999999997,0.5100000000000002,2341.804579272148,500.51757586522376,6.530106259090079e-06,-4.245170549305295,-4.020332443345134,-4.024824058215796,-3.93160236002935,0.0,4,3030,8882.0,637.0,1940.0,28,28,21,24
0.6299999999999997,0.5400000000000003,2263.052757062901,487.9257115586347,6.316440030799536e-06,-1.7200255729703071,-1.7383865549272626,-1.616195988862141,-1.694030779676361,0.0,4,4014,9880.0,852.0,2176.0,29,28,28,25
0.6299999999999997,0.5500000000000003,2575.95580764047,560.6935158801108,7.5885385873154e-06,-1.6997789386882567,-1.6866770692509243,-1.6085591212853738,-1.6485717602987515,0.0156264305114746,4,4449,11582.0,982.0,2606.0,28,25,23,22
0.6299999999999997,0.5900000000000003,651.0213152740672,154.3989484877331,4.125332079827264e-06,0.9329034491210156,0.9078586324445416,0.9373070063308492,0.9223552786032836,0.0,15,6936,7428.0,1512.0,1566.0,26,26,18,22
0.6299999999999997,0.6000000000000003,631.3313942865226,143.70046461098087,4.070567975646038e-06,0.9408771540538504,0.9279785495943236,0.9444568674285182,0.9380893601147138,0.0156395435333251,15,7135,7668.0,1587.0,1618.0,24,26,22,22
0.6299999999999997,0.6800000000000004,1153.688642202075,263.41160596546115,8.141360605974469e-06,0.920515511374839,0.9151633065173128,0.9222982496234576,0.9188003340494424,0.0,11,11984,14984.0,2830.0,3396.0,22,23,19,20
0.6299999999999997,0.7000000000000004,1264.9240606142644,307.2312369649821,9.020542371889156e-06,0.922192893280928,0.9065916502596852,0.9234938940770752,0.9089736577074315,0.0,9,13656,17424.0,3163.0,4055.0,21,21,16,18
0.6299999999999997,0.7200000000000004,1197.8422083246007,283.3796040649362,9.369112292154084e-06,0.9392736635389684,0.932766843570121,0.940338969914694,0.934265288917569,0.0,9,14914,18406.0,3528.0,4315.0,21,21,17,18
0.6299999999999997,0.7400000000000004,1323.7086939813228,329.953949356046,1.0692574113454451e-05,0.9384133979045068,0.9255013321396708,0.9393122509907266,0.926998905593554,0.0,8,16623,21081.0,4155.0,5092.0,19,19,15,16
0.6299999999999997,0.7500000000000004,1329.2567063228787,334.8253925231192,1.1120710977218866e-05,0.9422155394325118,0.9287775474077828,0.9430329938537454,0.9298782646087884,0.0,8,17466,21980.0,4179.0,5366.0,19,19,17,16
0.6299999999999997,0.7600000000000005,1389.567883633544,352.5885384117794,1.176400990836808e-05,0.941431269329182,0.9278082927691887,0.9421872939846286,0.928799344942817,0.0,7,18237,23171.0,4470.0,5734.0,18,18,15,15
0.6299999999999997,0.8200000000000005,1587.411749934398,423.1595820903665,1.5008570462556697e-05,0.9464546394067772,0.9315289304246936,0.9470345450862576,0.9320986425598916,0.0156373977661132,6,22846,28906.0,5951.0,7654.0,16,15,13,13
0.6299999999999997,0.8300000000000005,1434.9500272292278,382.1025027144485,1.4677910617370754e-05,0.9584847202083588,0.9481180039864489,0.958944717927496,0.9488360531864356,0.0156254768371582,7,23417,29101.0,6267.0,7618.0,16,16,13,13
0.6299999999999997,0.8900000000000006,1671.4663811031005,470.8031882913105,2.0067577645411172e-05,0.9587105360451932,0.9461383760799456,0.9590595063833304,0.9464540948666018,0.0,5,28688,35892.0,8127.0,10347.0,14,13,11,11
0.6299999999999997,0.9800000000000006,1635.5302083728077,576.306586158791,3.3792388873246915e-05,0.973527735177587,0.9519660165657734,0.973687673978168,0.9522212349012442,0.0,4,37318,44600.0,11728.0,15116.0,11,10,8,8
0.6299999999999997,0.9900000000000007,1465.332794254147,497.8459224499082,3.37613704374809e-05,0.97993473186541,0.9666490957531972,0.9800445161018236,0.9669704264102292,0.0,4,38333,45431.0,12648.0,14879.0,11,9,8,7
0.6399999999999997,0.23000000000000004,295.72810922084045,60.840895648678064,8.816166265622975e-06,-5.110027665400724,-4.997354517818329,-4.876669368708805,-2.8982782544954637,0.0,4,415,462.0,137.0,122.0,8,20,4,4
0.6399999999999997,0.26000000000000006,834.6480483313511,169.16387518222282,1.0235107718307126e-05,-33.60565795970969,-27.5695076183506,-32.65637396731216,-20.42663046445466,0.0,4,479,1340.0,154.0,272.0,8,41,6,36
0.6399999999999997,0.3100000000000001,1326.2324339081742,272.29640712527464,1.0006815796355056e-05,-39.71735218224492,-36.13068537703689,-38.9844581415825,-27.933989126063647,0.0,4,673,2528.0,205.0,521.0,9,37,4,33
0.6399999999999997,0.3200000000000001,1273.443747939683,259.01876138612045,8.299729042604313e-06,-53.33810765492659,-44.71154447262001,-52.4264956089599,-35.578443947092964,0.0,4,559,2262.0,171.0,464.0,9,41,6,37
0.6399999999999997,0.3300000000000001,1085.6655216962542,219.2771267901268,6.803730502047444e-06,-35.64449549417821,-28.13659183201128,-35.031321301428875,-22.982926921143523,0.0,4,575,1802.0,159.0,367.0,11,44,7,39
0.6399999999999997,0.35000000000000014,1277.8974715980412,260.0676394389224,6.228351396200684e-06,-30.710210100541783,-24.943927474219056,-30.2119315163027,-21.029750277154104,0.0156259536743164,4,695,2362.0,212.0,484.0,11,40,6,36
0.6399999999999997,0.36000000000000015,1310.6428050769591,268.32171299890484,5.886491475237863e-06,-23.053203792458405,-20.789942264808435,-22.692590428065085,-17.37925136000894,0.0156335830688476,4,838,2489.0,233.0,510.0,11,39,7,35
0.6399999999999997,0.38000000000000017,1263.028494993944,256.52824324688567,4.629203958139721e-06,-19.89246273301669,-16.405042011597544,-19.55133252252645,-14.195836467037363,0.0,4,853,2414.0,229.0,494.0,13,40,5,36
0.6399999999999997,0.4000000000000002,2270.1099987115163,473.4936861599459,7.99604667894058e-06,-42.2045650174472,-34.6643150208011,-41.27170906675118,-31.246385106198854,0.0156254768371582,4,1055,5677.0,287.0,1213.0,13,31,8,27
0.6399999999999997,0.48000000000000026,2643.7870052571684,564.4822941569263,7.591088995009217e-06,-13.525834795627166,-12.64913479972255,-12.810052475368888,-12.313415610375117,0.0156230926513671,4,2050,8704.0,439.0,1912.0,27,28,20,24
0.6399999999999997,0.5900000000000003,667.5823651698075,157.49727888805845,4.368069320838144e-06,0.9265655127339112,0.901142374377244,0.931633600544134,0.9172866520334322,0.0,16,6840,7265.0,1549.0,1531.0,26,27,20,23
0.6399999999999997,0.6900000000000004,1130.7422242835798,265.8478888387117,8.083131813552151e-06,0.929945057982688,0.9211111477657964,0.931274166552686,0.9235604161106132,0.0156242847442626,10,12855,15632.0,3002.0,3562.0,22,22,18,19
0.6399999999999997,0.7300000000000004,1219.071522831117,291.9775105494714,9.925818938268375e-06,0.9428483212478646,0.9356197484520108,0.943988526271996,0.9369004358459908,0.0156264305114746,10,15748,19567.0,3813.0,4639.0,21,21,18,19
0.6399999999999997,0.7400000000000004,1296.033371483929,325.6654558445442,1.0699456411591355e-05,0.9416686110946144,0.9284306492050476,0.9424887098119614,0.9299531488851968,0.0,8,16736,21047.0,4116.0,5091.0,19,19,16,16
0.6399999999999997,0.7500000000000004,1240.8914397389449,298.0950752914973,1.057541739674317e-05,0.9494534479040218,0.9442854420484774,0.9501588369989226,0.9455834535019628,0.015627384185791,8,17341,21344.0,4319.0,5141.0,18,18,15,16
0.6399999999999997,0.7700000000000005,1195.2397840200715,305.183177352767,1.120774382806581e-05,0.9596295929341068,0.9500653509782866,0.9601651340302207,0.9511389428609957,0.0,8,18912,23079.0,4761.0,5655.0,18,18,15,15
0.6399999999999997,0.7800000000000005,1257.3670212340376,328.0485614899907,1.2151220222811205e-05,0.9582813136155698,0.9462776431404104,0.958838064099824,0.9474661724608472,0.0,8,19813,24181.0,5011.0,6043.0,18,18,15,15
0.6399999999999997,0.8100000000000005,1463.48562045902,386.9582650942233,1.4149705278484368e-05,0.9522319114306296,0.9395815423718682,0.9527982346120746,0.9403824616701836,0.0156412124633789,7,22118,27721.0,5824.0,7202.0,17,16,14,14
0.6399999999999997,0.8200000000000005,1657.6179172458496,439.8532879195256,1.5454136482363878e-05,0.9417687960508004,0.9269788404851896,0.9423816073638552,0.9276279044106124,0.0,6,22805,29390.0,5904.0,7822.0,16,15,14,13
0.6399999999999997,0.8300000000000005,1566.312718429782,426.95320885688574,1.5626319405431448e-05,0.9517520654514984,0.935749873338338,0.9522392559362338,0.9365275501420413,0.0,6,23733,29948.0,6288.0,7936.0,16,15,13,13
0.6399999999999997,0.8400000000000005,1585.9878021317309,438.3037904991895,1.6273695927498058e-05,0.9529768578914114,0.9367245325393831,0.9534495797514732,0.9373491248195802,0.0065114498138427,6,24561,30887.0,6616.0,8321.0,16,15,12,12
0.6399999999999997,0.8700000000000006,1540.9150258924976,447.3151823272104,1.814930523365625e-05,0.9622601469325224,0.9456145991220908,0.9626311319252112,0.9461291530344628,0.0,6,27178,33697.0,7438.0,9410.0,15,14,12,12
0.6399999999999997,0.9300000000000006,1738.4403112530133,537.6821013435942,2.5163246062006704e-05,0.9627165610467692,0.9442290171728508,0.9630320701897718,0.9445298263499706,0.0,5,32265,40051.0,9482.0,12304.0,13,12,10,10
0.6399999999999997,0.9400000000000006,1551.615127943511,505.2868283929123,2.46819796531752e-05,0.9721814257559844,0.9533578692798416,0.972387514708744,0.9537361888466052,0.0,5,33359,40089.0,9988.0,12385.0,13,12,10,10
0.6399999999999997,0.9500000000000006,1808.951198208509,618.50018526001,3.1046829087694434e-05,0.9634471073787338,0.9340005700253068,0.9637014164288836,0.934246810962996,0.0,4,34468,42432.0,10468.0,14037.0,12,11,9,9
0.6399999999999997,0.9700000000000006,1662.3845103996448,553.8328004310807,3.215527541521493e-05,0.9717030772755604,0.9530940430402234,0.9718814049832974,0.9533357450723372,0.0,4,36203,44025.0,11502.0,14521.0,11,10,9,8
0.6399999999999997,0.9800000000000006,1509.3069912214678,515.7553421116128,3.280290350242816e-05,0.9777075393598303,0.9620691629148114,0.9778349773181112,0.9623609296332136,0.0,4,37627,44319.0,11970.0,14711.0,11,10,8,8
0.6499999999999997,0.2900000000000001,695.0816873456913,141.19220794127887,7.778074603817587e-06,-15.614858061725236,-13.64507026355889,-15.180014404692766,-9.777521937475289,0.0100622177124023,4,562,1074.0,170.0,217.0,9,39,3,35
0.6499999999999997,0.3000000000000001,857.6546750683906,174.0568633138799,7.348059232199032e-06,-34.241779299369014,-30.81392626894039,-33.40486720717156,-22.493009115791192,0.0,4,482,1333.0,149.0,270.0,9,45,5,40
0.6499999999999997,0.4300000000000002,2053.1799700911106,424.0123696112336,5.248919249371845e-06,-98.83659351418687,-77.51617369531031,-89.31460933559246,-70.476152181334,0.0,4,772,4820.0,189.0,1012.0,17,38,8,35
0.6499999999999997,0.4400000000000002,1759.5536247393352,363.49472715111926,4.778136255346217e-06,-18.285221485308856,-15.65345050392773,-17.368010646622732,-14.579631247132092,0.0,4,1246,4569.0,286.0,954.0,19,35,7,31
0.6499999999999997,0.47000000000000025,2130.2717989730795,444.5886910017692,5.447317379347148e-06,-14.01493635006858,-12.271393365150995,-13.119639380740518,-11.874168217769514,0.0,4,1657,6442.0,364.0,1373.0,28,32,17,29
0.6499999999999997,0.5400000000000003,2470.0160783046194,534.9591592666989,7.463970327468848e-06,-1.8390752816414853,-1.828602004471296,-1.7456201473571755,-1.7903933364784663,0.0020246505737304,4,4237,10912.0,946.0,2437.0,25,26,23,23
0.6499999999999997,0.6200000000000003,951.7763441598692,214.0423507322248,6.639090738411674e-06,0.8970896767062825,0.8855870433504723,0.9011135575272264,0.8944944150970501,0.0100107192993164,14,8250,9884.0,1883.0,2137.0,25,27,22,23
0.6499999999999997,0.6900000000000004,1081.875345747496,260.68557120210363,8.165834271060848e-06,0.9387698614286512,0.9276318212359796,0.9398020741251024,0.9298291217081012,0.0,9,13035,15940.0,3128.0,3642.0,20,21,17,18
0.6499999999999997,0.7000000000000004,1125.0129530118506,271.7978006615293,8.84165982801178e-06,0.9396565901149816,0.927355563634741,0.9407985018635548,0.9301666180473344,0.015629768371582,10,13789,17041.0,3228.0,3941.0,21,21,18,18
0.6499999999999997,0.7300000000000004,1366.8216821771468,327.5303338092785,1.036519763994434e-05,0.9278114303281756,0.919859702875452,0.928853961231617,0.9213027313175424,0.0,8,15735,20165.0,3819.0,4804.0,19,19,15,16
0.6499999999999997,0.7400000000000004,1179.0258038541167,294.1374613235216,9.99457264996811e-06,0.9511653512218232,0.9408608396278324,0.951950851350533,0.9422730657918212,0.0,9,16552,20299.0,4121.0,4854.0,19,20,16,17
0.6499999999999997,0.7600000000000005,1354.0573971522067,344.26072336555313,1.1662263117346791e-05,0.9445808312584778,0.9315479324028846,0.9453231515236078,0.9331034280825672,0.0,8,17997,22905.0,4491.0,5632.0,18,18,16,15
0.6499999999999997,0.7700000000000005,1350.2001824206277,341.6713555705121,1.1870939328599564e-05,0.9482059410718634,0.937606987590073,0.9489248048496912,0.9387714040075076,0.0140011310577392,8,18844,23719.0,4711.0,5865.0,18,18,15,15
0.6499999999999997,0.7800000000000005,1378.9754339044,361.7929366809944,1.2437668875622232e-05,0.9501019565125346,0.9354600251159156,0.9507172175276866,0.9362660477166984,0.0,7,19825,24979.0,5028.0,6257.0,18,17,15,15
0.6499999999999997,0.8100000000000005,1425.7917212054726,381.62768265947767,1.4083608225869984e-05,0.9553041870893654,0.9416804353162171,0.9558239952898752,0.9424743710387846,0.0,7,22230,27656.0,5797.0,7163.0,17,16,14,14
0.6499999999999997,0.8300000000000005,1561.794756110755,399.1459430721647,1.5221733364861006e-05,0.9513325704556154,0.9439203091056052,0.9519326407158678,0.94458876035961,0.0,7,23529,29628.0,6246.0,7822.0,17,16,14,14
0.6499999999999997,0.9200000000000006,1641.615603444876,517.0278522478262,2.3745631008767906e-05,0.96599531931187,0.9457613010765176,0.9662674401813464,0.9461137319451024,0.0,5,31575,38971.0,9327.0,11765.0,13,12,10,10
0.6499999999999997,0.9500000000000006,1728.120070818769,573.1474050509753,2.89653860691911e-05,0.9668462430047072,0.9434925163092948,0.9670723160871484,0.943712995715175,0.0,4,34339,42079.0,10350.0,13670.0,12,11,9,9
0.6499999999999997,0.9700000000000006,1654.968557732543,556.7480728899443,3.1383847674839394e-05,0.971887500848294,0.9523808468870294,0.9720560776728469,0.9526967061669698,0.0,4,36122,43819.0,11218.0,14502.0,11,10,9,8
0.6499999999999997,0.9800000000000006,1753.1877692268636,588.8282325941921,3.5748942376404766e-05,0.9695574767792224,0.9499870461862224,0.969744551087534,0.950233448587039,0.0,4,37167,45013.0,11865.0,14938.0,11,10,8,8
0.6599999999999997,0.2,196.7798050275146,40.04593716387885,8.276250150002707e-06,-2.523227801003975,-2.1561974660707697,-2.3606999959091266,-0.9592519175987408,0.0,4,374,395.0,125.0,123.0,7,9,3,4
0.6599999999999997,0.22000000000000003,153.4227886701755,30.62049286561752,7.605972653246317e-06,-1.3491780600706789,-0.8626855479086037,-1.250424323358494,-0.2494636638598355,0.014017105102539,4,346,361.0,116.0,113.0,9,8,4,4
0.6599999999999997,0.23000000000000004,193.19425672967955,39.76493430146717,6.1914003129634805e-06,-1.1153433645180146,-1.0950176051174738,-1.028943773595011,-0.3287903525968838,0.0,4,451,465.0,153.0,129.0,9,8,3,4
0.6599999999999997,0.2700000000000001,350.11907200741484,70.56675326714888,1.120002739314522e-05,-14.604887349886145,-11.68107863452246,-14.040991292076036,-7.7248346645583155,0.0,4,311,480.0,110.0,98.0,9,38,4,5
0.6599999999999997,0.3000000000000001,783.7639485733785,158.30324275474166,7.579748225368498e-06,-26.80432745291764,-22.128248651899774,-26.226339124387724,-16.674958247239232,0.0,4,503,1199.0,167.0,243.0,10,45,4,41
0.6599999999999997,0.45000000000000023,1925.1753843264944,400.643895810232,5.359248627333261e-06,-11.71389923778325,-10.530425405268254,-11.17281872468171,-10.027285389325302,0.0,4,1612,5578.0,359.0,1178.0,21,32,10,29
0.6599999999999997,0.46000000000000024,2031.8656913044229,427.2951872925008,5.534451064099872e-06,-13.782453884172106,-12.588827357683996,-12.999216088359836,-12.005927212650036,0.0140018463134765,4,1613,5968.0,345.0,1265.0,23,32,6,28
0.6599999999999997,0.47000000000000025,2431.819389195396,516.2671506432821,6.909765147451828e-06,-11.967631744725203,-11.118689943617404,-11.393875659572116,-10.777914328547489,0.0020084381103515,4,2038,7802.0,444.0,1697.0,22,28,19,25
0.6599999999999997,0.48000000000000026,2360.155852021924,502.8144538495289,6.685989402984936e-06,-7.278399319818472,-6.927221455867284,-6.954975414801752,-6.756596923756662,0.0,4,2315,8121.0,498.0,1767.0,26,28,21,24
0.6599999999999997,0.5100000000000002,2143.3247124308223,453.8441362406261,5.814517481494054e-06,-3.304938843938296,-3.059191867596196,-3.130349776759603,-2.983008432212237,0.0,4,2938,8233.0,643.0,1785.0,29,28,21,25
0.6599999999999997,0.5200000000000002,2393.019268361624,512.4428118499338,6.5146307024316345e-06,-3.629212671956777,-3.5120062527115774,-3.432480397070344,-3.434057508507358,0.0,4,3198,9354.0,689.0,2053.0,27,28,27,24
0.6599999999999997,0.5900000000000003,708.5229502876653,158.59241538253798,4.143938734507673e-06,0.9145330121301044,0.8977615864706849,0.9213621667394614,0.9154509099584278,0.0140092372894287,17,6687,7373.0,1449.0,1557.0,25,28,20,24
0.6599999999999997,0.6000000000000003,779.2097950885274,174.5452936168991,4.650956486719746e-06,0.913441178003808,0.8983413708180297,0.9184774974216272,0.911386160058164,0.0,16,7436,8091.0,1617.0,1720.0,26,28,24,24
0.6599999999999997,0.6200000000000003,915.218419730478,213.09914168303567,5.537959501942901e-06,0.9076369316805812,0.8873868053550129,0.9114178363355492,0.8981443529268622,0.0,14,8457,10037.0,1904.0,2172.0,24,26,21,23
0.6599999999999997,0.6700000000000004,1068.589896389942,263.6984810136169,8.062880421818466e-06,0.9305605531440462,0.909835595517012,0.931944037759621,0.9138207463683624,0.0,10,11794,14649.0,2706.0,3312.0,21,22,17,19
0.6599999999999997,0.6800000000000004,1132.9738585002497,271.1929326910512,8.390037522432697e-06,0.9269629044339072,0.9142680455088692,0.928554425079815,0.9171062895385734,0.0,11,12383,15362.0,2906.0,3501.0,22,23,19,20
0.6599999999999997,0.7400000000000004,1196.099880408423,302.2695852610928,1.2376612517655663e-05,0.9514455895507518,0.9398484325501943,0.9521244049694848,0.941005337881438,0.0,8,17069,20948.0,4125.0,5050.0,19,19,16,16
0.6599999999999997,0.7500000000000004,1318.2677822249066,334.2414513881948,1.1127088465987725e-05,0.9436525642256453,0.9300666538970728,0.9444326092374592,0.9312600355509042,0.0139989852905273,8,17501,22023.0,4249.0,5394.0,19,19,16,16
0.6599999999999997,0.7700000000000005,1205.690123503151,312.6566737688065,1.1400272295978838e-05,0.959264319705228,0.9475304951868276,0.959799000832524,0.9487294706209648,0.0140109062194824,8,18991,23198.0,4680.0,5709.0,18,18,15,15
0.6599999999999997,0.7800000000000005,1472.3931717356995,390.0345859803584,1.2940806813676732e-05,0.9424912143289088,0.9234536086992332,0.9433388998069774,0.9244462121452608,0.0140004158020019,8,19542,25133.0,4868.0,6325.0,19,18,16,16
0.6599999999999997,0.7900000000000005,1474.362114665624,388.0309404579591,1.3551354710696006e-05,0.94566363848344,0.931121520579536,0.9463612940915382,0.9317830056558812,0.0,7,20515,26137.0,5255.0,6651.0,18,17,15,15
0.6599999999999997,0.8500000000000005,1477.3047014245449,418.7906220372933,1.666269501128759e-05,0.9620845333295984,0.946709920630488,0.9624361866847768,0.9474314812574716,0.0,6,25695,31757.0,6843.0,8642.0,15,14,12,12
0.6599999999999997,0.8600000000000005,1508.5394666963955,440.4695075675208,1.739470051700891e-05,0.9621279836593049,0.944230709333759,0.9625519712228964,0.9449681458096744,0.0140011310577392,7,26472,32602.0,7174.0,8966.0,16,15,13,13
0.6599999999999997,0.9000000000000006,1681.5893234174564,495.5609474439839,2.0947459321222432e-05,0.9603376429553176,0.9437230782341116,0.9606743317628408,0.9440763059277067,0.0,5,29395,36720.0,8434.0,10720.0,14,13,11,11
0.6599999999999997,0.9200000000000006,1669.871176878151,519.069085757834,2.331746601361035e-05,0.964530065871518,0.9452842709966672,0.9648102560750332,0.9456428053295324,0.0,5,31451,38982.0,9274.0,11775.0,13,12,10,10
0.6599999999999997,0.9300000000000006,1523.9268838656335,467.69024837070594,2.3287992894943055e-05,0.9721264134304964,0.95829289046764,0.9723272953473006,0.9587836255595614,0.0,5,32569,39096.0,9772.0,11773.0,13,11,10,10
0.6599999999999997,0.9600000000000006,1651.3581752353623,551.0535364191032,3.1495858520412384e-05,0.9711510433483608,0.9513461125931684,0.9713328074486184,0.9515779901214606,0.0,4,35711,43283.0,10944.0,13864.0,12,10,9,8
0.6599999999999997,0.9800000000000006,1540.1431988346624,531.3764359347022,3.372893663641709e-05,0.9770090556415664,0.9600689406580624,0.9771439210954176,0.9603681420489676,0.0,4,37714,44486.0,12205.0,14652.0,11,9,8,8
0.6599999999999997,0.9900000000000007,1440.2371657994388,496.8707284931699,3.309142767108174e-05,0.9806126633827128,0.9670769116635072,0.9807156981818906,0.9674756582161588,0.0,4,38527,45344.0,12599.0,15080.0,10,9,8,7
0.6699999999999997,0.2,212.95470958242117,43.22169112070157,8.323957272395915e-06,-2.608144400741756,-2.191952144478733,-2.44391927115264,-1.087157404713413,0.0140101909637451,4,410,420.0,128.0,120.0,7,9,6,5
0.6699999999999997,0.22000000000000003,291.10590140588585,58.654177174349655,8.633497545742621e-06,-10.353892814989832,-8.794293371737094,-9.814659245326778,-4.97439513929854,0.014003038406372,4,308,393.0,111.0,101.0,9,35,4,4
0.6699999999999997,0.23000000000000004,180.9850649915622,37.00295596300382,7.386176025062704e-06,-1.4291810583562214,-1.3444903625540596,-1.3232574865121882,-0.490243437605969,0.0140018463134765,4,407,418.0,140.0,120.0,9,8,3,4
0.6699999999999997,0.24000000000000005,398.0178361790671,80.26025375821666,1.1510331456123927e-05,-17.847897706196953,-16.627769353218522,-16.927608314779256,-9.906526872139793,0.0140027999877929,4,316,553.0,110.0,111.0,8,41,3,35
0.6699999999999997,0.4100000000000002,1957.8745198343704,407.1001745066358,6.277910589778739e-06,-31.826869330993866,-29.128648466552864,-30.838479193656983,-27.016312506868648,0.0,4,1025,4722.0,260.0,993.0,13,35,5,31
0.6699999999999997,0.4200000000000002,2120.393932052092,440.66345576868525,6.557815728516879e-06,-22.439074580440423,-18.8808708578819,-21.804211429382125,-17.66167933812227,0.0,4,1263,5613.0,319.0,1193.0,16,31,7,27
0.6699999999999997,0.4400000000000002,1695.690048205548,348.394292911542,4.212503223990407e-06,-28.50096221098408,-23.870545857361424,-26.475784738245608,-22.429496459047417,0.0,4,1024,4200.0,227.0,874.0,22,39,17,35
0.6699999999999997,0.5000000000000002,2264.779457162073,482.9228069785067,6.284272339849294e-06,-4.234284194225231,-4.066485356955192,-4.030676300619389,-3.961841945317895,0.0,4,2753,8444.0,616.0,1838.0,27,28,20,24
0.6699999999999997,0.5100000000000002,2342.4520961839685,505.9290546443576,6.9497888651494925e-06,-3.2843904297727766,-3.317749586342579,-3.128394631651708,-3.246940481195277,0.0,4,3175,9194.0,686.0,2017.0,25,27,20,24
0.6699999999999997,0.5300000000000002,2365.8604517349145,510.61168383289726,6.565780258394287e-06,-2.5652680949565254,-2.5937518089642784,-2.4203431606701504,-2.534478973764569,0.0,4,3672,9808.0,764.0,2164.0,29,28,28,25
0.6699999999999997,0.5400000000000003,2449.34812756374,538.362728170639,7.780023002933166e-06,-1.5109708768101924,-1.647905655607898,-1.4306037278941195,-1.6139959211276644,0.0,4,4396,11134.0,935.0,2497.0,28,26,22,23
0.6699999999999997,0.5500000000000003,2484.3109352326787,546.1679000087794,8.266975029382566e-06,-1.0734308125101082,-1.1200738285255558,-1.016718813515174,-1.096037990668636,0.0,4,4794,11859.0,1079.0,2678.0,26,24,21,21
0.6699999999999997,0.5700000000000003,430.7697849140962,106.01838866053951,3.1703783526358443e-06,0.9563717675851732,0.9320899740313752,0.9625422881943606,0.9505292073130476,0.0,21,5684,5714.0,1250.0,1230.0,26,28,24,22
0.6699999999999997,0.6000000000000003,811.6943892926669,188.5910250055492,5.2482358511393095e-06,0.9149331890247951,0.8949390144496406,0.9185697152759064,0.9063194043295976,0.014000654220581,13,7727,8865.0,1731.0,1895.0,23,25,19,22
0.6699999999999997,0.6100000000000003,732.934758668953,170.67829796242063,5.66758046938437e-06,0.9357770653750046,0.9199223203221126,0.9387435898159708,0.9286819153309592,0.0160088539123535,14,8031,8862.0,1831.0,1893.0,24,25,21,22
0.6699999999999997,0.6300000000000003,857.1001519394017,200.14673594413404,6.0383576684949305e-06,0.931124433914683,0.917127696594171,0.933164121703552,0.9229746241050212,0.0,12,9249,10597.0,2097.0,2302.0,23,24,19,21
0.6699999999999997,0.6700000000000004,1075.6588051833812,265.1389714042494,7.876833807380514e-06,0.9290204972434812,0.9079436838746696,0.9305587558622112,0.9117589809707012,0.0,11,11814,14598.0,2719.0,3303.0,22,23,18,20
0.6699999999999997,0.7000000000000004,1056.3433455729553,271.04267536336755,9.113416305178983e-06,0.9492644179222394,0.9315327571646496,0.950090082338853,0.9338336213597466,0.0,9,14185,17201.0,3365.0,3980.0,20,20,16,17
0.6699999999999997,0.7700000000000005,1353.9798603988138,349.65462221842523,1.2494515788377404e-05,0.9498332136241908,0.9371455345741782,0.9504185363010744,0.9383789441607142,0.0,7,19262,24290.0,4849.0,6091.0,17,17,14,14
0.6699999999999997,0.7800000000000005,1315.4234067897814,328.81167796356834,1.241567449635322e-05,0.954097141912092,0.946896148968362,0.9546995227048818,0.947880473813916,0.0,8,19787,24486.0,5018.0,6148.0,18,18,14,15
0.6699999999999997,0.8200000000000005,1549.266147485538,425.8283791748012,1.542023737878054e-05,0.9505344728829004,0.9327750802271138,0.9510382243986464,0.933461506064576,0.0140018463134765,6,23167,29324.0,6173.0,7766.0,16,15,13,13
0.6699999999999997,0.8400000000000005,1470.9731942825715,399.7397291536454,1.603538428927887e-05,0.96015790419727,0.948556322590645,0.9605422506903778,0.9491425914355024,0.0139999389648437,6,24829,30687.0,6689.0,8284.0,16,14,12,12
0.6699999999999997,0.8500000000000005,1462.432155182126,398.8419406444378,1.6431240831047886e-05,0.9627091945628754,0.9519821155952096,0.963050793653631,0.9526900070538254,0.0,6,25738,31754.0,6914.0,8615.0,15,14,12,12
0.6699999999999997,0.8800000000000006,1724.0633185343831,494.05399236158496,2.0306122528319876e-05,0.9543855766994328,0.937961407538093,0.9547732673067648,0.9382957045304048,0.0,5,27977,35472.0,7775.0,10223.0,14,13,11,11
0.6699999999999997,0.8900000000000006,1610.0133572509003,485.4871021106426,2.061730218164682e-05,0.9629737561784196,0.9438856468626456,0.963276255143621,0.9442782669110772,0.0,5,29306,36091.0,8190.0,10469.0,14,13,11,11
0.6699999999999997,0.9100000000000006,1667.060593095713,528.3765602992663,2.3478011332379043e-05,0.9637917539048904,0.9406921202247384,0.9641024571631756,0.9409850358331237,0.0,5,31032,38069.0,8926.0,11408.0,14,12,11,11
0.6699999999999997,0.9400000000000006,1563.7528139568271,516.5776957917111,2.6237164410237702e-05,0.9721145913607344,0.9524875754759168,0.9723252403895338,0.9528421334854442,0.0139985084533691,5,33646,40689.0,10098.0,12629.0,13,11,10,10
0.6699999999999997,0.9500000000000006,1763.8836649091495,603.121170108738,3.091551644336795e-05,0.9653235299423892,0.9385901665111488,0.9655615016331592,0.9388258938620098,0.0,4,34452,42281.0,10597.0,14024.0,12,11,9,9
0.6699999999999997,0.9800000000000006,1520.1435479092097,508.71220170806464,3.240754015491721e-05,0.9776553205547196,0.963368204264003,0.9777791086741104,0.9637242413891384,0.0,4,37630,44537.0,12074.0,14359.0,11,9,8,8
0.6699999999999997,0.9900000000000007,1380.9788006760518,461.5941692475473,3.3141391073739886e-05,0.9823631174840124,0.9718700082824332,0.9824550660096444,0.9721957483746388,0.0140097141265869,4,38903,45384.0,12841.0,15106.0,10,9,8,7
0.6799999999999997,0.2,587.8889758420944,119.49219814141284,9.990756031346882e-06,-17.709978421844383,-18.821388546790608,-17.029392206320093,-11.314505309910295,0.0,4,454,872.0,166.0,176.0,8,41,4,36
0.6799999999999997,0.25000000000000006,386.5937521050575,78.38187768865964,6.772972917355522e-06,-5.608932995823428,-4.374763634043988,-5.420354399669388,-2.970863756803622,0.0,4,493,620.0,172.0,172.0,10,27,5,4
0.6799999999999997,0.2900000000000001,98.37460292168907,20.28109752125527,7.601931183335886e-06,-0.2246091410437016,-0.0048264513283342,-0.152666950050714,0.3765129472998938,0.0020077228546142,4,325,357.0,123.0,107.0,8,7,3,5
0.6799999999999997,0.3000000000000001,646.5116008239914,130.89726410433488,6.301811590157626e-06,-25.09496879723012,-21.528610634119783,-24.36949627479047,-15.086469149344428,0.0140011310577392,4,412,938.0,147.0,189.0,8,48,4,43
0.6799999999999997,0.3100000000000001,726.7565144186875,146.8546971783107,7.662517132934453e-06,-24.73533048397448,-21.72610529254988,-24.17225937233431,-16.171085506468085,0.0139987468719482,4,474,1055.0,136.0,213.0,11,48,3,43
0.6799999999999997,0.35000000000000014,1775.9570102013545,367.00414393664096,8.205978293054581e-06,-53.12562278075474,-47.29736615711826,-52.36733425333188,-40.58062934099754,0.0139997005462646,4,729,3771.0,208.0,790.0,10,36,4,32
0.6799999999999997,0.37000000000000016,1471.1438222802465,300.1924209291989,6.104876619797314e-06,-25.00197572616853,-21.53955520585277,-24.588780734441197,-18.55425339837911,0.0,4,871,2979.0,237.0,614.0,10,37,6,33
0.6799999999999997,0.4400000000000002,2036.6763058964475,428.7592443123919,5.950726086269592e-06,-16.88364007362765,-16.24190483316249,-16.0971412093147,-15.480889110732846,0.0,4,1421,5755.0,318.0,1221.0,22,32,8,29
0.6799999999999997,0.46000000000000024,1947.7328594205796,405.07732029412193,5.522618368434797e-06,-9.326259991915377,-8.273485953124448,-8.900052927376494,-7.97617805772224,0.0,4,1828,5932.0,373.0,1258.0,26,32,23,28
0.6799999999999997,0.48000000000000026,2212.69028136565,469.0983261357189,6.577118333111066e-06,-5.937450143974893,-5.669411577713401,-5.677405490867173,-5.536248206869014,0.0,4,2379,7662.0,511.0,1657.0,28,29,22,26
0.6799999999999997,0.5100000000000002,2410.5763790360734,514.0688082186405,6.206143365081964e-06,-5.554646922407134,-5.283653322355139,-5.226349657453664,-5.150497926885224,0.0020227432250976,4,2749,8837.0,612.0,1933.0,31,28,24,25
0.6799999999999997,0.5200000000000002,2046.3245226706672,433.15310755359167,5.749603519404485e-06,-2.0670234061717494,-1.93679264492756,-1.9527019802284744,-1.8925486595621488,0.0080246925354003,4,3353,8437.0,712.0,1829.0,31,29,25,25
0.6799999999999997,0.5800000000000003,578.3417973550772,130.64417795894275,3.647109984355925e-06,0.9338286289894548,0.9159870878022646,0.9404630798770128,0.933782177103345,0.0020205974578857,19,6202,6424.0,1319.0,1345.0,27,28,24,25
0.6799999999999997,0.6400000000000003,954.2312648504984,220.2849910291831,6.597714013925664e-06,0.9217103211588132,0.9095354284650252,0.9239486315000026,0.9155436609523184,0.0121004581451416,12,9698,11606.0,2190.0,2546.0,24,24,19,21
0.6799999999999997,0.6500000000000004,989.902388438559,232.60835695923035,7.117497226462706e-06,0.9264753829298112,0.912573984319821,0.9285210011359508,0.9180067003959712,0.0080256462097167,12,10439,12589.0,2367.0,2789.0,23,24,19,21
0.6799999999999997,0.6700000000000004,998.006755060339,235.80681485611112,7.711566924569702e-06,0.9387210959165674,0.9278607453275132,0.9401028057840268,0.9313825143363876,0.0,11,11830,14059.0,2729.0,3153.0,22,23,19,20
0.6799999999999997,0.6900000000000004,1182.921599731407,275.77321600667943,8.579948830509705e-06,0.9258057702581136,0.918766180577548,0.9272376966328614,0.920788992031093,0.0100576877593994,10,12985,16191.0,3083.0,3715.0,21,22,19,19
0.6799999999999997,0.7200000000000004,1396.7877394688269,342.1518382747382,1.0584951992050707e-05,0.9230251014932676,0.9097490848240372,0.9241475914715116,0.9113530738785732,0.0100393295288085,8,15670,20186.0,3740.0,4832.0,19,19,16,16
0.6799999999999997,0.7300000000000004,1209.3585576160283,300.36587579260623,1.018823194627467e-05,0.9460823364076676,0.93511214730403,0.9469765995607148,0.9366472137537224,0.0,9,16052,20035.0,3959.0,4787.0,20,20,16,17
0.6799999999999997,0.7800000000000005,1484.2331896606822,387.37932564281726,1.347993394117692e-05,0.9428373332235712,0.9274092023596974,0.943507187103708,0.9285405181690902,0.0100736618041992,7,20002,25571.0,5186.0,6542.0,17,17,14,14
0.6799999999999997,0.8500000000000005,1513.1461904313876,423.53343961024507,1.712773281913329e-05,0.9602156545161478,0.9463027325196448,0.9605802751102268,0.9469792883364208,0.0,6,25756,32047.0,7047.0,8765.0,15,14,12,12
0.6799999999999997,0.8600000000000005,1527.1630770254326,429.4019963485092,1.769582313152053e-05,0.961148857140156,0.9476473648236028,0.961505039492389,0.9483063208044372,0.0,6,26328,32888.0,7282.0,9086.0,15,14,12,12
0.6799999999999997,0.9200000000000006,1542.4890172772878,487.8953403732144,2.3073146419523093e-05,0.9701958015806302,0.9524328052679848,0.9704151448745948,0.9528132850714895,0.0120701789855957,5,31810,38788.0,9530.0,11698.0,13,12,10,10
0.6799999999999997,0.9700000000000006,1631.6724357235432,575.1876324296272,3.302078355126731e-05,0.9729448940636252,0.9500066770237154,0.9731120651205084,0.9502983387009504,0.0,4,36518,44052.0,11384.0,14781.0,11,10,8,8
0.6899999999999997,0.22000000000000003,163.30065574475404,33.377886891373656,7.883504652444598e-06,-1.540203434543454,-1.3738235086717427,-1.4369915927549235,-0.4909903071410477,0.0,4,356,374.0,128.0,116.0,8,8,4,4
0.6899999999999997,0.26000000000000006,118.71503871315826,24.09270290634352,7.389255567998969e-06,-0.4337308444413676,-0.1993327952649985,-0.3826527120923955,0.1765813615754125,0.0100548267364501,4,343,362.0,114.0,114.0,10,8,5,4
0.6899999999999997,0.2700000000000001,451.0874476381122,91.57112445161592,8.573402806336164e-06,-13.843653299639168,-11.926260988892889,-13.418769134982089,-8.169229444422742,0.0020186901092529,4,387,620.0,124.0,124.0,8,42,3,4
0.6899999999999997,0.2800000000000001,439.9969578493318,89.5635249417976,7.06640317510093e-06,-7.582365104475052,-6.810104720294421,-7.333001543861254,-4.367692842692842,0.0100784301757812,4,487,664.0,166.0,148.0,9,33,4,5
0.6899999999999997,0.3000000000000001,679.7226303181811,137.60609543185214,7.149614741575532e-06,-30.65158950794905,-29.40171787858163,-29.689273543845346,-19.463528006060034,0.0,4,397,963.0,130.0,194.0,9,49,5,44
0.6899999999999997,0.3100000000000001,890.9681941105791,180.7944274583705,7.71756240519673e-06,-23.924662642742145,-21.412406672922756,-23.33034007923465,-15.258683511901252,0.0,4,592,1424.0,191.0,289.0,9,42,5,38
0.6899999999999997,0.3300000000000001,781.407350820727,158.65469580192072,5.674825737189475e-06,-16.652250685880794,-15.342604968732406,-16.299220764496916,-11.470308494407664,0.0,4,590,1244.0,177.0,251.0,10,44,3,38
0.6899999999999997,0.34000000000000014,1233.8294596161445,251.23020237091984,8.889618446019438e-06,-21.00584924627753,-18.561824313860484,-20.71557566900057,-15.797215372458712,0.0,4,808,2343.0,216.0,480.0,10,38,5,34
0.6899999999999997,0.38000000000000017,1354.0525631414755,277.39754114507457,4.708066132867874e-06,-43.58857092087722,-36.09913361582424,-42.29271283701857,-30.83216828055861,0.0100607872009277,4,678,2658.0,191.0,545.0,9,42,5,38
0.6899999999999997,0.3900000000000002,1469.2766077223173,299.48043550455844,5.187012382832431e-06,-19.07414587711866,-15.29664569889608,-18.670568136280263,-13.592038001094108,0.0080287456512451,4,989,3186.0,259.0,658.0,13,36,4,33
0.6899999999999997,0.4300000000000002,2059.315334239352,428.19666675099967,6.162238795207294e-06,-18.06847723215432,-15.898569675115551,-17.412282902226288,-14.95722909752208,0.0,4,1340,5681.0,327.0,1206.0,14,31,6,28
0.6899999999999997,0.45000000000000023,1981.799114230972,410.6783767946234,4.948546971494639e-06,-23.20646991101635,-20.29835168774257,-21.48924362770612,-19.53245132601646,0.0,4,1279,5413.0,280.0,1142.0,23,35,15,32
0.6899999999999997,0.5500000000000003,2562.383192459707,567.7524768770278,8.181314900448751e-06,-1.2087848731742667,-1.328247447291917,-1.147771708623996,-1.300996789533043,0.0,4,4779,12118.0,1062.0,2748.0,24,24,21,21
0.6899999999999997,0.5600000000000003,453.0611214249524,104.97130409566373,3.929106047795282e-06,0.9435561690630162,0.9184594498216287,0.9534177459869948,0.9456712465592144,0.0100584030151367,21,5324,5462.0,1171.0,1171.0,28,27,22,21
0.6899999999999997,0.6200000000000003,863.1551651241275,204.42341117025407,6.077918390863449e-06,0.9255855675490317,0.906888452294009,0.927998053333276,0.9141889270283736,0.0,13,9000,10233.0,1993.0,2220.0,23,25,22,22
0.6899999999999997,0.6300000000000003,923.8421271310748,205.98443195274868,6.301620500338279e-06,0.9190271027527064,0.9131925600774192,0.9217898124849868,0.9202283312987648,0.0080375671386718,13,9252,10754.0,2100.0,2337.0,24,25,21,21
0.6899999999999997,0.6600000000000004,880.7487194530468,212.55726501131625,7.891155695528372e-06,0.9479616667557162,0.9353032350445356,0.9493418832716856,0.938494064628012,0.0,12,11258,12827.0,2569.0,2841.0,23,24,20,21
0.6899999999999997,0.6700000000000004,1033.8278386656068,244.320336784092,7.626404050087904e-06,0.9348239475561814,0.9237106885505986,0.9362875814736672,0.926837073240281,0.0080351829528808,11,11846,14416.0,2757.0,3250.0,22,23,18,20
0.6899999999999997,0.6900000000000004,1017.4736196416428,254.009229928538,1.2220003502634977e-05,0.9489911251766256,0.9339620951052392,0.9499915071880404,0.9365202841900692,0.0100560188293457,10,13460,16241.0,3176.0,3723.0,21,21,16,18
0.6899999999999997,0.7300000000000004,1251.2164342020894,321.6043680754622,1.0742598905462927e-05,0.94457565231747,0.9275603649456952,0.9453601336193588,0.92919741424005,0.010028600692749,8,16579,20738.0,4017.0,5014.0,19,18,16,16
0.6899999999999997,0.7500000000000004,1235.8642311554545,312.7945321690242,1.1264400276310455e-05,0.9519179387884524,0.9412788326172752,0.9524983275321404,0.9422591441512282,0.0120825767517089,7,17904,22103.0,4411.0,5405.0,18,18,15,15
0.6899999999999997,0.7600000000000005,1290.580359002677,332.60192945661163,1.2011182585897428e-05,0.9510858863611832,0.9377411425817004,0.9517204726063724,0.9393047615024908,0.0100424289703369,8,18505,23037.0,4527.0,5702.0,18,18,15,15
0.6899999999999997,0.7800000000000005,1348.4848606324206,345.22705634134115,1.2711235472237043e-05,0.9533123765349032,0.943046672804175,0.9538437867811644,0.9440757726747288,0.0100576877593994,7,20198,25067.0,5144.0,6336.0,17,16,13,14
0.6899999999999997,0.8100000000000005,1412.6623838528044,372.8032286767752,1.4592122126037709e-05,0.9568938340001392,0.9460394368423392,0.9573760669932494,0.9468220152604592,0.0,7,22563,28033.0,5883.0,7269.0,16,16,13,14
0.6899999999999997,0.8200000000000005,1407.4604828387503,379.7680248364415,1.4672417882792664e-05,0.959571280851656,0.9472923481491422,0.960037126213072,0.9481506257872307,0.0,7,23376,28675.0,6116.0,7533.0,16,16,13,13
0.6899999999999997,0.8700000000000006,1577.0439869712277,465.6451212536951,1.973000023876826e-05,0.9614161432691046,0.943715742333711,0.9617385143067716,0.9441158912499076,0.0121223926544189,5,27905,34718.0,7936.0,9911.0,14,13,11,11
0.6899999999999997,0.8900000000000006,1794.9753406897294,539.9885476368432,2.230579233519578e-05,0.9534657178753184,0.9306183498059968,0.9538735131885332,0.930989702998742,0.0080223083496093,5,29048,36753.0,8325.0,10878.0,14,13,11,11
0.6899999999999997,0.9300000000000006,1483.7039887780145,462.0950346548116,2.3792026137982683e-05,0.9739394636555732,0.9600993541877284,0.9741264276520551,0.9605787029499274,0.0,5,32932,39454.0,9739.0,11820.0,13,11,9,10
0.6899999999999997,0.9600000000000006,1697.869734525198,575.4159908275055,3.185655860912818e-05,0.969606983913078,0.9473991869326932,0.9697980692578664,0.9476827489140958,0.0,4,35447,43446.0,10947.0,14183.0,12,10,9,8
0.6999999999999996,0.2,39.2762650973842,8.793345021473153,5.857983250594519e-06,0.6904996911817886,0.5667359581405726,0.7128215653528446,0.7895184557692444,0.0080213546752929,4,242,244.0,97.0,74.0,9,6,3,4
0.6999999999999996,0.21000000000000002,69.5865767707154,13.944831778595727,5.937601143030288e-06,0.3966476930209672,0.4667199908587099,0.4328699550896591,0.678542468710497,0.0100619792938232,4,347,335.0,115.0,99.0,7,7,3,4
0.6999999999999996,0.23000000000000004,210.0200635256864,43.15427750138642,9.927221114575986e-06,-4.849701859711061,-4.084327612745893,-4.612868712225822,-2.3274946764365985,0.0,4,307,334.0,104.0,104.0,7,14,5,4
0.6999999999999996,0.3200000000000001,513.4980627194875,105.26999018397092,5.314752063597813e-06,-10.245921261839982,-9.226697522782352,-9.973761247958914,-6.671879929688556,0.0,4,505,766.0,162.0,154.0,10,40,3,36
0.6999999999999996,0.38000000000000017,1442.3572286365122,294.3409835264762,5.178671168495621e-06,-46.878601560428336,-39.12445145936785,-45.709765969777486,-34.056482221483854,0.0,4,654,2833.0,171.0,583.0,12,42,3,39
0.6999999999999996,0.5200000000000002,2240.2232473386816,484.4930232555814,7.019805343902165e-06,-2.100635501598236,-2.187253793810938,-1.9898459895506215,-2.137497778824334,0.0,4,3538,9399.0,766.0,2065.0,28,27,25,24
0.6999999999999996,0.5400000000000003,2203.050430180087,479.8546112278871,7.678111717351053e-06,-0.7944508581178131,-0.8169083887196371,-0.7452840688473887,-0.7964682440358966,0.0100495815277099,4,4637,10647.0,998.0,2369.0,26,25,23,22
0.6999999999999996,0.5600000000000003,507.9775112135715,122.0257287665706,3.967831633965634e-06,0.930956983555641,0.8897738167352636,0.944215702689406,0.9300258204004144,0.0,21,5456,5578.0,1219.0,1219.0,25,27,22,21
0.6999999999999996,0.6200000000000003,980.2493247313988,226.93776679962284,6.271072008863731e-06,0.90423621628272,0.886118422008099,0.9072619968073564,0.8953372170469128,0.0080339908599853,12,9027,10802.0,2066.0,2358.0,24,24,19,21
0.6999999999999996,0.6400000000000003,965.238324315437,226.41230993678124,6.491347547752166e-06,0.9245534313725704,0.9095910046901876,0.9267224568922492,0.9158317108025494,0.0,12,10114,12040.0,2309.0,2653.0,23,24,20,21
0.6999999999999996,0.6500000000000004,1039.3101374458695,247.9943366515372,7.588433171620503e-06,0.9235352578478102,0.9057563997150476,0.9253410783246824,0.9112789530429868,0.0080671310424804,11,10802,13263.0,2498.0,2961.0,22,23,20,20
0.6999999999999996,0.7200000000000004,1290.1787245588682,315.5123679791746,1.0413586991867856e-05,0.9348482313306324,0.9240696231838492,0.9357784572102436,0.92588312213395,0.0,8,15587,19828.0,3824.0,4735.0,19,19,15,16
0.6999999999999996,0.7600000000000005,1408.7248256521225,354.9917460800268,1.2418416120782196e-05,0.9422284433799027,0.9314017904636446,0.9429080164459378,0.9326258314043964,0.0,7,18780,23879.0,4735.0,5948.0,17,17,14,14
0.6999999999999996,0.8300000000000005,1488.252420108043,411.15643862315545,1.6109337602080204e-05,0.9575036295587817,0.9430895656976906,0.957910855991776,0.943703877829546,0.0120701789855957,6,24250,30277.0,6508.0,8128.0,16,15,13,12
0.6999999999999996,0.8500000000000005,1608.3821526416446,463.0714870596759,1.8122831825645986e-05,0.95510193262918,0.9364125476866952,0.9555498778214376,0.9370092145498208,0.0100269317626953,6,25914,32634.0,7011.0,9072.0,15,14,12,12
0.6999999999999996,0.8800000000000006,1639.8920824570323,490.3970786381605,2.0571766388744137e-05,0.9605424829946526,0.940529002548091,0.9608536876158856,0.9410914181618916,0.0,5,28692,35455.0,8033.0,10171.0,14,12,11,10
0.6999999999999996,0.9000000000000006,1536.880682284395,471.78477474820073,2.181287589630494e-05,0.9681785244846456,0.9510199194699732,0.9684161903913246,0.9515039578160148,0.0,5,30522,37209.0,8794.0,10962.0,13,12,10,10
0.7099999999999996,0.21000000000000002,18.560711193270585,4.631189552012168,4.6608726012123365e-06,0.9551908676372391,0.9301591967798832,0.9573557886293348,0.9585533821969968,0.0080323219299316,4,298,308.0,118.0,90.0,7,6,4,5
0.7099999999999996,0.23000000000000004,105.0377908183526,21.549603631312262,6.714010367115238e-06,0.1199527971343431,0.1555562571031699,0.1478957462921093,0.4503866747524667,0.0020220279693603,4,366,386.0,145.0,118.0,7,7,4,4
0.7099999999999996,0.25000000000000006,619.1763430154612,124.29161777851311,9.613433262040088e-06,-34.91837686719368,-24.360230580403623,-33.53349084345069,-16.91765293192619,0.0100424289703369,4,374,887.0,137.0,179.0,8,45,5,40
0.7099999999999996,0.26000000000000006,190.7212461945444,38.74798381851629,6.057420272403195e-06,-0.7549538073264708,-0.6410874355696086,-0.69693998649314,-0.1438726487657429,0.0080370903015136,4,492,492.0,158.0,158.0,8,8,4,4
0.7099999999999996,0.3000000000000001,750.4782502955476,151.344495274853,7.229078482185532e-06,-13.692051300697043,-11.670901226549752,-13.354614131236668,-8.376990946656488,0.0,4,653,1207.0,196.0,244.0,8,38,4,33
0.7099999999999996,0.34000000000000014,748.3846562764365,151.4746265880857,4.83466337901314e-06,-27.088042816990058,-23.225229688034865,-26.533698382932357,-17.55209973004981,0.0100369453430175,4,434,1125.0,151.0,227.0,12,50,4,45
0.7099999999999996,0.36000000000000015,918.550919474074,185.5739407891097,4.413631352034314e-06,-15.095533868072984,-13.410961163230525,-14.789540331761687,-10.086967632267209,0.0080385208129882,4,706,1581.0,226.0,320.0,8,41,4,36
0.7099999999999996,0.37000000000000016,1449.3485282187994,296.1197322593233,6.492014390932573e-06,-25.22724081888686,-21.70843279998051,-24.83867360345108,-19.356415776829078,0.0,4,861,2932.0,227.0,604.0,14,38,6,34
0.7099999999999996,0.4000000000000002,2204.500413453504,459.61597421107984,7.680923196356456e-06,-34.3591578135009,-30.479646704374314,-33.56866954591044,-28.105170968237456,0.0,4,1139,5572.0,292.0,1189.0,14,31,6,28
0.7099999999999996,0.4300000000000002,2113.057332792148,441.9905259165631,6.385904130358513e-06,-19.62618238939501,-17.612759225866494,-18.88622739690886,-16.74509297057338,0.0080399513244628,4,1373,5814.0,313.0,1237.0,19,31,11,28
0.7099999999999996,0.46000000000000024,1945.5731187536144,407.5791078633284,5.483369047421409e-06,-7.688780221422078,-7.09460328617911,-7.36079772884902,-6.83336239565195,0.0,4,1906,6074.0,421.0,1290.0,22,31,22,27
0.7099999999999996,0.48000000000000026,1835.042052197533,382.01929216118566,5.094240998595662e-06,-5.352201063092538,-4.73897337484342,-5.050841102517609,-4.581953869340104,0.0,4,2100,6160.0,447.0,1305.0,29,32,25,28
0.7099999999999996,0.5900000000000003,693.6034421337304,159.52478373753098,4.244119683341059e-06,0.9235169794184092,0.9033268900713988,0.9291864165732772,0.9183153761873862,0.0,17,6876,7593.0,1516.0,1605.0,27,28,22,24
0.7099999999999996,0.6000000000000003,906.6819010918008,211.68155657815075,5.580844501298856e-06,0.8958756505131368,0.8699635194247908,0.9002811568969297,0.8833138102834242,0.0080237388610839,14,7770,9187.0,1785.0,1976.0,23,26,21,23
0.7099999999999996,0.6200000000000003,956.052050218644,222.6924856878161,6.210322030379189e-06,0.9110514323255002,0.8920590128935333,0.913725527896726,0.8998645139137632,0.0,12,9017,10942.0,2033.0,2393.0,23,24,18,21
0.7099999999999996,0.6500000000000004,1030.2811223211052,241.68665292532643,7.694248095414876e-06,0.9228257769390168,0.9091410018492134,0.9247413545511314,0.9148239789587912,0.0,11,10660,13163.0,2470.0,2935.0,22,23,19,19
0.7099999999999996,0.6800000000000004,1060.4598991957207,258.14403084197136,8.67894334393091e-06,0.9407390696969864,0.9282181347533218,0.9417082550445413,0.9305401379079364,0.0,9,13030,15879.0,3062.0,3637.0,21,21,16,18
0.7099999999999996,0.7000000000000004,1180.503208032839,292.049672126183,9.68202352692989e-06,0.93780897463754,0.9228958191608704,0.9388066280540024,0.9255426881245796,0.0,9,14508,17927.0,3437.0,4200.0,19,20,16,17
0.7099999999999996,0.7200000000000004,1281.4561138560814,310.46684693132414,1.5659515483919483e-05,0.9362293749682676,0.926407136690685,0.9371550626881876,0.927940090660153,0.0,8,15745,19930.0,3803.0,4761.0,19,19,17,16
0.7099999999999996,0.7600000000000005,1316.7787743806248,329.8864273428886,1.2113057221613452e-05,0.948923867363258,0.9396256472046306,0.9497255191926116,0.9409383887156773,0.0,9,18602,23193.0,4649.0,5744.0,19,19,16,16
0.7099999999999996,0.7700000000000005,1291.92330923957,323.507627085682,1.2189559732643003e-05,0.9541641585201632,0.9462926693466596,0.9547668647785876,0.9474675525227152,0.0,8,19215,23873.0,4841.0,5961.0,18,17,15,15
0.7099999999999996,0.8000000000000005,1376.5713836171187,369.2063123448309,1.4052197341726245e-05,0.9572771756476396,0.9439136772215344,0.9577450281760156,0.9449153790222412,0.0,7,21739,27146.0,5679.0,6973.0,16,16,14,13
0.7099999999999996,0.8500000000000005,1538.143838555129,438.9985823657623,1.764549823988393e-05,0.959315308130762,0.942702071958504,0.959703900665144,0.9432566490811256,0.0,6,26005,32322.0,7076.0,8921.0,15,14,12,12
0.7099999999999996,0.8700000000000006,1600.4273606890458,477.7429610597159,2.003981676652472e-05,0.9606312470910954,0.9407034401418464,0.9609613792983756,0.9410914309152668,0.0,5,27978,34877.0,7752.0,9992.0,14,13,11,11
0.7099999999999996,0.9300000000000006,1546.9725952732051,511.5394618723287,2.578441174370425e-05,0.9717872756614232,0.9518061969670634,0.9719984889051124,0.9521862596811372,0.0,5,33007,39958.0,9949.0,12375.0,12,11,10,10
0.7099999999999996,0.9400000000000006,1674.627592307217,550.1250520714965,2.899578799084727e-05,0.968096092633098,0.9468158794935058,0.9683051125389386,0.9470564432667647,0.0140004158020019,4,34037,41475.0,10315.0,13439.0,12,11,10,9
0.7099999999999996,0.9500000000000006,1784.1230076006532,597.4240624687515,3.187939525466076e-05,0.9651004143959354,0.940024218534092,0.9653408208363669,0.9402378189462646,0.0140013694763183,4,34817,42511.0,10739.0,14069.0,12,10,9,9
0.7199999999999996,0.22000000000000003,181.91501564375235,37.71687288204047,8.429378621739597e-06,-1.674270085497425,-1.8862242571795476,-1.5723362930920182,-0.8663441433315566,0.014005422592163,4,382,382.0,127.0,117.0,8,9,4,4
0.7199999999999996,0.23000000000000004,134.24375373426753,28.43999531176708,6.916771085873304e-06,-0.1516684920621662,-0.267850096472298,-0.1089192003983732,0.2014746310234429,0.0140032768249511,4,417,430.0,157.0,138.0,8,7,4,4
0.7199999999999996,0.25000000000000006,523.4869168215508,106.15839188056056,9.11807998505216e-06,-11.389633391276632,-9.857731394886423,-11.057007911871196,-7.110789576273728,0.0,4,515,784.0,167.0,167.0,9,35,5,4
0.7199999999999996,0.34000000000000014,1231.162158457068,251.12005346049128,7.291894574074191e-06,-34.199296504243904,-29.234368328046404,-33.663822466782605,-24.18157371987866,0.0,4,655,2200.0,196.0,450.0,9,41,5,37
0.7199999999999996,0.35000000000000014,1290.3814520004023,262.67282009501224,6.345336118443291e-06,-35.3348376518311,-30.507007806535547,-34.7426800420644,-26.17045737769769,0.0,4,674,2403.0,185.0,493.0,12,41,5,38
0.7199999999999996,0.37000000000000016,1687.8954629212085,347.8362132527319,6.994268560335234e-06,-38.68667554613575,-35.36852585541666,-38.06672462130767,-31.629406934140484,0.0,4,818,3538.0,194.0,736.0,14,38,5,34
0.7199999999999996,0.47000000000000025,1977.6186700591868,412.4529392346881,5.33452371414096e-06,-8.245901543615943,-7.340586558504551,-7.788823477551652,-7.103507877523967,0.0140035152435302,4,1958,6298.0,416.0,1340.0,26,31,25,28
0.7199999999999996,0.48000000000000026,2414.6970565683805,514.1358952164301,6.875061633495845e-06,-8.205875313455676,-7.699121101370233,-7.807608308967895,-7.506405980571591,0.0140159130096435,4,2280,8305.0,496.0,1813.0,25,28,19,25
0.7199999999999996,0.49000000000000027,2484.5263612172307,539.4809137031634,7.4413075304861234e-06,-6.546630205197072,-6.850010681952175,-6.222969048643889,-6.688392875825411,0.0,4,2598,8945.0,553.0,1969.0,28,27,20,24
0.7199999999999996,0.5100000000000002,1866.3092170779205,394.4063577073777,5.170013696274105e-06,-2.047144233464227,-1.9370291383572007,-1.9163014714162885,-1.8856323398373167,0.0,4,3118,7522.0,685.0,1615.0,25,31,24,27
0.7199999999999996,0.5300000000000002,2358.075289916899,517.8358310475113,7.786549085055989e-06,-1.4028457014947482,-1.5033308770544913,-1.3363669851130773,-1.4710875688795897,0.0,4,4227,10740.0,902.0,2398.0,26,25,22,22
0.7199999999999996,0.5500000000000003,2531.556938180534,555.8083077824584,8.328051224515334e-06,-1.2238201578095675,-1.2672228060834607,-1.1539869346797382,-1.2376100021613676,0.0,4,4889,12008.0,1078.0,2719.0,27,25,23,22
0.7199999999999996,0.5600000000000003,532.2267052890007,124.22672208914094,3.338872295121538e-06,0.9280665694001764,0.8973155691546522,0.9395155566867626,0.9284548000155002,0.0,21,5476,5699.0,1190.0,1187.0,28,28,24,25
0.7199999999999996,0.6100000000000003,877.4707251887202,200.3535381017392,6.040698836717662e-06,0.9118089216523076,0.897529782293387,0.914910773612297,0.9055739309369732,0.0,13,8239,9663.0,1803.0,2084.0,24,26,20,22
0.7199999999999996,0.6300000000000003,903.4206717318126,206.35681435673663,9.50871566645215e-06,0.9294776695028768,0.921088632093762,0.9313178816755044,0.9265594509748284,0.0,11,9710,11370.0,2249.0,2490.0,23,23,19,20
0.7199999999999996,0.7000000000000004,1206.0186335394842,296.7696263284218,9.36383161448008e-06,0.9336820221091366,0.9187029596652548,0.9349471138969202,0.920893541431382,0.0,10,14138,17786.0,3339.0,4152.0,21,21,17,19
0.7199999999999996,0.7300000000000004,1313.7512751824363,335.3847077222112,1.1152336337786284e-05,0.9394444093506872,0.922885736609916,0.9403088125395964,0.9242317020475695,0.0,8,16779,21213.0,4056.0,5159.0,19,19,15,16
0.7199999999999996,0.7400000000000004,1246.6057788017572,320.0266621957131,1.1649252585238398e-05,0.9500029353267682,0.9368082756252192,0.9506283294136064,0.9378076141086504,0.0,7,17790,21988.0,4405.0,5386.0,18,18,15,15
0.7199999999999996,0.7500000000000004,1427.305891365576,357.2959376997928,1.2329766170347782e-05,0.9372014791286774,0.9257945506404046,0.9379560380065928,0.927178630603666,0.0140142440795898,7,18285,23361.0,4516.0,5786.0,18,17,15,14
0.7199999999999996,0.7800000000000005,1493.1219944540971,379.7298558723823,1.32920740970578e-05,0.941949946275809,0.9315229646956986,0.9426664305004748,0.9324551166159564,0.0140013694763183,7,19998,25552.0,5233.0,6499.0,17,17,14,14
0.7199999999999996,0.8100000000000005,1425.7681611897376,378.92852618533385,1.486002926308919e-05,0.9566567617446148,0.945533507699548,0.957124898931472,0.9464829255876676,0.0,7,22524,28084.0,5952.0,7380.0,16,16,13,13
0.7199999999999996,0.8500000000000005,1734.345795059943,496.8279168357676,2.067471606787764e-05,0.9479757720814388,0.9277552439839696,0.9484253147565436,0.9282382870232108,0.0,5,26075,33428.0,7238.0,9444.0,14,13,12,11
0.7199999999999996,0.8600000000000005,1448.6458056449708,410.2666750795768,1.83894453625848e-05,0.9663089757950042,0.9541117951726812,0.9666067617593338,0.9547323432908992,0.0,6,27082,33118.0,7494.0,9169.0,14,14,12,12
0.7199999999999996,0.8700000000000006,1829.645205756397,537.485911688072,2.1784511694497077e-05,0.947169699683116,0.9249364222700294,0.9476300084053498,0.9253341633161304,0.0140039920806884,5,27563,35548.0,7825.0,10386.0,14,13,11,11
0.7199999999999996,0.8800000000000006,1620.817288965825,477.9057934032826,2.0681972796240487e-05,0.960640231346357,0.9439748607380622,0.9609478451943037,0.944372846534806,0.0139975547790527,5,28637,35462.0,8096.0,10227.0,14,13,11,11
0.7199999999999996,0.9000000000000006,1615.0904032054416,497.0439353660907,2.244513500577834e-05,0.9649956330814812,0.9456579342275142,0.96526700223491,0.9460939838391068,0.0139999389648437,5,30315,37492.0,8810.0,11115.0,13,12,10,10
0.7199999999999996,0.9300000000000006,1769.2620136420344,579.7686320133805,2.951240343816726e-05,0.962664279114591,0.9382386645018804,0.9629172362366888,0.9384809575117884,0.0,4,33087,41176.0,9882.0,13304.0,12,11,9,9
0.7199999999999996,0.9500000000000006,1732.8122403817058,573.4852148631791,3.1881877973493944e-05,0.96690291379282,0.9455039178999588,0.9671244491089548,0.945716594998034,0.0,4,34981,42629.0,10925.0,13901.0,12,10,9,9
0.7199999999999996,0.9600000000000006,1666.7491375428997,561.7941404553807,3.3028621695334423e-05,0.9706908738717808,0.950661447860038,0.9708697740283172,0.950930654935952,0.0067288875579833,4,35689,43528.0,11266.0,14403.0,11,10,9,8
0.7199999999999996,0.9800000000000006,1493.9432685290742,507.76192953325415,3.4273020534009784e-05,0.9786989732663862,0.9642338434007888,0.9788164357832324,0.9645837848584312,0.0,4,37957,44958.0,12319.0,14696.0,11,9,8,7
0.7199999999999996,0.9900000000000007,1422.8848007656838,524.1403179652054,3.638448629779008e-05,0.9813290280715428,0.9643155542350867,0.9814333030355812,0.9646331846039083,0.0,4,38958,45817.0,12907.0,15518.0,10,9,8,7
0.7299999999999996,0.2,197.6007917915985,40.25530503341557,9.271726335148888e-06,-4.0079020783729895,-4.038119453345778,-3.83448584589912,-2.3577019813133155,0.0139997005462646,4,316,310.0,98.0,98.0,9,15,5,4
0.7299999999999996,0.21000000000000002,300.36952935786724,60.791138334464506,8.08342288492895e-06,-4.683758698259954,-4.379385440156253,-4.466676260318699,-2.441472825504929,0.0139989852905273,4,430,476.0,149.0,126.0,8,20,4,4
0.7299999999999996,0.24000000000000005,265.6799060900165,53.67038677582514,1.0408791595378076e-05,-10.290216116244515,-8.131521186147713,-9.870971681215016,-5.310538589631857,0.0100600719451904,4,284,364.0,99.0,99.0,7,33,5,4
0.7299999999999996,0.3000000000000001,879.2493898680473,178.2487435673344,7.92931421544863e-06,-28.04005420287956,-24.0113190373642,-27.37128433902097,-17.52871537777112,0.0,4,527,1401.0,164.0,284.0,9,43,4,38
0.7299999999999996,0.35000000000000014,937.456193420969,190.78186169025608,5.513878836238689e-06,-10.315134913937367,-9.058280033373537,-10.131188484334343,-7.320422345048852,0.0100436210632324,4,849,1728.0,247.0,351.0,13,38,4,34
0.7299999999999996,0.4100000000000002,2094.148785405819,432.5834095870992,7.077772777882258e-06,-28.46898777223843,-24.206062678050685,-27.60556104278738,-22.95713670965093,0.0080392360687255,4,1130,5364.0,276.0,1139.0,16,32,6,29
0.7299999999999996,0.4200000000000002,2111.0588896136146,439.9362524843799,6.541151493506276e-06,-19.50330350540149,-17.584295995248706,-19.012913306606944,-16.41553849791931,0.0,4,1327,5695.0,323.0,1213.0,14,30,5,27
0.7299999999999996,0.47000000000000025,2371.733729872868,508.5357042529069,7.187279337875904e-06,-7.138941093890427,-7.058768782631884,-6.862347884156528,-6.865597429541362,0.0,4,2377,8217.0,515.0,1795.0,22,27,14,23
0.7299999999999996,0.5000000000000002,1904.1321158426304,402.9377795226785,5.586618899640281e-06,-2.4827252138325537,-2.302702281810481,-2.3492351595257683,-2.2378922989993835,0.0120701789855957,4,2896,7481.0,628.0,1606.0,26,29,22,26
0.7299999999999996,0.5500000000000003,2387.417437490422,524.2698891474378,7.6125002110494045e-06,-1.0343988530179953,-1.1259180419220032,-0.9689957876691804,-1.095571739758488,0.0080385208129882,4,4736,11324.0,1035.0,2538.0,30,27,25,24
0.7299999999999996,0.5600000000000003,535.8967251252801,121.67040519370352,3.503162830009685e-06,0.9283174452387634,0.903073294117839,0.9394707054404192,0.9333509815816852,0.0,20,5616,5765.0,1227.0,1227.0,26,27,21,20
0.7299999999999996,0.5700000000000003,513.9953940068344,120.76882227518384,3.6743079763716673e-06,0.9481608484061644,0.9285434565556084,0.9526939767307564,0.9429977107998488,0.0100934505462646,17,6199,6433.0,1345.0,1345.0,26,26,18,17
0.7299999999999996,0.6000000000000003,840.2632240639153,194.88045786364228,5.262047229769134e-06,0.907381151742268,0.8850461371969921,0.9123198429909132,0.898601496826683,0.0100524425506591,16,7632,8756.0,1729.0,1875.0,25,28,22,24
0.7299999999999996,0.6100000000000003,822.6630042761441,193.9758735896908,7.512836097641626e-06,0.9247072775655178,0.9039387205155694,0.9279276323919884,0.9140042492394146,0.0100588798522949,14,8386,9573.0,1899.0,2063.0,24,26,19,22
0.7299999999999996,0.6700000000000004,1114.0772974614918,261.06476014346333,7.900739151694584e-06,0.92484009066921,0.9156534124661274,0.9265042255299156,0.9184733220695336,0.0,11,11940,14941.0,2808.0,3396.0,23,23,18,20
0.7299999999999996,0.7000000000000004,1180.7635886043884,284.47369405394176,9.719446721700888e-06,0.9386443523356492,0.9292922351149776,0.9395195131226536,0.9311056839895456,0.0,8,14632,18142.0,3506.0,4244.0,19,19,16,16
0.7299999999999996,0.7400000000000004,1295.2450317633695,316.8621914202582,1.083639937422965e-05,0.9431146918637524,0.9352256879820944,0.9440155295980448,0.9369308216198972,0.0100603103637695,9,16915,21307.0,4306.0,5148.0,19,19,16,16
0.7299999999999996,0.8000000000000005,1610.2271380678606,419.0703871209491,1.5308732496156192e-05,0.9407243993986416,0.928765476837761,0.94132975502187,0.9294572186879276,0.0,6,21871,28223.0,5694.0,7459.0,16,15,14,13
0.7299999999999996,0.8100000000000005,1523.558715499494,408.2756421830722,1.5670664221045804e-05,0.951008782995696,0.9374151168006052,0.95148193970753,0.938136939241792,0.0,6,22905,28953.0,6080.0,7626.0,16,15,12,13
0.7299999999999996,0.8300000000000005,1527.7691043381565,424.5732400543077,1.654776975352523e-05,0.9560751921138544,0.9400715273579864,0.956491712389094,0.9407700456062406,0.0,6,24383,30621.0,6567.0,8301.0,16,14,12,12
0.7299999999999996,0.8600000000000005,1640.260361232807,474.8025406751516,1.99204187503862e-05,0.9562024278872052,0.9385982942740814,0.9565688341284556,0.9390578323063614,0.0,5,27042,34191.0,7568.0,9735.0,14,13,11,11
0.7299999999999996,0.8800000000000006,1625.833486651013,485.4976069104661,2.1063232453628664e-05,0.9608447547249508,0.9425456123598276,0.961167724343532,0.9429353949399828,0.0,5,28707,35719.0,8162.0,10369.0,14,13,11,11
0.7299999999999996,0.9000000000000006,1649.6421717259905,518.3509479716979,2.3754522358333925e-05,0.9635430214029732,0.9412677124005372,0.963850710246377,0.941585118500152,0.0,5,30668,37722.0,8936.0,11264.0,14,12,11,11
0.7299999999999996,0.9200000000000006,1844.9532457942305,580.3899999856418,2.788931106007245e-05,0.9576047943118202,0.9343003288315996,0.9578987315431328,0.9345625245120516,0.0,4,32087,40418.0,9488.0,12719.0,12,11,9,9
0.7299999999999996,0.9300000000000006,1766.7265074377906,580.3751839686693,2.9101471266273192e-05,0.9629910955210936,0.9380488715630548,0.9632445748536322,0.9382894475102131,0.0,4,33189,41114.0,10034.0,13223.0,12,11,9,9
0.7299999999999996,0.9700000000000006,1612.2600241327907,577.3277791543841,3.515600953319739e-05,0.9739637579643824,0.9509784723378908,0.9741288588073168,0.9512031668903548,0.0,4,37052,44330.0,11685.0,15163.0,11,10,9,8
0.7299999999999996,0.9800000000000006,1471.3240493967785,505.01646012778633,3.423096080682493e-05,0.9794620387813464,0.96482391737304,0.9795780675165694,0.965117276100781,0.0,4,37993,44905.0,12436.0,14497.0,11,9,8,8
0.7299999999999996,0.9900000000000007,1346.852310327058,481.329906786049,3.447182958563587e-05,0.9832361295615276,0.9701118094998472,0.9833222733759394,0.9705284803933516,0.0,4,39202,45464.0,12991.0,15560.0,10,9,8,7
0.7399999999999997,0.21000000000000002,95.6896023609671,19.9298248027088,7.084704228449546e-06,0.1044116455910288,0.0424436759040617,0.1500024885197627,0.4525768554473276,0.0140130519866943,4,353,369.0,140.0,109.0,8,7,4,4
0.7399999999999997,0.25000000000000006,399.8356302907483,80.47689885923786,8.63671309137756e-06,-11.54370183773202,-9.690808149684932,-11.066530028729376,-6.2449452352908565,0.0,4,382,552.0,125.0,123.0,9,38,3,4
0.7399999999999997,0.2800000000000001,486.339012846663,98.96500854679226,7.43350867171641e-06,-8.319371973880264,-7.160140293893576,-8.04430243636874,-4.6807078598055725,0.0,4,538,747.0,177.0,156.0,9,34,3,5
0.7399999999999997,0.3000000000000001,600.033028604815,122.45003232611523,6.300077047264617e-06,-11.422784266301374,-9.485997490823932,-11.134383331102564,-6.795677086718223,0.0020129680633544,4,548,934.0,179.0,188.0,9,38,4,33
0.7399999999999997,0.3200000000000001,1045.6278865271972,212.130831288932,7.243678158540818e-06,-34.9365673402541,-33.17795417834186,-34.35487597027587,-25.996530094129596,0.0,4,535,1756.0,162.0,358.0,13,44,4,40
0.7399999999999997,0.3300000000000001,1088.8720176555798,220.41641461863347,6.657760206248864e-06,-27.805363737722637,-24.002211333479156,-27.23525181806376,-18.298734382848245,0.0140044689178466,4,639,1869.0,197.0,381.0,11,42,4,37
0.7399999999999997,0.38000000000000017,1709.490896436714,350.2523048936771,7.196968636570813e-06,-34.95702679198091,-29.97223830220841,-34.3478703275003,-27.127485449644432,0.0160119533538818,4,840,3685.0,215.0,767.0,14,37,5,34
0.7399999999999997,0.4000000000000002,2112.9168203181434,442.06634824424265,7.626052059261963e-06,-30.02299515873144,-26.69262661670104,-29.336287921959688,-24.544262656685287,0.0,4,1152,5354.0,289.0,1138.0,13,31,6,28
0.7399999999999997,0.4100000000000002,2018.2654707487484,420.23795342638914,6.932248039645687e-06,-22.30989605204069,-20.18855846370836,-21.65324581438548,-18.913847115218587,0.0,4,1233,5303.0,291.0,1124.0,19,32,6,29
0.7399999999999997,0.4300000000000002,1996.7984427160727,418.318820299382,6.572144926242841e-06,-12.527953449461991,-11.68654295765259,-12.170838246383978,-11.066204977466738,0.0140016078948974,4,1533,5689.0,339.0,1208.0,21,31,21,27
0.7399999999999997,0.4400000000000002,1848.6127343677651,384.5689822168883,5.466674109942796e-06,-13.647139635023178,-11.958928889412157,-13.004103789078451,-11.32776573551659,0.0,4,1436,5188.0,317.0,1091.0,20,33,5,29
0.7399999999999997,0.46000000000000024,2343.788130800933,494.121716617812,6.48572218516544e-06,-18.433459969614702,-16.978586382886128,-17.26761033024503,-16.417836403942292,0.0140039920806884,4,1633,7099.0,354.0,1531.0,25,31,24,27
0.7399999999999997,0.49000000000000027,2379.847622923227,510.0846335004941,6.687513659615294e-06,-5.631204153809693,-5.493335860754956,-5.3449898144410986,-5.351286410543786,0.0140035152435302,4,2703,8731.0,583.0,1915.0,28,27,21,24
0.7399999999999997,0.5100000000000002,2236.282771792661,481.3748106552038,7.253960036839204e-06,-2.2468036413623587,-2.239883792954498,-2.1380754105954987,-2.194563868077039,0.0140008926391601,4,3562,9365.0,756.0,2060.0,29,27,24,24
0.7399999999999997,0.5300000000000002,1992.8128779859555,428.08791201885936,6.452869465638955e-06,-0.847309735604852,-0.827093433576068,-0.7902045772628226,-0.802072813503875,0.0140023231506347,4,4024,9268.0,892.0,2027.0,28,27,26,24
0.7399999999999997,0.5600000000000003,605.3767522750786,135.7945004094916,3.91596060027575e-06,0.9155227506348284,0.8934199308462213,0.9259847146040096,0.9207540350737946,0.0,18,5785,5999.0,1314.0,1252.0,25,27,23,23
0.7399999999999997,0.5900000000000003,723.0571883844449,161.20281894932637,4.7997359545082695e-06,0.9248499057286828,0.9129104960135448,0.928802362535748,0.9245359289928038,0.0,14,7245,7957.0,1627.0,1689.0,24,25,21,22
0.7399999999999997,0.6200000000000003,1015.780583188032,235.49703240747488,6.476280500704196e-06,0.9000801355701438,0.8819326567081875,0.9029742116847184,0.8902933051723371,0.0,12,9089,11190.0,2068.0,2455.0,24,24,18,21
0.7399999999999997,0.6400000000000003,1106.7428981911876,251.6858216288489,7.660857722516938e-06,0.9045224194041463,0.8958352103058292,0.9067645526901202,0.9015309043177964,0.0140049457550048,11,10484,12823.0,2365.0,2856.0,22,23,18,20
0.7399999999999997,0.6800000000000004,1209.379506692912,292.1423520240669,9.152198685422305e-06,0.9257087907514636,0.9113178312089468,0.9269483952230934,0.9138843863782518,0.0139973163604736,9,13367,16857.0,3135.0,3919.0,20,21,16,18
0.7399999999999997,0.7100000000000004,1177.8673663060267,295.13337073556954,9.959810679039635e-06,0.9440438785644923,0.930794569644992,0.9448392111346864,0.9326614055509505,0.0020101070404052,8,15346,19005.0,3743.0,4498.0,18,19,15,16
0.7399999999999997,0.7600000000000005,1296.3225197723043,332.83615071954915,1.2532291774110155e-05,0.9524129177246798,0.9404842978478886,0.9529649318938308,0.9415801125586764,0.0140018463134765,7,19047,23811.0,4895.0,5930.0,17,17,14,14
0.7399999999999997,0.7800000000000005,1630.7374196708963,430.02118948286176,1.5067954700202255e-05,0.9335417797204836,0.915353245718743,0.9342356284747304,0.916268448027022,0.0,6,20702,26950.0,5302.0,7062.0,17,15,13,13
0.7399999999999997,0.8400000000000005,1427.6088511615826,398.58526411040015,1.6989286942614932e-05,0.9638694208769464,0.9512955855579336,0.9641922355916036,0.9519805665704684,0.0,6,25525,31483.0,6920.0,8572.0,15,14,12,12
0.7399999999999997,0.8600000000000005,1690.5984552347447,500.2696009995116,2.011764245979012e-05,0.9533810834472568,0.9313179723806922,0.953779793106965,0.9317077551527588,0.0,5,27011,34269.0,7601.0,9777.0,14,13,11,11
0.7399999999999997,0.8900000000000006,1658.855540806118,503.2957067381488,2.25105060253196e-05,0.9612491960980968,0.9416144615562444,0.9615633197796872,0.9419761858753022,0.0,5,29564,36691.0,8551.0,10752.0,14,12,11,11
0.7399999999999997,0.9200000000000006,1516.5760431764843,471.4899675217748,2.3771851223328268e-05,0.9714314343950964,0.956721931742186,0.971633328114305,0.9572147998284918,0.0,5,32052,38793.0,9576.0,11685.0,13,11,10,10
0.7399999999999997,0.9400000000000006,1673.8537495850703,569.4503288991352,2.9749582068279517e-05,0.9686506341395934,0.9437579872844242,0.9688498912994938,0.9440259153735892,0.0,4,34192,41709.0,10426.0,13484.0,12,10,9,9
0.7399999999999997,0.9600000000000006,1650.9844727212508,563.9551917779756,3.289055689393181e-05,0.9713668261076984,0.950290901126014,0.9715463760978263,0.9505260179797078,0.0,4,35739,43564.0,11179.0,14298.0,12,10,9,8
0.7399999999999997,0.9800000000000006,1474.764239632898,493.4452540556045,3.4299946556380347e-05,0.979152811890218,0.9663201864582404,0.9792665061783884,0.9666185057313332,0.0,4,38067,44890.0,12455.0,14544.0,11,9,8,7
0.7399999999999997,0.9900000000000007,1325.524082674472,481.25046536774033,3.390877074455345e-05,0.9839363968127336,0.9700670320804812,0.9840190228223744,0.9704965266034894,0.0,4,39183,45388.0,13104.0,15520.0,10,9,7,7
0.7499999999999997,0.2900000000000001,456.4069478911702,93.10354898355558,6.707651002673588e-06,-5.24920083566423,-5.201683224303316,-5.080461552541904,-3.294451109703748,0.0140151977539062,4,575,729.0,193.0,165.0,8,31,4,5
0.7499999999999997,0.3000000000000001,868.7615526809797,176.5303916232745,7.275425502663286e-06,-26.80617035944495,-25.12792217173296,-26.27579053230337,-18.7066977566948,0.0,4,543,1393.0,157.0,283.0,9,44,4,40
0.7499999999999997,0.3200000000000001,1141.8608122636197,232.85398679573143,7.58650553461878e-06,-53.35982306402384,-48.34202905419816,-52.30481639351993,-36.72311070607442,0.0,4,486,1960.0,147.0,401.0,9,44,4,41
0.7499999999999997,0.3900000000000002,1770.722954403088,364.4367943599182,6.05845987807628e-06,-27.244459630628544,-23.766852188416134,-26.614869246653555,-21.17583945493275,0.0,4,1026,4096.0,252.0,856.0,13,34,3,31
0.7499999999999997,0.4000000000000002,1985.6674937746584,411.1195335098216,7.032945411534672e-06,-23.740269814667798,-21.054383350911543,-23.277795872218388,-19.11582114040602,0.0140128135681152,4,1179,4948.0,308.0,1045.0,13,32,5,28
0.7499999999999997,0.4400000000000002,1964.1267620751976,408.36825956073847,5.755327660707344e-06,-13.132502826383984,-11.444333734786294,-12.59255870631506,-10.96750661576916,0.0139999389648437,4,1493,5680.0,341.0,1204.0,25,32,18,28
0.7499999999999997,0.47000000000000025,2023.802433951167,424.8185764731418,5.9280120612294784e-06,-7.149713315227109,-6.414642060282104,-6.765537867950685,-6.224151577863342,0.0139997005462646,4,2078,6704.0,460.0,1434.0,26,31,24,27
0.7499999999999997,0.5000000000000002,2427.8862334343426,520.0899862043107,7.257568403783253e-06,-3.8725454118897114,-3.720707041154117,-3.7105944026717257,-3.6415297248463783,0.014000654220581,4,3070,9453.0,662.0,2091.0,28,26,21,23
0.7499999999999997,0.5500000000000003,355.81245059722124,83.90572717420176,3.3031808930794047e-06,0.957749908609575,0.9307979674513882,0.9695973405796432,0.9643029791385678,0.0139997005462646,24,5090,5106.0,1141.0,1081.0,26,26,21,24
0.7499999999999997,0.5900000000000003,743.4932176596383,167.9585733237252,5.770855615237555e-06,0.9224952700015044,0.9082675681985228,0.9264452116517832,0.919508705276707,0.0,15,7373,8107.0,1678.0,1725.0,25,27,22,23
0.7499999999999997,0.6100000000000003,1000.718537306615,228.73165599572232,6.41312712556635e-06,0.8913124082628698,0.8747251247134253,0.8947416608584826,0.8843323888296195,0.0,12,8553,10410.0,1931.0,2267.0,22,25,18,21
0.7499999999999997,0.6200000000000003,923.3518401398544,214.3999914221992,7.492996808074931e-06,0.914824077978254,0.899208661490966,0.9176558988333304,0.9065578515297168,0.0,13,9062,10651.0,2034.0,2322.0,24,25,20,22
0.7499999999999997,0.6600000000000004,1064.9968857544452,251.38147195934,8.232341944154558e-06,0.9290483470204148,0.9176246900300988,0.9304365559485196,0.9210496117360152,0.0080599784851074,10,11807,14482.0,2777.0,3277.0,21,22,17,19
0.7499999999999997,0.6700000000000004,1129.2467794458787,266.7193697919636,8.798242575303273e-06,0.9287996149357528,0.918380342542782,0.9301760329604022,0.9221394633528232,0.0100536346435546,10,12607,15588.0,3037.0,3568.0,20,21,17,18
0.7499999999999997,0.7000000000000004,1257.1304975666162,304.21502300146227,1.0155359807923502e-05,0.9304246617068652,0.9186358933090052,0.93153792051871,0.9209727024914216,0.0,9,14730,18517.0,3471.0,4375.0,20,20,18,17
0.7499999999999997,0.8100000000000005,1555.3946478750331,422.0579898645572,1.6307361785994675e-05,0.9501844073786906,0.9341373167103332,0.9506774986791392,0.9348422413801916,0.0020201206207275,6,23181,29418.0,6211.0,7822.0,16,15,13,13
0.7499999999999997,0.8500000000000005,1453.1092709054917,417.92612347261934,1.8164264391653923e-05,0.9644511426351632,0.9498306168138322,0.964767183810316,0.9504639815606144,0.0020303726196289,6,26581,32539.0,7351.0,8989.0,15,14,12,12
0.7499999999999997,0.8700000000000006,1565.599686684744,458.3028876650302,2.03945736254482e-05,0.962243215670389,0.9465219240560164,0.9625406228692298,0.9469352193642078,0.0080268383026123,5,28234,34831.0,7841.0,9978.0,14,13,11,11
0.7499999999999997,0.9000000000000006,1530.8423927952044,468.311805711132,2.218152968200881e-05,0.9687207008692575,0.9528804496180762,0.9689491343194184,0.9534708790465848,0.008061408996582,5,30746,37357.0,8889.0,11066.0,13,12,10,10
0.7499999999999997,0.9100000000000006,1682.775217187057,526.9829518864414,2.5321580421492607e-05,0.9634891241604786,0.9433941632452308,0.9637721704329808,0.9437742383392356,0.0,5,31320,38894.0,9353.0,11959.0,13,12,10,10
0.7499999999999997,0.9200000000000006,1772.724709545544,564.6822115136973,2.713797375949969e-05,0.9607202161467592,0.938298498339379,0.9609845354718812,0.938576299464032,0.0,4,32176,40231.0,9510.0,12622.0,12,11,10,9
0.7499999999999997,0.9400000000000006,1685.0255623679225,579.8325548524045,3.1034616996641056e-05,0.96781715131203,0.9418510130249996,0.9680352400662972,0.942065735446127,0.0,4,34526,41836.0,10302.0,13828.0,12,11,9,9
0.7499999999999997,0.9800000000000006,1465.2612608337122,497.789624657512,3.283931142111131e-05,0.9793910214897203,0.9656419764189008,0.979502183790216,0.966014034438223,0.0020275115966796,4,37866,44850.0,12364.0,14624.0,10,9,8,7
0.7599999999999997,0.22000000000000003,215.43243817184697,43.56986726320535,8.39764368081321e-06,-3.542002522368266,-3.5248539221690702,-3.367456026160806,-1.9107617685880505,0.0,4,349,365.0,109.0,100.0,8,11,3,5
0.7599999999999997,0.25000000000000006,144.3871748113384,30.6332471888524,6.640080856835279e-06,-0.2691343226013387,-0.2841185606656786,-0.2122501546449897,0.2156624424845827,0.0100538730621337,4,448,446.0,176.0,144.0,9,7,3,4
0.7599999999999997,0.3100000000000001,779.0041586324598,158.1155300194555,6.986244085433798e-06,-15.59571997679231,-14.707365871672812,-15.298742700326986,-11.238649093420555,0.0,4,589,1243.0,184.0,251.0,10,42,4,36
0.7599999999999997,0.34000000000000014,1297.7644961625356,264.7130718658727,7.641059985525028e-06,-34.98229274258865,-31.03459655605928,-34.3998881058529,-24.68653247014684,0.0120620727539062,4,663,2409.0,204.0,494.0,10,40,5,36
0.7599999999999997,0.4000000000000002,1425.9374401892017,290.2911792493875,4.823170726346715e-06,-12.851402012134978,-11.352708160239851,-12.550599251737887,-10.264659977417828,0.0,4,1122,3244.0,271.0,669.0,15,37,4,33
0.7599999999999997,0.4300000000000002,1792.8328927287116,369.4824082415832,5.115999804917486e-06,-17.138095796009452,-14.69574180749187,-16.361762503042737,-13.962083036009403,0.0,4,1258,4760.0,277.0,998.0,24,35,13,31
0.7599999999999997,0.47000000000000025,2105.2851251869265,444.3144883788208,5.8273925353404336e-06,-8.252657337566509,-7.687232527082697,-7.81677359627068,-7.452691103808183,0.0080232620239257,4,2047,6891.0,450.0,1478.0,24,30,20,27
0.7599999999999997,0.49000000000000027,2084.088824682544,441.67138755338607,5.902688035741502e-06,-3.8933100134930663,-3.671543514974682,-3.713719891885893,-3.574207865663145,0.0100691318511962,4,2647,7706.0,581.0,1665.0,30,28,26,25
0.7599999999999997,0.5200000000000002,2359.4004490901216,509.6947513790321,7.388411509049243e-06,-2.249881699376856,-2.274673203014869,-2.1347283615612302,-2.2271284312818325,0.0,4,3742,9974.0,832.0,2208.0,28,27,25,23
0.7599999999999997,0.5300000000000002,2402.573138845101,523.5238772014128,7.238057062444948e-06,-1.9844081471837296,-2.1061612524883784,-1.8751889139236768,-2.0586949230227725,0.0,4,3987,10396.0,842.0,2312.0,31,28,29,25
0.7599999999999997,0.5600000000000003,644.3448554019244,146.76827596339848,4.047885307534554e-06,0.9102644186004504,0.88001657603253,0.9202997400066564,0.909148802361492,0.0100622177124023,18,5940,6340.0,1289.0,1328.0,25,27,22,24
0.7599999999999997,0.5700000000000003,682.7148362376839,156.73016696888712,4.529034182632654e-06,0.9170770800422214,0.8936313862806704,0.9235336833686868,0.9125386663228604,0.005044937133789,16,6594,7025.0,1481.0,1480.0,26,26,21,23
0.7599999999999997,0.5800000000000003,706.4965372476055,158.9239860226685,4.404304774870043e-06,0.9179882714119156,0.901027268970323,0.9237885104359226,0.9175034205577046,0.0080587863922119,16,6796,7380.0,1553.0,1560.0,26,26,22,23
0.7599999999999997,0.6100000000000003,827.3571481377994,189.66270726934076,5.615077894959449e-06,0.9257864395169816,0.9126554610787256,0.9284313927239912,0.9205228928533746,0.0,13,8575,9689.0,1918.0,2090.0,24,25,20,22
0.7599999999999997,0.6200000000000003,933.2832136164144,218.8935762585845,9.04768028989184e-06,0.9186622310777006,0.9006971250621222,0.921181070279074,0.9090055729286218,0.0,12,9380,11108.0,2096.0,2431.0,23,24,20,21
0.7599999999999997,0.6500000000000004,1039.9500096023414,254.5874609655764,8.040253782347472e-06,0.9269381606040978,0.906287931757806,0.928564239114374,0.9102148905695768,0.010073184967041,11,11328,13699.0,2554.0,3079.0,23,23,18,20
0.7599999999999997,0.6800000000000004,1243.007227117633,292.8747931189102,1.082451767065609e-05,0.9186621382285656,0.9094540870961522,0.9202161708538232,0.9122862757529548,0.0,10,13075,16647.0,3150.0,3851.0,21,21,17,18
0.7599999999999997,0.7700000000000005,1477.4182218148446,381.6238084590578,1.3708496254691493e-05,0.9416189577201246,0.9284789426621862,0.9423186932168032,0.9294868336285484,0.0020215511322021,7,19823,25374.0,5088.0,6481.0,17,17,14,14
0.7599999999999997,0.8100000000000005,1348.5915233213475,366.74699022447294,1.4708282950667811e-05,0.9625262622135116,0.950165963363834,0.9629561321444872,0.950940984128925,0.0,7,22996,28286.0,6256.0,7407.0,16,16,13,13
0.7599999999999997,0.8400000000000005,1503.1754544325524,430.74574126394015,1.7461599299431364e-05,0.9598408131526572,0.9428000324486572,0.9601928244489056,0.9436998155485258,0.0080287456512451,6,25622,31678.0,6932.0,8644.0,15,14,12,12
0.7599999999999997,0.8700000000000006,1543.2592651834195,447.7333220339698,2.024900137956453e-05,0.963528088807272,0.9490309008291894,0.9638600783441342,0.9496084697149804,0.0,6,28043,34678.0,7885.0,9904.0,15,13,12,11
0.7599999999999997,0.8900000000000006,1555.7604131606815,488.2498713180632,2.2539763616467563e-05,0.9667228472586228,0.94659373046132,0.9669761133580848,0.9470332604869524,0.0020291805267333,5,30016,37009.0,8738.0,10943.0,13,12,10,10
0.7599999999999997,0.9100000000000006,1510.2867730474584,479.941399931722,2.420369117847449e-05,0.9710325363718753,0.9536028858367968,0.9712428980856792,0.9540629360108004,0.008028507232666,5,31774,38367.0,9236.0,11655.0,13,12,10,10
0.7699999999999997,0.2,188.6080039835708,38.19372221539381,8.370487685008118e-06,-2.0371160047691084,-1.7725543856537571,-1.8842796276398996,-0.7540811781569605,0.0,4,387,413.0,138.0,123.0,8,8,4,4
0.7699999999999997,0.21000000000000002,190.8247177822272,38.9045305844962,8.534453243026891e-06,-3.9696680362748697,-3.435180165585665,-3.770837722152496,-2.00935974629769,0.0100595951080322,4,293,319.0,98.0,98.0,9,11,5,4
0.7699999999999997,0.22000000000000003,23.12015715056164,5.506624798065205,5.2317392845581244e-06,0.889654042876493,0.8409245248757509,0.8964810893103976,0.9170909194477476,0.0,4,244,242.0,91.0,69.0,8,6,4,4
0.7699999999999997,0.23000000000000004,93.03869042858818,19.684755099653472,5.595207922032496e-06,0.4142134756368842,0.3787965843330834,0.4386620622268126,0.6100689200746634,0.0100483894348144,4,420,424.0,145.0,145.0,8,7,5,4
0.7699999999999997,0.25000000000000006,610.2311379032266,123.45267311808198,8.480527474455824e-06,-17.865685041170305,-15.39174270930695,-17.369851518416183,-10.838575254678888,0.0,4,481,900.0,153.0,181.0,8,41,4,35
0.7699999999999997,0.2700000000000001,138.54440473484786,28.34497309929928,8.430309192036192e-06,-1.4730708136374968,-1.2880797352130386,-1.359273446355128,-0.4479800087520846,0.0,4,325,336.0,113.0,95.0,7,8,4,5
0.7699999999999997,0.3100000000000001,1027.139580947984,209.61072551279432,7.310728029495407e-06,-20.616452974617303,-17.809090714839815,-20.26471114806196,-14.068799608446618,0.0,4,733,1824.0,198.0,372.0,9,38,3,34
0.7699999999999997,0.3200000000000001,1435.3730315089988,294.0157308716661,8.230420133457142e-06,-66.26781500481927,-58.405246482961246,-65.33529059192045,-49.14133537763708,0.0080511569976806,4,560,2732.0,176.0,565.0,11,40,5,36
0.7699999999999997,0.34000000000000014,1503.983242509703,306.8017648525945,7.027742779697206e-06,-44.807921891522206,-40.37370220908892,-44.10198956548254,-33.08257064651072,0.0,4,694,2953.0,199.0,611.0,10,38,6,34
0.7699999999999997,0.35000000000000014,1172.8781239966922,239.868127832774,5.7448896093425805e-06,-22.885293679050392,-20.614292427755903,-22.489652298595004,-16.675945181169055,0.0,4,742,2162.0,223.0,442.0,9,40,4,36
0.7699999999999997,0.38000000000000017,1746.803935644563,361.3833231487032,6.408207196181999e-06,-24.669413633005764,-22.66315335999726,-24.24702449156421,-19.637442780737207,0.0,4,1101,3948.0,283.0,824.0,12,34,5,30
0.7699999999999997,0.3900000000000002,1789.999054352637,368.54422224476673,7.017797089119261e-06,-22.17230193216569,-18.513369888269995,-21.72308258882196,-16.854345850299616,0.0020205974578857,4,1128,4275.0,286.0,896.0,14,33,6,30
0.7699999999999997,0.4400000000000002,2405.9641323698074,504.86664906025766,7.2931581910704735e-06,-25.694472693494586,-22.34638630468439,-24.341741173193395,-21.55550978192822,0.0080227851867675,4,1431,7032.0,312.0,1523.0,25,30,20,27
0.7699999999999997,0.45000000000000023,2140.72153918564,450.8710320036096,6.013360257087311e-06,-17.085189731453816,-16.23820623185251,-16.035631753962665,-15.692284877699969,0.0080523490905761,4,1574,6329.0,323.0,1351.0,25,32,22,29
0.7699999999999997,0.48000000000000026,2254.830303574233,475.3286691858592,6.426797006890535e-06,-7.664673440477538,-7.010727913424647,-7.247418239540206,-6.858475789198665,0.0,4,2333,7690.0,513.0,1665.0,27,30,21,27
0.7699999999999997,0.49000000000000027,2116.916131132738,457.4138352374868,6.870841335579471e-06,-2.7439121935879656,-2.863958915612072,-2.6239480578302783,-2.7898407177341373,0.00201416015625,4,3062,8441.0,657.0,1841.0,27,27,23,24
0.7699999999999997,0.5400000000000003,2365.033883654383,513.880670730083,7.729666559203883e-06,-1.0816487510118231,-1.0760661105829707,-1.0194215279791403,-1.0514485635940778,0.0100479125976562,4,4664,11212.0,1060.0,2516.0,27,25,23,22
0.7699999999999997,0.5800000000000003,705.1590921473645,158.01830816169914,4.7225775118842615e-06,0.9190643999435426,0.902746981503948,0.9249363133533322,0.9190228641106848,0.0,16,6902,7410.0,1493.0,1566.0,25,27,21,23
0.7699999999999997,0.6300000000000003,1001.4802510193688,234.41813845426643,6.885309821729431e-06,0.9149397694235648,0.8987051727326347,0.9172671985217768,0.905034155414088,0.010061502456665,12,9862,11955.0,2187.0,2640.0,23,24,21,21
0.7699999999999997,0.6500000000000004,1055.377599619102,247.0942690103876,7.543642162802984e-06,0.9246480276139312,0.9132572188200226,0.9261565558059304,0.917003379378289,0.0,10,11308,13792.0,2596.0,3099.0,21,22,19,19
0.7699999999999997,0.6600000000000004,1137.568942965656,268.2642354097914,8.555945893899745e-06,0.921127740067141,0.9094379985909232,0.922703920901316,0.9141893722478038,0.0,10,12092,14946.0,2795.0,3403.0,21,21,16,18
0.7699999999999997,0.7200000000000004,1231.0598253043029,308.0599179436985,1.0743138525730788e-05,0.9438381384348424,0.931921876744718,0.9446312795058176,0.933218438128678,0.0020265579223632,8,16228,20298.0,3998.0,4881.0,19,19,16,16
0.7699999999999997,0.7400000000000004,1252.8281807771768,318.7604770956427,1.163994275755614e-05,0.9493943305262312,0.936760353675511,0.9501703572110762,0.9383704099238314,0.0080475807189941,9,17514,21831.0,4372.0,5333.0,19,19,17,16
0.7699999999999997,0.7700000000000005,1466.5204778072336,379.7022036291865,1.4379525356371152e-05,0.94392029214426,0.9312182847994998,0.9445940014447756,0.9322646563493048,0.0,7,20333,25659.0,5293.0,6603.0,17,16,14,14
0.7699999999999997,0.8200000000000005,1471.7246613152215,418.430565683092,1.6673868491491144e-05,0.9580495796862972,0.9396950531003124,0.9584795621751612,0.9401845731662056,0.0,6,24181,30239.0,6400.0,8138.0,16,15,13,13
0.7699999999999997,0.8600000000000005,1574.4021120813818,470.9685540960972,2.024897357521505e-05,0.9609239776065416,0.9413387642795916,0.961233252243159,0.9418010416143064,0.0020196437835693,5,27727,34429.0,7805.0,9852.0,14,13,11,11
0.7699999999999997,0.8800000000000006,1585.752419781255,484.37063885982366,2.1672588794943278e-05,0.96334960544811,0.9440094256528996,0.9636259722878636,0.944545959459627,0.0080354213714599,5,29123,36071.0,8233.0,10524.0,13,12,10,10
0.7699999999999997,0.9300000000000006,1769.765662453648,577.2815062861446,3.0171396971289455e-05,0.962993174296196,0.9392449721086928,0.9632500538300672,0.9394696770604825,0.0,4,33387,41354.0,10029.0,13450.0,12,11,10,9
0.7699999999999997,0.9400000000000006,1733.027186505355,576.0067093069895,3.02988821367042e-05,0.9658172532030624,0.9427457723050366,0.9660291846662544,0.9430479775269808,0.0020215511322021,4,33979,42011.0,10481.0,13275.0,12,10,9,8
0.7699999999999997,0.9600000000000006,1654.0385109885844,583.0502050995838,3.452507065182606e-05,0.971564560291286,0.9477157154095216,0.9717434685997688,0.9479519373154108,0.0020265579223632,4,36085,43832.0,11431.0,14735.0,11,10,9,8
0.7799999999999997,0.2,131.95315614515124,26.84057873196229,7.765302587654764e-06,-0.615990375537,-0.4216999303000095,-0.5490199450947282,0.0868205735786138,0.0120911598205566,4,337,390.0,121.0,116.0,9,8,3,4
0.7799999999999997,0.21000000000000002,261.87761534095785,53.37504878998551,6.985262323637071e-06,-3.125981869153493,-2.5763939742650903,-2.9552962012156008,-1.2690430609108314,0.0080339908599853,4,435,492.0,172.0,136.0,8,12,4,5
0.7799999999999997,0.25000000000000006,350.8634735667612,71.42004562212675,6.283535236935359e-06,-3.196940534301161,-2.730122943844131,-3.0734783701245814,-1.649910777460453,0.0100760459899902,4,567,622.0,186.0,164.0,8,18,4,5
0.7799999999999997,0.2800000000000001,151.25926280176475,31.33604819798863,8.609162186726177e-06,-1.0498403806226864,-0.9156653820955272,-0.9612240850485269,-0.2301328590987839,0.0,4,376,394.0,130.0,122.0,7,8,4,4
0.7799999999999997,0.3100000000000001,937.0133903792412,190.11490494785863,8.108305439510031e-06,-43.30887546918663,-38.28653602217784,-42.53111764541344,-29.439568325379973,0.0,4,462,1474.0,134.0,299.0,12,48,6,43
0.7799999999999997,0.3200000000000001,625.3502352015762,126.8574495250476,6.249087799518279e-06,-8.949498597602581,-7.720558096488556,-8.732413206912646,-5.629514619167342,0.0020318031311035,4,641,981.0,191.0,198.0,9,38,3,34
0.7799999999999997,0.3300000000000001,1073.4373865841765,218.08830875740836,5.809261853122423e-06,-28.7178961368832,-24.982359412957283,-28.15904343030732,-19.525800219454293,0.0020225048065185,4,632,1864.0,180.0,380.0,9,42,4,37
0.7799999999999997,0.38000000000000017,1695.9883764096576,347.62064752159546,6.466364493112912e-06,-35.173822752826055,-28.33660569863197,-34.48367268008867,-24.764103206005025,0.002030611038208,4,855,3678.0,239.0,765.0,12,36,4,32
0.7799999999999997,0.4100000000000002,1612.7785095397735,330.0875672959121,5.022165271398073e-06,-16.31057097029991,-13.751640128270672,-15.779778976311452,-12.259586096832791,0.0020298957824707,4,1186,3969.0,325.0,826.0,16,34,4,31
0.7799999999999997,0.5000000000000002,2185.922991076462,466.0298296067896,6.768946188823593e-06,-2.826425742291962,-2.7004478263330443,-2.692191003133233,-2.639900518166556,0.0020229816436767,4,3116,8674.0,670.0,1896.0,26,27,23,24
0.7799999999999997,0.5200000000000002,2233.830927931506,481.952506736919,6.923597538325491e-06,-1.8641176863923068,-1.89892980233208,-1.760294989720566,-1.8586491612787095,0.0020203590393066,4,3790,9612.0,800.0,2119.0,30,27,24,24
0.7799999999999997,0.5300000000000002,2162.7595918370894,466.8260739647405,6.880974712678616e-06,-1.0373161061394116,-1.0297099360348183,-0.9727937314982746,-1.0048630397589835,0.0020301342010498,4,4398,10120.0,987.0,2239.0,27,27,24,23
0.7799999999999997,0.5800000000000003,680.1690879739347,155.88959139686764,4.535513652540807e-06,0.9246677447701608,0.9064576367370876,0.9290548919541812,0.9196581322692624,0.0080296993255615,15,6767,7560.0,1508.0,1599.0,24,26,20,23
0.7799999999999997,0.6100000000000003,950.4065225678614,215.20933562356183,6.211832044705563e-06,0.9025631143519838,0.8908044857777798,0.9063724572769908,0.8999418807573809,0.0,14,8514,10135.0,1926.0,2198.0,23,26,18,23
0.7799999999999997,0.6400000000000003,927.547158012507,222.84826298314903,7.053657146353222e-06,0.9348325764415673,0.9193853580415814,0.9363297004093968,0.9231238793507944,0.0100643634796142,11,10572,12432.0,2393.0,2756.0,23,23,18,20
0.7799999999999997,0.6500000000000004,1126.1886510606373,265.14478225217925,7.99535375606973e-06,0.9141780062940088,0.9004124001357521,0.9158606696663376,0.9043924678955416,0.010061502456665,10,11385,13991.0,2617.0,3154.0,21,22,16,19
0.7799999999999997,0.8000000000000005,1500.1141658681508,398.299537128272,1.5383309970724518e-05,0.950383988762417,0.9374028041286728,0.9508758039576783,0.9381096113719236,0.0100090503692626,6,22342,28333.0,5836.0,7448.0,16,15,13,13
0.7799999999999997,0.8200000000000005,1448.5755438992398,406.28346670661966,1.6600267064722534e-05,0.959156555824641,0.9436431340222292,0.9595361051011898,0.9443684806321596,0.0,6,24067,30040.0,6566.0,8116.0,15,14,12,12
0.7799999999999997,0.8700000000000006,1595.0195379103634,465.88992375091306,2.094058728000716e-05,0.9611976111458076,0.9454682555632384,0.961495087594199,0.945950015724791,0.0,5,28249,34964.0,7906.0,10041.0,14,12,11,11
0.7799999999999997,0.9300000000000006,1740.9861010837124,578.0896610820851,3.0542303365761893e-05,0.9643471499864222,0.9397452300177616,0.9645811946621338,0.9399830652998497,0.0,4,33531,41198.0,10062.0,13512.0,12,11,9,9
0.7799999999999997,0.9500000000000006,1681.7850171023645,557.3088143779294,3.262787530199584e-05,0.9694926884773166,0.9497785855462072,0.9696798320895704,0.9500408830480428,0.0,4,35119,43057.0,11002.0,14148.0,11,10,9,8
0.7799999999999997,0.9600000000000006,1622.5703053591649,556.6390306263717,3.562473356790236e-05,0.9725886519350202,0.952807007061312,0.9727684145451378,0.9529770633353722,0.0,4,36336,44025.0,11662.0,14672.0,11,10,9,8
0.7799999999999997,0.9800000000000006,1403.9237871052687,465.7022810587611,3.359670768375161e-05,0.9812506116092726,0.9702828900661528,0.9813503530073456,0.9705873229508344,0.0,4,38225,44872.0,12589.0,14722.0,10,9,8,7
0.7899999999999996,0.2,99.58193862342708,21.15887323717089,6.783516889265123e-06,0.1934994412009276,0.196534061168025,0.228104986186867,0.482830238264618,0.0,4,381,413.0,134.0,134.0,7,7,5,4
0.7899999999999996,0.22000000000000003,62.68738575928441,13.679744758827434,7.060728250853067e-06,0.5542247468353152,0.5589100732975938,0.5712196469446404,0.7076064319098142,0.0140104293823242,4,344,332.0,120.0,120.0,8,7,5,4
0.7899999999999996,0.23000000000000004,582.9977040406477,118.6607120462933,8.177699289752928e-06,-11.268332492314975,-9.695725645983975,-10.979830467695209,-6.990174033363408,0.014000654220581,4,531,902.0,166.0,182.0,11,36,5,32
0.7899999999999996,0.2700000000000001,65.17420565939668,14.356328453565927,6.480826512866154e-06,0.6138266780588013,0.5663674125380821,0.6327251983566922,0.733029257084352,0.0,4,369,385.0,124.0,116.0,8,7,3,4
0.7899999999999996,0.3100000000000001,1116.4500520623392,227.88296521094625,7.060574045984852e-06,-25.70347390600962,-22.119632557548385,-25.26241429201449,-17.48701933153448,0.0160102844238281,4,703,2033.0,211.0,416.0,10,38,4,34
0.7899999999999996,0.37000000000000016,764.3668335622629,155.92175521716013,3.5931806994755837e-06,-9.535266658337862,-8.378291967478805,-9.346207270881816,-6.765024010089717,0.0140016078948974,4,716,1328.0,197.0,268.0,10,43,4,38
0.7899999999999996,0.4200000000000002,1806.103379285545,373.0229690202289,5.326795649313336e-06,-19.51540718594376,-16.727506452322075,-18.69258001282348,-15.721113019357292,0.0140001773834228,4,1236,4717.0,293.0,990.0,17,34,5,30
0.7899999999999996,0.4400000000000002,2135.5817684142494,445.73146811355673,6.331035711223611e-06,-21.13154471741609,-18.613906907730293,-20.019064959382952,-17.85065895601815,0.0139999389648437,4,1367,6004.0,291.0,1279.0,28,33,20,29
0.7899999999999996,0.48000000000000026,1994.839848417244,416.8846762994933,5.774933599065666e-06,-5.338892049645708,-4.679053270550859,-5.052490103410752,-4.546740878751053,0.0,4,2294,6930.0,514.0,1485.0,26,30,25,27
0.7899999999999996,0.5300000000000002,2192.397398777573,477.4351723009104,7.518601344412075e-06,-0.9504083958495008,-0.9697950719695052,-0.8951884980547276,-0.9459815562858782,0.0140004158020019,4,4383,10377.0,966.0,2305.0,25,25,22,22
0.7899999999999996,0.5500000000000003,580.4896797469211,129.26754256570212,3.788726248865833e-06,0.9163404902988824,0.8923004870302114,0.9279065101435024,0.923151489363808,0.0139992237091064,18,5669,5858.0,1211.0,1222.0,25,26,19,22
0.7899999999999996,0.5900000000000003,795.1372800451801,174.99132751620107,5.460794808755163e-06,0.909321282579673,0.899746673809106,0.9143611808102668,0.912583704510846,0.0,15,7350,8293.0,1685.0,1769.0,25,26,21,23
0.7899999999999996,0.6100000000000003,967.0136726964196,221.69983802839863,6.532823972803678e-06,0.9019803458275492,0.885541350386926,0.9050228218589542,0.8951568436962744,0.0,12,8723,10549.0,1987.0,2300.0,22,24,18,21
0.7899999999999996,0.6600000000000004,1168.6823095518048,269.2835019001432,1.196500689574484e-05,0.9175601688603297,0.9105436754059067,0.918945124010786,0.91361245602181,0.0,9,12162,15336.0,2918.0,3510.0,20,21,18,18
0.7899999999999996,0.7000000000000004,1205.4908841377153,300.7237465501028,1.0412194433681173e-05,0.9393315925075216,0.9249603797639564,0.940159406085358,0.9270037326196604,0.0,8,15060,18965.0,3618.0,4511.0,19,19,16,16
0.7899999999999996,0.7100000000000004,1327.7506518462949,319.43921650836523,1.1069487996960392e-05,0.9296054079667572,0.920995614099054,0.9306416469765044,0.9223553012437956,0.0,8,15521,19984.0,3762.0,4788.0,20,19,16,16
0.7899999999999996,0.7200000000000004,1303.6147361988444,321.30351017717487,1.092010916171342e-05,0.9371453910544664,0.9262022673009004,0.938027898648777,0.9278257947477988,0.0,8,16054,20581.0,4051.0,4984.0,19,18,15,16
0.7899999999999996,0.7300000000000004,1237.1148456405929,324.4123617169707,1.1629516236599175e-05,0.949158557203376,0.9314185393380066,0.9498098295314706,0.9332271539039636,0.0,8,17290,21540.0,4207.0,5258.0,18,18,15,15
0.7899999999999996,0.7400000000000004,1228.263713540378,314.4394944216994,1.181175645532232e-05,0.9528031328686158,0.941260323817676,0.9534226902318004,0.9426527690753828,0.0,8,17928,22182.0,4565.0,5446.0,18,18,14,15
0.7899999999999996,0.7600000000000005,1347.3339859014975,339.0242392257649,1.2876067430305158e-05,0.9490179073979842,0.940188575476062,0.9496815414953048,0.941526118996764,0.0,8,19183,24103.0,4934.0,6050.0,18,17,15,15
0.7899999999999996,0.7700000000000005,1540.4542470433985,400.7313261334592,1.4717663295724811e-05,0.938127055033902,0.9236867677066006,0.9387586451364162,0.9245656210504009,0.0,6,20241,26177.0,5238.0,6783.0,16,16,14,13
0.7899999999999996,0.8600000000000005,1458.2942126465075,427.9700352405876,1.947711294764635e-05,0.9664593513369768,0.9514898597708648,0.9667519884853328,0.95220255598279,0.0139999389648437,6,27556,33740.0,7712.0,9527.0,14,13,11,11
0.7899999999999996,0.8700000000000006,1684.071594927634,484.70471749086033,2.1501493691696037e-05,0.9564144293732828,0.9411483853023284,0.9567635470100658,0.9415776852481748,0.016010046005249,5,28180,35305.0,8142.0,10259.0,14,13,11,11
0.7899999999999996,0.9000000000000006,1603.092826546958,498.40455983383407,2.4072361523254664e-05,0.965915700535851,0.947182002197024,0.9661869231378064,0.9475241825540892,0.0139997005462646,5,30881,38049.0,8994.0,11451.0,13,12,10,10
0.7899999999999996,0.9100000000000006,1482.8091796174904,444.7171425098264,2.37716822004658e-05,0.9721507061233228,0.9605802027144662,0.9723468871437152,0.9610125764358398,0.0140004158020019,5,31832,38201.0,9482.0,11523.0,13,11,10,10
0.7899999999999996,0.9400000000000006,1680.682800853074,550.2632987185923,3.117097361520179e-05,0.9680692387180644,0.9485497760491366,0.9682703808397888,0.9488251640494948,0.0139997005462646,4,34433,42150.0,10435.0,13368.0,12,10,9,8
0.7899999999999996,0.9800000000000006,1371.8419377185307,457.5053733746377,3.2800332854560684e-05,0.9820907752738594,0.9715760705813552,0.9821835521784926,0.9719377714664188,0.0,4,38344,44816.0,12662.0,14826.0,10,9,8,7
0.7899999999999996,0.9900000000000007,1388.3361482064302,503.4442620588698,3.6503029003271226e-05,0.982450336775928,0.9676652454420162,0.982545551773634,0.9679909572949794,0.0,4,39399,45832.0,13032.0,15579.0,10,9,7,7
0.7999999999999996,0.22000000000000003,264.38996214556505,54.05090193512038,9.218093230055626e-06,-5.039115826332033,-5.157097487084171,-4.807185920265225,-2.734204981576223,0.0,4,371,410.0,140.0,112.0,7,21,4,4
0.7999999999999996,0.23000000000000004,193.91613844649444,40.19211676436065,7.746028386599125e-06,-1.8216754947167355,-1.7440831358034703,-1.6928701671808848,-0.6856671390289786,0.0,4,404,420.0,149.0,123.0,9,9,3,4
0.7999999999999996,0.25000000000000006,256.4524809784456,52.74111299546114,7.422939395680513e-06,-2.090734204620954,-1.948401985348538,-1.96327635659663,-0.910981178728937,0.0,4,516,517.0,176.0,159.0,8,10,3,4
0.7999999999999996,0.2700000000000001,388.3350813623032,78.92704965134999,7.357993850970968e-06,-9.766249462669755,-8.420323433257353,-9.386668293939442,-5.241673836925559,0.0,4,400,546.0,137.0,124.0,8,38,4,4
0.7999999999999996,0.3000000000000001,713.8929804249374,145.42989433629754,7.225974157613211e-06,-14.387291030486184,-13.897177656036,-14.065177986813682,-10.022833611991516,0.0,4,568,1127.0,188.0,228.0,11,41,4,37
0.7999999999999996,0.37000000000000016,1573.0125919977036,320.51813521234646,6.203443994885407e-06,-22.036083677229367,-19.168593778531857,-21.69980514851333,-16.474719733226085,0.0020074844360351,4,998,3379.0,261.0,700.0,13,35,5,31
0.7999999999999996,0.4000000000000002,2197.518877905261,458.8158899093768,7.80516544882862e-06,-31.848418051017475,-28.35858609948585,-30.98477267758063,-26.08062549242303,0.0139999389648437,4,1187,5764.0,275.0,1235.0,17,30,7,27
0.7999999999999996,0.48000000000000026,2004.0906681709787,421.1391421885804,6.220198446058956e-06,-3.761859647071697,-3.4130582062162187,-3.5968681857970517,-3.324288664758124,0.014003038406372,4,2652,7382.0,570.0,1590.0,26,29,20,25
0.7999999999999996,0.5400000000000003,2494.52145753115,549.2281895229584,8.909330259742951e-06,-1.1061267048379295,-1.175683501181132,-1.050048262039108,-1.150972984429114,0.0,4,4751,11919.0,1085.0,2704.0,26,24,21,21
0.7999999999999996,0.6200000000000003,1041.0500371141056,229.61357376781316,6.871118870669615e-06,0.9011781232230592,0.8977033191009267,0.9037819222853,0.9046878599242552,0.0,11,9626,11559.0,2243.0,2543.0,22,23,19,20
0.7999999999999996,0.6300000000000003,1002.6354709666168,235.0723292946237,7.132556673488189e-06,0.9190126709921076,0.9049150736174714,0.9209592623093752,0.9105617064927026,0.0,11,10161,12265.0,2352.0,2718.0,21,23,18,20
0.7999999999999996,0.6600000000000004,1133.288518721807,267.3908292285948,8.716361157326043e-06,0.9227836843850158,0.9112461253474914,0.9242717309719084,0.9147766168951652,0.014000654220581,10,12092,15168.0,2837.0,3466.0,22,21,17,19
0.7999999999999996,0.6900000000000004,1203.2816134655875,289.66247224327657,1.0043246215811386e-05,0.934594158421687,0.924982438521348,0.9355222691246684,0.9268873107961012,0.0,8,14437,18180.0,3507.0,4276.0,19,19,15,16
0.7999999999999996,0.7200000000000004,1220.0854745538902,298.9291394875759,1.0895529475753368e-05,0.9452051730912918,0.9366662526412886,0.9459602919907544,0.9377866646304086,0.0,8,16286,20347.0,3969.0,4896.0,19,19,16,16
0.7999999999999996,0.7300000000000004,1438.267666924495,357.0998173758879,1.213585427192568e-05,0.9295339372220972,0.9182679831102382,0.9303749428966536,0.9197101920491064,0.0139989852905273,7,17207,22325.0,4267.0,5508.0,17,17,14,15
0.7999999999999996,0.7700000000000005,1296.2606932813462,354.9355234496141,1.377457981424393e-05,0.9576627776955022,0.9406453331335356,0.9581439021203466,0.9415963614233096,0.0,7,20517,25451.0,5237.0,6501.0,17,16,14,14
0.7999999999999996,0.7900000000000005,1608.2191154827924,434.77195049378497,1.5984358032907844e-05,0.9403420027937388,0.921541090527914,0.9409614364305696,0.922349530321415,0.0,6,21861,28235.0,5674.0,7492.0,16,15,13,13
0.7999999999999996,0.8000000000000005,1484.2225775046236,411.49204382060606,1.5859395745111396e-05,0.952817367756073,0.935082345165173,0.9532696956019976,0.9359460337189612,0.0,6,22780,28676.0,6037.0,7601.0,15,15,13,12
0.7999999999999996,0.8900000000000006,1555.39858827924,473.6295798906234,2.249245372052271e-05,0.966398672902612,0.9499084363826624,0.9666451604719724,0.950429322654232,0.0140020847320556,5,29964,36979.0,8807.0,10969.0,13,12,10,10
0.7999999999999996,0.9300000000000006,1706.9202956885051,567.6548797464882,3.010126024286782e-05,0.9659543689097608,0.9425797153550706,0.966176022553902,0.9428517870648494,0.0,4,33668,41186.0,10337.0,13393.0,12,10,9,9
0.7999999999999996,0.9400000000000006,1607.5737347008378,538.5801453049181,3.157923145496144e-05,0.9716393332044262,0.9513842352937236,0.9718152660623244,0.9516402847344472,0.0,4,34850,42324.0,10684.0,13628.0,12,10,9,8
0.7999999999999996,0.9600000000000006,1656.786510588092,555.1033030737011,3.455697128430287e-05,0.9715201176865847,0.9527662411432348,0.9717020750912968,0.952984215675931,0.0,4,36378,43820.0,11482.0,14742.0,11,10,9,8
0.7999999999999996,0.9900000000000007,1291.8618306859803,448.15810547171856,3.465831713637713e-05,0.9848324268870088,0.9746157707820308,0.98490948625438,0.9749957955640012,0.0140004158020019,4,39583,45587.0,13395.0,15222.0,10,9,7,7
0.8099999999999996,0.2,100.23591962631626,20.605419998954968,7.232563977625524e-06,0.0400417210894906,0.1325929374210281,0.0831425065185299,0.4547375295623623,0.0140004158020019,4,352,372.0,124.0,117.0,8,7,3,4
0.8099999999999996,0.21000000000000002,56.02213104360335,12.608281008924251,5.628401087871026e-06,0.7228625235816306,0.6733791922630612,0.7355434720594753,0.7974268793465413,0.0140027999877929,4,387,379.0,130.0,119.0,8,7,4,4
0.8099999999999996,0.22000000000000003,153.66694911398483,31.62376479801227,7.411872074940311e-06,-1.1969625643339428,-0.9187448994887004,-1.1121620110690786,-0.2458003903523467,0.0,4,360,377.0,128.0,110.0,9,8,4,5
0.8099999999999996,0.23000000000000004,396.0303018709553,80.12178230668611,7.763434686800845e-06,-7.059408850145848,-5.991214616363702,-6.836930485592131,-4.069608900936509,0.0,4,474,590.0,153.0,153.0,8,31,5,4
0.8099999999999996,0.26000000000000006,155.4223747834697,31.04130312986232,9.75629171938575e-06,-6.245708129677107,-4.860878426361765,-5.742240855475665,-2.253589863088382,0.0140018463134765,4,211,226.0,90.0,70.0,9,11,3,4
0.8099999999999996,0.3200000000000001,1052.1171413709917,214.05745432009604,7.896352208064993e-06,-25.229764018746533,-23.515099555261635,-24.75727259272205,-18.596026086176725,0.0020079612731933,4,633,1834.0,176.0,374.0,12,41,4,37
0.8099999999999996,0.36000000000000015,1893.082916061347,389.50133718212913,8.745880167012934e-06,-57.86420445921068,-49.23281978542651,-56.936470057249,-41.4831060460501,0.0140016078948974,4,765,4156.0,211.0,874.0,11,35,4,32
0.8099999999999996,0.37000000000000016,1767.6900475385005,363.5296010414191,7.947096526156282e-06,-46.73297734649873,-43.33962487805895,-45.96070904404617,-37.18619658226678,0.0139994621276855,4,770,3757.0,202.0,784.0,11,37,4,33
0.8099999999999996,0.38000000000000017,1433.0564000880545,293.11040297698975,5.184323488141519e-06,-25.975688704976196,-21.80283286156509,-25.45444681402289,-19.59667690842224,0.0,4,844,2957.0,232.0,609.0,11,39,7,35
0.8099999999999996,0.4200000000000002,1767.1643599280742,363.8802744951513,5.2085225852822494e-06,-19.960200608835045,-15.968050443616184,-18.9708298943422,-15.103721280028983,0.0,4,1217,4592.0,281.0,963.0,23,34,5,31
0.8099999999999996,0.4400000000000002,1735.773755778673,361.7593871161697,5.463457451964732e-06,-5.993582923054561,-5.359033841475938,-5.78874356634621,-5.055129514476201,0.0,4,1893,5342.0,404.0,1127.0,18,31,15,27
0.8099999999999996,0.45000000000000023,1750.8114844741756,362.1941957247061,4.656573804048354e-06,-11.98833319401424,-9.92518292465884,-11.268961093513434,-9.532631166006883,0.0,4,1464,5061.0,322.0,1062.0,27,34,8,30
0.8099999999999996,0.46000000000000024,2074.200792373615,434.7761277370228,6.126710162710619e-06,-8.466506237759202,-7.8079581533690465,-8.068330925316754,-7.591025372277425,0.0139999389648437,4,1940,6713.0,405.0,1438.0,30,31,22,28
0.8099999999999996,0.5100000000000002,1942.5107544747336,418.6707014468531,6.142658205356941e-06,-1.4131335027083312,-1.456436435042011,-1.3264589748373607,-1.420689986285292,0.0140094757080078,4,3581,8453.0,764.0,1837.0,27,29,25,25
0.8099999999999996,0.5700000000000003,760.8673997484713,169.22400747495124,4.708021945696315e-06,0.8994925270850644,0.8822624860136905,0.9066766916955188,0.9031256221851808,0.0,15,6586,7399.0,1475.0,1566.0,25,26,20,22
0.8099999999999996,0.5900000000000003,832.2937492601222,189.318104859483,5.968391441506801e-06,0.9114645064290198,0.8952229514543517,0.91559598084229,0.9081999437002096,0.0,13,7804,9054.0,1745.0,1945.0,22,24,20,21
0.8099999999999996,0.6000000000000003,764.4616021596314,183.40610676855883,5.100081409256239e-06,0.929751121148654,0.9079687343501892,0.9327683301053132,0.9161628686259896,0.0,15,7947,8980.0,1839.0,1926.0,26,27,22,24
0.8099999999999996,0.6200000000000003,916.7555748894628,209.9125900334362,6.700731029368849e-06,0.9216987992745744,0.910461226118948,0.9239664193292564,0.9165624801362038,0.0140094757080078,12,9377,10909.0,2098.0,2384.0,24,24,19,21
0.8099999999999996,0.6300000000000003,1055.3325850974843,245.38731137585265,7.136116931518139e-06,0.9102449496356664,0.8965020983814818,0.9123844206756282,0.9026484656857138,0.0,11,10296,12541.0,2371.0,2789.0,22,23,19,20
0.8099999999999996,0.6400000000000003,1120.4783288369565,259.1328885583308,7.5817148097307485e-06,0.9065103117298824,0.8937884490331456,0.9087295983479292,0.9000015335412728,0.0,11,10810,13309.0,2441.0,2982.0,22,23,19,20
0.8099999999999996,0.6800000000000004,1222.7728262499884,298.2793697485336,1.05702661101465e-05,0.926133761784842,0.9115798090863684,0.9273222872802532,0.9147900102483404,0.0,9,13701,17297.0,3296.0,4044.0,19,20,16,17
0.8099999999999996,0.7300000000000004,1315.2683351614075,326.23701040274653,1.2085538304157892e-05,0.9423512743320226,0.9327945588394868,0.9431120852686076,0.9346803414524298,0.0,8,17373,21827.0,4454.0,5373.0,18,18,15,15
0.8099999999999996,0.8000000000000005,1481.1533279343714,408.7249764609189,1.5834040453094092e-05,0.9526827014073936,0.9357840263624992,0.9531427570294349,0.9365437756330792,0.0,6,22777,28639.0,6010.0,7552.0,16,15,13,13
0.8099999999999996,0.9600000000000006,1571.955572818986,560.5102307273258,3.343025921112401e-05,0.9744996913756968,0.9522385848155116,0.9746482082305588,0.9525540882984388,0.0139985084533691,4,36418,43434.0,11655.0,14729.0,11,10,8,8
0.8199999999999996,0.23000000000000004,98.19962661164588,20.846162716432968,6.266438636558562e-06,0.4095286045453716,0.3629866142074195,0.4356059874231286,0.6181186664342805,0.0,4,428,437.0,156.0,125.0,8,7,4,5
0.8199999999999996,0.26000000000000006,594.1216906773673,120.36052612879357,9.071514755042734e-06,-17.48197262741037,-14.446642630152889,-16.907846515584687,-10.19837931300206,0.0,4,468,876.0,144.0,177.0,10,41,5,37
0.8199999999999996,0.2700000000000001,393.14988659967,80.24435338389861,7.475250482713946e-06,-4.976716938715183,-4.575769306260802,-4.77025810417088,-2.724185920414495,0.0,4,540,635.0,198.0,158.0,9,24,4,4
0.8199999999999996,0.2800000000000001,489.5638896848228,99.3526442359068,7.4764001660278e-06,-11.682864551147254,-10.613455119049505,-11.24007770079899,-6.33884468285345,0.0,4,455,710.0,179.0,143.0,10,39,4,34
0.8199999999999996,0.3000000000000001,946.1086475224008,192.6194705025083,8.561649177212605e-06,-19.90703351191432,-17.59692129301669,-19.5057469334494,-13.51860386464982,0.0,4,648,1624.0,194.0,331.0,9,39,5,35
0.8199999999999996,0.3300000000000001,1231.2366369833217,251.3767507812394,7.3341748209505155e-06,-27.88983445435745,-24.20585139857567,-27.36692852154627,-19.37893276251532,0.0,4,740,2325.0,211.0,477.0,9,38,4,34
0.8199999999999996,0.36000000000000015,1635.0550162762108,335.28908546705384,6.933217958427837e-06,-38.91094167422399,-34.32744089937294,-38.283665766970216,-28.74918422824364,0.0,4,843,3407.0,220.0,708.0,12,36,4,33
0.8199999999999996,0.37000000000000016,1419.3927398715268,289.8448040187484,5.460377629629935e-06,-22.474323586901956,-19.341061112095304,-22.047809259646336,-17.019893477671925,0.0139997005462646,4,902,2992.0,228.0,617.0,14,37,6,33
0.8199999999999996,0.4000000000000002,1821.4928973235117,376.80635776218,6.446158926196414e-06,-17.2949654781383,-14.495750952373356,-16.822886895830223,-13.522899613290113,0.0,4,1295,4713.0,303.0,992.0,14,32,7,28
0.8199999999999996,0.4100000000000002,1971.089596623316,413.122749615656,6.908474495468217e-06,-15.746253784317368,-14.856102538367011,-15.353121688803345,-14.03639505188264,0.0,4,1352,5342.0,309.0,1132.0,21,31,10,27
0.8199999999999996,0.4200000000000002,1831.8967259601,378.1604735426483,5.770014220994247e-06,-18.65579302402447,-15.31165042948962,-17.93404797309278,-14.45165011784144,0.0,4,1212,4843.0,300.0,1019.0,20,33,5,30
0.8199999999999996,0.4300000000000002,2262.7684716404374,473.533734718728,6.718637904998014e-06,-29.71261624742599,-26.303544757176187,-28.229442324642463,-25.26804475097753,0.0,4,1297,6264.0,283.0,1343.0,24,32,13,29
0.8199999999999996,0.5200000000000002,2148.6630630076306,463.9557495063511,6.563825116402822e-06,-1.6396830758028975,-1.6862810691417307,-1.5450405327939691,-1.6490178609547343,0.0,4,3796,9370.0,846.0,2060.0,28,28,28,25
0.8199999999999996,0.5900000000000003,901.0996060369796,205.879028603218,5.983654425759287e-06,0.8936213098815958,0.8753107505346063,0.8983174966460974,0.8879908294940843,0.0,14,7698,9045.0,1741.0,1944.0,23,26,19,23
0.8199999999999996,0.6200000000000003,902.8007357879844,213.90486701997096,6.658185178819122e-06,0.9301670568039554,0.913967796396364,0.9320458641185908,0.9204524320253348,0.0139989852905273,11,9961,11380.0,2259.0,2496.0,21,23,18,19
0.8199999999999996,0.6400000000000003,1123.0545005079275,247.09552808579923,7.765965902585509e-06,0.9067643701827176,0.906086076857359,0.9087878656672596,0.9114017860865716,0.0140087604522705,10,10712,13340.0,2502.0,2986.0,21,22,19,19
0.8199999999999996,0.6700000000000004,1210.1720611476774,292.80565883560695,9.450608743099502e-06,0.9234041880712024,0.9089092322104892,0.9246551100775904,0.9124770757714472,0.01399827003479,9,13236,16766.0,3179.0,3904.0,19,20,16,17
0.8199999999999996,0.6800000000000004,1145.8304440856014,274.0895818908462,9.496563006130649e-06,0.935727467524634,0.9261411017673852,0.9367765275628196,0.928172931189198,0.0140020847320556,9,13577,17020.0,3310.0,3952.0,19,20,16,18
0.8199999999999996,0.6900000000000004,1247.0528157518931,305.23055598627786,1.0219010861686348e-05,0.9283818740179994,0.9145577225642942,0.929532734103506,0.9167084080633692,0.0140011310577392,9,14229,18127.0,3348.0,4268.0,20,20,18,17
0.8199999999999996,0.7400000000000004,1309.0002258967909,319.97857791199186,1.2240427930124709e-05,0.9467219097174848,0.9398627082657608,0.9473371291871222,0.9412648585974852,0.0,7,18108,22762.0,4621.0,5635.0,17,17,14,14
0.8199999999999996,0.7900000000000005,1454.5125636694722,403.9435393451954,1.5590442925902466e-05,0.952143702800952,0.9334602920999988,0.952603108809283,0.9343322105145182,0.0,6,22072,27871.0,5775.0,7304.0,16,15,13,13
0.8199999999999996,0.8200000000000005,1457.6788967250116,414.07095445001806,1.69915977788988e-05,0.9593760230001842,0.942151609311716,0.9597458736549516,0.942984338580626,0.0140011310577392,6,24341,30334.0,6483.0,8215.0,15,14,12,12
0.8199999999999996,0.8300000000000005,1450.088053085787,403.6571512368892,1.7412829052484966e-05,0.9617750429445696,0.9486131851634306,0.962130025285156,0.9492674728306136,0.0,6,25353,31259.0,6880.0,8550.0,15,14,12,12
0.8199999999999996,0.8600000000000005,1683.924201319487,504.32197317941535,2.1658818001967853e-05,0.9553823875260952,0.9331162523085405,0.9557608815778804,0.9335041869774248,0.0,5,27649,35012.0,7798.0,10186.0,14,13,11,11
0.8199999999999996,0.8700000000000006,1547.5079933472668,466.5559592995193,2.13523590557163e-05,0.9641780563482696,0.9466308788707792,0.964440689450808,0.9472267728887988,0.0,5,28597,35459.0,8224.0,10294.0,13,12,10,10
0.8199999999999996,0.9100000000000006,1681.2477199488876,558.8115737885178,2.7947661064077856e-05,0.9645198872356991,0.9384752334929226,0.9647509779637304,0.9387925102024128,0.0,4,32148,39830.0,9602.0,12603.0,12,11,9,9
0.8199999999999996,0.9200000000000006,1776.6685174318063,571.0218727567857,3.02796030513081e-05,0.9612958236323615,0.9387463113804904,0.9615604414580142,0.9389848944735388,0.0,4,32606,40757.0,9927.0,13228.0,12,11,9,9
0.8199999999999996,0.9500000000000006,1590.6688779147803,535.8742953498205,3.265088979490054e-05,0.9727060790159764,0.9544485769330746,0.9728710657203866,0.9546956278511084,0.0,4,35342,43014.0,11109.0,14159.0,11,10,9,8
0.8199999999999996,0.9700000000000006,1465.4237264070302,492.8360422933101,3.358629106747983e-05,0.9787192618776194,0.9654150042189276,0.9788346224314408,0.9657445941345092,0.014000654220581,4,37182,44316.0,12249.0,14330.0,11,9,8,7
0.8199999999999996,0.9800000000000006,1394.9771727523,472.2525696947909,3.4486642919745045e-05,0.9815499957739796,0.9698468396381642,0.9816472338693136,0.9701430868062972,0.0160064697265625,4,38374,45012.0,12640.0,14986.0,10,9,8,7
0.8299999999999996,0.21000000000000002,65.4938769402657,13.457494813919366,8.400468404087126e-06,-0.1214663176574306,-0.2676323336411796,-0.0664880739145665,0.2586720994895642,0.0,4,219,210.0,70.0,60.0,9,7,3,5
0.8299999999999996,0.2900000000000001,462.2562646051069,93.69264912467789,6.542665140838534e-06,-6.040618557632801,-4.866167639661045,-5.859218389590075,-3.327881561861963,0.0,4,556,733.0,191.0,191.0,8,30,5,4
0.8299999999999996,0.3000000000000001,1126.1415088330004,230.59666718464655,9.022380280658128e-06,-27.43541905794166,-27.091398603899947,-26.869584490102262,-20.00780774680717,0.0140001773834228,4,645,2044.0,211.0,419.0,10,39,4,35
0.8299999999999996,0.3200000000000001,886.6041311750507,180.67079869198565,7.2090316847885e-06,-16.406296190021017,-14.809785679690023,-16.090837521127977,-11.491600847393578,0.0,4,638,1488.0,186.0,302.0,13,41,5,36
0.8299999999999996,0.36000000000000015,1592.2921207858394,327.6832025752922,7.118212135913758e-06,-28.69114386084416,-25.33024484115163,-28.212710393944104,-21.55065024969166,0.0,4,897,3434.0,242.0,713.0,14,35,4,31
0.8299999999999996,0.4000000000000002,1831.1501337956968,380.9561709260879,6.631784895233118e-06,-15.610675955871448,-13.697428114911354,-15.247933457535035,-12.673088100449974,0.0,4,1317,4695.0,362.0,988.0,13,31,5,28
0.8299999999999996,0.4200000000000002,1992.9560514262892,414.0719417162513,6.183244238497336e-06,-18.492097401576515,-15.934418026906195,-17.858960247019233,-14.939520843123198,0.0,4,1326,5398.0,308.0,1144.0,18,32,9,28
0.8299999999999996,0.45000000000000023,1822.325163081496,385.0790909021159,6.066661954635826e-06,-4.601335290930382,-4.43065940145121,-4.438272752816207,-4.27249518045738,0.0,4,2161,6057.0,474.0,1289.0,24,29,21,26
0.8299999999999996,0.47000000000000025,1902.2705648995711,401.651356900484,5.911280872897566e-06,-4.163633108211173,-3.948178463016677,-3.974954322098719,-3.8505790050166233,0.0,4,2417,6777.0,510.0,1450.0,28,30,28,26
0.8299999999999996,0.5200000000000002,2133.730235702255,461.5676751571757,7.241000678149897e-06,-1.127027986409316,-1.1430155855808692,-1.0687673711756536,-1.1154024212411473,0.0139992237091064,4,4065,9765.0,865.0,2157.0,26,25,21,22
0.8299999999999996,0.5300000000000002,1978.092497100005,431.9806853321107,7.711187010992905e-06,-0.2774549628230596,-0.3105207434962007,-0.2479647712962156,-0.2959813319329585,0.0160081386566162,4,4883,10298.0,1064.0,2283.0,23,25,20,22
0.8299999999999996,0.5500000000000003,454.790938011409,101.1477378138773,3.4257395875610986e-06,0.9366416947738112,0.9104058325872366,0.9536529015788544,0.9498258347736648,0.0,26,5202,5238.0,1143.0,1100.0,30,29,24,26
0.8299999999999996,0.6500000000000004,1150.93556630151,265.80119972975626,8.398887905002984e-06,0.9146467088648356,0.906067413559322,0.9163427911167398,0.9103701594241872,0.0,10,11631,14652.0,2725.0,3331.0,20,21,16,18
0.8299999999999996,0.6600000000000004,1157.878764523011,280.8839618062947,8.759700128457066e-06,0.921483137771963,0.9036283649676404,0.9230205456187108,0.90795425062917,0.0,10,12272,15431.0,2890.0,3535.0,21,21,17,18
0.8299999999999996,0.7300000000000004,1302.302390433586,329.1914173354339,1.2321070065910005e-05,0.944598694697276,0.9321067000547026,0.9452294695064564,0.9334599649793868,0.0,7,17665,22300.0,4366.0,5479.0,17,17,14,14
0.8299999999999996,0.8300000000000005,1557.3972011356843,452.7212689596337,1.8791038055467984e-05,0.9564731700465688,0.9359714092354492,0.9568394419518744,0.936425943239628,0.0,5,25522,31917.0,6897.0,8876.0,15,13,12,11
0.8299999999999996,0.8700000000000006,1559.7650566399077,466.6528848015589,2.1198746596011464e-05,0.963664477765234,0.9462011911036704,0.9640159339032952,0.9466718018294036,0.0,6,28341,35094.0,8062.0,10101.0,15,13,12,11
0.8299999999999996,0.8800000000000006,1606.868572885261,485.8124069400061,2.277599959053468e-05,0.9630448952622772,0.945076119367674,0.9633419397069776,0.945515686894062,0.0,5,29448,36470.0,8299.0,10737.0,13,12,11,10
0.8299999999999996,0.9000000000000006,1505.4772700131728,469.9251452149195,2.3452227228013547e-05,0.9704724078972607,0.9541386456625832,0.970677874946312,0.9547010541547332,0.0,5,31114,37595.0,9264.0,11282.0,13,11,10,10
0.8299999999999996,0.9400000000000006,1702.6034354286185,555.8643419636365,3.227745238519132e-05,0.9675273800482584,0.947946384227194,0.9677389064845664,0.9481624657628543,0.0,4,34516,42362.0,10723.0,13528.0,12,10,9,9
0.8299999999999996,0.9600000000000006,1496.5917251096462,526.1407843914022,3.3739927395064304e-05,0.977127972900148,0.9585964520323904,0.9772588353452084,0.9588749686999932,0.0,4,36652,43428.0,11639.0,14483.0,11,10,8,8
0.8399999999999996,0.22000000000000003,70.31158332735795,14.107474378262514,6.131699252966758e-06,0.430867017775962,0.5073613404931876,0.4667124612163172,0.7115540377226205,0.0,4,350,339.0,117.0,97.0,8,7,3,4
0.8399999999999996,0.23000000000000004,172.6480041394436,35.32188297170278,7.612966655805871e-06,-1.459276252726557,-1.6611842356501048,-1.336456366454612,-0.5270213019044516,0.0,4,389,391.0,138.0,105.0,8,8,4,4
0.8399999999999996,0.26000000000000006,243.99605102678743,49.86178814148833,6.529073833117101e-06,-1.8529773161463183,-1.7717135891119202,-1.7435410122123498,-0.8289832638548309,0.0140011310577392,4,470,524.0,164.0,145.0,9,9,3,5
0.8399999999999996,0.2800000000000001,310.88370347017764,63.13593139673584,1.014772494086947e-05,-4.888862923004699,-4.719702159567339,-4.676704859238749,-2.748552060910175,0.0,4,427,499.0,147.0,128.0,9,23,4,4
0.8399999999999996,0.2900000000000001,540.0189618584394,109.097099335103,7.178258498446992e-06,-14.807634752300512,-12.558465117538134,-14.335039966348718,-8.667977070846018,0.0140101909637451,4,456,777.0,149.0,156.0,8,42,3,36
0.8399999999999996,0.3000000000000001,799.7302084140626,162.81239203451315,6.875377358958491e-06,-17.443772017641553,-14.25016050972082,-17.04145524234646,-10.73545733657697,0.0,4,605,1295.0,187.0,262.0,9,40,5,34
0.8399999999999996,0.34000000000000014,870.3828719305085,176.29372979963486,7.235363009896196e-06,-14.853767830781878,-12.973964857314098,-14.610587932829477,-10.560489159225035,0.0,4,662,1454.0,181.0,295.0,11,43,7,39
0.8399999999999996,0.4000000000000002,1267.9454879515392,260.2215202156296,4.394227381290044e-06,-13.061066538136927,-11.44765830769324,-12.621439304095343,-10.503991539871842,0.0,4,973,2925.0,255.0,601.0,15,39,6,35
0.8399999999999996,0.4100000000000002,1740.123780319473,364.83583637027766,5.920322000580208e-06,-11.403939212441449,-10.616516530109733,-11.08321361213121,-9.649843499007998,0.0,4,1456,4714.0,350.0,990.0,18,31,4,28
0.8399999999999996,0.45000000000000023,1782.8171264181865,377.61019363006255,5.566047513321737e-06,-5.0658679683204335,-4.840041472197965,-4.862935676192355,-4.630401876939378,0.0,4,2031,5883.0,441.0,1247.0,21,30,17,26
0.8399999999999996,0.46000000000000024,2272.454402274481,474.70127668180265,6.010060289036729e-06,-17.504579210220786,-15.146415135379176,-16.34494146173502,-14.62603891660569,0.0,4,1662,6908.0,361.0,1485.0,30,31,20,28
0.8399999999999996,0.5300000000000002,2074.829616498665,451.37992127844296,7.365761948843432e-06,-0.7819656952153409,-0.8503978753743198,-0.7220350286332395,-0.824537234286634,0.0,4,4456,9996.0,945.0,2209.0,30,28,25,25
0.8399999999999996,0.5600000000000003,557.2291389123617,130.51865951628417,4.262937121111308e-06,0.9393535634789848,0.9156021330612756,0.9450064970586464,0.9335922043844508,0.0,17,6240,6469.0,1361.0,1355.0,25,26,22,22
0.8399999999999996,0.6300000000000003,1003.8928834035604,232.7617772397784,7.594634672124863e-06,0.9215258216528798,0.9102629758478284,0.9234940469715353,0.9163867615156244,0.0,11,10417,12529.0,2436.0,2787.0,22,22,18,19
0.8399999999999996,0.6500000000000004,1210.4326315642502,276.38043426488144,8.727687442161206e-06,0.9045464246146316,0.8986080435726342,0.9064639722071296,0.9024158332869736,0.0020081996917724,10,11595,14821.0,2733.0,3381.0,21,22,16,19
0.8399999999999996,0.6900000000000004,1245.9159038877542,304.8941989075432,1.0487888386547963e-05,0.9299720105781112,0.9165028957914296,0.9311312759305714,0.9186495297743116,0.0,9,14458,18370.0,3449.0,4343.0,20,20,16,17
0.8399999999999996,0.7200000000000004,1187.601505959184,299.109075640367,1.1457915404770432e-05,0.9512174246897954,0.940235476769352,0.9518524884346172,0.941882329923048,0.0,8,16943,20988.0,4223.0,5098.0,18,18,15,15
0.8399999999999996,0.7400000000000004,1299.4458827325352,328.4413991691243,1.287654652134487e-05,0.948907954330396,0.9387521300024684,0.9494615701164336,0.9401788659551752,0.0,7,18618,23170.0,4686.0,5798.0,17,16,13,14
0.8399999999999996,0.7500000000000004,1296.092836684297,326.23112972247145,1.2485856760636894e-05,0.950683632564377,0.94171488117846,0.9513213548153572,0.9429978620372657,0.0,8,18711,23289.0,4793.0,5810.0,18,17,15,15
0.8399999999999996,0.8100000000000005,1458.4291936072718,398.1144655241436,1.6355376145313436e-05,0.9569221160793712,0.943624568885104,0.957312010225852,0.944442750167832,0.0,6,23613,29465.0,6331.0,7912.0,15,14,12,12
0.8399999999999996,0.8200000000000005,1485.8434419690902,424.5000313259643,1.7582160758887805e-05,0.9578387449086204,0.9401791285307052,0.9582212220320558,0.9409753179179764,0.0,6,24527,30758.0,6562.0,8393.0,15,14,12,12
0.8399999999999996,0.8300000000000005,1626.559041593472,464.971544120826,1.937039403019391e-05,0.9517333235730394,0.9329073321606234,0.9521251410706504,0.9334046698665206,0.0140020847320556,5,25331,32273.0,6913.0,9049.0,14,13,12,11
0.8399999999999996,0.9300000000000006,1784.7065001469196,592.0516235937539,3.136975244750204e-05,0.9627757271204536,0.9375822675697068,0.9630222297191758,0.9378226124551218,0.0080151557922363,4,33514,41311.0,10379.0,13637.0,12,10,9,9
0.8399999999999996,0.9400000000000006,1636.1877152647655,541.2756152522176,3.1833331004223805e-05,0.9701535636102988,0.9509920622203232,0.970334288660974,0.9512693727620872,0.0,4,34745,42334.0,10783.0,13711.0,11,10,9,8
0.8499999999999996,0.2,161.05650535345248,32.71037679391664,8.504952570113043e-06,-1.0152432415308104,-0.9773438772080814,-0.9222970245307096,-0.1824650234773133,0.0100483894348144,4,393,411.0,143.0,117.0,6,8,4,4
0.8499999999999996,0.23000000000000004,205.71141801076573,41.98275935825721,7.323894384035123e-06,-2.2897888152282047,-1.9463593860191368,-2.147227568270985,-0.8637785561650475,0.0080642700195312,4,405,437.0,142.0,125.0,8,9,4,5
0.8499999999999996,0.24000000000000005,684.6883795445439,138.47100328227566,8.303367872179772e-06,-23.258557383708556,-19.78130644869942,-22.65186268103384,-13.825834053593129,0.0080165863037109,4,461,1016.0,152.0,205.0,9,44,4,39
0.8499999999999996,0.2800000000000001,158.7745715891979,32.05220351239521,8.645657343166845e-06,-2.1980341263854566,-1.946163437389825,-2.004704566501007,-0.7199003059460685,0.0,4,318,331.0,107.0,106.0,7,9,4,4
0.8499999999999996,0.3100000000000001,813.6694340557882,165.46679551096247,7.352719051488418e-06,-13.892630845781152,-11.871455497198452,-13.584213062503869,-8.901067265399679,0.0020234584808349,4,648,1359.0,216.0,275.0,10,38,4,33
0.8499999999999996,0.3300000000000001,1188.0458087759075,243.3558565489367,6.877569576208317e-06,-25.667554921656528,-22.749427314799583,-25.277738578436377,-18.731469935629733,0.0080270767211914,4,737,2221.0,205.0,455.0,10,39,4,35
0.8499999999999996,0.36000000000000015,1493.8425703533824,305.48765659733834,5.911592036581191e-06,-24.5504306199412,-22.026616311627222,-24.177679119288623,-19.36853234563805,0.0,4,916,3115.0,230.0,645.0,13,36,5,33
0.8499999999999996,0.37000000000000016,1311.457538390016,268.9826899634993,5.178702437110123e-06,-17.202234341067157,-15.15425015588115,-16.893345856332882,-13.326583368597545,0.0020186901092529,4,907,2738.0,243.0,562.0,10,37,5,33
0.8499999999999996,0.38000000000000017,1465.1341271080496,302.86788924105724,5.860991464126046e-06,-13.64446844994838,-11.448339133901232,-13.372132426780862,-10.179811231137425,0.0,4,1183,3384.0,329.0,701.0,13,33,5,30
0.8499999999999996,0.4200000000000002,1677.448027635034,349.2161758853676,5.551581151487784e-06,-8.873926605278003,-8.058303604809879,-8.59439109351955,-7.519836238529356,0.0020203590393066,4,1523,4722.0,363.0,991.0,16,32,5,28
0.8499999999999996,0.45000000000000023,2093.19819843145,440.733479554254,6.245497322671237e-06,-9.746466850159807,-9.219254938312512,-9.31785707231937,-8.93632352210236,0.0080537796020507,4,1879,6603.0,413.0,1417.0,26,30,23,27
0.8499999999999996,0.46000000000000024,2049.991867361917,434.2530824108602,6.301109475379861e-06,-5.9322278673689,-5.6176885607453,-5.690993400446906,-5.44599322179937,0.0,4,2238,6936.0,493.0,1491.0,20,29,20,25
0.8499999999999996,0.47000000000000025,2025.5517381074224,425.0112375965292,6.259082093244475e-06,-5.265563634467051,-4.731004402801752,-5.031391513208578,-4.616536814063271,0.0080273151397705,4,2315,7051.0,493.0,1517.0,26,29,22,26
0.8499999999999996,0.5200000000000002,2074.5365270544967,450.8796957060719,7.597181706319519e-06,-0.775537616525493,-0.7938211606134924,-0.7295255093644886,-0.7721216757654341,0.0100100040435791,4,4424,9948.0,986.0,2200.0,25,25,20,22
0.8499999999999996,0.5400000000000003,454.9045525148481,106.60663526978188,3.072447887624582e-06,0.9385399406965036,0.905703426553155,0.951500409852677,0.9423270733533172,0.0,21,5263,5328.0,1140.0,1123.0,26,26,23,21
0.8499999999999996,0.5700000000000003,709.6963062175422,163.649625725206,4.995980785995919e-06,0.9219929934122644,0.8999998575665652,0.9268738128489792,0.915162149103276,0.0,15,7073,7593.0,1553.0,1608.0,25,26,20,22
0.8499999999999996,0.6000000000000003,862.4069631646897,199.95350034158085,6.019267413506645e-06,0.9178551995637564,0.901721420352856,0.9206211044704466,0.9093289781308176,0.0,13,8576,9716.0,1934.0,2101.0,24,25,19,22
0.8499999999999996,0.6300000000000003,1075.8738102377786,248.1140866617613,7.716314202038152e-06,0.9110817223694644,0.9000541812676859,0.9128926946070924,0.904846854559119,0.0,10,10575,12944.0,2431.0,2893.0,21,22,17,19
0.8499999999999996,0.6400000000000003,1136.8100300597478,266.9446884031721,7.969088923792383e-06,0.9087030651194088,0.8941806597884124,0.910560328676074,0.8991127538490941,0.0,10,10966,13952.0,2515.0,3153.0,21,22,17,19
0.8499999999999996,0.6600000000000004,1132.748315934633,275.90408828806056,9.144629070619524e-06,0.928362034087532,0.912083605661422,0.929570337732526,0.9160350227963072,0.0,9,12752,15775.0,3025.0,3630.0,20,20,16,17
0.8499999999999996,0.6700000000000004,1163.9348476913688,282.3124876078645,9.21338499630735e-06,0.92809586650497,0.9144660553806668,0.9293018936027618,0.9175594205345082,0.0,9,13212,16401.0,3142.0,3791.0,20,20,16,17
0.8499999999999996,0.6800000000000004,1190.5358291288676,282.4455018910047,9.850689732310082e-06,0.9317249691268834,0.9234184360539988,0.9328219479309036,0.926379671034356,0.0140111446380615,9,13981,17371.0,3348.0,4068.0,20,20,16,17
0.8499999999999996,0.6900000000000004,1095.4588476782328,284.1875146417606,1.0169469715298607e-05,0.9488395431818478,0.9305537703424774,0.9495353347171614,0.932663523333314,0.0,8,14983,18187.0,3648.0,4287.0,19,19,15,16
0.8499999999999996,0.7600000000000005,1565.298601790073,407.60071200322,1.4990906730373358e-05,0.9344679228820296,0.918697510380344,0.9351274939654316,0.9197467570238992,0.0,6,20066,25945.0,5145.0,6747.0,16,15,13,13
0.8499999999999996,0.8000000000000005,1344.032983067926,367.6440808890658,1.5970667230562618e-05,0.9624542297686436,0.9500535517167424,0.9627946017233006,0.9509034501240312,0.0,6,23331,28671.0,6202.0,7643.0,15,14,12,12
0.8499999999999996,0.8100000000000005,1460.151041443928,401.18899085465785,1.6777820599095946e-05,0.9572060961101396,0.9434210381987586,0.9575868855842984,0.9444481765911658,0.0140128135681152,6,23832,29756.0,6400.0,8004.0,15,14,11,12
0.8499999999999996,0.8600000000000005,1553.5827947039063,455.3675975914077,2.084976618339612e-05,0.9625551790774016,0.9462035840198456,0.9628964283595122,0.946837358806367,0.0140039920806884,6,27844,34504.0,7784.0,9908.0,15,13,11,11
0.8499999999999996,0.8800000000000006,1529.406630724891,480.3479440659875,2.285137438791117e-05,0.9669803086617303,0.9468472122809224,0.9672185266871236,0.9473572054632556,0.0,5,29851,36572.0,8651.0,10839.0,13,12,10,10
0.8499999999999996,0.8900000000000006,1601.6023916854745,492.13327249306855,2.4081117125870304e-05,0.9647707579629284,0.9471044623538544,0.9650511505751732,0.9474457030955428,0.0,5,30390,37596.0,8789.0,11289.0,13,12,10,10
0.8499999999999996,0.9100000000000006,1768.3122102492723,573.5703331617957,2.92737258589057e-05,0.9609638604732426,0.9358505863813332,0.9612241963777124,0.9361220214419644,0.0,4,32099,40082.0,9695.0,12851.0,12,11,9,9
0.8499999999999996,0.9200000000000006,1741.7440343661292,571.2845631411138,3.044949474070232e-05,0.9634797217397102,0.939324168326734,0.9637243203357396,0.9395569803342212,0.0140020847320556,4,32969,40784.0,9906.0,13271.0,12,11,9,9
0.8499999999999996,0.9600000000000006,1544.8493285484726,513.9688605191304,3.380243705663238e-05,0.9752042962214128,0.9606094156897456,0.9753438921730572,0.9608914141425172,0.0,4,36372,43415.0,11821.0,14420.0,11,10,8,8
0.8499999999999996,0.9700000000000006,1544.8908571211969,497.774589213498,3.540941810968238e-05,0.9764840313422412,0.9646787334803448,0.976618497970479,0.9649467665932686,0.0,4,37385,44463.0,12264.0,14453.0,11,9,8,8
0.8599999999999995,0.21000000000000002,88.58629267556014,18.08141310849349,7.17926591652352e-06,-0.2166578392913463,-0.1229442731092831,-0.1713152238235393,0.2610974865872929,0.0,4,288,286.0,97.0,91.0,8,7,4,4
0.8599999999999995,0.24000000000000005,110.94377329680712,23.826412165214187,6.120783568201398e-06,0.2975899730554225,0.2625028985211024,0.3231539708177604,0.5055870146079494,0.014000654220581,4,452,459.0,149.0,142.0,8,7,3,4
0.8599999999999995,0.3300000000000001,850.9225569443241,171.8399206626136,6.403556911383303e-06,-13.823496357230376,-11.987780774101456,-13.515346967167114,-9.001856220432478,0.0,4,719,1465.0,220.0,297.0,11,39,4,35
0.8599999999999995,0.34000000000000014,1250.981002553596,254.7859600069569,6.405847494512062e-06,-19.84359526735051,-18.03873460036783,-19.54776763633627,-14.781090845074418,0.0,4,831,2416.0,237.0,496.0,13,37,6,33
0.8599999999999995,0.35000000000000014,1358.818194394183,276.2222082551172,7.2177255051146e-06,-42.631712563679,-37.54383458832904,-41.94074863112891,-30.61439522115949,0.0140111446380615,4,636,2527.0,192.0,519.0,11,41,4,37
0.8599999999999995,0.37000000000000016,1188.7641078728225,242.7001965731933,4.874785630442335e-06,-18.064096519650438,-15.506849133872803,-17.708917253289602,-12.719944339203218,0.0,4,848,2348.0,244.0,480.0,12,39,3,35
0.8599999999999995,0.38000000000000017,1459.422195882101,298.47982902255444,5.119161149707549e-06,-19.83723118008593,-16.256353356695588,-19.383763014736733,-13.978530707269927,0.0139989852905273,4,1005,3198.0,272.0,661.0,11,36,4,32
0.8599999999999995,0.4000000000000002,1557.5968636278558,323.83647493758326,5.338032877051075e-06,-14.698950686286246,-13.222382223445516,-14.248142239298716,-12.083228651530082,0.0140027999877929,4,1181,3898.0,284.0,811.0,18,34,5,31
0.8599999999999995,0.4400000000000002,1859.4105864941896,388.8872881911501,5.85495064792922e-06,-7.993504690448741,-7.184070045354574,-7.684266525636611,-6.898022521812478,0.0,4,1785,5726.0,380.0,1215.0,26,31,25,27
0.8599999999999995,0.45000000000000023,1778.3374843750366,373.4906151208265,5.297069992053695e-06,-6.328846876440116,-6.092543139346588,-6.03980409398072,-5.89734375010623,0.0,4,1889,5661.0,415.0,1197.0,21,32,21,29
0.8599999999999995,0.48000000000000026,2027.2643872552328,432.53459640048834,6.5456714224215215e-06,-2.82258233872779,-2.7252553985809174,-2.702906081703796,-2.65221378511979,0.01399827003479,4,2913,7893.0,670.0,1712.0,26,27,18,24
0.8599999999999995,0.49000000000000027,2282.8932688768728,492.4803612835744,7.825367277358753e-06,-2.725748550202472,-2.685486968751017,-2.6214564925249766,-2.6236178025007866,0.0,4,3214,9266.0,720.0,2046.0,22,25,20,22
0.8599999999999995,0.5000000000000002,2050.505242617048,438.662704990976,6.411430014050767e-06,-1.8930709721613963,-1.845307043959242,-1.802968567912691,-1.802617875643706,0.0,4,3386,8607.0,754.0,1878.0,27,27,20,24
0.8599999999999995,0.5200000000000002,2206.822612188544,480.8527797916254,8.045526171973437e-06,-1.0192571936465362,-1.0578278893259363,-0.9638562828389974,-1.032288410373706,0.0,4,4351,10394.0,918.0,2316.0,28,25,22,22
0.8599999999999995,0.5400000000000003,392.57472218674496,94.28142712114618,3.4149820631743064e-06,0.9572063037143596,0.9302330929456192,0.9653868818247612,0.9562668415208276,0.0,20,5352,5362.0,1155.0,1137.0,25,24,20,21
0.8599999999999995,0.5500000000000003,674.4588707198408,151.26394311865891,4.046825214397421e-06,0.8933292225085933,0.8623490715981096,0.9053439523013402,0.8951928100255798,0.0140106678009033,18,5733,6173.0,1244.0,1292.0,25,27,20,24
0.8599999999999995,0.5600000000000003,731.2418285114069,172.5661339551747,5.2669510065732855e-06,0.9043795510104256,0.8682554412726602,0.9111024402596688,0.8922029358853248,0.0,15,6440,7308.0,1424.0,1547.0,25,26,19,22
0.8599999999999995,0.5800000000000003,693.3440189194889,165.38044163742725,5.241212588369463e-06,0.928777065770458,0.9032893739864216,0.9333270520461842,0.9179428779262588,0.0,16,7156,7949.0,1575.0,1689.0,26,27,22,23
0.8599999999999995,0.5900000000000003,922.9901619629863,201.0948480966991,5.977721969525004e-06,0.8955405302964276,0.8898540082183786,0.8997682554023865,0.9014127172690586,0.0,13,8064,9429.0,1791.0,2036.0,24,24,18,21
0.8599999999999995,0.6200000000000003,974.0528791413926,223.74366420689384,9.756835104666196e-06,0.914896013680244,0.902926562726994,0.9172323151432956,0.9092217293923328,0.0,12,9657,11562.0,2155.0,2547.0,24,24,19,21
0.8599999999999995,0.6300000000000003,1036.0201110280366,241.14758777750416,7.338092357419298e-06,0.9161091137290208,0.9033611970052996,0.9183158821913352,0.9091513541886836,0.0,12,10393,12579.0,2385.0,2799.0,22,24,18,21
0.8599999999999995,0.7000000000000004,1220.7889822284749,303.89412844664804,1.077440149453132e-05,0.9404674791268476,0.9273549245621172,0.9412574199623408,0.9295403754521708,0.0,8,15667,19514.0,3786.0,4655.0,18,18,15,15
0.8599999999999995,0.7400000000000004,1303.458880733658,338.10326411364485,1.3030657019213824e-05,0.9490249907597492,0.9352545366490096,0.9495891699491248,0.9365524092351104,0.0,7,18565,23254.0,4674.0,5827.0,17,17,14,14
0.8599999999999995,0.7500000000000004,1327.8936833981109,347.86208798612205,1.3370533730150192e-05,0.949888349245389,0.9358085016290896,0.9504625956099224,0.936858353604728,0.0139977931976318,7,19249,24077.0,4917.0,6086.0,17,17,14,14
0.8599999999999995,0.7600000000000005,1523.197845790019,389.3858274008508,1.4426413936390536e-05,0.9361614847434,0.9243776382679816,0.9369225340494984,0.9253380489532816,0.0140025615692138,7,19585,25312.0,5096.0,6518.0,17,17,14,14
0.8599999999999995,0.7700000000000005,1561.6734681989687,415.1894338220167,1.5626821300742096e-05,0.93874238769981,0.92211770222174,0.9393756045414005,0.9229716434518722,0.0,6,20681,26944.0,5401.0,7084.0,17,15,14,13
0.8599999999999995,0.7800000000000005,1389.5088562877631,377.6292085484598,1.537321088157913e-05,0.9545831029227104,0.9394978314058392,0.95501656139403,0.9402389919222716,0.0,6,21670,27245.0,5678.0,7117.0,16,15,13,13
0.8599999999999995,0.7900000000000005,1356.0214568690872,377.36030245952,1.555086549487072e-05,0.959668711574138,0.9433815750547152,0.9600488199281312,0.944160604311272,0.0,6,22459,27862.0,5870.0,7281.0,15,15,12,13
0.8599999999999995,0.8000000000000005,1554.4026354813896,424.7218113321667,1.7119364948257703e-05,0.948628508384084,0.9327128222791716,0.949149273161115,0.9333362661838432,0.0,6,23047,29390.0,6216.0,7892.0,16,15,13,13
0.8599999999999995,0.8200000000000005,1389.298805229734,388.3798727173113,1.7188619114118037e-05,0.9634533591336484,0.9509578192788338,0.9637686947458306,0.9518202848375266,0.0,6,24684,30485.0,6804.0,8234.0,14,14,12,12
0.8599999999999995,0.8300000000000005,1554.3064746121586,443.20685819257824,1.904203038068064e-05,0.956649009256724,0.9398826697316098,0.957059503698731,0.940496856269906,0.0,6,25722,32157.0,7084.0,8984.0,15,14,12,12
0.8599999999999995,0.8600000000000005,1531.6140506015215,463.7714500642928,2.1241157753002e-05,0.9641037273173444,0.9450601281981718,0.9643766933996004,0.9455817783044158,0.0,5,28072,34761.0,7932.0,10006.0,13,12,10,10
0.8599999999999995,0.8700000000000006,1760.5486345843565,532.5757667866809,2.3481911009850546e-05,0.9537050600487345,0.93068655159665,0.954081657689358,0.931139942704052,0.0139997005462646,5,28581,36164.0,8124.0,10652.0,14,12,11,10
0.8599999999999995,0.9600000000000006,1546.246116271059,527.564125249244,3.406105149936693e-05,0.9754422165065044,0.9581496474511616,0.9755841729739564,0.9584293903137496,0.0,4,36643,43540.0,11665.0,14570.0,11,10,8,8
0.8599999999999995,0.9700000000000006,1453.4741211433156,495.8007307208546,3.417419124894256e-05,0.9792080462801864,0.965139450016767,0.9793191349879184,0.9654787790984802,0.0,4,37433,44395.0,12251.0,14419.0,10,9,8,7
0.8699999999999996,0.22000000000000003,200.36258799153765,41.315478334396666,8.337683647973203e-06,-1.927523991050958,-1.8610933079392613,-1.812941447636844,-0.8513603972309074,0.0,4,406,418.0,137.0,137.0,9,9,5,4
0.8699999999999996,0.25000000000000006,507.3793678468476,102.83319827111606,8.487191232767194e-06,-18.50316322285156,-17.19175574217603,-17.832686564242287,-11.19672427373618,0.0,4,392,717.0,128.0,144.0,9,44,4,38
0.8699999999999996,0.2800000000000001,736.2933561088271,148.70972844213432,8.111085024030284e-06,-15.58091810001774,-12.862079491484335,-15.162633895705657,-8.978092845707431,0.0140018463134765,4,602,1175.0,213.0,238.0,8,38,4,34
0.8699999999999996,0.2900000000000001,619.2921614633921,125.40849918034527,7.341502550372288e-06,-14.756772974962027,-12.76979489622734,-14.298396305490549,-8.732659039649779,0.0,4,521,921.0,173.0,186.0,11,40,5,36
0.8699999999999996,0.3300000000000001,881.8507763032625,178.84499224188525,6.0178879406648255e-06,-14.02426216505152,-12.388679152044636,-13.75929035903835,-9.720734831014086,0.0,4,692,1486.0,204.0,301.0,11,40,5,35
0.8699999999999996,0.34000000000000014,1495.731558747536,305.61786801494446,7.121262246810319e-06,-24.757523568007944,-22.4533626396573,-24.369442551046877,-18.185761236568112,0.0,4,872,3094.0,267.0,642.0,13,34,4,31
0.8699999999999996,0.45000000000000023,2063.609567703316,433.1867380241459,6.423524075853679e-06,-8.746925515749673,-7.813233234552213,-8.3504571724471,-7.539895188925275,0.0160117149353027,4,1903,6637.0,425.0,1424.0,24,30,18,26
0.8699999999999996,0.49000000000000027,1964.5364964370945,421.43869413790975,6.547691270193428e-06,-2.0200229140669843,-2.064573170381007,-1.923234996371676,-2.016453288776918,0.0,4,3191,8046.0,669.0,1744.0,27,28,23,25
0.8699999999999996,0.5200000000000002,2282.000830776945,496.9450736751497,8.05487190354964e-06,-1.3613780676921214,-1.3959710526989904,-1.2949655920055654,-1.3682503560535937,0.0,4,4173,10423.0,943.0,2325.0,27,25,21,22
0.8699999999999996,0.5300000000000002,2150.7025959555635,466.4604194534266,7.560539250633068e-06,-0.734942888331469,-0.7350200336919672,-0.6868097495390533,-0.7150443904572028,0.0,4,4634,10495.0,1002.0,2335.0,28,26,23,23
0.8699999999999996,0.5400000000000003,596.802033061774,132.47263868437136,3.5063065717600016e-06,0.9040855187882916,0.8746556838476891,0.9191921148771572,0.9136525075154026,0.0020101070404052,19,5416,5662.0,1178.0,1180.0,25,26,22,22
0.8699999999999996,0.5500000000000003,601.438286398263,135.03922612556912,3.683837861267704e-06,0.916158196774183,0.8902434628439008,0.9275673194469763,0.920739215734388,0.0,19,5819,6026.0,1265.0,1261.0,25,27,24,23
0.8699999999999996,0.6000000000000003,901.7538660209452,201.33357718553947,6.9813620496467804e-06,0.9083642247997638,0.8970613846879154,0.912291878213099,0.9076165481868264,0.0,14,8371,9819.0,1834.0,2127.0,25,25,20,22
0.8699999999999996,0.6100000000000003,901.2581861940664,209.1077636487508,9.514582116390914e-06,0.9193364896306688,0.9040762634491863,0.92195284747187,0.9123116876107684,0.0,12,8967,10678.0,2035.0,2327.0,23,24,20,20
0.8699999999999996,0.6200000000000003,1049.7219367263144,242.8365248017229,7.455262421451608e-06,0.9086976067703798,0.8958603571709721,0.910637167731863,0.9016988205737342,0.0139999389648437,10,10109,12336.0,2321.0,2740.0,21,22,18,19
0.8699999999999996,0.6400000000000003,1120.2347918578894,252.36987846325,7.806595303258026e-06,0.9087896086664208,0.9048990826924248,0.910593219183374,0.9087176789661248,0.0,10,10979,13608.0,2573.0,3059.0,21,22,16,19
0.8699999999999996,0.6600000000000004,1168.6123122163897,275.18038040209507,8.941741516124749e-06,0.92177603303082,0.91212231131432,0.923064701760672,0.9151054333864505,0.0,9,12550,15717.0,2932.0,3618.0,20,21,16,18
0.8699999999999996,0.6800000000000004,1298.5734522887071,300.3418199172549,9.86274537970106e-06,0.9151740108436156,0.9111549999625786,0.916624751848486,0.913342809839324,0.0,9,13510,17451.0,3394.0,4090.0,20,20,16,18
0.8699999999999996,0.6900000000000004,1232.8576471036622,298.7089435672005,1.042991620758588e-05,0.9318599036002873,0.9207927002802744,0.9329635027531484,0.9230830272218524,0.0,9,14399,18280.0,3499.0,4321.0,19,20,17,17
0.8699999999999996,0.7000000000000004,1147.4852437462473,281.35966970456826,1.0452894131351725e-05,0.946273074107303,0.9360998018712592,0.9471218774129004,0.9382355370589248,0.0,9,15265,18864.0,3736.0,4470.0,19,19,16,17
0.8699999999999996,0.7700000000000005,1373.7708316427236,369.2222994118567,1.4738144898347923e-05,0.9534073787841176,0.938577607521655,0.9538569134275728,0.9394062428128384,0.0,6,20941,26339.0,5454.0,6821.0,16,15,12,13
0.8699999999999996,0.7800000000000005,1572.8508437215987,431.724621646913,1.6700244914154152e-05,0.9415065715026668,0.921444604462646,0.9420748272624552,0.9222143380493826,0.0139999389648437,6,21645,27978.0,5718.0,7424.0,16,15,13,13
0.8699999999999996,0.8000000000000005,1418.3194093040222,394.5356548890397,1.635548357557074e-05,0.957983842672876,0.9425144940794428,0.9583753809402492,0.94328570898882,0.0,6,23322,28851.0,6240.0,7732.0,15,14,12,12
0.8699999999999996,0.8100000000000005,1521.486650503242,414.1319041592343,1.6951548028138993e-05,0.9532599263848268,0.9401312575649766,0.953687237641482,0.9409080623711814,0.0,6,23786,29986.0,6537.0,8132.0,15,14,12,12
0.8699999999999996,0.8500000000000005,1565.2834584391285,464.7068685571696,2.083284112583177e-05,0.9602942926702518,0.9412640732709816,0.9605977389748356,0.9417837904107564,0.0,5,27365,33957.0,7685.0,9711.0,14,13,11,11
0.8799999999999996,0.2,217.5058667791132,44.24646878565565,7.850871838867603e-06,-1.9925057141345597,-1.6083502776751764,-1.8732532037078944,-0.6977515523472941,0.0,4,418,473.0,151.0,141.0,8,9,4,4
0.8799999999999996,0.23000000000000004,112.40963963705842,23.488915825696736,6.248758285556839e-06,-0.2434960526617589,-0.312379934230478,-0.1976472089865444,0.2209328801449228,0.0,4,346,342.0,125.0,98.0,8,8,3,4
0.8799999999999996,0.25000000000000006,170.73011109155095,34.16793696825529,8.824503954924765e-06,-0.2829367641314217,-0.0705279647471615,-0.2356318457532251,0.2639592758502002,0.0,4,505,539.0,176.0,169.0,8,8,4,4
0.8799999999999996,0.2800000000000001,681.7851185796495,137.96991670892126,7.877014166962722e-06,-12.322712032144446,-10.991234238063806,-11.96751002806984,-7.534514628952582,0.0,4,607,1060.0,193.0,214.0,9,38,4,32
0.8799999999999996,0.2900000000000001,78.34439194990283,16.54570689534499,7.037098421258417e-06,0.3558722600722335,0.2680805832667067,0.389032211959856,0.5809428077262405,0.0,4,349,351.0,128.0,122.0,8,6,4,4
0.8799999999999996,0.3000000000000001,367.84800699473686,74.86898278548556,5.792135224885479e-06,-8.516314751353251,-7.981456754681711,-8.258363566469264,-5.211553305612024,0.0140016078948974,4,391,525.0,129.0,117.0,9,39,4,4
0.8799999999999996,0.36000000000000015,1181.7959761171412,240.7186506068859,5.216953067110289e-06,-20.12845020728171,-17.94829618224923,-19.761964670114523,-15.117668762206655,0.0,4,826,2266.0,209.0,463.0,14,40,5,36
0.8799999999999996,0.38000000000000017,1619.9646633234524,333.78546940113097,6.135880495037653e-06,-19.55485916380383,-17.226671975014128,-19.19214216614599,-14.865662292518303,0.0,4,1062,3698.0,277.0,769.0,15,34,4,30
0.8799999999999996,0.4200000000000002,1614.3877612736044,331.708362119498,4.910175169577138e-06,-12.706333365712274,-10.343995942815257,-12.196351807612446,-9.75869978131251,0.0,4,1362,4255.0,311.0,887.0,18,34,5,30
0.8799999999999996,0.4300000000000002,1958.5064542273024,409.0693833772783,6.238031394285938e-06,-9.97382944960958,-9.011378691246213,-9.639579379402768,-8.542639688647776,0.0,4,1671,5843.0,363.0,1243.0,23,30,10,27
0.8799999999999996,0.46000000000000024,1971.93534376764,416.0221223084176,6.149789162400225e-06,-4.867035908867172,-4.53197407123807,-4.668081479732009,-4.398919705448654,0.0,4,2299,6863.0,515.0,1474.0,21,29,19,25
0.8799999999999996,0.47000000000000025,2158.213287362952,462.66086166507176,6.950929882950444e-06,-4.259648297646907,-4.253170801207496,-4.087096156869022,-4.151668425330968,0.0,4,2636,7962.0,565.0,1734.0,22,27,20,24
0.8799999999999996,0.49000000000000027,1781.4838209107222,374.9709433187234,5.3999010969185e-06,-1.932014021626553,-1.7238654277604488,-1.822092746277688,-1.6753452249030572,0.0,4,2996,7135.0,658.0,1530.0,26,30,23,26
0.8799999999999996,0.5000000000000002,2041.019534346336,435.49373321170384,6.368081434389894e-06,-1.6241332027985078,-1.5132684278607709,-1.5487234489781114,-1.4773007460951937,0.0,4,3494,8735.0,752.0,1911.0,25,26,18,23
0.8799999999999996,0.5200000000000002,2585.411060966257,564.6645482791826,8.506536964161604e-06,-2.483521229887735,-2.5135172942205606,-2.36814900972236,-2.468008665107582,0.0140087604522705,4,3952,11074.0,868.0,2497.0,27,26,27,23
0.8799999999999996,0.5700000000000003,727.5974652433662,164.51295360779923,5.021708877757893e-06,0.9116324075080484,0.8930764276041068,0.9176739380835002,0.9104100739906392,0.0140020847320556,16,6836,7550.0,1510.0,1599.0,25,27,22,23
0.8799999999999996,0.6200000000000003,1048.132598693717,237.26326212786407,7.182706091870631e-06,0.9078733962355332,0.9008270623856072,0.9098425800879052,0.906126599539527,0.0,10,10043,12330.0,2336.0,2739.0,22,22,18,19
0.8799999999999996,0.6300000000000003,1069.652887622896,252.0523534682604,7.89664397761473e-06,0.9137823596247304,0.8995541714068004,0.9154826560564328,0.904017332338842,0.0,10,10649,13087.0,2490.0,2931.0,21,22,17,19
0.8799999999999996,0.6500000000000004,1145.6261703637108,267.81446728824955,8.599775033975844e-06,0.9157296025796652,0.9051553466253026,0.9173938006037348,0.9095880632720664,0.0,10,11730,14644.0,2735.0,3329.0,20,21,18,18
0.8799999999999996,0.6800000000000004,1116.983068727622,274.13392090984763,9.534074176906176e-06,0.9411117134433192,0.9290137164216254,0.9420727217709964,0.931058469825606,0.0,9,14215,17258.0,3408.0,4024.0,20,20,17,17
0.8799999999999996,0.7100000000000004,1160.5259349330258,290.5321579147628,1.1046852928734286e-05,0.9504226654813206,0.9398252405263648,0.9510786832650816,0.9417178915565946,0.0140013694763183,8,16439,20103.0,4033.0,4831.0,18,18,14,15
0.8799999999999996,0.7200000000000004,1276.5582466104895,325.2470194420142,1.1776750530758844e-05,0.9435684913695026,0.9303343632075536,0.944246221896566,0.9315531655811826,0.0,7,17036,21422.0,4273.0,5250.0,17,17,15,15
0.8799999999999996,0.7600000000000005,1271.956316454202,340.4396588094909,1.3708645671682996e-05,0.9574876000720972,0.9435653581622212,0.957940710210764,0.9447817999805526,0.0,7,20007,24889.0,5169.0,6279.0,16,16,13,14
0.8799999999999996,0.8900000000000006,1481.1988636520791,468.3738497801673,2.372755725841868e-05,0.9705797983437756,0.9526354369777652,0.9707804834675304,0.9532119703846078,0.0,5,30775,37077.0,8976.0,11109.0,13,12,10,10
0.8799999999999996,0.9700000000000006,1494.9630569571498,499.90475134436025,3.502148575725279e-05,0.977919356971219,0.9646196840941912,0.9780364716039328,0.964962572763256,0.0140039920806884,4,37360,44577.0,12406.0,14654.0,11,9,8,7
0.8799999999999996,0.9800000000000006,1345.0155900583457,481.1201448183188,3.358634742508516e-05,0.982951961294844,0.9692115994652948,0.9830372513019824,0.9696749133442948,0.016010046005249,4,38441,44806.0,13060.0,15224.0,10,9,7,7
0.8899999999999996,0.21000000000000002,256.8658858885962,52.27870025163212,9.595805015909169e-06,-4.657932108437725,-4.437560109036578,-4.411998050135632,-2.488795124138417,0.0,4,365,418.0,126.0,122.0,7,15,4,4
0.8899999999999996,0.22000000000000003,77.62469806704564,16.94261146734273,6.258661936948211e-06,0.447817477939595,0.4595155385564304,0.4686458210617908,0.6447233678218667,0.0,4,349,380.0,135.0,135.0,7,7,5,4
0.8899999999999996,0.24000000000000005,177.2853749373215,36.71483578428027,6.943331262045639e-06,-1.0271846975814718,-0.9671959193471868,-0.956745616390207,-0.3212087253724434,0.0,4,438,437.0,136.0,136.0,8,8,5,4
0.8899999999999996,0.26000000000000006,355.1922601446527,72.38971496927815,6.881557317725346e-06,-4.1626911428937365,-3.434468362876814,-3.996655504265696,-2.164951483821482,0.0160086154937744,4,532,621.0,170.0,164.0,9,20,4,5
0.8899999999999996,0.2700000000000001,236.9864403645632,48.729375979313886,6.138378725280117e-06,-1.6263388082752264,-1.3606871447729745,-1.5366984262628698,-0.6065075830185493,0.0,4,462,523.0,172.0,172.0,10,9,5,4
0.8899999999999996,0.2800000000000001,522.8932132854661,106.12590792701532,7.810525341620977e-06,-16.102383191481557,-13.149254512619637,-15.65957931703896,-9.63157904052266,0.0,4,417,739.0,137.0,149.0,10,43,5,39
0.8899999999999996,0.2900000000000001,824.5813205297987,167.6903147670332,8.016774321196847e-06,-14.473087348347562,-14.158010289026842,-14.14120897766272,-10.11387451664133,0.0,4,652,1379.0,205.0,280.0,10,38,4,34
0.8899999999999996,0.3200000000000001,731.894801183886,148.66226404168611,5.478470108210251e-06,-11.472270936393842,-10.0609118274819,-11.245927547762482,-7.674144141462738,0.0,4,643,1216.0,189.0,246.0,10,40,3,36
0.8899999999999996,0.3300000000000001,1018.1124436508312,207.96591768043788,5.814875666921674e-06,-14.696957925425432,-13.682524470974313,-14.453395424512609,-10.701102345863626,0.0,4,809,1851.0,231.0,377.0,11,38,4,34
0.8899999999999996,0.36000000000000015,1391.5574794991403,284.90032979388894,5.798666337019622e-06,-31.82954165262327,-28.29228531057385,-31.146109840439784,-23.71784691313161,0.0140042304992675,4,774,2805.0,216.0,578.0,14,40,4,36
0.8899999999999996,0.38000000000000017,1526.3291031917067,314.7532763927963,5.956189846536635e-06,-14.595548355427136,-13.479159223773951,-14.321861207354928,-11.712033770570898,0.0140004158020019,4,1191,3535.0,293.0,734.0,13,34,4,30
0.8899999999999996,0.4100000000000002,1725.7181204501503,360.49614248976366,6.089431091293031e-06,-9.573253544606022,-9.089800645383018,-9.328651196569735,-8.429481865722016,0.0140104293823242,4,1585,4746.0,352.0,997.0,18,31,5,28
0.8899999999999996,0.45000000000000023,1887.4045284905585,396.1123315003797,5.695861645718021e-06,-7.298855163137421,-6.780753845623138,-6.9455024413393005,-6.56178307435644,0.0,4,1933,6079.0,405.0,1293.0,24,31,15,28
0.8899999999999996,0.46000000000000024,2356.4429430287505,503.0038104560773,7.442236170518804e-06,-8.468902700401188,-8.149346426340253,-8.094115065852472,-7.936410758180527,0.0,4,2239,8033.0,480.0,1755.0,22,28,17,25
0.8899999999999996,0.5000000000000002,2259.6089493907275,483.8120330596722,7.162767598317516e-06,-2.614198567206311,-2.473897714417989,-2.493720703399913,-2.4226222867444034,0.0,4,3367,9280.0,730.0,2047.0,27,26,24,23
0.8899999999999996,0.5200000000000002,2135.380259852251,460.6387322692987,7.910333551479733e-06,-0.8064352406360051,-0.770969927737345,-0.7620826447934359,-0.7477334783879208,0.0140144824981689,4,4403,10222.0,961.0,2272.0,25,24,25,21
0.8899999999999996,0.5300000000000002,348.75015539218896,82.76227967322347,3.496473404986687e-06,0.959387243989925,0.9316398880135855,0.969619501112464,0.9629182440005504,0.0140018463134765,21,5105,5063.0,1103.0,1083.0,23,23,20,21
0.8899999999999996,0.5600000000000003,520.0634004390142,117.96276652280704,3.954568564618557e-06,0.9469767631068866,0.9324594050616092,0.9520420086187178,0.9474184977842444,0.0,16,6234,6542.0,1372.0,1373.0,25,25,20,21
0.8899999999999996,0.6700000000000004,1088.545511069854,265.1076289831263,9.32169534363963e-06,0.9398612983262238,0.9276730026424864,0.9408008174607512,0.9299597793131944,0.0,9,13492,16433.0,3229.0,3800.0,20,20,16,17
0.8899999999999996,0.6900000000000004,1133.0779166577163,286.3007122346833,1.2008834711709338e-05,0.9452052464637276,0.9303658095234462,0.9459652092775728,0.9320461936089004,0.014012336730957,8,14996,18480.0,3630.0,4367.0,19,19,15,16
0.8899999999999996,0.7000000000000004,1157.9530290090804,290.50243207842215,1.0719337944440478e-05,0.9466703241605612,0.934477629413328,0.9473822057069674,0.9363559379396964,0.0140001773834228,8,15679,19233.0,3914.0,4584.0,18,18,15,16
0.8899999999999996,0.7200000000000004,1261.806051209759,312.6031655796767,1.1775964465329097e-05,0.9453225476443434,0.9361646265123452,0.94603412894041,0.9379257859478936,0.0,8,17029,21320.0,4320.0,5218.0,18,18,14,15
0.8899999999999996,0.8000000000000005,1482.4968982063638,405.8247184778911,1.7054406433107533e-05,0.9542005626757224,0.9403635536095656,0.954611856005436,0.9413528014815772,0.0,6,23282,29399.0,6341.0,7918.0,15,14,12,12
0.8899999999999996,0.8100000000000005,1646.1364815195227,474.4100380583513,1.8995765776581856e-05,0.9466964201293772,0.9237215383978296,0.9471381469415308,0.924323485094065,0.0,5,24177,31052.0,6555.0,8622.0,15,13,12,11
0.8899999999999996,0.8300000000000005,1567.9407480749023,467.0647199602845,1.9849124828983236e-05,0.9564793862425988,0.934509019948104,0.956836697326361,0.9350000899312084,0.0,5,25842,32593.0,7245.0,9189.0,14,13,11,11
0.8899999999999996,0.8600000000000005,1642.9185295494242,511.6542829520319,2.2962915855547767e-05,0.9587263284547864,0.9336875384626224,0.9590678889005028,0.93405412217622,0.0140044689178466,5,28266,35328.0,7928.0,10406.0,14,13,11,11
0.8899999999999996,0.9100000000000006,1711.97266515853,550.0522702434743,2.8749636103590115e-05,0.9634953304933942,0.9412815027590932,0.963733142502268,0.9415562312588944,0.0,4,32237,39952.0,9734.0,12750.0,12,11,9,9
0.8899999999999996,0.9400000000000006,1550.171516048036,516.5554483789712,3.0885891616017136e-05,0.973696978544446,0.9562034157995896,0.9738451011982312,0.9565766963684076,0.0,4,35013,42106.0,10890.0,13816.0,11,10,8,8
0.8899999999999996,0.9500000000000006,1506.0063599633304,538.9089479370951,3.332147397000535e-05,0.9760991432771452,0.954851509845594,0.9762348373337714,0.95520627180096,0.0,4,35963,42828.0,11397.0,14450.0,11,10,8,8
0.8899999999999996,0.9800000000000006,1319.739447138462,475.2218999232534,3.384246671800098e-05,0.983645524331119,0.9698899087564632,0.9837287258343742,0.9703340703443454,0.0140020847320556,4,38679,44857.0,13024.0,15199.0,10,9,7,7
0.8899999999999996,0.9900000000000007,1341.8002637936345,419.8611749733476,3.498281890415382e-05,0.9836648917529272,0.977853447011286,0.983747993156481,0.9782144884379026,0.002012014389038,4,39614,45581.0,13592.0,15062.0,10,9,7,7
0.8999999999999996,0.25000000000000006,313.38787202655647,64.15143217419234,7.446935915411758e-06,-3.575669994490116,-2.999605603010325,-3.4318334991715505,-1.873327939344903,0.0140032768249511,4,508,544.0,157.0,153.0,8,16,6,5
0.8999999999999996,0.26000000000000006,160.73026706255422,32.951036908317974,6.771379254626758e-06,-1.0002290674418788,-0.861978454823066,-0.9095731969911948,-0.1769028330847057,0.0,4,375,403.0,139.0,121.0,10,8,4,4
0.8999999999999996,0.3000000000000001,783.6907739450979,159.67727870092642,7.037730282607884e-06,-14.569708322324898,-12.763476009211464,-14.14261244208318,-9.150867341338058,0.0,4,640,1289.0,204.0,261.0,9,38,4,34
0.8999999999999996,0.3200000000000001,596.3931519280437,120.5242887001067,5.760180142716975e-06,-5.305552618641604,-4.499556556204269,-5.165360614771266,-3.1557205101790275,0.0,4,751,1047.0,243.0,219.0,10,31,4,4
0.8999999999999996,0.34000000000000014,885.2377270164966,179.3076964326964,4.591502736225961e-06,-11.140897206029733,-9.617708600928225,-10.914452658842512,-7.491344029780615,0.0139989852905273,4,776,1590.0,242.0,322.0,12,38,4,33
0.8999999999999996,0.35000000000000014,1469.6793726297358,301.8533894956292,6.051447864094772e-06,-22.63651710155148,-21.085363759853355,-22.28712719619645,-17.751939060713415,0.0,4,926,3059.0,264.0,633.0,10,35,6,31
0.8999999999999996,0.36000000000000015,1222.2322815242608,248.5504853143522,5.267086940236508e-06,-20.449676323957867,-17.79033962547111,-20.075782080463725,-14.721827836504708,0.0,4,794,2384.0,233.0,488.0,14,39,4,35
0.8999999999999996,0.38000000000000017,1763.021146356447,363.3101865715668,7.1862105963775e-06,-22.082114001088545,-18.60182003777984,-21.704970899547416,-16.280674455489294,0.0140042304992675,4,1114,4127.0,306.0,864.0,12,33,7,29
0.8999999999999996,0.4400000000000002,1772.1664178343974,370.0973407992371,5.622285866532074e-06,-6.50446333208894,-5.823215848262033,-6.249176547505635,-5.56020262631393,0.0,4,1913,5593.0,405.0,1184.0,21,30,18,27
0.8999999999999996,0.48000000000000026,1970.9920170437017,423.0193553491376,6.122070405825014e-06,-2.847491780414659,-2.9095699777731654,-2.7247562120716835,-2.827630093144258,0.0,4,2848,7607.0,613.0,1645.0,27,28,25,25
0.8999999999999996,0.5600000000000003,757.3560133466829,164.2422354474083,4.59443391487899e-06,0.8936931429117769,0.8766264885298756,0.9028182380912269,0.9019558767665674,0.0,16,6481,7083.0,1407.0,1495.0,24,26,22,23
0.8999999999999996,0.6100000000000003,1036.3079789679934,237.18836013139048,6.853119550497663e-06,0.9006937797366028,0.8860829750585169,0.903603578143802,0.8948092907115404,0.0140047073364257,12,9478,11420.0,2199.0,2514.0,22,24,19,20
0.8999999999999996,0.6200000000000003,992.1522796765704,234.10117374879133,8.027231465820545e-06,0.9195557441495564,0.9032410842356194,0.9215770107840066,0.9097900412485236,0.0,11,10042,12304.0,2344.0,2735.0,21,22,19,19
0.8999999999999996,0.6500000000000004,1058.384282238209,246.0737016965988,8.64394182047202e-06,0.930580713715706,0.9226897099631206,0.9319464753434448,0.9263672382562436,0.0,10,11999,14551.0,2830.0,3302.0,21,21,16,18
0.8999999999999996,0.7200000000000004,1359.8891953596492,340.49775392813905,1.2543529338452143e-05,0.9368844073152236,0.9247120248897032,0.9376085292363888,0.926670174519234,0.0,7,17291,22018.0,4291.0,5445.0,17,17,13,14
0.8999999999999996,0.7300000000000004,1377.7124409297005,353.2835682138252,1.2754501225572476e-05,0.9385574661719372,0.9238008851797044,0.9392740435756284,0.9249775926018492,0.0160071849822998,7,17603,22715.0,4397.0,5640.0,18,17,14,15
0.8999999999999996,0.7400000000000004,1464.679971650749,380.49837155063904,1.3978772866141756e-05,0.935269917634528,0.9187420873198412,0.9360489345262756,0.9198074149619184,0.0140020847320556,7,18499,24020.0,4747.0,6052.0,17,17,14,14
0.8999999999999996,0.7500000000000004,1336.461637937064,355.3106470596941,1.3656734846357002e-05,0.9500710965101768,0.93410573787359,0.950619019393978,0.9353177429843398,0.0,7,19382,24356.0,4941.0,6168.0,17,16,14,14
0.8999999999999996,0.8000000000000005,1505.0925644821898,426.0293042562992,1.7269552234561824e-05,0.9533095648249026,0.9336211992168368,0.9537531579577718,0.934378011317708,0.0,6,23430,29426.0,6354.0,7968.0,15,14,12,12
0.8999999999999996,0.8900000000000006,1784.7713438981475,562.671214683436,2.723711963250703e-05,0.956331710521116,0.9317223364177416,0.9566213803805856,0.9320730990694664,0.0,4,30435,38622.0,8903.0,11967.0,12,11,10,9
0.8999999999999996,0.9600000000000006,1536.4667463046508,516.4789847289691,3.4802062529682885e-05,0.976111891792062,0.9605511498227448,0.9762502730346508,0.9608254383883124,0.0,4,37033,43680.0,11803.0,14365.0,11,9,8,8
0.9099999999999996,0.2,88.7127856249218,18.925291719460144,6.636469134300139e-06,0.3473344561028232,0.3533579267264203,0.3801381551311755,0.5890750172334174,0.0,4,378,398.0,129.0,127.0,8,7,3,4
0.9099999999999996,0.22000000000000003,169.96289423479075,35.14493799491851,1.1204465982754764e-05,-1.8689487721156768,-2.12124585553858,-1.711890617709174,-0.7001937408735883,0.0,4,338,355.0,135.0,98.0,8,8,4,4
0.9099999999999996,0.23000000000000004,199.65230193180008,40.29603992122964,6.8772660096419045e-06,-1.7378604638517272,-1.4344913078702572,-1.6329047147348623,-0.5742476267420724,0.0140116214752197,4,403,436.0,141.0,123.0,8,9,4,5
0.9099999999999996,0.25000000000000006,448.094263241564,90.8764614738052,9.871668923896208e-06,-8.586305925904085,-7.365585509794776,-8.385951084694277,-5.239731704263009,0.0,4,479,659.0,162.0,162.0,8,36,5,4
0.9099999999999996,0.2800000000000001,47.04607670500627,10.430324379743263,7.544217751657622e-06,0.7307413605876885,0.6904915959953176,0.7441155333781524,0.8239392694996868,0.0,4,303,337.0,118.0,100.0,6,7,4,4
0.9099999999999996,0.3100000000000001,513.2133754589801,104.73642513471614,5.857451950044472e-06,-5.834249049339199,-5.5841567089939,-5.669513001363583,-3.781988073330965,0.0,4,617,822.0,196.0,170.0,9,35,4,4
0.9099999999999996,0.3300000000000001,753.4508043550909,151.81403097210745,4.324116531616104e-06,-15.034336621755164,-11.84331101737549,-14.642694347249943,-8.808827696665098,0.0,4,608,1224.0,193.0,247.0,10,41,3,36
0.9099999999999996,0.34000000000000014,1257.2851208059371,255.10665661640428,7.200757394455619e-06,-38.79091328622921,-33.41524629202473,-38.21801015843563,-27.21060378127985,0.0,4,612,2277.0,176.0,466.0,11,42,4,38
0.9099999999999996,0.37000000000000016,1142.1124069022278,233.2540192579755,4.702158317711749e-06,-12.374075413090122,-10.215724863208669,-12.123323148697834,-8.675231266878956,0.0140023231506347,4,963,2349.0,253.0,480.0,12,37,4,33
0.9099999999999996,0.38000000000000017,1675.8542722046766,346.5114536346526,6.5383832290343895e-06,-24.68055672766194,-22.881409129951063,-24.20348858003082,-20.20430145663452,0.0,4,992,3791.0,242.0,790.0,17,35,4,32
0.9099999999999996,0.4300000000000002,2030.2869255354035,424.21207599108567,6.074362408436464e-06,-17.821473140740494,-15.777357421614017,-17.022879905503576,-15.237516135287756,0.0140004158020019,4,1421,5727.0,326.0,1218.0,24,32,17,29
0.9099999999999996,0.5000000000000002,2262.538705930428,486.3739130888224,7.61783842193892e-06,-2.230098249101987,-2.134445532233511,-2.127613994199413,-2.094812350662305,0.0,4,3542,9538.0,793.0,2110.0,27,26,23,23
0.9099999999999996,0.5300000000000002,489.7256629991938,109.13529447433584,3.7990513186940753e-06,0.9269143988018383,0.8981964265136442,0.9420362947059456,0.9381944754802906,0.0020105838775634,20,5236,5251.0,1179.0,1119.0,25,24,22,20
0.9099999999999996,0.5900000000000003,937.6723053779116,213.77069277828772,5.990936772772017e-06,0.8996154216737059,0.8846253789844589,0.9030718780940532,0.8952655129671008,0.0140039920806884,12,8466,9878.0,1919.0,2140.0,22,24,19,21
0.9099999999999996,0.6000000000000003,953.1501658376626,214.22983091657767,7.033752207892875e-06,0.90484358700201,0.8955394605875857,0.9075898312154606,0.903023088360162,0.0139994621276855,12,8834,10540.0,1990.0,2302.0,24,24,21,21
0.9099999999999996,0.6100000000000003,929.9349137548415,229.24595495922836,7.370304371217099e-06,0.9247136491537236,0.8983422287355806,0.926626839682534,0.9053573984381516,0.0,11,9725,11570.0,2247.0,2550.0,22,23,18,20
0.9099999999999996,0.6300000000000003,982.8491945999868,237.00182524305447,7.488324253395445e-06,0.9271707504421768,0.910210503309478,0.928881799559828,0.9146244372961216,0.0,11,10579,12783.0,2475.0,2851.0,22,23,19,20
0.9099999999999996,0.6400000000000003,992.6377989982046,234.03231020998408,7.908461182471186e-06,0.9335993746127068,0.9226990782912136,0.9349817247218516,0.9270442232615368,0.0,10,11359,13551.0,2704.0,3041.0,20,21,16,18
0.9099999999999996,0.6900000000000004,1223.9294834404402,303.3027078822338,1.0527767691992142e-05,0.9361008172251926,0.922320546762428,0.936953431016514,0.9245792700345664,0.0,8,14939,18896.0,3596.0,4512.0,18,18,14,16
0.9099999999999996,0.7300000000000004,1386.089672656557,360.77841470371953,1.3343427265239003e-05,0.939588774867942,0.9225949223854286,0.9402848343534737,0.9239816691594736,0.0,7,18141,23097.0,4682.0,5779.0,17,17,14,14
0.9099999999999996,0.7800000000000005,1462.5623063651,388.4559998632885,1.6075298355097732e-05,0.9506372019553962,0.9384160706755909,0.9510936884621952,0.9393361298051552,0.0,6,22016,27721.0,5849.0,7328.0,15,15,12,12
0.9099999999999996,0.8000000000000005,1386.407522754019,392.4670198910065,1.6484848607330927e-05,0.9605071940478268,0.9439257899545954,0.9608568315089128,0.9448926908217392,0.0,6,23381,29135.0,6345.0,7797.0,15,14,12,12
0.9099999999999996,0.8100000000000005,1382.7113935569998,405.2750576342264,1.7307526840711823e-05,0.9631588153593076,0.9444368240463036,0.9634750888008616,0.9454215084268208,0.0,6,24455,30125.0,6550.0,8136.0,15,14,12,12
0.9099999999999996,0.8400000000000005,1611.939031758107,456.2635664890011,2.0214634889320475e-05,0.9553895811457732,0.9408844078185408,0.9557269389393096,0.9415043380467056,0.0,5,26432,33247.0,7360.0,9418.0,14,13,11,11
0.9099999999999996,0.8800000000000006,1482.2879470247126,453.6432171002369,2.27536651513793e-05,0.9693805197934152,0.9534065409204228,0.9695944033156264,0.954006310007344,0.0140151977539062,5,30111,36425.0,8755.0,10784.0,13,12,10,10
0.9099999999999996,0.8900000000000006,1509.543981333087,478.9429808937264,2.4106872128285564e-05,0.969524053442424,0.9509324822832302,0.9697441593239046,0.9514735503998772,0.0140018463134765,5,30659,37338.0,9024.0,11263.0,13,12,10,10
0.9099999999999996,0.9100000000000006,1450.133438506155,470.40923952615873,2.541864847627475e-05,0.9740333862685358,0.9578568545296768,0.9742138838993704,0.9583693127843672,0.0,5,32527,39165.0,9814.0,11960.0,12,11,9,9
0.9099999999999996,0.9300000000000006,1589.777251168645,525.3799617102528,3.095443102192333e-05,0.9712078990812556,0.9521998034415978,0.9713795083899164,0.952483838532316,0.0,4,34343,41638.0,10566.0,13284.0,12,10,9,8
0.9099999999999996,0.9400000000000006,1558.349490780764,530.5889907294849,3.258783013200447e-05,0.9737251030082238,0.9543488808181464,0.9738769043006348,0.9546497761141606,0.0,4,35364,42400.0,11052.0,14082.0,11,10,8,8
0.9099999999999996,0.9500000000000006,1533.6691502732915,515.9120766500173,3.2234919582215995e-05,0.9749580635405012,0.958728151738358,0.9750951513488366,0.9590902619186068,0.0,4,35702,42584.0,11466.0,14278.0,11,10,8,8
0.9199999999999996,0.26000000000000006,269.2987807869418,55.51960989896573,7.554441541793351e-06,-1.7478573691450645,-1.666965086057818,-1.6518424041922293,-0.7268826585471537,0.0,4,540,581.0,192.0,167.0,9,10,4,5
0.9199999999999996,0.35000000000000014,1114.9146034188748,226.97967052873557,5.268296482711929e-06,-18.435500844481336,-16.310645794948016,-18.122430333043454,-13.562707558195209,0.0,4,788,2128.0,216.0,435.0,11,39,4,36
0.9199999999999996,0.36000000000000015,1050.9100570061487,215.4526726839717,4.834752078386072e-06,-10.62923664710336,-9.473006385589365,-10.419879442140722,-7.774870402330901,0.0,4,915,2124.0,262.0,433.0,11,37,4,33
0.9199999999999996,0.4400000000000002,1835.510084644956,380.87217617375694,5.627429825386668e-06,-7.61846737414071,-6.532104335623767,-7.3134317786125855,-6.243966893754735,0.0,4,1780,5706.0,397.0,1210.0,22,30,14,27
0.9199999999999996,0.47000000000000025,1981.1264603965424,422.74558937182695,6.365475520154309e-06,-3.995076600571669,-3.9676234821023177,-3.819117506461869,-3.8662678236784176,0.0,4,2531,7224.0,543.0,1556.0,24,29,20,25
0.9199999999999996,0.5000000000000002,2000.7603268299445,429.994452483595,7.097480510096097e-06,-1.301678683110008,-1.2806282142642005,-1.236450479084351,-1.2488921743572332,0.0,4,3678,8838.0,793.0,1936.0,28,26,20,23
0.9199999999999996,0.5200000000000002,1929.8050662566927,413.83552741397153,7.106435594275564e-06,-0.4560706013309945,-0.4065977504457925,-0.4193935732743825,-0.3890228325677434,0.0,4,4478,9583.0,1011.0,2110.0,25,25,20,22
0.9199999999999996,0.5400000000000003,470.3569697712001,105.99848589647722,3.789005525081576e-06,0.9416493659110144,0.9209356788273936,0.9508711287280834,0.9461595205748718,0.0,19,5485,5571.0,1189.0,1192.0,25,25,20,20
0.9199999999999996,0.5500000000000003,675.047459939471,151.70337713494166,4.316627532949534e-06,0.8992638916960773,0.8740182816935798,0.9097140187916536,0.9017671973144706,0.0,18,5828,6382.0,1283.0,1339.0,25,28,19,24
0.9199999999999996,0.5600000000000003,811.2985714846435,182.8861000223783,5.342132364347607e-06,0.8873367772885599,0.8639349685938573,0.894267055462403,0.8857991409880999,0.0,14,6790,7571.0,1498.0,1607.0,23,25,22,22
0.9199999999999996,0.5900000000000003,942.8992462805152,218.0572276845107,5.968380933058286e-06,0.8951117066892079,0.8746835900567894,0.8985992158130393,0.886011877237299,0.0,12,8309,9876.0,1890.0,2141.0,22,24,18,21
0.9199999999999996,0.6100000000000003,928.6041778395808,223.3194919965966,7.313960324976713e-06,0.9237978549671464,0.901678524368864,0.925888404398255,0.90969559945463,0.0140004158020019,11,9596,11498.0,2220.0,2534.0,20,22,19,19
0.9199999999999996,0.6600000000000004,1235.1634540585137,294.9786358440143,1.3771336561949025e-05,0.9154453662690012,0.9023491948145156,0.9168391600761452,0.9055792763384434,0.0,9,12822,16394.0,3054.0,3803.0,20,20,17,17
0.9199999999999996,0.6800000000000004,1161.396619891608,301.4562121205781,1.0333583804352936e-05,0.9394783160130292,0.917655045945477,0.9403006686741816,0.9203531167189654,0.0,8,14481,18161.0,3511.0,4305.0,18,19,15,16
0.9199999999999996,0.7300000000000004,1242.518760811177,322.50549716078444,1.2772309961377233e-05,0.952206207483292,0.9394863461096328,0.952718589970652,0.9410526513714442,0.0,7,18382,22703.0,4673.0,5642.0,17,16,13,14
0.9199999999999996,0.8100000000000005,1604.889132094734,451.0038860843196,1.8693733601552568e-05,0.9491297729720408,0.930742612093977,0.949554245264142,0.931315962098416,0.0,5,24250,30818.0,6686.0,8521.0,14,13,11,11
0.9199999999999996,0.8500000000000005,1562.5584789056695,458.9562758672058,2.1361014903607036e-05,0.960746969481839,0.9440250732046028,0.961044398425794,0.9445152745973846,0.0,5,27498,34159.0,7862.0,9810.0,14,12,11,11
0.9199999999999996,0.8600000000000005,1606.163048025357,496.05127069476873,2.292410272126353e-05,0.9605232284665816,0.9385434614758732,0.960834621290344,0.9389842856460536,0.0,5,28390,35395.0,8230.0,10332.0,14,12,11,10
0.9199999999999996,0.9300000000000006,1621.9477841728856,520.7749033891706,3.1518276661198256e-05,0.969923050905332,0.9533747149693844,0.9701040397115832,0.9536305115936092,0.0140013694763183,4,34179,41782.0,10654.0,13413.0,11,10,9,8
0.9199999999999996,0.9600000000000006,1411.9919329620832,468.6381088679551,3.2751219801315073e-05,0.9799493205385916,0.9677464471481388,0.9800561990555164,0.968094437911661,0.0160098075866699,4,37065,43614.0,12142.0,13937.0,11,9,8,8
0.9199999999999996,0.9800000000000006,1300.6037980812348,486.7238586543024,3.439434304337219e-05,0.984200604281029,0.9689135610579952,0.9842804359640124,0.9693536641214974,0.0,4,38881,44904.0,13091.0,15331.0,10,9,7,7
0.9199999999999996,0.9900000000000007,1316.4956837820118,409.6864909090039,3.693230417334229e-05,0.9844294853894608,0.9793068515809517,0.984510040762983,0.9795802210606376,0.0,4,40032,46024.0,13919.0,15157.0,10,9,7,7
0.9299999999999996,0.23000000000000004,271.161948074086,55.606129758028175,8.533465432749461e-06,-3.251681651840439,-3.067360920800219,-3.040284471138748,-1.521372153225114,0.0,4,455,493.0,154.0,154.0,7,11,5,4
0.9299999999999996,0.24000000000000005,309.66440167811777,62.864934582006846,7.853411200412615e-06,-4.67396585219666,-4.5675075131996925,-4.455470668186048,-2.425035460788023,0.0,4,458,496.0,166.0,132.0,8,21,3,4
0.9299999999999996,0.2700000000000001,603.9543994927652,122.41302184272172,8.338005396613612e-06,-16.377560279655537,-14.6173294433237,-15.852939675024349,-9.934988222437967,0.0,4,495,897.0,151.0,181.0,9,40,5,35
0.9299999999999996,0.3100000000000001,753.6637319344306,152.4452087363413,6.672478106603986e-06,-20.42649233468618,-18.17463717805301,-19.90810460731303,-13.150592511931928,0.0,4,513,1167.0,158.0,236.0,8,43,3,39
0.9299999999999996,0.38000000000000017,1309.682062245134,266.09561251550167,4.868725475924229e-06,-16.21793795587458,-13.220875848185896,-15.881982797198956,-11.880873663211842,0.0139989852905273,4,969,2773.0,234.0,570.0,14,38,5,35
0.9299999999999996,0.4300000000000002,1626.2752848405871,336.4192572767895,5.049916494302926e-06,-7.453654670575288,-6.659215755509975,-7.180517902079069,-6.286734234170037,0.0140154361724853,4,1617,4751.0,354.0,995.0,22,32,17,29
0.9299999999999996,0.46000000000000024,1861.6587865395743,394.8454075120202,6.034395112540966e-06,-4.114958752276871,-3.933583088920626,-3.9443054055360687,-3.788814772313019,0.0140013694763183,4,2365,6572.0,498.0,1404.0,24,29,20,25
0.9299999999999996,0.5100000000000002,1769.1042195369196,379.2050072190503,6.299869611520383e-06,-0.5738138005630924,-0.5669818308436481,-0.5285983640712877,-0.5457648290946955,0.0139994621276855,4,3909,8378.0,839.0,1818.0,26,27,20,24
0.9299999999999996,0.5300000000000002,280.25091138715914,64.58875031045784,3.2854966631518764e-06,0.969351918277207,0.9497244140688588,0.9797534668205774,0.976494774004278,0.0,25,5002,5002.0,1097.0,1019.0,26,25,24,25
0.9299999999999996,0.5400000000000003,547.4538186407177,124.53869308752748,4.074877043040295e-06,0.9173985112191084,0.8846226281841134,0.9335183756756116,0.9261280112436876,0.0,21,5424,5571.0,1230.0,1182.0,27,27,23,22
0.9299999999999996,0.6000000000000003,955.8796634694572,221.88119426354297,6.4063586420129646e-06,0.9055525543925248,0.8864227563306534,0.9091865701486224,0.8974793253804602,0.0,13,8858,10508.0,2007.0,2296.0,23,24,19,21
0.9299999999999996,0.6500000000000004,1245.13863128212,291.1973176005881,9.311799654419497e-06,0.9054888301615656,0.8951202233788744,0.9072667578965058,0.8990758177805184,0.0,10,12045,15484.0,2824.0,3561.0,20,21,17,18
0.9299999999999996,0.6600000000000004,1104.306430438441,266.5112825684191,9.289258314204943e-06,0.9335472590574924,0.9213482734211798,0.9346601604437468,0.9246802185548962,0.0160081386566162,9,12878,15963.0,3137.0,3682.0,19,20,16,17
0.9299999999999996,0.6700000000000004,1197.216894918486,296.4835393920458,9.944295108765527e-06,0.9292967641388196,0.9128877411115912,0.9302745021040232,0.9154865881937236,0.0140032768249511,8,13782,17406.0,3295.0,4082.0,19,19,16,16
0.9299999999999996,0.6800000000000004,1296.4928939935708,306.63295522622684,1.0603943910605433e-05,0.9206482108773444,0.9133446675862702,0.9219042378152836,0.915919168468674,0.0,9,14136,18096.0,3429.0,4287.0,20,20,16,17
0.9299999999999996,0.7100000000000004,1303.5559348446914,322.6284357072106,1.2048547187712867e-05,0.93788858065816,0.9275511531511365,0.938624914516755,0.9287881535298568,0.0,7,16723,21076.0,4169.0,5170.0,18,18,15,15
0.9299999999999996,0.7300000000000004,1361.6394051162067,343.6822344271952,1.286810081330173e-05,0.940188105773329,0.9283242013693728,0.9409995052071402,0.9296642916419184,0.0140132904052734,8,17734,22623.0,4433.0,5612.0,19,18,15,15
0.9299999999999996,0.7500000000000004,1337.3057531542122,345.4014805928008,1.4071347057651858e-05,0.9509145155071668,0.939475694091178,0.9514433715358728,0.9409001015679774,0.0139985084533691,7,19670,24668.0,5069.0,6235.0,17,16,13,14
0.9299999999999996,0.9000000000000006,1623.5243909213889,530.2388121560574,2.8676139956886603e-05,0.9665791776951768,0.944338104384254,0.9668022093448478,0.944564274233892,0.014000654220581,4,32100,39543.0,9696.0,12514.0,12,11,9,9
0.9299999999999996,0.9500000000000006,1458.54575119649,530.6071208216741,3.434879516169933e-05,0.9778734501361712,0.9569909362539276,0.9780028741345802,0.9572627647644488,0.0160093307495117,4,36482,43087.0,11762.0,14521.0,11,10,8,8
0.9299999999999996,0.9900000000000007,1154.7423819839644,367.3265321890048,3.0364476016680767e-05,0.9881228949422032,0.9831712074926188,0.9881830639411346,0.9836836465952568,0.0139992237091064,4,39986,45342.0,13662.0,14442.0,9,8,7,7
0.9399999999999996,0.2,200.8410181793882,41.3500050382907,8.6844076786844e-06,-1.4584174294471532,-1.5022756365009529,-1.3572801290538583,-0.6019696429665902,0.0139997005462646,4,441,457.0,146.0,130.0,9,9,4,5
0.9399999999999996,0.21000000000000002,217.27955782815832,44.19205245290153,7.961232930120312e-06,-2.7477965761580405,-2.25177731208659,-2.611875871525032,-1.113810835115494,0.0,4,386,420.0,141.0,126.0,7,9,3,4
0.9399999999999996,0.23000000000000004,215.67918401335504,43.431939092485074,7.325222218450313e-06,-1.6506216724241072,-1.2546100360502654,-1.541779862497303,-0.4657447484454264,0.0,4,469,491.0,157.0,157.0,8,8,5,4
0.9399999999999996,0.24000000000000005,178.30460243639254,36.944073724121615,6.419455400155126e-06,-0.623064662055659,-0.6911348933222141,-0.5600258519717618,-0.0699321125065535,0.0,4,479,475.0,163.0,138.0,7,8,3,4
0.9399999999999996,0.25000000000000006,316.0931593955596,63.92435307976661,8.215412823729553e-06,-7.813585793881073,-6.6255907827662845,-7.449204318201755,-4.043046003025413,0.0,4,362,446.0,122.0,120.0,8,29,3,4
0.9399999999999996,0.26000000000000006,490.0642921257033,99.56849610527752,7.947208143798574e-06,-6.655818415939372,-6.221396163110293,-6.435852156082925,-3.9843347429550855,0.0,4,591,782.0,194.0,168.0,10,31,3,5
0.9399999999999996,0.2700000000000001,570.6309829916353,116.01647691886988,7.436346044540474e-06,-8.359132559609703,-7.423988760565493,-8.090434258309037,-5.010793856122731,0.0,4,623,915.0,190.0,184.0,10,34,3,28
0.9399999999999996,0.2800000000000001,141.11224846435786,29.52294305564177,8.692194636237914e-06,-0.7856262481872407,-0.7911783279281595,-0.7129047312871379,-0.1418253403239673,0.0140004158020019,4,360,378.0,121.0,112.0,7,8,4,4
0.9399999999999996,0.3300000000000001,856.0018070950551,173.5157593707269,5.636479347203355e-06,-14.243959349008245,-12.871531101578778,-13.94599448907331,-9.56758377231467,0.0140001773834228,4,680,1469.0,214.0,298.0,12,41,4,36
0.9399999999999996,0.4000000000000002,1887.3333342532085,392.0987465975036,6.5416922720905964e-06,-15.09457236233898,-13.311795201675231,-14.685745200773818,-12.226365085381486,0.0,4,1370,5091.0,353.0,1078.0,13,30,8,27
0.9399999999999996,0.4200000000000002,1617.0774080884316,336.7410911961889,5.126888527880406e-06,-11.856135825412316,-10.572343766608586,-11.342195053353738,-10.027913556559607,0.0,4,1337,4410.0,296.0,921.0,19,34,5,30
0.9399999999999996,0.4300000000000002,1975.2971321845905,412.4761356733259,6.332477320701666e-06,-12.595071419011049,-11.186002220369703,-12.07196202203188,-10.68789733073208,0.0,4,1648,5819.0,360.0,1238.0,21,31,15,27
0.9399999999999996,0.4400000000000002,1950.117357579624,411.6223871260325,6.583711799698356e-06,-6.748210880716331,-6.289545845529458,-6.502851109681786,-6.040468261344447,0.0140013694763183,4,2042,6362.0,435.0,1361.0,23,29,18,26
0.9399999999999996,0.46000000000000024,2007.3609878187497,426.3713292620256,6.284250580535294e-06,-5.804494154133993,-5.664316915877507,-5.542218320686908,-5.499225952559423,0.0140020847320556,4,2208,6884.0,469.0,1480.0,24,30,22,26
0.9399999999999996,0.47000000000000025,1991.6511627708967,423.42948793158,6.376990252728652e-06,-4.273525250258386,-4.070237214788258,-4.070826350816429,-3.956178060394384,0.0,4,2468,7218.0,540.0,1554.0,27,29,22,25
0.9399999999999996,0.49000000000000027,2214.1645362867685,480.1770398335736,8.002439277379536e-06,-2.238313562235553,-2.2644791310372745,-2.15254789744867,-2.213635942117226,0.0,4,3462,9278.0,732.0,2052.0,27,25,21,22
0.9399999999999996,0.5000000000000002,2071.612247039328,445.1460668514699,7.037322622930703e-06,-1.4180457783629583,-1.35604621933778,-1.3531243391645282,-1.3230648106826417,0.0,4,3740,9141.0,797.0,2010.0,25,26,17,22
0.9399999999999996,0.5200000000000002,2003.7181947985264,433.4984260832635,7.46019169018537e-06,-0.4999125515174318,-0.4852113352481579,-0.464955183473221,-0.4686167102275007,0.0020079612731933,4,4699,10048.0,1025.0,2226.0,25,25,22,22
0.9399999999999996,0.5500000000000003,585.0170530685002,137.31515714207364,4.431679186416379e-06,0.9285902637029562,0.9046313916971678,0.9345892772837362,0.9233976183164214,0.0140025615692138,16,6094,6369.0,1374.0,1335.0,24,25,20,22
0.9399999999999996,0.5700000000000003,909.2659958245392,205.45346895824548,6.347310645861129e-06,0.8793916775553033,0.8578241761927571,0.8853238558496745,0.8753582787634019,0.0139992237091064,14,7354,8523.0,1673.0,1827.0,24,26,21,22
0.9399999999999996,0.5900000000000003,874.6769078818866,201.3343837771112,7.4961916894158755e-06,0.9114707467315578,0.8958536472346513,0.9143579800598948,0.9048001553932812,0.0,12,8283,9718.0,1888.0,2102.0,22,24,20,21
0.9399999999999996,0.6000000000000003,1114.146269163483,254.4886584363383,7.124199829554168e-06,0.869165392159706,0.8520499902267544,0.8730468045477748,0.862144483130856,0.0,12,8795,11153.0,2014.0,2458.0,23,24,19,21
0.9399999999999996,0.6100000000000003,920.9014330742472,214.4864784507458,6.798925339187568e-06,0.9230774777215194,0.9096507121696564,0.9249655453179618,0.9156872043880488,0.0,11,9646,11357.0,2200.0,2499.0,22,23,19,20
0.9399999999999996,0.6200000000000003,922.2621583022712,214.86367242340603,7.055052600483603e-06,0.9290245883450422,0.9180818330428858,0.9309473985494476,0.9229033315185394,0.0,12,10042,11750.0,2302.0,2591.0,23,24,18,21
0.9399999999999996,0.6300000000000003,1002.4410705871942,239.5294693073624,7.977619192012483e-06,0.9276059424424756,0.9125683296005928,0.9290623390419857,0.9167589760234308,0.0140011310577392,10,10925,13234.0,2525.0,2967.0,21,22,18,19
0.9399999999999996,0.6600000000000004,1088.5737518362332,258.5845239838534,9.257890143743023e-06,0.93582161150149,0.9260851608056648,0.936884774072147,0.9293848731973748,0.0,9,12976,15892.0,3057.0,3661.0,19,20,17,17
0.9399999999999996,0.7300000000000004,1289.3187289984726,325.5977464189798,1.2474393890086429e-05,0.9476462720516244,0.937439165892695,0.9482514533614004,0.9385114380371996,0.0,7,18175,22657.0,4608.0,5595.0,17,17,15,14
0.9399999999999996,0.7400000000000004,1392.8834137504384,358.4150444471068,1.364785611462312e-05,0.9428204458607238,0.929781781930488,0.9434631107748008,0.9312324385335756,0.0,7,18666,23880.0,4816.0,6028.0,16,16,13,14
0.9399999999999996,0.7500000000000004,1316.1936934622036,339.9210218201705,1.40320700724074e-05,0.9527048794199686,0.941860890373184,0.953220351294444,0.9430405006116837,0.0,7,19672,24646.0,5050.0,6241.0,17,16,13,14
0.9399999999999996,0.7800000000000005,1423.2553560449503,387.5746462076418,1.586725382555686e-05,0.9537950842523996,0.9383347018291154,0.9542226273583404,0.9393163044406536,0.0140101909637451,6,22012,27592.0,5816.0,7283.0,15,15,12,12
0.9399999999999996,0.7900000000000005,1408.5887459862615,397.232674728981,1.652430448362287e-05,0.9575985509583714,0.9401066791832964,0.9579818934174656,0.9409664944744222,0.0,6,22915,28579.0,6052.0,7651.0,15,14,12,12
0.9399999999999996,0.8300000000000005,1622.8835415622664,470.0771717159014,2.053909029847492e-05,0.9531206373942642,0.9341845117122968,0.9534997624497764,0.9346812506081592,0.0,5,25998,32917.0,7164.0,9358.0,14,13,11,11
0.9399999999999996,0.8400000000000005,1604.9109862183043,468.83627486744126,2.120604097166118e-05,0.956743616413552,0.9391832887781616,0.9570669423996876,0.9397646209026012,0.014000654220581,5,26816,33590.0,7560.0,9591.0,14,12,11,10
0.9399999999999996,0.8500000000000005,1536.4127049722024,457.3967643086252,2.1097978262650365e-05,0.9622389345992308,0.944885666771965,0.962516732610273,0.9455149861257892,0.0080249309539794,5,27550,34304.0,7889.0,9861.0,13,12,10,10
0.9399999999999996,0.8900000000000006,1708.254433137328,541.5128307190267,2.763043194993906e-05,0.9610471686494928,0.938072652435914,0.9613116957729207,0.9383393391568848,0.002018928527832,4,30906,38812.0,9384.0,12070.0,12,11,10,9
0.9399999999999996,0.9100000000000006,1642.57988136549,520.821656535773,2.8741341468622907e-05,0.9664939284827232,0.9487404926223182,0.9666958212302458,0.949054603589642,0.0,4,32533,39880.0,9866.0,12622.0,12,10,9,9
0.9399999999999996,0.9700000000000006,1447.480397103878,482.6305738692208,3.708855729437967e-05,0.9797357648121064,0.9675876327722768,0.979849800954202,0.9678092619821886,0.0080368518829345,4,37858,44770.0,12572.0,14658.0,11,9,8,8
0.9399999999999996,0.9800000000000006,1322.056439478537,456.3684321174432,3.424298029946178e-05,0.983766385683528,0.9726041313179032,0.9838483133731546,0.9730246034915412,0.0,4,38937,44924.0,12982.0,15224.0,10,9,7,7
0.9499999999999995,0.23000000000000004,262.21204444113545,53.58696203368876,8.309082931807198e-06,-4.6496612994065,-4.451795842767527,-4.442875679760067,-2.539235156993139,0.0020363330841064,4,382,427.0,121.0,117.0,9,16,4,5
0.9499999999999995,0.25000000000000006,202.8235583785408,42.93684800572425,6.965894260256117e-06,-1.0145645589228836,-1.125162745290564,-0.9307329562322476,-0.3241680134075537,0.0,4,490,505.0,168.0,141.0,7,8,4,5
0.9499999999999995,0.26000000000000006,591.0126461562957,120.03515110166688,8.607059158137372e-06,-14.302978747893349,-13.365043098971856,-13.878387291325934,-9.037068384508082,0.0,4,507,890.0,160.0,180.0,9,38,5,35
0.9499999999999995,0.2800000000000001,682.7597948766462,138.462427214028,8.324402346670951e-06,-16.81827212979365,-15.563932084092883,-16.317044101502837,-10.38858266274345,0.0100660324096679,4,535,1044.0,184.0,211.0,9,41,4,36
0.9499999999999995,0.2900000000000001,450.1113288213632,92.0995272336762,5.757242692331955e-06,-4.512209408935452,-4.164408122882821,-4.350591643945695,-2.610767523609247,0.0,4,634,773.0,217.0,191.0,9,27,4,4
0.9499999999999995,0.36000000000000015,1369.8490906848097,278.8752147765496,5.752696979737607e-06,-18.33127746872106,-15.514436757964354,-17.990396767922256,-12.84477631081758,0.0,4,957,2851.0,278.0,587.0,13,35,4,31
0.9499999999999995,0.4000000000000002,1598.790206687544,332.03389949923286,5.709700384259239e-06,-12.1899191611033,-10.073615382339192,-11.859706346237637,-9.302777191565422,0.0100715160369873,4,1286,4123.0,337.0,860.0,16,33,8,29
0.9499999999999995,0.4200000000000002,2077.6687381333595,433.7782291486438,7.039370491550387e-06,-13.582329219980542,-12.066125002540153,-13.145758926135716,-11.594764903219788,0.0100624561309814,4,1583,6022.0,347.0,1288.0,19,30,18,27
0.9499999999999995,0.45000000000000023,2056.922162175808,429.2786342614006,6.02542570995612e-06,-10.90340289662596,-9.377681388822214,-10.351557333244902,-9.077175127651106,0.0,4,1788,6398.0,381.0,1369.0,25,30,22,27
0.9499999999999995,0.48000000000000026,1984.394271559964,420.3048992497391,6.819736216557248e-06,-2.4993225904342724,-2.3314636244815024,-2.3938134193570257,-2.283819974823847,0.0080471038818359,4,3026,7836.0,667.0,1698.0,27,28,21,25
0.9499999999999995,0.49000000000000027,2307.496043243267,497.85750345857,7.969916278301218e-06,-2.6433397409868578,-2.567294193247913,-2.538312639303631,-2.5176915473135844,0.0,4,3327,9511.0,726.0,2111.0,26,25,19,22
0.9499999999999995,0.5000000000000002,2001.539173361341,440.6031850391763,6.70164108442374e-06,-1.3520504024193931,-1.5921028368415575,-1.2797175256753637,-1.5591877160024477,0.0100278854370117,4,3655,8898.0,772.0,1950.0,29,27,22,24
0.9499999999999995,0.5500000000000003,688.9893768744066,157.31830215448895,5.106924364079019e-06,0.9034584191973394,0.8726499316943217,0.912868120608487,0.9013096927708628,0.0,17,6115,6572.0,1398.0,1382.0,23,26,21,23
0.9499999999999995,0.5800000000000003,975.4506532938988,218.18093303547377,6.323311911551112e-06,0.8772059352097673,0.8622564801759272,0.8819357504143278,0.8757226905589802,0.0020282268524169,13,7814,9491.0,1779.0,2055.0,23,25,20,22
0.9499999999999995,0.6000000000000003,1046.013510604818,237.70765876278105,8.025750911486337e-06,0.885530307120085,0.8702571866165076,0.889354982609992,0.8797297126207942,0.0100471973419189,13,8810,10817.0,2066.0,2372.0,24,25,20,22
0.9499999999999995,0.6100000000000003,1024.2945322947346,239.44533126930384,7.47467434523145e-06,0.9076084396616816,0.8917589289728324,0.9095473447786938,0.8978058299325494,0.0,10,9789,11860.0,2285.0,2627.0,20,22,18,19
0.9499999999999995,0.6300000000000003,1032.234001248425,256.33149110738094,8.446850765990131e-06,0.9269303071602444,0.9039342583936494,0.9283947530758792,0.909264067351714,0.0020332336425781,10,11308,13717.0,2631.0,3097.0,21,21,17,18
0.9499999999999995,0.6500000000000004,1102.3807602908084,261.2120943634851,8.939297948119205e-06,0.9281926584076274,0.9172715309195666,0.9293598422673256,0.9202747030176224,0.0,9,12474,15248.0,2887.0,3496.0,20,20,17,18
0.9499999999999995,0.6800000000000004,1234.6934226058252,296.08389674726226,1.0556540938013296e-05,0.9303922453496314,0.9211622116210848,0.931344835949653,0.9236591491897695,0.0020318031311035,8,14447,18203.0,3457.0,4315.0,18,19,14,16
0.9499999999999995,0.6900000000000004,1206.2032869981815,306.4520495863132,1.1207316061114158e-05,0.9401380780374032,0.9233895801521912,0.9409313839517346,0.9257260756579868,0.0,8,15254,19236.0,3650.0,4589.0,19,18,16,16
0.9499999999999995,0.7100000000000004,1144.329782962024,283.59859492507763,1.1211914990222703e-05,0.9523064197252232,0.9435255748082872,0.9529398736163428,0.9451162812769576,0.0,8,16366,20239.0,4044.0,4869.0,18,18,14,15
0.9499999999999995,0.7500000000000004,1421.5204906635515,363.7215347469953,1.450322327225868e-05,0.943886872133512,0.932753444694146,0.9445048478351492,0.9340108122731876,0.0100352764129638,7,19557,24894.0,5066.0,6342.0,17,16,13,14
0.9499999999999995,0.8000000000000005,1498.314773195028,420.3689868512935,1.7486079592859035e-05,0.9538189177285824,0.9366107525101594,0.9542407449675898,0.937428122276076,0.0,6,23543,29636.0,6424.0,8040.0,15,14,12,12
0.9499999999999995,0.8400000000000005,1551.7652799990487,459.8422155021162,2.1006617118518608e-05,0.960224560082612,0.9412584616960712,0.9605209751710828,0.9419284754590286,0.0100717544555664,5,26973,33579.0,7522.0,9589.0,13,12,11,10
0.9499999999999995,0.8500000000000005,1485.340116996069,460.3421953743816,2.1834664057835763e-05,0.9652123707855108,0.9448699744653076,0.9654669939672852,0.94541196592497,0.0080270767211914,5,27929,34497.0,7864.0,9981.0,13,12,10,10
0.9499999999999995,0.9600000000000006,1516.4663111710286,503.961814442986,3.474371974205486e-05,0.9767433489347352,0.9626331097292063,0.9768723828753816,0.9629420299437772,0.0,4,36742,43808.0,12084.0,14168.0,11,9,8,8
0.9499999999999995,0.9700000000000006,1392.190244572678,455.0136902702306,3.299282599222176e-05,0.98120234583397,0.9712056411348444,0.9812990880857,0.9716072040135956,0.0100693702697753,4,37794,44338.0,12417.0,14726.0,10,9,8,7
0.9499999999999995,0.9800000000000006,1340.4454872044096,479.8016625822244,3.524296751139556e-05,0.9832679324660438,0.9697779785422096,0.9833547533913573,0.9702122513207476,0.0,4,39018,45079.0,13153.0,15268.0,10,9,7,7
0.9599999999999995,0.22000000000000003,137.51465830957804,28.0178514522438,7.67092618904312e-06,-0.9775762697862986,-0.8479816820287092,-0.8756847114462512,-0.1041158055730595,0.0,4,342,363.0,121.0,116.0,7,8,3,4
0.9599999999999995,0.25000000000000006,100.3813042852104,21.12019176049309,5.620292099602353e-06,0.4836275994989776,0.4434750212271915,0.506371216775011,0.6414267867805707,0.0100584030151367,4,485,474.0,151.0,141.0,8,7,3,4
0.9599999999999995,0.26000000000000006,390.1353531147876,79.18280537254705,7.786543111447737e-06,-5.61107810714686,-5.395274738081564,-5.393376297432008,-3.3447253963084336,0.0,4,514,614.0,160.0,160.0,9,29,5,4
0.9599999999999995,0.3100000000000001,898.6719368045271,182.35722154606327,7.226955342604169e-06,-16.033323953455543,-13.916411282533154,-15.650576762501675,-10.335084394459216,0.002016544342041,4,690,1541.0,226.0,313.0,9,38,4,34
0.9599999999999995,0.3300000000000001,883.9596875235129,179.71192225336637,5.890312134930483e-06,-13.650884295034023,-11.002717638519236,-13.361680300651102,-8.501692341808546,0.0,4,730,1553.0,218.0,315.0,9,39,5,34
0.9599999999999995,0.34000000000000014,870.6826643980764,176.5397736111233,5.571905315290001e-06,-8.657594254926243,-7.651203935448795,-8.486185367762902,-6.034206663011436,0.0,4,859,1625.0,256.0,330.0,11,36,4,32
0.9599999999999995,0.38000000000000017,1395.9909786599626,286.2765453484911,5.434386756256671e-06,-13.205335175022393,-10.97221985115488,-12.917916856968944,-9.66300848208041,0.0100290775299072,4,1137,3224.0,288.0,666.0,14,34,4,30
0.9599999999999995,0.4400000000000002,2049.12413453895,428.6461122923353,6.337711547993255e-06,-13.391836082015582,-12.106191130246556,-12.75338560173511,-11.727866695468432,0.0,4,1543,6152.0,332.0,1313.0,22,32,19,28
0.9599999999999995,0.48000000000000026,2055.3435159967785,438.4692240245223,7.0226695807902266e-06,-2.368787964302266,-2.2345170092717304,-2.274671381050237,-2.176151951831621,0.0,4,3168,8324.0,691.0,1818.0,26,26,18,23
0.9599999999999995,0.5200000000000002,2099.9247754383964,455.1390813073882,7.806722225676519e-06,-0.6285467465423167,-0.6382207957347799,-0.5881017473521628,-0.6207729314967774,0.0020191669464111,4,4734,10449.0,1043.0,2332.0,27,25,22,22
0.9599999999999995,0.5500000000000003,609.4901948506207,140.8618032649292,4.741903182326125e-06,0.9259469949199912,0.899192522281525,0.9330535836175322,0.9220508469806288,0.0080327987670898,16,6179,6597.0,1381.0,1386.0,24,25,21,22
0.9599999999999995,0.5600000000000003,711.7198226004057,157.97594753632592,9.420307066793833e-06,0.9134232545163644,0.8982297991739183,0.919429945091628,0.9160223371571364,0.0,15,6691,7340.0,1460.0,1553.0,25,25,21,22
0.9599999999999995,0.5700000000000003,779.4108710316741,180.27302822630557,5.626742799254424e-06,0.9090981482234975,0.8845914409632945,0.9145724006656196,0.9022365075082756,0.0020182132720947,15,7359,7972.0,1641.0,1697.0,24,26,20,22
0.9599999999999995,0.6500000000000004,1082.138689289475,266.069704987411,9.307347246801643e-06,0.9335327770730732,0.916409601642841,0.9346514173358824,0.920263754596925,0.0030415058135986,9,12658,15555.0,3032.0,3579.0,19,20,16,17
0.9599999999999995,0.6700000000000004,1300.2562498282373,323.97876339419963,1.0698237398821196e-05,0.9181603168155766,0.8988086304285005,0.9192906759162188,0.9011484308830108,0.0,8,13912,18091.0,3345.0,4284.0,19,19,15,16
0.9599999999999995,0.7000000000000004,1200.018040157437,310.1995458438942,1.1531527287344537e-05,0.945083604473266,0.9272350199481444,0.9459441673827176,0.929223847607734,0.0,9,15983,19966.0,3958.0,4804.0,19,19,15,16
0.9599999999999995,0.7200000000000004,1329.7818238059697,338.10611046753337,1.3143203912821032e-05,0.9414077889823356,0.928699097559059,0.9420959385991772,0.9299784038740186,0.0,7,17699,22438.0,4416.0,5552.0,17,17,15,14
0.9599999999999995,0.7300000000000004,1364.7601309584638,367.2684260512923,1.3572017151579066e-05,0.9434787376499228,0.9219716970543748,0.9441096842876596,0.9234405927574804,0.0,7,18445,23491.0,4581.0,5949.0,17,16,13,14
0.9599999999999995,0.7400000000000004,1310.6686260500126,348.12224400947656,1.365204030178915e-05,0.9504835799275682,0.9343006195840432,0.9510223427985104,0.9358969330368968,0.0,7,19060,23998.0,4801.0,6044.0,16,16,13,14
0.9599999999999995,0.8100000000000005,1567.0223825358785,436.7491873278976,1.866585877998258e-05,0.95197490143472,0.9358924448522462,0.952364419439836,0.936464151912258,0.0,5,24371,30868.0,6745.0,8531.0,15,13,11,11
0.9599999999999995,0.8200000000000005,1350.2832484570897,397.4030190807162,1.818968212349184e-05,0.967268714191316,0.9506479697293776,0.9675550188542864,0.9514799800255396,0.0020232200622558,6,25602,31022.0,6925.0,8518.0,14,14,11,11
0.9599999999999995,0.8400000000000005,1575.6082701777848,475.9536908035,2.1744759982248645e-05,0.9590179854041276,0.937813681871051,0.9593308381690692,0.938395746879536,0.0100405216217041,5,27102,33767.0,7584.0,9684.0,14,12,10,10
0.9599999999999995,0.8800000000000006,1744.3878313752364,550.8704853835126,2.7138698587693115e-05,0.957377184958168,0.9330999167437224,0.957658841164196,0.9334304323231738,0.0100553035736083,4,30129,38069.0,8890.0,11747.0,12,11,9,9
0.9599999999999995,0.9700000000000006,1430.9832720895097,478.8071114760097,3.446996405388453e-05,0.9800224320774128,0.9680938592222096,0.9801265966561022,0.9684815177414168,0.0,4,37693,44494.0,12581.0,14873.0,10,9,8,7
0.9699999999999995,0.2,36.1416484128768,8.397048092435023,1.1097144912054796e-05,0.8566365882197744,0.81170983639238,0.8650140924783665,0.9000029545588843,0.0,4,340,342.0,128.0,116.0,7,6,3,4
0.9699999999999995,0.21000000000000002,95.782250878403,19.98827781475933,6.824267542402415e-06,0.1942515217676703,0.1383107560211041,0.2352056846781188,0.4928016983572487,0.0100760459899902,4,386,364.0,128.0,115.0,7,7,3,4
0.9699999999999995,0.22000000000000003,97.33650822447522,20.400418704853426,5.94096143467525e-06,0.3646855334242838,0.3664353913221447,0.3966085233114392,0.6191677586374036,0.0,4,434,445.0,148.0,128.0,7,7,3,4
0.9699999999999995,0.23000000000000004,570.5344259989927,115.92005147226833,7.4880007796290834e-06,-8.960847760929708,-8.15559863931295,-8.652385036264837,-5.346780086438492,0.0020177364349365,4,597,899.0,202.0,181.0,8,35,3,29
0.9699999999999995,0.2800000000000001,130.90713152205777,26.620206923813846,8.000939796997322e-06,-0.7240629887767629,-0.4762930820123643,-0.6254385644233971,0.0782457931728215,0.0,4,367,383.0,131.0,117.0,7,7,4,4
0.9699999999999995,0.3000000000000001,795.7772144262489,161.58382757359516,7.078533951719109e-06,-18.0631773116141,-16.741369055409056,-17.60362969721622,-11.773370438424156,0.0020258426666259,4,554,1265.0,183.0,256.0,8,41,3,36
0.9699999999999995,0.3100000000000001,852.456102242221,172.40981942259938,6.5866951172308105e-06,-12.403502959470917,-10.540175148912889,-12.156809384619113,-7.927841177813496,0.0100421905517578,4,732,1482.0,232.0,301.0,10,37,4,33
0.9699999999999995,0.3200000000000001,734.6437132492639,148.83226016783684,5.580313707811544e-06,-8.14495597985299,-7.392898695989299,-7.951178230155758,-5.401018624360445,0.0,4,773,1288.0,236.0,261.0,10,35,4,32
0.9699999999999995,0.38000000000000017,1552.8026107386174,318.965694994514,5.75347853331989e-06,-15.023148643344475,-13.15529787447327,-14.708109505398877,-11.47435000252375,0.0080304145812988,4,1164,3682.0,313.0,765.0,13,33,4,29
0.9699999999999995,0.4000000000000002,1793.5875884662005,370.7503512023511,6.079077139937871e-06,-14.600420547028373,-12.779003701719526,-14.242301302809317,-11.715811013116824,0.0020346641540527,4,1333,4705.0,321.0,991.0,16,32,12,28
0.9699999999999995,0.4400000000000002,1881.061042559048,393.7893631118037,5.89833297843707e-06,-7.893974313488167,-7.01167536474583,-7.546631590940892,-6.738431884036515,0.0080249309539794,4,1881,5940.0,409.0,1264.0,21,30,11,27
0.9699999999999995,0.49000000000000027,2247.7125803247177,482.75546993276,7.198490198497029e-06,-2.8549635332160044,-2.783908629621824,-2.72291888490938,-2.7284725346782346,0.0020143985748291,4,3250,9130.0,683.0,2013.0,28,27,27,24
0.9699999999999995,0.5200000000000002,2261.4082609994744,492.5097503264952,8.266241412067959e-06,-1.0301290206807598,-1.0427718260970875,-0.976138166818882,-1.0197388028123813,0.0,4,4552,10739.0,986.0,2406.0,26,25,25,22
0.9699999999999995,0.5300000000000002,370.3184353900621,88.30047768259445,4.285741516986546e-06,0.9554744858468976,0.9264168206490548,0.9665345752966252,0.9597285470826804,0.0100870132446289,22,5149,5115.0,1128.0,1119.0,24,24,24,22
0.9699999999999995,0.5800000000000003,888.730472231445,201.5460414351565,6.585754857737495e-06,0.9032526547287824,0.8886296612981596,0.90675958821083,0.8997329058796378,0.0,12,8026,9448.0,1811.0,2041.0,23,24,18,20
0.9699999999999995,0.5900000000000003,962.1154958074044,219.68052733665104,7.087470713938376e-06,0.8992405810974702,0.884204175802085,0.9028989769252942,0.8959560170561615,0.0,12,8703,10329.0,1983.0,2254.0,22,23,17,20
0.9699999999999995,0.6000000000000003,899.9742041757743,211.16309401201545,7.076156463526462e-06,0.9207457053972804,0.9020875956303968,0.9232999576826914,0.9108805887871132,0.0,12,9171,10686.0,2099.0,2338.0,22,23,18,20
0.9699999999999995,0.6400000000000003,1096.1175727691502,263.61459662840286,8.92903018427405e-06,0.9230274587047712,0.9070169536593498,0.924519378720155,0.9117380338850366,0.0,10,11780,14525.0,2733.0,3308.0,20,21,18,18
0.9699999999999995,0.6700000000000004,1238.7881306376387,303.098670976674,1.056471998936164e-05,0.9257626169564248,0.9117296557408456,0.9268084334961172,0.91422753115633,0.0100412368774414,8,13950,17782.0,3409.0,4197.0,18,19,15,16
0.9699999999999995,0.6900000000000004,1231.5119463135725,298.8743010465888,1.1070484398096588e-05,0.9359586612772745,0.9261379708001406,0.9368329891207198,0.9285053059562968,0.0080397129058837,8,15105,19068.0,3652.0,4537.0,18,18,14,16
0.9699999999999995,0.7000000000000004,1248.096589942496,309.0029020547556,1.1492769099119588e-05,0.9399166788046548,0.9285967718717468,0.940705071728119,0.9305415960947224,0.0,8,15983,20123.0,3967.0,4853.0,18,18,14,15
0.9699999999999995,0.7200000000000004,1357.6083176255297,354.8577785687566,1.3192454661838587e-05,0.9393805892223116,0.9211982417833016,0.9400756825793506,0.9224069211272188,0.010047435760498,7,17754,22637.0,4401.0,5619.0,17,17,14,15
0.9699999999999995,0.7400000000000004,1352.6228563046868,371.5527864493544,1.4353854863788408e-05,0.9485766873452908,0.9267810558107894,0.9491335515507175,0.9283883187003792,0.0,7,19395,24525.0,4928.0,6223.0,16,16,14,14
0.9699999999999995,0.7800000000000005,1474.9379323399744,398.757711857661,1.6613186569892848e-05,0.9507345105657764,0.9360765555226442,0.9511727932364265,0.937211490005477,0.0,6,22268,28141.0,5928.0,7507.0,15,14,12,12
0.9699999999999995,0.8100000000000005,1645.112666114551,466.9024467025656,1.9890342749110365e-05,0.9477013830875084,0.9279812318711976,0.9481227575707918,0.9286440936156336,0.0,5,24604,31606.0,6727.0,8867.0,14,13,11,11
0.9699999999999995,0.8200000000000005,1600.2412087919088,479.57368129357735,2.0454032371753147e-05,0.9534244762520052,0.9283079223392936,0.9537889284260316,0.928955234962242,0.0,5,25612,32382.0,6923.0,9163.0,14,13,11,11
0.9699999999999995,0.8700000000000006,1558.4195604251731,475.9882351487272,2.3486638071159296e-05,0.9648233421915536,0.9468376273069152,0.9650902286766636,0.9472903280571008,0.0100793838500976,5,29421,36322.0,8539.0,10798.0,13,12,11,10
0.9699999999999995,0.8900000000000006,1505.426856759448,468.1235217108273,2.513461389731981e-05,0.9699376681588966,0.9546228276090564,0.9701463452845848,0.9551427001481538,0.0,5,31093,37901.0,9406.0,11394.0,12,11,10,10
0.9699999999999995,0.9000000000000006,1615.7267424444024,539.4138311630505,2.9013623267036765e-05,0.9668712525939156,0.942761488576672,0.9670811679234944,0.9430678172115166,0.0100390911102294,4,32135,39374.0,9634.0,12593.0,12,11,9,9
0.9699999999999995,0.9200000000000006,1512.2582625436632,483.2659614267119,2.844955917635537e-05,0.9729668838908374,0.9582931085388288,0.9731608207864804,0.9587020621538996,0.0,5,33414,40464.0,10122.0,12798.0,12,11,10,9
0.9699999999999995,0.9500000000000006,1545.856797890197,512.7623312347869,3.3653281358107315e-05,0.9751341264791612,0.9596875041038996,0.9752699380932168,0.9600569255166328,0.002021312713623,4,36179,43040.0,11659.0,13984.0,11,9,8,8
0.9699999999999995,0.9600000000000006,1583.4807387524486,521.4998701661711,3.754514997012456e-05,0.9747230431154814,0.960190086440747,0.9748768163674204,0.9603900645542882,0.0100419521331787,4,37048,44197.0,12056.0,14550.0,11,10,8,8
0.9699999999999995,0.9800000000000006,1307.4788717222164,444.6076922411487,3.444772886742359e-05,0.9841049645708478,0.974210975134925,0.984186372885448,0.9745924451261364,0.0,4,39064,44992.0,13143.0,15235.0,10,9,7,7
0.9799999999999995,0.22000000000000003,252.3440937820156,51.6969333390934,8.57749188428949e-06,-3.0813432232791715,-2.802908131503276,-2.9192008042221658,-1.5228633166743282,0.0,4,433,475.0,135.0,134.0,8,11,3,5
0.9799999999999995,0.26000000000000006,262.33721142834463,53.75988281237228,1.0019497939269604e-05,-2.435571911007391,-2.586717638109489,-2.299082167479263,-1.3079157487475213,0.0080246925354003,4,486,489.0,167.0,127.0,8,11,4,4
0.9799999999999995,0.2700000000000001,387.842227909752,78.31806145455849,7.080328503081039e-06,-3.87293457529104,-3.260082892039282,-3.718443862179371,-1.9350458542191324,0.0,4,566,679.0,195.0,177.0,8,19,3,5
0.9799999999999995,0.3100000000000001,711.3151185773199,145.1659969368401,7.517051494769255e-06,-10.753423238629026,-9.901280001697412,-10.48293188142565,-7.191236501271652,0.0121107101440429,4,656,1170.0,197.0,236.0,12,37,5,32
0.9799999999999995,0.35000000000000014,1136.5562339438673,230.5903429244165,5.361072038459991e-06,-11.29183864204828,-9.900119201632668,-11.089025188727623,-8.01167534281553,0.0,4,1007,2311.0,272.0,473.0,11,35,3,31
0.9799999999999995,0.4000000000000002,1835.5871562890532,379.22118655651786,6.189020370937434e-06,-23.72446444208384,-20.46460682141338,-22.947492613112072,-19.3589186477688,0.0,4,1128,4629.0,251.0,974.0,18,34,6,31
0.9799999999999995,0.4200000000000002,1974.3242303802756,411.50188588065225,6.394384391435947e-06,-14.640129049105068,-13.075578384949608,-14.087207513980877,-12.506930308985794,0.0100111961364746,4,1461,5637.0,329.0,1199.0,22,31,9,28
0.9799999999999995,0.5000000000000002,2296.850889896135,496.1100243393596,7.769676175639929e-06,-2.2776703369203184,-2.212608160152793,-2.1740337397828524,-2.170656581222602,0.0139997005462646,4,3564,9735.0,778.0,2159.0,24,26,24,23
0.9799999999999995,0.5500000000000003,810.2610254799158,181.96211628991867,7.870806001771382e-06,0.8731640000593452,0.841507635648471,0.8836759462040453,0.8747758587414762,0.0,15,6349,7136.0,1447.0,1510.0,22,25,18,22
0.9799999999999995,0.5700000000000003,958.4580588501055,218.5789265378453,5.612394030149415e-06,0.8726466401552354,0.8498288021380249,0.8779964624612663,0.8660843475674195,0.0,13,7512,9006.0,1701.0,1941.0,23,25,20,22
0.9799999999999995,0.5800000000000003,850.9519618517313,196.24064513906825,6.178395442230715e-06,0.9107188039016728,0.8923903851404139,0.9142438825200316,0.9041914471486704,0.0,13,8093,9151.0,1826.0,1973.0,23,24,21,21
0.9799999999999995,0.5900000000000003,827.1919603851592,192.2991291092598,7.13891379600576e-06,0.9278452640225088,0.9127816957223576,0.9298309582556402,0.9199031180245428,0.0,11,8869,9934.0,1999.0,2153.0,22,23,17,20
0.9799999999999995,0.6000000000000003,1034.8453339357236,237.1509735794119,7.421935577832799e-06,0.8972583320702736,0.882868342051,0.900049046742829,0.8920557427586939,0.0140018463134765,11,9388,11259.0,2143.0,2478.0,21,23,16,19
0.9799999999999995,0.6100000000000003,1166.1567413750802,266.7735036931653,7.644394525308397e-06,0.8781902198982179,0.8625440765337651,0.8818928105310838,0.874041642301552,0.0140039920806884,12,9618,12241.0,2232.0,2731.0,21,23,19,20
0.9799999999999995,0.6700000000000004,1256.9200451898282,308.9448030058894,1.0675640300149451e-05,0.9241505426528912,0.9091865837795814,0.925226418110302,0.9114167227566172,0.0,8,14183,17981.0,3425.0,4252.0,19,19,15,16
0.9799999999999995,0.6800000000000004,1162.4396852048412,285.429139154118,1.0621506649835464e-05,0.9402891035184502,0.9286070833623248,0.9411119349394336,0.9312184918775712,0.0,8,14696,18323.0,3578.0,4329.0,18,18,16,16
0.9799999999999995,0.7200000000000004,1260.2002187739254,327.9262308861946,1.3008963856753508e-05,0.9492154280732092,0.9343208179395636,0.9497712524548424,0.9359314343902388,0.0,7,17959,22459.0,4462.0,5595.0,17,16,13,14
0.9799999999999995,0.7400000000000004,1345.1362804203989,359.461694311674,1.4239607594378314e-05,0.9485795851031972,0.9313567632156764,0.9491374923008816,0.9329437297034112,0.0,7,19286,24295.0,4917.0,6142.0,16,16,13,14
0.9799999999999995,0.7600000000000005,1395.9927833136635,369.02068499942766,1.5429072499507717e-05,0.9504831532240636,0.9381437790250272,0.9509452737984396,0.9389422835278824,0.0,6,20858,26293.0,5471.0,6843.0,16,15,13,13
0.9799999999999995,0.8700000000000006,1419.3886897645689,429.91056597488057,2.2247128377714487e-05,0.9713316018973536,0.957119224089546,0.971530947735589,0.9576773830803548,0.0140068531036376,5,29665,35820.0,8617.0,10517.0,13,12,10,10
0.9799999999999995,0.8900000000000006,1651.1650085369015,526.7452835574326,2.8253104610571503e-05,0.9637518042173746,0.942720376873374,0.9639934979480328,0.9429892899548384,0.0140068531036376,4,31219,38907.0,9360.0,12205.0,12,11,9,9
0.9799999999999995,0.9800000000000006,1208.0569324677265,406.4679799812034,3.1651016441301546e-05,0.9864085121154944,0.978266169754753,0.9864748348154416,0.978787057998794,0.0140049457550048,4,38961,44313.0,13145.0,14779.0,10,9,7,7
0.9799999999999995,0.9900000000000007,1171.8736022213886,357.20691657637315,3.2355598369086e-05,0.9877392339464802,0.9842763573028006,0.9878009067888645,0.984708707592211,0.0140018463134765,4,39940,45532.0,14013.0,14587.0,9,8,7,7
0.9899999999999995,0.25000000000000006,234.1699436306889,48.22268224946984,7.287254280134701e-06,-2.0224348821733478,-1.9945744205917424,-1.9127654197311637,-0.9446425703035136,0.014003038406372,4,449,472.0,149.0,131.0,7,10,4,4
0.9899999999999995,0.34000000000000014,1158.5026255185326,236.26887049856285,6.906137806770736e-06,-17.639640508040902,-15.625914245870284,-17.335635400196775,-12.523861677724142,0.01399827003479,4,837,2199.0,242.0,450.0,10,37,5,33
0.9899999999999995,0.3900000000000002,1833.0536055536768,377.7276355612158,6.40296677122577e-06,-18.21471677841289,-15.626425177810887,-17.815935115757895,-14.07779254074892,0.0,4,1264,4659.0,301.0,982.0,15,31,5,28
0.9899999999999995,0.4000000000000002,1608.8647880570943,333.2962896083103,5.418586228186259e-06,-11.1270402594357,-10.17956640808609,-10.856152736134664,-9.370167862238436,0.0,4,1374,4146.0,297.0,865.0,17,33,13,29
0.9899999999999995,0.45000000000000023,2058.3920023690016,435.7494860390926,6.604043488964527e-06,-7.936493538208408,-7.463452167637916,-7.555925313297379,-7.251351818125798,0.0,4,2030,6792.0,441.0,1460.0,26,30,21,26
0.9899999999999995,0.49000000000000027,1880.6822842167328,402.0293962096138,6.899654503387525e-06,-1.1544939197324853,-1.1360835564895808,-1.0997473006668097,-1.1089655738608697,0.0,4,3634,8287.0,790.0,1805.0,24,26,20,23
0.9899999999999995,0.5000000000000002,1912.721577578225,411.35896479433467,6.842121342795925e-06,-1.1358206339341868,-1.1595773000718923,-1.071633382347641,-1.1317020392623292,0.0,4,3716,8582.0,798.0,1873.0,29,27,24,24
0.9899999999999995,0.5300000000000002,484.3045502944376,115.75111452085685,3.523146919084935e-06,0.929693532048252,0.8839452462573307,0.9453763433351996,0.9315233763273224,0.0,22,5296,5271.0,1149.0,1128.0,27,26,24,22
0.9899999999999995,0.5500000000000003,823.371075865207,183.96007589640075,5.168298902425359e-06,0.8664271185331711,0.8354681640845032,0.878794687442157,0.8709508966656897,0.0,16,6268,7159.0,1383.0,1514.0,24,26,21,23
0.9899999999999995,0.6000000000000003,1059.2155672843598,237.7447172111249,7.1122869426346165e-06,0.8909591123291987,0.8820287039242126,0.8939832202013623,0.8909277720559476,0.0140035152435302,11,9228,11307.0,2161.0,2491.0,21,23,16,20
0.9899999999999995,0.6100000000000003,998.6213080311938,227.69035745152777,7.732105554200788e-06,0.914969320725246,0.9055794123157854,0.9172420274043074,0.9128573203576548,0.0,11,10036,11914.0,2333.0,2640.0,21,22,17,19
0.9899999999999995,0.6200000000000003,1034.7210317937695,236.67272186022467,7.438841412222249e-06,0.9133271466283666,0.9036656498911346,0.9156872106328576,0.9096656971213416,0.0,12,10250,12386.0,2374.0,2756.0,22,24,19,20
0.9899999999999995,0.6300000000000003,1079.5348689752143,251.36032127428368,8.282775620250929e-06,0.916552492261078,0.9052529742146266,0.91821949655725,0.9094641556692216,0.0,10,10948,13624.0,2597.0,3072.0,21,22,18,19
0.9899999999999995,0.6700000000000004,1146.5694412099442,286.5640906009998,1.0139523452162713e-05,0.9365985285512244,0.9205160783244836,0.9376026363083668,0.9233596402328756,0.0,9,14047,17261.0,3373.0,4053.0,19,20,15,17
0.9899999999999995,0.7000000000000004,1350.2683710703748,324.88784017819466,1.2146034891196544e-05,0.9289668827193108,0.921534974259856,0.9298987052840544,0.9239554665774868,0.0,8,15776,20451.0,4063.0,4977.0,18,18,15,15
0.9899999999999995,0.7500000000000004,1443.8603361173011,389.6911078976117,1.547518249410399e-05,0.9445917936277248,0.9258251092028836,0.9451228188485848,0.9268311637657616,0.0,6,20244,25837.0,5131.0,6724.0,16,15,13,13
0.9899999999999995,0.7900000000000005,1382.5710708522172,371.74051519614846,1.618511566234698e-05,0.958979094482228,0.947843250237388,0.959342346351046,0.94884498734944,0.0,6,22838,28434.0,6142.0,7550.0,15,14,12,12
0.9899999999999995,0.8000000000000005,1550.769273755942,434.0768879828216,1.8152449818875427e-05,0.9508222306317752,0.9330207019113176,0.9513019244213164,0.933733420906816,0.0140120983123779,6,23486,29979.0,6326.0,8202.0,15,14,13,12
0.9899999999999995,0.8200000000000005,1643.5130985979874,488.86511970395054,2.047767925054858e-05,0.9507973641207158,0.9254923787852828,0.951196926048946,0.9260208086234964,0.0139954090118408,5,25459,32484.0,6851.0,9215.0,14,13,11,11
0.9899999999999995,0.9100000000000006,1593.9583327887422,530.6335541124402,2.9982806803046137e-05,0.9688752930973122,0.9473933549249176,0.9690671733758276,0.9476769523241048,0.0140001773834228,4,32903,40142.0,9930.0,12899.0,12,10,9,9
0.9899999999999995,0.9400000000000006,1495.035280380812,507.2137123540727,3.161704991706192e-05,0.9756625308705608,0.9588407960141352,0.9757952427522424,0.9592396269464624,0.0,4,35349,42012.0,11358.0,13967.0,11,10,8,8
0.9899999999999995,0.9500000000000006,1470.6253453038269,500.749282325996,3.41483688573924e-05,0.9773838490944842,0.9621719349085952,0.977508070713352,0.9624632445301988,0.0,4,36268,43020.0,11860.0,14131.0,11,9,8,8
