beta,alpha,rmse_I,rmse_Inc,rmse_Beta,r2,r2_Inc,r2_full,r2_Inc_full,time_predict,fraq_people,actual_peak_I,predicted_peak_I,actual_peak_Inc,predicted_peak_inc,actual_peak_day,predicted_peak_day,actual_peak_day_Inc,predicted_peak_day_inc
0.1,0.2800000000000001,0.5496210815947049,0.1443375672974064,4.07709309705916e-06,0.4817572598659716,0.3118279569892472,0.8897506082725061,0.4791666666666667,0.003019094467163,4,10,5.0,1.0,1.0,1,4,4,4
0.1,0.3200000000000001,0.1767766952966369,0.0,0.0,0.9194405594405596,1.0,0.9851160944631872,1.0,0.004000186920166,4,10,4.0,0.0,0.0,1,4,1,4
0.1,0.34000000000000014,1.3149778198382918,0.3679900360969936,5.326760431790598e-06,-0.0186653029915624,-0.1073646850044367,0.5364552791041857,-0.1026293469041557,0.0029995441436767,4,10,4.0,2.0,0.0,1,4,16,4
0.1,0.35000000000000014,1.9391793797033487,0.1020620726159657,5.685907988870149e-06,-3.3896136795440137,-0.0105263157894739,-0.2270981338590705,-0.0101010101010103,0.0030069351196289,4,10,5.0,1.0,0.0,1,4,8,4
0.1,0.37000000000000016,0.1767766952966369,0.0,0.0,0.7880794701986755,1.0,0.9858028488949884,1.0,0.0040066242218017,4,10,3.0,0.0,0.0,1,4,1,4
0.1,0.3900000000000002,1.0458250331675945,0.25,3.172967793253464e-06,0.5434575841297162,0.109737248840804,0.7756410256410257,0.2146596858638743,0.0029997825622558,4,10,8.0,2.0,1.0,1,4,6,4
0.1,0.4300000000000002,0.5951190357119042,0.0,0.0,0.7529518619436876,1.0,0.8994558788739059,1.0,0.0029976367950439,4,10,6.0,0.0,0.0,1,4,1,4
0.1,0.46000000000000024,0.3535533905932738,0.0,0.0,0.7125031195408038,1.0,0.9586933324154074,1.0,0.003002643585205,4,10,5.0,0.0,0.0,1,4,1,4
0.1,0.49000000000000027,0.1767766952966369,0.0,0.0,0.6785714285714286,1.0,0.9792516771560964,1.0,0.0029971599578857,4,10,2.0,0.0,0.0,1,4,1,4
0.1,0.5000000000000002,0.9947780321927768,0.3679900360969936,5.926267274540599e-06,0.0403030621908871,-0.1073646850044367,0.586579050437356,-0.0350318471337578,0.0023324489593505,4,10,3.0,2.0,0.0,1,4,8,4
0.1,0.5100000000000002,0.1443375672974064,0.0,0.0,0.3118279569892472,1.0,0.9898042414355628,1.0,0.0032777786254882,4,10,1.0,0.0,0.0,1,4,1,4
0.1,0.5300000000000002,0.9013878188659972,0.3061862178478972,2.187809366208182e-06,0.6501588488133061,-0.0601226993865031,0.8201272945300249,0.0384615384615382,0.0058317184448242,4,10,6.0,2.0,0.0,1,4,8,4
0.1,0.5700000000000003,0.8477912478906585,0.408248290463863,1.996445793201396e-06,0.8448530272865675,-0.0165453342157513,0.9011050436427742,-0.0132995566814435,0.0031108856201171,4,10,9.0,2.0,1.0,1,4,7,4
0.1,0.6100000000000003,1.4215601757693317,0.1443375672974064,3.346846126117913e-07,0.2651515151515151,-0.0212765957446807,0.5956985661887295,-0.0204081632653068,0.004239797592163,4,10,4.0,1.0,0.0,1,4,7,4
0.1,0.6400000000000003,1.0307764064044151,0.6123724356957945,3.316178377801461e-06,0.6873463392828634,-0.1999999999999999,0.8215410455595213,-0.1707317073170731,0.0050094127655029,4,10,6.0,2.0,0.0,1,4,14,4
0.1,0.6500000000000004,1.357847561400027,0.3818813079129867,3.756983593485644e-06,-0.3359540844406008,-0.1707317073170728,0.3516483516483516,-0.1627906976744184,0.0039992332458496,4,10,5.0,1.0,0.0,1,4,6,4
0.1,0.6700000000000004,0.1443375672974064,0.0,0.0,0.7644171779141105,1.0,0.9908571428571428,1.0,0.0030024051666259,4,10,2.0,0.0,0.0,1,4,1,4
0.1,0.7000000000000004,0.2282177322938192,0.0,0.0,0.8843652132016382,1.0,0.9799164524421594,1.0,0.0029981136322021,4,10,4.0,1.0,0.0,1,4,2,4
0.1,0.7100000000000004,0.9519716382329886,0.1767766952966369,7.671457611890623e-07,0.3396062307266547,-0.032258064516129,0.7034663758137631,-0.030927835051546,0.0039992332458496,4,10,4.0,1.0,0.0,1,4,11,4
0.1,0.7700000000000005,2.099106952968333,0.5951190357119042,2.6456920170397166e-06,-0.3667665174514489,-0.2142857142857142,0.1782418649830014,-0.088348271446863,0.0029973983764648,4,10,7.0,3.0,0.0,1,4,24,4
0.1,0.7900000000000005,0.1767766952966369,0.0,0.0,0.8834479967624445,1.0,0.9837618403247632,1.0,0.0030064582824707,4,10,3.0,0.0,0.0,1,4,1,4
0.1,0.8100000000000005,2.6594955662054915,0.25,2.614036480866472e-06,-3.764912280701754,-0.0666666666666666,-0.7337350628127868,-0.0638297872340425,0.00252366065979,4,10,5.0,1.0,0.0,1,4,8,4
0.1,0.8300000000000005,0.816496580927726,0.3061862178478972,2.1107380218733025e-06,0.7561033702512803,-0.1034482758620689,0.8816042622465592,-0.0989010989010987,0.0050296783447265,4,10,7.0,1.0,0.0,1,4,7,4
0.1,0.8500000000000005,0.1767766952966369,0.0,0.0,0.932820153953814,1.0,0.9895437593670487,1.0,0.0040028095245361,4,10,4.0,1.0,1.0,1,4,3,4
0.1,0.8900000000000006,0.5863019699779287,0.1767766952966369,5.406539247298516e-07,0.6082601706442438,-0.032258064516129,0.8872758326216909,-0.030927835051546,0.0029995441436767,4,10,4.0,1.0,0.0,1,4,6,4
0.1,0.9100000000000006,9152.840435146349,2026.409766475346,1.0443976537549188e-05,-85794607.47827536,-27186778.86206897,-39108882.73370939,-25748418.856303077,0.0029988288879394,4,10,26806.0,2.0,6570.0,1,51,16,48
0.1,0.9300000000000006,0.478713553878169,0.0,0.0,0.7448967266578088,1.0,0.9183097545579444,1.0,0.0029983520507812,4,10,5.0,0.0,0.0,1,4,1,4
0.1,0.9500000000000006,0.8599903100229289,0.4677071733467426,1.5439339701298613e-06,0.7756640226442418,-0.0862068965517244,0.8632090012330456,-0.0442565887618096,0.0030052661895751,4,10,7.0,2.0,1.0,1,4,10,4
0.1,0.9900000000000007,0.7359800721939872,0.3061862178478972,1.8103654390530412e-06,0.7635915893161583,-0.0601226993865031,0.8836038052602126,-0.0575793184488842,0.0029964447021484,4,10,7.0,2.0,0.0,1,4,14,4
0.11,0.2,1603.5336110186984,331.65401462467884,2.073318116283403e-05,-14241156.153846148,-10670612.221052634,-1766849.7909240555,-10666121.222222224,0.0030012130737304,4,10,3451.0,1.0,739.0,1,76,7,72
0.11,0.24000000000000005,3.67848474239054,0.408248290463863,7.983237516630709e-06,-8.415886439142254,-0.0434782608695649,-2.8431952662721893,0.0117356392835088,0.0025115013122558,4,10,5.0,3.0,0.0,1,4,10,4
0.11,0.2700000000000001,0.962851667357612,0.2700308624336608,5.911010336549286e-06,0.5925025039347547,0.0454545454545455,0.7848370563775264,0.1452991452991457,0.0023500919342041,4,10,7.0,1.0,1.0,1,4,4,4
0.11,0.2800000000000001,0.3061862178478972,0.0,0.0,0.8711217183770883,1.0,0.971153846153846,1.0,0.0029981136322021,4,10,5.0,1.0,0.0,1,4,3,4
0.11,0.3000000000000001,0.1443375672974064,0.0,0.0,0.9599916649301938,1.0,0.9929318631608708,1.0,0.0030207633972167,4,10,5.0,0.0,0.0,1,4,1,4
0.11,0.3100000000000001,1.3228756555322954,0.3227486121839514,4.984850819341976e-06,0.282051282051282,-0.116279069767442,0.6076233183856501,-0.0214504596527067,0.0019998550415039,4,10,7.0,1.0,0.0,1,4,4,4
0.11,0.3300000000000001,1.2119199643540823,0.1020620726159657,5.02595909721099e-06,-0.6116204310036906,-0.0105263157894739,0.5658198614318708,0.796334012219959,0.0029985904693603,4,10,6.0,2.0,0.0,1,4,4,4
0.11,0.35000000000000014,0.1767766952966369,0.0,0.0,0.981245115915603,1.0,0.9944108057755008,1.0,0.0029976367950439,4,11,8.0,1.0,0.0,3,4,3,4
0.11,0.36000000000000015,0.8036375634160796,0.25,4.120568483499398e-06,0.3911620294599018,-0.0285714285714282,0.829346838787812,0.111111111111111,0.0039994716644287,4,10,5.0,2.0,0.0,1,4,22,4
0.11,0.4000000000000002,0.1020620726159657,0.0,0.0,0.9827089337175792,1.0,0.996824489536693,1.0,0.0039970874786376,4,10,5.0,0.0,0.0,1,4,1,4
0.11,0.4100000000000002,0.408248290463863,0.2041241452319315,8.29995629851633e-07,0.8780081010245413,-0.0105263157894739,0.957912457912458,0.1853360488798362,0.0030150413513183,4,10,6.0,2.0,0.0,1,4,10,4
0.11,0.4200000000000002,1.0752906583803283,0.3227486121839514,4.7289136453790845e-06,0.1256974072858551,-0.0714285714285714,0.6198109330045211,-0.0683760683760685,0.0030000209808349,4,10,5.0,2.0,0.0,1,4,16,4
0.11,0.46000000000000024,0.2700308624336608,0.1020620726159657,0.0,0.9083844580777096,-0.0105263157894739,0.9787130519401532,-0.0101010101010103,0.0029997825622558,4,10,5.0,1.0,0.0,1,4,6,4
0.11,0.47000000000000025,0.770551750371122,0.2700308624336608,4.404103648681081e-06,0.0792529025744573,-0.0786516853932584,0.8032515273894584,-0.0752688172043007,0.0039999485015869,4,10,5.0,1.0,0.0,1,4,13,4
0.11,0.48000000000000026,0.1767766952966369,0.0,0.0,0.8645980253878702,1.0,0.9863207332087,1.0,0.0029997825622558,4,10,3.0,0.0,0.0,1,4,1,4
0.11,0.49000000000000027,0.1443375672974064,0.0,0.0,0.9433962264150944,1.0,0.9899086734951308,1.0,0.0029997825622558,4,10,4.0,1.0,1.0,1,4,5,4
0.11,0.5000000000000002,0.2041241452319315,0.2041241452319315,2.041690624256651e-06,0.9431868619618288,-0.0105263157894739,0.988720956462892,0.3150684931506846,0.0029995441436767,4,10,5.0,2.0,0.0,1,4,11,4
0.11,0.6100000000000003,0.3535533905932738,0.1020620726159657,0.0,0.7548936170212766,-0.0105263157894739,0.9466453247965854,0.4897959183673466,0.0029985904693603,4,10,4.0,1.0,0.0,1,4,3,4
0.11,0.6200000000000003,0.5204164998665332,0.1767766952966369,5.821049020862082e-07,0.7305699481865284,-0.032258064516129,0.9242843414193772,-0.030927835051546,0.0029988288879394,4,10,5.0,1.0,0.0,1,4,8,4
0.11,0.6400000000000003,2.443102535711508,0.5951190357119042,3.7829962773124713e-06,-0.46985891406584,-0.1741007194244608,0.009952311839104,-0.1443958263211038,0.0023555755615234,4,10,6.0,3.0,0.0,1,4,24,4
0.11,0.7100000000000004,0.3952847075210474,0.1020620726159657,4.792254070514373e-07,0.767404296559522,-0.0105263157894739,0.9454227914422938,-0.0101010101010103,0.0029985904693603,4,10,4.0,1.0,0.0,1,4,8,4
0.11,0.7200000000000004,1.2788341044352338,0.4677071733467426,3.4261929998539867e-06,0.0417090539165814,-0.1673422119281991,0.4753375217216951,-0.1194029850746269,0.0029964447021484,4,10,4.0,2.0,0.0,1,4,11,4
0.11,0.7500000000000004,14.072727762117289,2.8795254238618324,3.5269286547675817e-06,-157.65368567454806,-77.37538461538462,-62.60442942691781,-71.36363636363639,0.004737377166748,4,10,33.0,2.0,7.0,1,99,29,98
0.11,0.8200000000000005,0.6692657668420421,0.1767766952966369,7.480412593278309e-07,0.4829011649755731,-0.032258064516129,0.8514115898959881,-0.0309278350515465,0.0037779808044433,4,10,5.0,1.0,0.0,1,4,10,4
0.11,0.8400000000000005,105.4812384581574,24.52719579025155,3.871302625281422e-06,-3042.178631844487,-1946.380400421496,-2267.212609628167,-1917.0338757887744,0.0035538673400878,4,10,303.0,2.0,70.0,1,99,5,99
0.11,0.8900000000000006,0.816496580927726,0.25,1.853312151703144e-06,0.330718954248366,-0.0666666666666666,0.7698752292258458,0.0783410138248846,0.0038216114044189,4,10,5.0,1.0,0.0,1,4,4,4
0.11,0.9100000000000006,1.3385315336840842,0.3227486121839514,1.0657902911929243e-06,-0.0440720834650649,-0.0714285714285711,0.4164744198670103,-0.0683760683760685,0.0030000209808349,4,10,2.0,2.0,0.0,1,4,13,4
0.11,0.9600000000000006,0.1020620726159657,0.0,0.0,0.9449225473321858,1.0,0.994310423304506,1.0,0.0031166076660156,4,10,3.0,0.0,0.0,1,4,1,4
0.11,0.9700000000000006,0.2700308624336608,0.0,0.0,0.5757575757575757,1.0,0.9580209895052474,1.0,0.0029997825622558,4,10,2.0,0.0,0.0,1,4,1,4
0.12,0.2700000000000001,0.3227486121839514,0.1020620726159657,0.0,0.9280521621824178,0.4893617021276596,0.9750467872738616,0.4897959183673466,0.0029988288879394,4,10,6.0,1.0,1.0,1,4,5,4
0.12,0.2800000000000001,0.3227486121839514,0.0,0.0,0.5158850226928895,1.0,0.9371227364185112,1.0,0.004000186920166,4,10,2.0,0.0,0.0,1,4,1,4
0.12,0.2900000000000001,0.2282177322938192,0.0,0.0,0.8436991208075546,1.0,0.9828178694158076,1.0,0.0029957294464111,4,10,4.0,0.0,0.0,1,4,1,4
0.12,0.3200000000000001,0.9298297335175584,0.2886751345948128,6.578415222172208e-06,0.0646789529287471,0.0191570881226054,0.620588773084659,0.0231990231990237,0.0030007362365722,4,10,4.0,1.0,1.0,1,4,5,4
0.12,0.36000000000000015,0.2700308624336608,0.1020620726159657,0.0,0.9257212335580856,-0.0105263157894739,0.9769880666688584,-0.0101010101010103,0.003005027770996,4,10,5.0,1.0,0.0,1,4,6,4
0.12,0.37000000000000016,1.4825372395547662,0.25,4.470625638236973e-06,-0.4321266968325781,-0.0285714285714282,0.4433305192064162,-0.0273972602739729,0.0032336711883544,4,10,6.0,2.0,0.0,1,4,7,4
0.12,0.38000000000000017,0.2041241452319315,0.0,0.0,0.9367484763630374,1.0,0.988467304809134,1.0,0.0040030479431152,4,10,5.0,1.0,0.0,1,4,4,4
0.12,0.3900000000000002,0.5863019699779287,0.3061862178478972,3.5144539647124227e-06,0.8733812949640287,0.0357142857142858,0.9379652605459056,0.0384615384615382,0.003413438796997,4,10,8.0,2.0,1.0,1,4,14,4
0.12,0.4100000000000002,1.2909944487358056,0.3227486121839514,4.551948896415019e-06,0.106093231682477,0.0153846153846153,0.5637355146557601,0.0909090909090906,0.0034666061401367,4,10,6.0,2.0,1.0,1,4,9,4
0.12,0.4300000000000002,0.4208127057650866,0.1443375672974064,7.91381303868166e-07,0.7579712294231056,-0.0212765957446807,0.9337257806713188,0.3127147766323026,0.0029971599578857,4,10,4.0,1.0,0.0,1,4,3,4
0.12,0.4400000000000002,2.023301757029831,0.1020620726159657,4.522643414301911e-06,-3.707174048658766,-0.0105263157894739,-0.439613172643686,-0.0101010101010103,0.0034632682800292,4,10,5.0,1.0,0.0,1,4,8,4
0.12,0.45000000000000023,0.568257570707744,0.1767766952966369,3.2082500877793285e-06,0.2899069434502506,-0.032258064516129,0.8716674946183143,-0.030927835051546,0.0030012130737304,4,10,4.0,1.0,0.0,1,4,12,4
0.12,0.48000000000000026,0.7637626158259734,0.1020620726159657,4.2534724991025523e-07,0.6888888888888889,-0.0105263157894739,0.8620689655172413,0.4897959183673466,0.0029990673065185,4,10,6.0,1.0,0.0,1,4,4,4
0.12,0.5600000000000003,0.3061862178478972,0.1020620726159657,0.0,0.8285374082159159,-0.0105263157894739,0.9657469077069458,-0.0101010101010103,0.0029962062835693,4,10,4.0,1.0,0.0,1,4,11,4
0.12,0.5800000000000003,14.109689342197912,2.875905654456233,4.465527871662909e-06,-198.8640522875817,-166.52527472527464,-70.11177258520615,-139.78014184397165,0.0030000209808349,4,10,33.0,1.0,7.0,1,99,4,98
0.12,0.5900000000000003,0.5496210815947049,0.2282177322938192,3.4605230915875823e-06,0.6067241135753638,-0.0549450549450545,0.9004257656915259,0.2319508448540705,0.0030083656311035,4,10,5.0,1.0,0.0,1,4,2,4
0.12,0.6800000000000004,14.14029407992163,2.8795254238618324,3.8230921190451305e-06,-204.3169916434541,-140.51111111111112,-77.52642775323189,-140.13475177304963,0.0029997825622558,4,10,33.0,1.0,7.0,1,99,5,98
0.12,0.7000000000000004,0.770551750371122,0.2282177322938192,1.1968565341189484e-06,0.6564324731587869,-0.0549450549450545,0.8573002203084318,-0.0526315789473685,0.0039267539978027,4,10,7.0,1.0,0.0,1,4,10,4
0.12,0.7600000000000005,1.0606601717798212,0.3227486121839514,1.9257321169081177e-06,0.0377726218097452,-0.1162790697674418,0.6221001434619826,-0.0214504596527065,0.0029971599578857,4,10,4.0,1.0,0.0,1,4,4,4
0.12,0.7700000000000005,1.0257111354242645,0.2886751345948128,1.4299453505235956e-06,0.6052117263843649,-0.0909090909090912,0.7725020272096584,0.0231990231990233,0.0040376186370849,4,10,5.0,1.0,0.0,1,4,4,4
0.12,0.8100000000000005,1.5545631755148024,0.408248290463863,1.2055142234475042e-06,0.0779930452061599,-0.0696378830083561,0.5253196930946291,-0.0132995566814435,0.003000259399414,4,10,5.0,2.0,0.0,1,4,15,4
0.12,0.8700000000000006,14.030843999322826,2.8722813232690143,3.35008827574134e-06,-114.95219530900496,-58.82061369000788,-53.42633337173135,-58.504132231404974,0.0039997100830078,4,10,33.0,2.0,7.0,1,99,46,98
0.12,0.8800000000000006,0.1443375672974064,0.1020620726159657,5.799640448685405e-07,0.9491525423728814,-0.0105263157894739,0.9895833333333334,0.4897959183673466,0.0039999485015869,4,10,4.0,1.0,0.0,1,4,4,4
0.12,0.9000000000000006,0.2700308624336608,0.0,0.0,0.8759002770083102,1.0,0.9743580350928606,1.0,0.0030019283294677,4,10,4.0,1.0,0.0,1,4,3,4
0.12,0.9100000000000006,118.88785857549402,27.64469509086086,2.929325674781022e-06,-2762.768140541458,-1486.148648648649,-1951.4792793829852,-1460.765291890815,0.0035104751586914,4,10,340.0,4.0,79.0,1,99,20,99
0.12,0.9300000000000006,1.865252440466616,0.7144345083117603,2.429409754866017e-06,-0.3262739907346128,-0.3424657534246575,0.1708867043987687,-0.3228941684665223,0.0029983520507812,4,10,8.0,2.0,1.0,1,4,6,4
0.12,0.9900000000000007,2.322893310794392,1.0992421631894098,2.330362832322852e-06,-0.1558468726030262,-0.527153044432255,-0.018181818181818,-0.5004527228042941,0.0033438205718994,4,10,5.0,4.0,0.0,1,4,27,4
0.13,0.2,0.4208127057650866,0.1020620726159657,0.0,0.8832618025751073,-0.0105263157894739,0.956043956043956,-0.0101010101010103,0.0029993057250976,4,10,6.0,1.0,0.0,1,4,10,4
0.13,0.25000000000000006,0.4208127057650866,0.1767766952966369,2.4614129248643164e-06,0.7279546591098518,0.2173913043478266,0.9338418430884184,0.2187500000000002,0.0045173168182373,4,10,4.0,1.0,1.0,1,4,5,4
0.13,0.2700000000000001,1.25,0.3061862178478972,1.9163002059617004e-06,0.4803507632348165,-0.0601226993865031,0.6807084016262586,-0.0575793184488842,0.0030012130737304,4,10,6.0,2.0,0.0,1,4,15,4
0.13,0.2800000000000001,0.5590169943749475,0.0,0.0,0.8049837486457204,1.0,0.9234127288044728,1.0,0.0029959678649902,4,10,7.0,0.0,0.0,1,4,1,4
0.13,0.3100000000000001,0.4448782605013046,0.2282177322938192,5.742768040545221e-06,0.8487562189054727,-0.0549450549450545,0.9440699420093608,-0.0526315789473683,0.0039923191070556,4,10,6.0,1.0,0.0,1,4,8,4
0.13,0.3200000000000001,0.7359800721939872,0.2041241452319315,6.663070400556409e-06,0.3927007299270073,-0.0434782608695645,0.7866754184443715,-0.0416666666666665,0.0029993057250976,4,10,4.0,1.0,0.0,1,4,12,4
0.13,0.34000000000000014,0.2041241452319315,0.0,0.0,0.9487179487179488,1.0,0.9897380640857898,1.0,0.0035006999969482,4,10,6.0,1.0,0.0,1,4,4,4
0.13,0.37000000000000016,1.8874586088176877,0.5590169943749475,8.428858837557752e-06,-0.7346647646219686,-0.25,0.0038157933063411,-0.2376237623762376,0.0029990673065185,4,10,3.0,2.0,0.0,1,4,9,4
0.13,0.3900000000000002,0.1443375672974064,0.0,0.0,0.3118279569892472,1.0,0.9888709587669022,1.0,0.0029964447021484,4,10,1.0,0.0,0.0,1,4,1,4
0.13,0.4300000000000002,0.0,0.0,0.0,1.0,1.0,1.0,1.0,0.0029981136322021,4,10,3.0,0.0,0.0,1,4,1,4
0.13,0.45000000000000023,0.1443375672974064,0.0,0.0,0.9673413845892158,1.0,0.9923942804989352,1.0,0.0029988288879394,4,10,5.0,0.0,0.0,1,4,1,4
0.13,0.48000000000000026,0.2041241452319315,0.0,0.0,0.9386875299377296,1.0,0.9852376734573368,1.0,0.0042963027954101,4,10,5.0,0.0,0.0,1,4,1,4
0.13,0.5200000000000002,1.274754878398196,0.3535533905932738,4.003508407724845e-06,0.1702127659574468,-0.1428571428571428,0.629796625453855,-0.0610079575596822,0.0029976367950439,4,10,6.0,1.0,0.0,1,4,4,4
0.13,0.5900000000000003,0.6922186552431729,0.25,8.125158539178772e-07,0.8247619047619048,-0.0666666666666666,0.9187221711781752,-0.0638297872340425,0.0029988288879394,4,10,9.0,1.0,0.0,1,4,7,4
0.13,0.6600000000000004,4372.28856335558,910.4501004539824,7.537339234677805e-06,-50978418.41666666,-40634685.4680851,-6728589.647112742,-40600132.16326533,0.002997875213623,4,10,9490.0,1.0,2036.0,1,81,11,78
0.13,0.6700000000000004,0.8720187306856813,0.2886751345948128,4.038554836713971e-06,0.5267103397041941,0.0191570881226054,0.8142446372681239,0.0231990231990233,0.0030000209808349,4,10,7.0,1.0,1.0,1,4,5,4
0.13,0.7000000000000004,1.2374368670764582,0.3227486121839514,2.8962377080729942e-06,-0.2053296891014693,-0.1162790697674418,0.4541606327280827,-0.1111111111111111,0.0029969215393066,4,10,2.0,1.0,0.0,1,4,8,4
0.13,0.7100000000000004,0.25,0.1443375672974064,0.0,0.898716370669949,-0.0212765957446807,0.9760870431628872,0.3127147766323026,0.0029985904693603,4,10,4.0,1.0,0.0,1,4,4,4
0.13,0.7200000000000004,0.1443375672974064,0.0,0.0,0.5923566878980892,1.0,0.9892813119674152,1.0,0.0030064582824707,4,10,2.0,0.0,0.0,1,4,1,4
0.13,0.7300000000000004,1.103970108290981,0.2886751345948128,2.176959612989805e-06,-0.0118918918918919,-0.0491803278688525,0.5324488491048593,-0.0471204188481684,0.0029981136322021,4,10,2.0,2.0,0.0,1,4,8,4
0.13,0.7500000000000004,0.8720187306856813,0.1443375672974064,1.8850675466330669e-06,0.6311384809726828,-0.0212765957446807,0.8322456108098172,0.3127147766323026,0.0029995441436767,4,10,7.0,1.0,0.0,1,4,4,4
0.13,0.7600000000000005,3.8051500189436247,0.8599903100229289,5.0140304826369815e-06,-4.202947713182828,-0.6170818505338078,-3.1216937492586885,-0.5791814946619209,0.0029995441436767,4,10,4.0,2.0,0.0,1,4,9,4
0.13,0.7700000000000005,0.9519716382329886,0.2886751345948128,1.808590005520991e-06,0.4066496163682864,-0.0909090909090912,0.7278187961456639,0.2727272727272726,0.0029997825622558,4,10,5.0,2.0,0.0,1,4,4,4
0.13,0.8300000000000005,118.65926357993855,27.60434748368452,3.980240934831954e-06,-3350.2776859504124,-2611.5714285714284,-2429.2522519282966,-2589.368271954674,0.0029997825622558,4,10,338.0,2.0,78.0,1,99,8,99
0.13,0.8700000000000006,0.5773502691896257,0.0,0.0,0.6502334054423318,1.0,0.8861209964412812,1.0,0.0029964447021484,4,10,5.0,0.0,0.0,1,4,1,4
0.13,0.8800000000000006,3.5765439556458225,0.4330127018922193,2.184462219976755e-06,-1.8575445400557515,-0.1279373368146217,-0.7884189677269016,-0.0746268656716417,0.0030004978179931,4,10,5.0,2.0,0.0,1,4,13,4
0.13,0.9500000000000006,0.1767766952966369,0.0,0.0,0.7206595538312317,1.0,0.9878562176165804,1.0,0.0029988288879394,4,10,3.0,1.0,1.0,1,4,5,4
0.13,0.9800000000000006,4.572335289542971,0.9789450103725608,1.698678303447068e-06,-0.3398236488553865,-0.2476338465885008,-0.2106479107727759,-0.2325830653804927,0.0020756721496582,4,14,8.0,5.0,1.0,15,4,11,5
0.13,0.9900000000000007,1.0257111354242645,0.408248290463863,2.146673173472403e-06,0.6315969451726889,0.1090487238979117,0.7838693800689049,0.1130820399113079,0.0049400329589843,4,10,6.0,2.0,2.0,1,4,5,4
0.13999999999999999,0.21000000000000002,235.96788711602264,56.47344508704954,1.6858293423610147e-05,-23902.23532699832,-17758.593957703924,-14741.163324967598,-17008.333333333332,0.0039987564086914,4,10,723.0,2.0,169.0,1,99,48,99
0.13999999999999999,0.22000000000000003,13.933622405294804,2.80066956280101,1.1071716788344563e-05,-80.76055565710112,-157.87472527472522,-48.49543233482048,-132.51063829787233,0.0049986839294433,4,10,32.0,1.0,7.0,1,99,4,99
0.13999999999999999,0.23000000000000004,0.5863019699779287,0.0,0.0,0.773179637717477,1.0,0.9143391132800333,1.0,0.0043709278106689,4,10,6.0,1.0,0.0,1,4,3,4
0.13999999999999999,0.24000000000000005,0.408248290463863,0.1443375672974064,1.418178784942623e-06,0.6558368810217344,-0.0212765957446807,0.9211783831715848,-0.0204081632653068,0.0060005187988281,4,10,3.0,1.0,0.0,1,4,9,4
0.13999999999999999,0.25000000000000006,0.9071475440448852,0.3227486121839514,6.620698163965804e-06,0.6925571590724826,-0.0714285714285714,0.8364084404961587,-0.0683760683760685,0.0044333934783935,4,10,6.0,2.0,0.0,1,4,6,4
0.13999999999999999,0.3200000000000001,0.9185586535436918,0.3061862178478972,8.173947954862666e-06,0.4840422002521399,-0.0601226993865031,0.780434252256648,-0.0575793184488839,0.0029997825622558,4,10,6.0,2.0,0.0,1,4,26,4
0.13999999999999999,0.3300000000000001,1.4860462083439174,0.3952847075210474,4.590644364877045e-06,-0.0937231298366292,-0.0917361637604248,0.4236624619399738,-0.0877447425670772,0.0031075477600097,4,10,4.0,2.0,0.0,1,4,16,4
0.13999999999999999,0.34000000000000014,0.3535533905932738,0.1020620726159657,0.0,0.8391959798994975,-0.0105263157894739,0.9574468085106383,0.8287671232876712,0.0029993057250976,4,10,4.0,2.0,0.0,1,4,4,4
0.13999999999999999,0.36000000000000015,2.715695122800054,0.6454972243679028,8.206604727888588e-06,-2.119515329539196,-0.43070044709389,-1.1313103946536622,-0.4064697609001408,0.0029976367950439,4,10,5.0,2.0,0.0,1,4,63,4
0.13999999999999999,0.3900000000000002,0.2282177322938192,0.1020620726159657,1.3088572753336291e-06,0.9135446685878964,0.4893617021276596,0.9799164524421594,0.6563573883161513,0.0030255317687988,4,10,5.0,1.0,1.0,1,4,3,4
0.13999999999999999,0.4400000000000002,0.5863019699779287,0.1020620726159657,0.0,0.4673839946200405,-0.0105263157894739,0.8887952822240943,0.6563573883161513,0.0030009746551513,4,10,3.0,1.0,0.0,1,4,2,4
0.13999999999999999,0.46000000000000024,0.5400617248673217,0.1767766952966369,3.3288829795069503e-06,0.4939759036144576,0.2173913043478266,0.8669896917011068,0.2187500000000002,0.0029969215393066,4,10,4.0,1.0,1.0,1,4,5,4
0.13999999999999999,0.47000000000000025,0.4564354645876384,0.1020620726159657,0.0,0.8622174381054898,0.4893617021276596,0.9386710005826256,0.4897959183673466,0.0029988288879394,4,10,6.0,1.0,1.0,1,4,5,4
0.13999999999999999,0.49000000000000027,0.8416254115301732,0.2282177322938192,2.9113261507111864e-06,0.7268619246861925,0.411042944785276,0.858976751902777,0.4658119658119657,0.0034019947052001,4,10,7.0,2.0,2.0,1,4,5,4
0.13999999999999999,0.5100000000000002,0.5863019699779287,0.1020620726159657,6.671901094700749e-07,0.4251497005988024,-0.0105263157894739,0.8734419942473634,-0.0101010101010103,0.003141164779663,4,10,3.0,1.0,0.0,1,4,13,4
0.13999999999999999,0.5400000000000003,552.6999449671283,133.09770847013107,6.106677450130334e-06,-154379.2447905243,-167446.63076923075,-74802.11702887462,-123323.14793328493,0.003483772277832,4,10,1716.0,2.0,404.0,1,99,4,99
0.13999999999999999,0.6700000000000004,0.4448782605013046,0.1443375672974064,7.617709554856379e-07,0.6597014925373135,-0.0212765957446814,0.9229646448264676,-0.0204081632653065,0.0020005702972412,4,10,3.0,1.0,0.0,1,4,6,4
0.13999999999999999,0.7100000000000004,0.4894725051862804,0.2041241452319315,1.1239112664138933e-06,0.425,-0.0434782608695645,0.91047448522829,-0.0416666666666663,0.0030019283294677,4,10,2.0,1.0,0.0,1,4,6,4
0.13999999999999999,0.7300000000000004,1.9445436482630056,0.5863019699779287,2.8337225505967816e-06,-0.118213323065075,-0.3614095401804897,0.2837976481729934,-0.2997243009058687,0.0029973983764648,4,10,7.0,2.0,0.0,1,4,43,4
0.13999999999999999,0.7600000000000005,0.6846531968814576,0.25,1.4367045092597578e-06,0.7772162343355166,-0.0285714285714284,0.9035907104293428,0.2146596858638743,0.003009557723999,4,10,7.0,2.0,0.0,1,4,11,4
0.13999999999999999,0.7800000000000005,0.3535533905932738,0.1443375672974064,0.0,0.9001992549597159,-0.0212765957446807,0.9721215500418176,-0.0204081632653068,0.0029993057250976,4,10,5.0,1.0,0.0,1,4,6,4
0.13999999999999999,0.8000000000000005,0.6208193510729725,0.2041241452319315,9.974598884664657e-07,0.2861736334405147,-0.0434782608695645,0.8758389261744967,-0.0416666666666663,0.003002643585205,4,10,2.0,1.0,0.0,1,4,7,4
0.13999999999999999,0.8100000000000005,0.3535533905932738,0.1767766952966369,6.300983628391866e-07,0.709017428643597,-0.032258064516129,0.9536661647167844,-0.0309278350515467,0.0030035972595214,4,10,4.0,1.0,0.0,1,4,8,4
0.13999999999999999,0.8700000000000006,4.60411953218709,1.118033988749895,3.609219201546501e-06,-1.51160279238394,-0.5007816571130799,-1.3734823125998663,-0.475833230844914,0.0025005340576171,4,12,4.0,4.0,0.0,33,4,37,4
0.13999999999999999,0.9300000000000006,3111.4643993356785,726.0845838582903,4.204683429120665e-06,-3838001.23202994,-2055271.5685279188,-2449710.9797569797,-2044065.5185783524,0.0029973983764648,4,10,8634.0,2.0,1822.0,1,99,5,98
0.14999999999999997,0.21000000000000002,0.25,0.0,0.0,0.9332096474953616,1.0,0.9823420347861916,1.0,0.0043098926544189,4,10,6.0,0.0,0.0,1,4,1,4
0.14999999999999997,0.2800000000000001,0.25,0.0,0.0,0.768860353130016,1.0,0.9696969696969696,1.0,0.0029842853546142,4,10,4.0,0.0,0.0,1,4,1,4
0.14999999999999997,0.3000000000000001,308.6651030377962,74.20776015125821,1.0792101828920627e-05,-93418.14331311842,-62269.665030674856,-37028.62753036438,-62120.26909518215,0.0029985904693603,4,10,958.0,2.0,225.0,1,99,15,99
0.14999999999999997,0.34000000000000014,1.3768926368215255,0.2886751345948128,3.890850717579099e-06,0.4986082015668494,-0.0909090909090908,0.7016931373031094,0.0231990231990237,0.0029973983764648,4,10,8.0,1.0,0.0,1,4,3,4
0.14999999999999997,0.35000000000000014,0.2700308624336608,0.0,0.0,0.6910344827586207,1.0,0.9646803572329584,1.0,0.0029947757720947,4,10,3.0,0.0,0.0,1,4,1,4
0.14999999999999997,0.36000000000000015,0.5863019699779287,0.1020620726159657,2.8358453074733467e-06,0.7762553852673212,-0.0105263157894739,0.917654398003743,0.4897959183673467,0.0029966831207275,4,10,6.0,1.0,0.0,1,4,4,4
0.14999999999999997,0.38000000000000017,0.2282177322938192,0.1443375672974064,2.686551003315761e-06,0.9258229021789522,-0.0212765957446807,0.9821753235178782,-0.0204081632653065,0.0039992332458496,4,10,5.0,1.0,0.0,1,4,18,4
0.14999999999999997,0.4000000000000002,0.6373774391990981,0.2041241452319315,1.4267817276601058e-06,0.7252714998532432,-0.0434782608695645,0.8931975024646731,-0.0416666666666663,0.0039973258972167,4,10,6.0,1.0,0.0,1,4,6,4
0.14999999999999997,0.4100000000000002,0.9736101204623268,0.2041241452319315,1.4783692935581325e-06,0.5531686358754028,-0.0434782608695645,0.763857172514013,-0.0416666666666665,0.0030112266540527,4,10,5.0,1.0,0.0,1,4,6,4
0.14999999999999997,0.4200000000000002,2.286737122335374,0.4894725051862804,5.262524644338581e-06,-0.66985446985447,-0.2495755517826825,-0.1373935109661046,-0.2004175365344465,0.0029990673065185,4,10,4.0,2.0,0.0,1,4,21,4
0.14999999999999997,0.45000000000000023,2.181837910264341,0.5400617248673217,4.372534684119024e-06,0.2024287817914082,-0.2727272727272727,0.4147853145689003,-0.2307692307692308,0.0032505989074707,4,10,8.0,2.0,0.0,1,4,10,4
0.14999999999999997,0.46000000000000024,0.2282177322938192,0.0,0.0,0.7848498431196773,1.0,0.9733418639368736,1.0,0.0040116310119628,4,10,3.0,0.0,0.0,1,4,1,4
0.14999999999999997,0.49000000000000027,1.817163540613044,0.3679900360969936,4.347106341462347e-06,-0.3708725618271089,-0.1073646850044367,0.1698093442279488,-0.0350318471337574,0.0031301975250244,4,10,5.0,2.0,0.0,1,4,15,4
0.14999999999999997,0.5200000000000002,0.25,0.0,0.0,0.6617733411626541,1.0,0.9682606855691918,1.0,0.0029990673065185,4,10,2.0,0.0,0.0,1,4,1,4
0.14999999999999997,0.5400000000000003,1.0752906583803283,0.3227486121839514,2.922190504799358e-06,0.0219366681964203,-0.1162790697674418,0.6223976051163422,0.2038216560509556,0.0053813457489013,4,10,4.0,2.0,0.0,1,4,4,4
0.14999999999999997,0.5500000000000003,14.10156610687858,2.8540906315906183,5.229079056556865e-06,-271.8767123287672,-138.0222222222222,-61.26556639159792,-137.65248226950357,0.003227949142456,4,10,33.0,1.0,7.0,1,99,13,98
0.14999999999999997,0.5700000000000003,0.1020620726159657,0.1020620726159657,0.0,0.911764705882353,-0.0105263157894739,0.9945684645049157,0.4897959183673466,0.0039889812469482,4,10,2.0,1.0,0.0,1,4,3,4
0.14999999999999997,0.5800000000000003,3.2707669844650606,0.6846531968814576,3.482306135652045e-06,-0.8171965717445397,-0.2735849056603776,-0.5068372557074943,-0.2349066959385286,0.0054643154144287,4,10,8.0,3.0,1.0,1,4,19,4
0.14999999999999997,0.5900000000000003,9.096702699330129,1.848422751068236,4.046114644722813e-06,-6.424588184898165,-1.3570626543902988,-6.389492484000596,-1.2614451185879756,0.0059454441070556,4,16,8.0,6.0,1.0,66,4,65,4
0.14999999999999997,0.6300000000000003,0.3679900360969936,0.1020620726159657,0.0,0.8884020388089064,-0.0105263157894739,0.9695949106558144,0.6563573883161513,0.0050005912780761,4,10,8.0,1.0,0.0,1,4,3,4
0.14999999999999997,0.6500000000000004,0.1767766952966369,0.1020620726159657,0.0,0.8536585365853658,-0.0105263157894739,0.9855623465999326,-0.0101010101010103,0.0039980411529541,4,10,3.0,1.0,0.0,1,4,9,4
0.14999999999999997,0.6600000000000004,0.338501600193165,0.0,0.0,0.8052738336713997,1.0,0.9593721144967682,1.0,0.0040004253387451,4,10,4.0,1.0,0.0,1,4,2,4
0.14999999999999997,0.6700000000000004,1.5545631755148024,0.1443375672974064,2.47497855914846e-06,-1.510652688535678,-0.0212765957446807,0.4119287217054066,0.3127147766323026,0.0049996376037597,4,10,6.0,1.0,0.0,1,4,3,4
0.14999999999999997,0.7200000000000004,3.262795325075316,0.7772815877574012,3.4875018420938565e-06,-0.626120825391564,-0.4637223974763407,-0.2695809885837088,-0.4317452480868919,0.0050010681152343,4,10,9.0,3.0,0.0,1,4,29,4
0.14999999999999997,0.7300000000000004,0.9013878188659972,0.1443375672974064,0.0,0.6337849073213675,-0.0212765957446807,0.8293179281822358,-0.0204081632653068,0.0060005187988281,4,10,6.0,1.0,0.0,1,4,8,4
0.14999999999999997,0.7700000000000005,16.842406795546374,3.567795771434608,3.2050363442027305e-06,-59.52816559005348,-22.542444310656236,-46.16396196678157,-22.16587677725118,0.0035610198974609,4,10,40.0,3.0,9.0,1,99,21,99
0.14999999999999997,0.8200000000000005,359.0994088224968,88.80250794131136,4.849208970353244e-06,-168809.39545454545,-25890.10081938012,-63512.56523523677,-25757.59135760463,0.0039997100830078,4,10,1198.0,3.0,294.0,1,99,9,99
0.14999999999999997,0.8500000000000005,0.2041241452319315,0.1020620726159657,0.0,0.9427207637231504,-0.0105263157894739,0.9871366092101878,0.4897959183673466,0.0040047168731689,4,10,5.0,1.0,0.0,1,4,3,4
0.14999999999999997,0.8800000000000006,1.2541597452743676,0.568257570707744,3.764675237172648e-06,0.3759256070260031,-0.3701657458563536,0.5844684773934341,-0.3478260869565222,0.0041375160217285,4,10,6.0,2.0,1.0,1,4,69,4
0.14999999999999997,0.8900000000000006,1.181453906563152,0.3818813079129867,9.243125313034036e-07,0.4682319871026416,-0.080385852090032,0.6819821530282895,-0.0769230769230773,0.0044746398925781,4,10,6.0,2.0,0.0,1,4,14,4
0.14999999999999997,0.9100000000000006,5.177072853778797,1.2119199643540823,1.8189802995461216e-06,-0.6616191853620799,-0.3829178586023705,-0.5833846153846154,-0.3684006211180126,0.0035161972045898,4,14,6.0,5.0,1.0,11,4,11,4
0.14999999999999997,0.9200000000000006,0.67700320038633,0.3952847075210474,2.232558201880935e-06,0.784841075794621,-0.0746268656716415,0.884146502014271,-0.0683760683760681,0.0029976367950439,4,10,7.0,2.0,1.0,1,4,28,4
0.14999999999999997,0.9300000000000006,3.2898201571919805,0.7359800721939872,2.32751686925908e-06,-0.2823367573891469,-0.3506493506493506,-0.0895096682186151,-0.314459049544995,0.0035033226013183,4,10,9.0,2.0,0.0,1,4,6,4
0.14999999999999997,0.9600000000000006,3.73190076681218,0.8720187306856813,4.109685447949352e-06,-4.159049801037019,-0.8643256185155626,-3.068281402142162,-0.7302678359800898,0.0045154094696044,4,10,4.0,2.0,0.0,1,4,3,4
0.14999999999999997,0.9800000000000006,0.9013878188659972,0.5303300858899106,2.1107897250110865e-06,0.7104744229207749,-0.0964467005076141,0.8092862906183524,-0.0904684975767367,0.0035068988800048,4,10,6.0,3.0,1.0,1,4,41,4
0.14999999999999997,0.9900000000000007,8.96346752099878,2.1360009363293826,1.475216630693814e-06,-8.54591514432684,-1.5918757319854526,-8.35407975162511,-1.470249844904404,0.0030009746551513,4,18,7.0,5.0,1.0,52,4,30,4
0.15999999999999998,0.25000000000000006,0.408248290463863,0.1020620726159657,0.0,0.8445973290165926,-0.0105263157894739,0.9600359676291338,0.4897959183673466,0.003997802734375,4,10,7.0,1.0,0.0,1,4,4,4
0.15999999999999998,0.26000000000000006,1.4684175155588413,0.408248290463863,6.543654332235612e-06,0.1763925729442971,-0.1034482758620689,0.4571346148802812,-0.0989010989010987,0.0030040740966796,4,10,4.0,2.0,0.0,1,4,16,4
0.15999999999999998,0.2700000000000001,0.1443375672974064,0.0,0.0,0.3118279569892472,1.0,0.9844466910335172,1.0,0.0030000209808349,4,10,1.0,0.0,0.0,1,4,1,4
0.15999999999999998,0.3100000000000001,2.6358901089891185,0.7216878364870323,7.105143632007167e-06,-0.9505300353356888,-0.2711864406779662,-0.3990561090718405,-0.2465719272001993,0.0039961338043212,4,10,5.0,3.0,0.0,1,4,17,4
0.15999999999999998,0.36000000000000015,0.924211375534118,0.3061862178478972,5.435742490501428e-06,0.2807017543859649,0.0357142857142859,0.7142757587372383,0.0384615384615384,0.0033342838287353,4,10,6.0,2.0,1.0,1,4,38,4
0.15999999999999998,0.37000000000000016,0.2886751345948128,0.0,0.0,0.9188846641318124,1.0,0.9749835829763284,1.0,0.0030977725982666,4,10,6.0,1.0,1.0,1,4,2,4
0.15999999999999998,0.4000000000000002,0.2282177322938192,0.1020620726159657,0.0,-0.7204301075268817,-0.0105263157894739,0.9753694581280788,-0.0101010101010103,0.0048465728759765,4,10,1.0,1.0,0.0,1,4,9,4
0.15999999999999998,0.4100000000000002,0.5103103630798288,0.1767766952966369,9.030269547254934e-07,0.9005305039787799,0.2173913043478266,0.9551682088802812,0.368421052631579,0.0030028820037841,4,10,10.0,1.0,1.0,1,4,2,4
0.15999999999999998,0.4300000000000002,330.97227351144284,80.6040347418581,7.520629784765097e-06,-94181.76182479708,-43013.68965517241,-39864.40050797983,-42836.43131868131,0.0035898685455322,4,10,1062.0,2.0,255.0,1,99,19,99
0.15999999999999998,0.45000000000000023,0.1767766952966369,0.0,0.0,0.8620028749401054,1.0,0.9837618403247632,1.0,0.0019967555999755,4,10,3.0,0.0,0.0,1,4,1,4
0.15999999999999998,0.46000000000000024,0.9354143466934852,0.3061862178478972,4.361044831164904e-06,0.0597014925373134,-0.1034482758620689,0.6986547085201793,-2.220446049250313e-16,0.0040061473846435,4,10,4.0,1.0,0.0,1,4,3,4
0.15999999999999998,0.49000000000000027,3.845993586404776,1.0801234497346437,6.857693732254171e-06,-1.6643733875381126,-0.5033557046979866,-1.3403378656777916,-0.4736842105263157,0.002995491027832,4,10,2.0,4.0,0.0,1,4,60,4
0.15999999999999998,0.5100000000000002,2.8080984075823743,0.6692657668420421,6.5124194316193416e-06,-1.853015075376884,-0.4961942732874229,-1.2603087396614008,-0.4670760832480383,0.0029973983764648,4,10,3.0,2.0,0.0,1,4,32,4
0.15999999999999998,0.5800000000000003,0.25,0.0,0.0,0.9240105540897098,1.0,0.9801659449274404,1.0,0.0039939880371093,4,10,6.0,0.0,0.0,1,4,1,4
0.15999999999999998,0.6700000000000004,0.25,0.0,0.0,0.6187954996690933,1.0,0.9547477185308092,1.0,0.0026953220367431,4,10,2.0,1.0,0.0,1,4,2,4
0.15999999999999998,0.7000000000000004,0.6123724356957945,0.2886751345948128,2.728194104203976e-06,0.2935404742436631,-0.0491803278688525,0.8383838383838385,0.0599294947121031,0.0030031204223632,4,10,4.0,2.0,0.0,1,4,13,4
0.15999999999999998,0.7300000000000004,1.1636866703140785,0.4330127018922193,1.977256160015953e-06,0.6670135275754423,-0.0614250614250613,0.7917300821865138,-0.0588235294117645,0.0029976367950439,4,10,7.0,3.0,0.0,1,4,6,4
0.15999999999999998,0.7400000000000004,1.3110110602126894,0.2886751345948128,1.0409672823040564e-06,0.2824787099112156,-0.090909090909091,0.5660064704489861,-0.0869565217391306,0.0075345039367675,4,10,5.0,1.0,0.0,1,4,9,4
0.15999999999999998,0.7500000000000004,0.3061862178478972,0.0,0.0,-0.0046511627906977,1.0,0.935251798561151,1.0,0.0035085678100585,4,10,1.0,0.0,0.0,1,4,1,4
0.15999999999999998,0.7800000000000005,0.957427107756338,0.3227486121839514,2.38935821110422e-06,0.0248181923121324,-0.116279069767442,0.6207550422340975,-0.1111111111111111,0.0040125846862792,4,10,3.0,1.0,0.0,1,4,6,4
0.15999999999999998,0.8300000000000005,0.2041241452319315,0.0,0.0,0.5932203389830507,1.0,0.9821516219713532,1.0,0.0030066967010498,4,10,3.0,0.0,0.0,1,4,1,4
0.15999999999999998,0.8400000000000005,1.577841352396791,0.5303300858899106,5.2477467304587984e-06,-1.085059978189749,-0.2564226854095974,0.0670986377298099,-0.243666513127591,0.004514455795288,4,10,3.0,2.0,0.0,1,4,87,4
0.15999999999999998,0.8700000000000006,3.406488905994949,0.4564354645876384,2.6498971431292053e-06,-4.343192605545843,-0.1538461538461542,-1.3765333333333332,-0.1043622308117058,0.002995491027832,4,11,5.0,2.0,0.0,2,4,12,4
0.15999999999999998,0.8800000000000006,0.3535533905932738,0.0,0.0,0.4703448275862069,1.0,0.9394520409707856,1.0,0.0030038356781005,4,10,2.0,0.0,0.0,1,4,1,4
0.15999999999999998,0.8900000000000006,1.773649721149397,0.4448782605013046,2.423559550552435e-06,-0.1717253364587965,-0.1407129455909943,0.3406113537117902,-0.089449541284404,0.0042862892150878,4,10,5.0,2.0,0.0,1,4,14,4
0.15999999999999998,0.9000000000000006,5.168010577904551,1.3268069440075547,5.169452930540241e-06,-1.0838645772483684,-0.6907044601917465,-0.972854021113539,-0.6446087971973535,0.0043809413909912,4,14,4.0,4.0,1.0,80,4,80,4
0.15999999999999998,0.9300000000000006,2.0361319538117693,0.1020620726159657,2.139537653925749e-06,-8.478541304887125,0.4893617021276596,-0.5491806469191551,0.4897959183673466,0.0039973258972167,4,10,5.0,1.0,1.0,1,4,5,4
0.15999999999999998,0.9400000000000006,2.6516504294495533,0.8779711460710616,2.373993979204452e-06,-0.2457705321439556,-0.5446836268754076,-0.0469174098487783,-0.5105123494590733,0.0029983520507812,4,10,6.0,3.0,1.0,1,4,52,4
0.15999999999999998,0.9500000000000006,2.1913656320507844,0.5590169943749475,1.2467246156855765e-06,0.0841059602649004,-0.1612903225806454,0.3332272668103384,-0.1538461538461537,0.0030012130737304,4,10,5.0,2.0,0.0,1,4,12,4
0.15999999999999998,0.9800000000000006,288.0538324977932,71.75769412869025,1.911773848396123e-06,-12654.738642569882,-4375.1268904463295,-12227.620334975976,-4103.284290933245,0.0035104751586914,4,12,989.0,4.0,245.0,68,99,44,99
0.16999999999999998,0.21000000000000002,0.1767766952966369,0.1020620726159657,0.0,0.6883116883116883,-0.0105263157894739,0.986633398681162,0.4897959183673466,0.0030086040496826,4,10,2.0,1.0,0.0,1,4,4,4
0.16999999999999998,0.24000000000000005,0.7216878364870323,0.2041241452319315,6.382070588572847e-06,-0.0069225928256764,-0.0434782608695645,0.8012402607727779,-0.0416666666666663,0.0035145282745361,4,10,3.0,1.0,0.0,1,4,12,4
0.16999999999999998,0.25000000000000006,0.4677071733467426,0.0,0.0,0.8018088871411719,1.0,0.9353348729792148,1.0,0.0030062198638916,4,10,5.0,1.0,0.0,1,4,4,4
0.16999999999999998,0.3000000000000001,0.7971302695712079,0.2700308624336608,6.441341454024682e-06,0.5611181893127484,0.0454545454545453,0.8205037664783428,0.0489130434782607,0.0029981136322021,4,10,7.0,1.0,1.0,1,4,5,4
0.16999999999999998,0.36000000000000015,0.3679900360969936,0.0,0.0,-0.0871080139372819,1.0,0.9459773936170212,1.0,0.0052592754364013,4,10,1.0,1.0,0.0,1,4,3,4
0.16999999999999998,0.37000000000000016,0.5103103630798288,0.25,3.186328263453017e-06,0.7626582278481012,-0.0666666666666666,0.9319246269469555,-0.0638297872340425,0.0040035247802734,4,10,5.0,1.0,0.0,1,4,6,4
0.16999999999999998,0.4400000000000002,2.0155644370746373,0.5951190357119042,5.331465133686074e-06,-0.4242239805234324,-0.1934186471663623,0.1194599354270617,-0.1826086956521739,0.0035150051116943,4,10,7.0,2.0,1.0,1,4,18,4
0.16999999999999998,0.45000000000000023,0.1767766952966369,0.0,0.0,0.9296703296703296,1.0,0.9854368932038836,1.0,0.0045192241668701,4,10,4.0,0.0,0.0,1,4,1,4
0.16999999999999998,0.46000000000000024,2.334077262360153,0.8036375634160796,8.103183537216982e-06,-1.0410585796170575,-0.4794929157345264,-0.2492833938467418,-0.4472455648926243,0.0055348873138427,4,10,6.0,3.0,1.0,1,4,67,4
0.16999999999999998,0.49000000000000027,3.8119876704942266,0.2282177322938192,4.658786384184634e-06,-21.88448393711552,-0.0549450549450545,-4.309229305423406,0.2319508448540704,0.0039982795715332,4,10,5.0,1.0,0.0,1,4,2,4
0.16999999999999998,0.5200000000000002,0.962851667357612,0.2886751345948128,2.905503493377353e-06,0.7140466548411928,0.2699619771863121,0.8563218390804598,0.3214588634435966,0.0025124549865722,4,10,10.0,2.0,2.0,1,4,5,4
0.16999999999999998,0.5800000000000003,0.2886751345948128,0.2041241452319315,1.3118630589792835e-06,0.8456591639871384,0.1560439560439565,0.9702602230483272,0.1578947368421049,0.0033421516418457,4,10,4.0,1.0,1.0,1,4,5,4
0.16999999999999998,0.5900000000000003,0.1020620726159657,0.0,0.0,0.8285714285714286,1.0,0.9941914498141264,1.0,0.0030055046081542,4,10,2.0,0.0,0.0,1,4,1,4
0.16999999999999998,0.6100000000000003,1.6832508230603465,0.478713553878169,4.6690514055092766e-06,0.1041580897488678,-0.1434759068760145,0.4705183858597264,-0.1,0.0040273666381835,4,10,7.0,2.0,1.0,1,4,12,4
0.16999999999999998,0.6400000000000003,20.71935488056196,4.313254764869178,3.886519683823692e-06,-544.9296260521597,-613.5376344086021,-140.66580729435222,-612.7457044673538,0.0035030841827392,4,10,48.0,1.0,10.0,1,99,6,97
0.16999999999999998,0.6500000000000004,0.2041241452319315,0.0,0.0,0.9405112316034082,1.0,0.988127393072334,1.0,0.0040020942687988,4,10,5.0,0.0,0.0,1,4,1,4
0.16999999999999998,0.7100000000000004,4.240184744402851,1.181453906563152,2.4650894601401465e-06,-0.7687446626814689,-0.6857554711047043,-0.6226227073168438,-0.6399461510219071,0.0029945373535156,4,10,9.0,4.0,1.0,1,4,57,4
0.16999999999999998,0.7300000000000004,14.070136815255209,2.8993533761858004,3.2354169550078246e-06,-69.21821960512644,-54.6551724137931,-47.60116612111293,-54.42582417582416,0.0031876564025878,4,10,33.0,2.0,7.0,1,99,14,98
0.16999999999999998,0.8000000000000005,1.5309310892394865,0.2886751345948128,1.760658150908618e-06,0.1201987699075392,0.434878587196468,0.5511759190919789,0.6567996567996567,0.0029339790344238,4,10,7.0,3.0,1.0,1,4,4,5
0.16999999999999998,0.8200000000000005,5.013523378490088,1.2119199643540823,3.2973810100180083e-06,-6.197837367554298,-1.0364074018354148,-5.308331808318738,-0.973684210526316,0.0029950141906738,4,10,5.0,4.0,0.0,1,4,78,4
0.16999999999999998,0.8400000000000005,7.969342298249377,1.9012057577583057,3.612795019072772e-06,-3.8601036269430056,-1.4125144843568944,-3.8082079429670985,-1.2828947368421053,0.003000259399414,4,16,3.0,6.0,1.0,52,4,58,4
0.16999999999999998,0.8500000000000005,0.7216878364870323,0.2282177322938192,5.660996056567767e-07,0.3369249896394529,-0.019108280254777,0.8023012138705469,-0.0183299389002036,0.0039970874786376,4,10,2.0,2.0,0.0,1,4,9,4
0.16999999999999998,0.8600000000000005,5.085723481800139,1.3110110602126894,4.720168068525065e-06,-2.922849055361727,-1.095515279798915,-2.657333078022124,-1.0075434967757635,0.0040063858032226,4,12,2.0,3.0,0.0,93,4,65,4
0.16999999999999998,0.8700000000000006,2.7556759606310752,0.2041241452319315,2.450555924348479e-06,-5.2935251798561165,-0.0434782608695645,-1.1908339594290007,-0.0416666666666665,0.0030157566070556,4,10,5.0,1.0,0.0,1,4,8,4
0.16999999999999998,0.9600000000000006,7.249281573599783,1.805662390001704,1.810133209822108e-06,-5.643985952589992,-1.4201030927835054,-5.564651078060144,-1.3132067105165914,0.0035145282745361,4,14,7.0,4.0,3.0,39,4,38,4
0.17999999999999997,0.2,0.1767766952966369,0.0,0.0,0.8645980253878702,1.0,0.9840798132031416,1.0,0.0029995441436767,4,10,3.0,0.0,0.0,1,4,1,4
0.17999999999999997,0.21000000000000002,1.1319231422671772,0.2700308624336608,7.339799814103783e-06,0.0067294751009423,-0.0786516853932586,0.5666572717023675,-0.0752688172043014,0.0050134658813476,4,10,6.0,1.0,0.0,1,4,8,4
0.17999999999999997,0.22000000000000003,0.25,0.0,0.0,0.8745644599303136,1.0,0.9691532569019587,1.0,0.0035133361816406,4,10,4.0,1.0,1.0,1,4,5,4
0.17999999999999997,0.3200000000000001,1.3385315336840842,0.408248290463863,6.254248210746735e-06,-0.1661840525460833,-0.2000000000000001,0.5965850455014541,-0.1339475549255844,0.0030086040496826,4,10,6.0,1.0,0.0,1,4,3,4
0.17999999999999997,0.3300000000000001,1.7529736639968858,0.3818813079129867,3.952739843720338e-06,-0.1174242424242424,-0.1200000000000001,0.3186909628397885,-0.1146496815286621,0.0033814907073974,4,10,6.0,2.0,0.0,1,4,30,4
0.17999999999999997,0.34000000000000014,1.6520189667999174,0.4677071733467426,7.960801329538681e-06,-0.2368214004720692,-0.1673422119281991,0.376724712151489,-0.1194029850746269,0.0033082962036132,4,10,5.0,2.0,0.0,1,4,36,4
0.17999999999999997,0.35000000000000014,1522.7440520050195,332.05055777195537,1.1320909569234155e-05,-2010119.864641144,-2157395.585987261,-844588.2662012443,-1568106.7037037038,0.003359317779541,4,10,3295.0,2.0,686.0,1,93,9,89
0.17999999999999997,0.4200000000000002,0.2282177322938192,0.0,0.0,0.9386424645276747,1.0,0.9856532093770624,1.0,0.0035185813903808,4,10,7.0,2.0,2.0,1,4,5,4
0.17999999999999997,0.5200000000000002,0.4330127018922193,0.2041241452319315,1.9631852084320565e-06,0.7733175914994097,-0.0434782608695645,0.9412455934195064,0.1578947368421049,0.0035107135772705,4,10,6.0,1.0,0.0,1,4,4,4
0.17999999999999997,0.5600000000000003,2.947456530637899,0.9464847243000456,6.692145366214442e-06,-1.7081585712352858,-0.464089377549211,-1.1773182957393489,-0.4333333333333335,0.0035030841827392,4,10,8.0,3.0,3.0,1,4,5,4
0.17999999999999997,0.5700000000000003,1.8027756377319943,0.5204164998665332,3.956403254703123e-06,-0.0146685185812525,-0.1603905160390515,0.348643006263048,-0.1509517485613098,0.0035006999969482,4,10,6.0,2.0,1.0,1,4,22,4
0.17999999999999997,0.6100000000000003,1.626601774661928,0.5,5.6826864180231785e-06,-0.438075017692852,-0.1761102603369067,0.1915719787389794,-0.1656143759106361,0.0029973983764648,4,10,5.0,2.0,1.0,1,4,13,4
0.17999999999999997,0.6300000000000003,1.1501811451535218,0.5204164998665332,2.9755322813367738e-06,0.5902675090738001,-0.1187808157776779,0.7128256150506511,-0.1115861479264637,0.0055046081542968,4,10,6.0,2.0,1.0,1,4,10,4
0.17999999999999997,0.7100000000000004,1.070436048222094,0.25,2.084789332941435e-06,0.4358673006036648,-0.0666666666666666,0.682255408879517,0.0783410138248842,0.0029995441436767,4,10,4.0,1.0,0.0,1,4,3,4
0.17999999999999997,0.7300000000000004,14.132188436332145,2.8813336032700785,3.668215909426524e-06,-183.37423620154252,-140.6888888888889,-66.33274802458297,-140.31205673758865,0.0030007362365722,4,10,33.0,1.0,7.0,1,99,11,98
0.17999999999999997,0.7600000000000005,3.4895677860350176,1.1319231422671772,3.0816827046995607e-06,-3.267072243346008,-1.0288659793814432,-2.6421984047856437,-0.9651701549768332,0.0029940605163574,4,10,6.0,3.0,1.0,1,4,29,4
0.17999999999999997,0.8100000000000005,3.3166247903554,1.1726039399558574,2.9598872126507847e-06,-0.1261122157670817,-0.5826152116897714,-0.0296010296010293,-0.5458484600070264,0.0035092830657958,4,11,5.0,3.0,1.0,43,4,11,4
0.17999999999999997,0.8500000000000005,4.827223149320252,1.4361406616345072,4.778689298904768e-06,-3.95642540620384,-0.802731411229135,-3.4623087510721917,-0.7466478475652789,0.0030000209808349,4,10,2.0,5.0,0.0,1,4,50,4
0.17999999999999997,0.8600000000000005,1.403121520040228,0.2282177322938192,1.958321044765595e-06,-0.5755470649531083,0.1111111111111111,0.4517766497461928,0.1134751773049644,0.0040068626403808,4,10,6.0,1.0,1.0,1,4,5,4
0.17999999999999997,0.9000000000000006,3204.3655638311097,737.8593827756072,3.187156532466432e-06,-4261053.893371758,-716379.1393489435,-3522454.803316181,-683124.0947588548,0.0041048526763916,4,10,8459.0,3.0,1763.0,1,99,9,96
0.17999999999999997,0.9100000000000006,6048.6807988395285,1255.998345440789,3.6915338572334953e-06,-2191894.958343897,-960081.7756719276,-2166231.543064901,-917835.7090909092,0.0037410259246826,4,18,13078.0,5.0,2808.0,63,80,53,76
0.17999999999999997,0.9200000000000006,9.584057943620056,2.028443574106348,3.298954933611063e-06,-3.7926354943356486,-1.6131899937978087,-3.6545016917303146,-1.4547883910260393,0.0055198669433593,4,21,2.0,6.0,0.0,31,4,31,4
0.18999999999999995,0.21000000000000002,236.27484437267827,56.51437870135352,1.573592312776565e-05,-129170.62741652023,-105499.90322580644,-25161.10620216912,-105363.94845360822,0.0020020008087158,4,10,723.0,1.0,169.0,1,99,5,99
0.18999999999999995,0.24000000000000005,1.361677886530683,0.2700308624336608,5.187412832723534e-06,0.3096315449256627,-0.0786516853932586,0.6497166246851385,-0.075268817204301,0.0030751228332519,4,10,7.0,1.0,0.0,1,4,9,4
0.18999999999999995,0.3000000000000001,0.2041241452319315,0.0,0.0,0.8618705035971224,1.0,0.9819258054312956,1.0,0.0040004253387451,4,10,4.0,0.0,0.0,1,4,1,4
0.18999999999999995,0.3300000000000001,0.1443375672974064,0.0,0.0,0.987199146609774,1.0,0.9959615539940232,1.0,0.0035266876220703,4,10,8.0,1.0,0.0,1,4,2,4
0.18999999999999995,0.34000000000000014,1.103970108290981,0.1020620726159657,4.8776540466239925e-06,-0.0935644046344075,-0.0105263157894739,0.6827118644067797,-0.0101010101010103,0.0029988288879394,4,10,6.0,1.0,0.0,1,4,10,4
0.18999999999999995,0.36000000000000015,0.338501600193165,0.1020620726159657,0.0,0.7238493723849373,-0.0105263157894739,0.9483179853411012,-0.0101010101010103,0.0030009746551513,4,10,3.0,1.0,0.0,1,4,9,4
0.18999999999999995,0.37000000000000016,0.3061862178478972,0.0,0.0,0.9010875787063538,1.0,0.976446572976368,1.0,0.002511978149414,4,10,6.0,1.0,1.0,1,4,3,4
0.18999999999999995,0.4200000000000002,630.8846797685507,148.39116382049167,7.880771242904079e-06,-87253.9455505602,-103590.49770290963,-58093.73172066716,-99900.41776937616,0.0040414333343505,4,10,1820.0,2.0,413.0,1,99,25,99
0.18999999999999995,0.4300000000000002,0.9354143466934852,0.2282177322938192,2.253777427998537e-06,0.4317925591882749,-0.0549450549450545,0.7904766655857923,0.1134751773049645,0.0040056705474853,4,10,6.0,1.0,0.0,1,4,3,4
0.18999999999999995,0.46000000000000024,1.898464291649086,0.60380736442456,4.387586560494641e-06,-0.2080741953082379,-0.2285191956124317,0.1310680830759184,-0.2173913043478261,0.0039982795715332,4,10,4.0,3.0,0.0,1,4,16,4
0.18999999999999995,0.47000000000000025,1.914854215512676,0.5590169943749475,5.259037468573923e-06,-0.1001432478187263,-0.176951369023294,0.2120872971460548,-0.1432926829268292,0.0029995441436767,4,10,4.0,2.0,1.0,1,4,11,4
0.18999999999999995,0.48000000000000026,0.7359800721939872,0.2886751345948128,5.671643846038772e-06,0.0930232558139534,-0.090909090909091,0.7772446881425634,-0.0869565217391306,0.0026164054870605,4,10,4.0,1.0,0.0,1,4,15,4
0.18999999999999995,0.5100000000000002,1.384437310486346,0.4448782605013046,3.81812643351773e-06,0.151910889187632,-0.1407129455909943,0.5513398844212527,-0.0894495412844038,0.0030353069305419,4,10,4.0,2.0,0.0,1,4,20,4
0.18999999999999995,0.5200000000000002,1.5172617880027603,0.3061862178478972,3.6865407116025273e-06,0.0575274310337168,-0.1034482758620689,0.4989116633411935,-0.0989010989010983,0.0029993057250976,4,10,5.0,1.0,0.0,1,4,6,4
0.18999999999999995,0.5500000000000003,1.0257111354242645,0.408248290463863,3.5250698831469234e-06,0.4684210526315789,-0.1462686567164177,0.7389573802693132,-0.1396011396011398,0.003469705581665,4,10,5.0,2.0,0.0,1,4,13,4
0.18999999999999995,0.5600000000000003,6.4468984791138135,1.3149778198382918,2.991156363406926e-06,-0.8965380654361081,-0.707123727905731,-0.8655756867329047,-0.6693483507642792,0.0035188198089599,4,16,6.0,4.0,1.0,35,4,35,5
0.18999999999999995,0.6300000000000003,2.518680209951236,0.6373774391990981,1.980643028942675e-06,-0.0037255137603655,-0.273469387755102,0.2520632737276479,-0.2580645161290325,0.0025091171264648,4,10,8.0,2.0,1.0,1,4,6,4
0.18999999999999995,0.6400000000000003,0.816496580927726,0.2282177322938192,1.9534963688526792e-06,0.2963811268896013,-0.0549450549450545,0.7734994337485844,-0.0526315789473685,0.0035145282745361,4,10,4.0,1.0,0.0,1,4,14,4
0.18999999999999995,0.6500000000000004,2.9633173977824243,0.5863019699779287,2.0303290043132718e-06,-0.5425434583714548,-0.2241112828438944,-0.2425564530393256,-0.2114537444933923,0.0039992332458496,4,10,5.0,2.0,1.0,1,4,15,4
0.18999999999999995,0.7300000000000004,0.8354140689901426,0.2041241452319315,7.530279538470153e-07,0.6680429397192403,-0.0434782608695645,0.8580027127839945,-0.0416666666666663,0.00301194190979,4,10,6.0,1.0,0.0,1,4,7,4
0.18999999999999995,0.7600000000000005,8.577465631914048,2.109008455807294,3.0660727957564917e-06,-4.332955805667634,-1.6091273629940803,-4.31756309100765,-1.4513462311269305,0.0020003318786621,4,18,7.0,5.0,0.0,88,4,95,4
0.18999999999999995,0.7900000000000005,4.349329450233296,1.5275252316519468,2.789328027814114e-06,-5.652268477887587,-1.3174911089557066,-5.089055793991416,-1.227525855210819,0.002997875213623,4,10,6.0,4.0,1.0,1,4,79,4
0.18999999999999995,0.8200000000000005,3.245188746436793,0.5590169943749475,4.109202312501597e-06,-0.443254817987152,-0.25,-0.1596829511694331,-0.2121212121212121,0.0033636093139648,4,10,7.0,2.0,0.0,1,4,24,4
0.18999999999999995,0.8300000000000005,0.816496580927726,0.25,6.29770644269637e-07,0.4659248956884559,-0.0285714285714282,0.7933550741015788,0.111111111111111,0.0025038719177246,4,10,4.0,2.0,0.0,1,4,9,4
0.18999999999999995,0.8600000000000005,11.33210777687305,2.968585521759479,2.24095733022276e-06,-4.952799629801019,-1.6562009419152277,-4.939372916305332,-1.513443655485903,0.0029981136322021,4,26,9.0,10.0,1.0,100,4,99,5
0.18999999999999995,0.8700000000000006,2.9895651857753496,0.8477912478906585,4.145850158330928e-06,-1.178586542530681,-0.7363040629095676,-0.4015256701350886,-0.4794168096054889,0.0040044784545898,4,12,9.0,3.0,0.0,3,4,3,4
0.18999999999999995,0.8900000000000006,2.715695122800054,0.7637626158259734,3.214793079162708e-06,-0.2044230223986392,-0.1917534914653071,0.0695351618456846,-0.1816838995568688,0.004216194152832,4,10,5.0,4.0,1.0,1,4,15,4
0.18999999999999995,0.9400000000000006,1.914854215512676,0.5951190357119042,3.527317294295069e-06,-0.0910499806276636,-0.1741007194244608,0.291051539747437,-0.1659807956104249,0.0045027732849121,4,10,5.0,3.0,0.0,1,4,18,4
0.18999999999999995,0.9800000000000006,6.099009482421442,1.8680426476216576,2.45186947008446e-06,-1.990891641947304,-0.8883212964593976,-1.8887145179948064,-0.8533886583679116,0.0035502910614013,4,15,7.0,6.0,0.0,33,4,25,4
0.18999999999999995,0.9900000000000007,18.06181515426029,4.449953183274329,1.8505344079024557e-06,-3.740393165950845,-2.7228886168910647,-3.5606258300519587,-2.393976183249719,0.0030133724212646,4,38,7.0,10.0,1.0,97,4,83,5
0.19999999999999996,0.2,0.2282177322938192,0.0,0.0,0.950693374422188,1.0,0.9863309549194892,1.0,0.0034315586090087,4,10,6.0,1.0,0.0,1,4,3,4
0.19999999999999996,0.25000000000000006,0.5863019699779287,0.0,0.0,0.8225408917768318,1.0,0.9288854409102664,1.0,0.0040211677551269,4,10,8.0,2.0,2.0,1,4,5,4
0.19999999999999996,0.2700000000000001,0.2282177322938192,0.1020620726159657,0.0,0.8404255319148937,-0.0105263157894739,0.975770498158558,-0.0101010101010103,0.0047338008880615,4,10,3.0,1.0,0.0,1,4,9,4
0.19999999999999996,0.2800000000000001,0.5303300858899106,0.2282177322938192,5.0566733729987575e-06,0.6651162790697674,-0.0549450549450545,0.9099369558691084,-0.0526315789473683,0.0041284561157226,4,10,6.0,1.0,0.0,1,4,7,4
0.19999999999999996,0.2900000000000001,0.4330127018922193,0.1020620726159657,2.552828229513901e-06,0.5242290748898679,-0.0105263157894739,0.9084621643612694,-0.0101010101010103,0.0040040016174316,4,10,3.0,1.0,0.0,1,4,8,4
0.19999999999999996,0.3000000000000001,2.038688303787511,0.3952847075210474,3.3144004902625208e-06,-0.1928622590389583,-0.1851851851851851,0.1806981519507187,-0.1764705882352941,0.0040042400360107,4,10,4.0,1.0,0.0,1,4,8,4
0.19999999999999996,0.3100000000000001,0.6454972243679028,0.2282177322938192,3.9965868455032015e-06,0.6293078482479004,-0.0549450549450545,0.8841117163054816,0.1134751773049645,0.0030000209808349,4,10,6.0,1.0,0.0,1,4,4,4
0.19999999999999996,0.3200000000000001,0.5590169943749475,0.1020620726159657,6.38107303235273e-07,0.7972402140242185,0.4893617021276593,0.913354898336414,0.4897959183673467,0.0025057792663574,4,10,7.0,1.0,1.0,1,4,5,4
0.19999999999999996,0.48000000000000026,1.4505745987941008,0.2700308624336608,3.854897710953289e-06,-0.1114804837507883,-0.0386398763523954,0.5121244324219882,0.425758818703856,0.003514289855957,4,10,6.0,2.0,0.0,1,4,4,4
0.19999999999999996,0.49000000000000027,0.9409658158863512,0.2282177322938192,1.5235424683664197e-06,0.5852815612929458,0.1111111111111111,0.7911496596967985,0.2319508448540707,0.0029957294464111,4,10,6.0,1.0,1.0,1,4,4,4
0.19999999999999996,0.5300000000000002,0.5590169943749475,0.1767766952966369,2.1534525438708423e-06,0.4508009153318077,0.2173913043478266,0.891221581638203,0.2187500000000001,0.0029881000518798,4,10,4.0,1.0,1.0,1,4,5,4
0.19999999999999996,0.5400000000000003,0.2886751345948128,0.0,0.0,0.8231637117200091,1.0,0.9666930346808776,1.0,0.0035102367401123,4,10,5.0,1.0,0.0,1,4,3,4
0.19999999999999996,0.5800000000000003,19.9736805988948,4.221719633830114,5.12952240798373e-06,-96.04394647240478,-48.25217391304346,-68.71566914227463,-47.45652789578026,0.0029983520507812,4,10,47.0,2.0,10.0,1,99,8,97
0.19999999999999996,0.6200000000000003,30.53601016286618,6.579640314383961,4.388747653145432e-06,-142.57096316097235,-69.25462229265716,-119.50374239405528,-67.85354539430088,0.003514289855957,4,10,72.0,3.0,16.0,1,99,22,99
0.19999999999999996,0.6400000000000003,4261.64656534498,882.6411655272676,5.204289151789065e-06,-589830.25686819,-224619.66124389932,-566259.6752192271,-216084.40926295117,0.0035092830657958,4,27,9205.0,10.0,1972.0,71,77,71,73
0.19999999999999996,0.6700000000000004,3.582364210034113,0.82915619758885,4.563542952828588e-06,-0.8018556041377838,-0.3378378378378379,-0.6210526315789473,-0.32,0.0029938220977783,4,10,2.0,4.0,0.0,1,4,24,4
0.19999999999999996,0.6800000000000004,0.2041241452319315,0.0,0.0,0.8125,1.0,0.9800439034124924,1.0,0.0035109519958496,4,10,3.0,0.0,0.0,1,4,1,4
0.19999999999999996,0.7200000000000004,0.6535161308899218,0.2282177322938192,1.5850963370318082e-06,0.4698275862068964,-0.0549450549450545,0.8571428571428572,-0.0526315789473685,0.0019991397857666,4,10,4.0,1.0,0.0,1,4,7,4
0.19999999999999996,0.7600000000000005,0.82915619758885,0.2886751345948128,5.97338137991365e-07,0.7692307692307692,0.2123076923076923,0.8734759604324822,0.3214588634435964,0.003507375717163,4,10,7.0,2.0,1.0,1,4,6,5
0.19999999999999996,0.8100000000000005,2.559703758901278,0.7905694150420949,3.826004634751907e-06,-2.625577904533173,-0.5,-1.013186531814108,-0.4648437499999991,0.003007173538208,4,10,7.0,2.0,2.0,1,4,5,4
0.19999999999999996,0.8400000000000005,2930.622711842428,677.9906587360429,4.487779716453884e-06,-2634537.4103315137,-1304288.1034482757,-1574104.5575707816,-1170204.4627419778,0.002995491027832,4,10,7872.0,4.0,1646.0,1,99,22,97
0.19999999999999996,0.8500000000000005,0.4894725051862804,0.2041241452319315,5.661062665533182e-07,0.6629522210349565,-0.0434782608695645,0.9082349186083626,-0.0416666666666663,0.0036962032318115,4,10,3.0,1.0,0.0,1,4,7,4
0.19999999999999996,0.8600000000000005,2968.8462493169523,688.2681390635483,3.82644579125371e-06,-1509210.0593612397,-687408.7458667926,-1378180.9874258908,-663307.7952158693,0.0029947757720947,4,11,8046.0,3.0,1685.0,76,99,67,97
0.19999999999999996,0.9700000000000006,0.338501600193165,0.2282177322938192,1.0523164991129392e-06,0.762962962962963,-0.019108280254777,0.9619258592641308,0.1438356164383558,0.0032103061676025,4,10,4.0,2.0,0.0,1,4,12,4
0.19999999999999996,0.9900000000000007,9117.097885520736,1967.0562714370933,5.8081431943863335e-06,-760993.4995629023,-441701.9729970768,-714191.1267270443,-407903.1070016691,0.0030024051666259,4,47,24647.0,13.0,5759.0,92,52,94,49
0.20999999999999996,0.21000000000000002,0.3061862178478972,0.1443375672974064,2.4313228980886595e-06,0.7740585774058578,-0.0212765957446807,0.9577147152790828,-0.0204081632653068,0.002504825592041,4,10,3.0,1.0,0.0,1,4,6,4
0.20999999999999996,0.2900000000000001,0.9682458365518544,0.3952847075210474,7.081479546622077e-06,0.6141306775043545,-0.0746268656716417,0.8069125313767136,-0.0169491525423728,0.0030016899108886,4,10,6.0,2.0,1.0,1,4,15,4
0.20999999999999996,0.3300000000000001,3.278719262151,0.8354140689901426,1.2685168782788055e-05,-5.267602960713608,-0.5230878522377456,-2.7796659830061534,-0.490213523131672,0.003000259399414,4,10,5.0,3.0,0.0,1,4,66,4
0.20999999999999996,0.36000000000000015,0.5400617248673217,0.1767766952966369,7.090007267420095e-07,0.8180710659898477,-0.032258064516129,0.9258690529771518,0.2187500000000002,0.0032188892364501,4,10,5.0,1.0,0.0,1,4,3,4
0.20999999999999996,0.4300000000000002,1.7169498148363762,0.3535533905932738,5.129749132764127e-06,-0.4980976013234077,-0.0676552363299349,0.2054132973944293,0.0033222591362128,0.0035028457641601,4,10,5.0,1.0,1.0,1,4,3,4
0.20999999999999996,0.4400000000000002,1.35400640077266,0.2282177322938192,1.3672525226106294e-06,0.1476997578692493,-0.0549450549450545,0.5440886954719717,0.2319508448540703,0.0030047893524169,4,10,5.0,1.0,0.0,1,4,3,4
0.20999999999999996,0.47000000000000025,1902.0165066756565,424.1292919028347,9.907212703247316e-06,-1238130.9500891266,-480946.55091383815,-900289.3670676065,-469904.387755102,0.0031771659851074,4,10,4425.0,2.0,921.0,1,96,19,92
0.20999999999999996,0.5100000000000002,0.2282177322938192,0.0,0.0,0.906084914889454,1.0,0.9833881524303132,1.0,0.0019981861114501,4,10,4.0,1.0,0.0,1,4,2,4
0.20999999999999996,0.5500000000000003,1.3806701271484076,0.6535161308899218,3.519964818671445e-06,0.5456120839045082,-0.1728247914183549,0.6774250409828841,-0.1634506242905791,0.0039198398590087,4,10,6.0,3.0,1.0,1,4,20,4
0.20999999999999996,0.6100000000000003,2.9261749776799064,1.005194840151235,2.9868829871288146e-06,0.4477623429791104,-0.2778921366817619,0.5003009136833659,-0.2292485109618549,0.0039999485015869,4,13,6.0,5.0,0.0,13,4,12,4
0.20999999999999996,0.6500000000000004,7.688600869685806,2.01038968030247,3.198290826880857e-06,-4.663672654690619,-1.4327607602377377,-4.567218646994192,-1.3527984961494144,0.0029983520507812,4,17,12.0,5.0,3.0,66,4,63,4
0.20999999999999996,0.6600000000000004,1.2950225223266711,0.1767766952966369,2.551810649354019e-06,-0.3765586034912713,-0.032258064516129,0.5697028009407739,-0.0309278350515467,0.0030000209808349,4,10,6.0,1.0,0.0,1,4,7,4
0.20999999999999996,0.6700000000000004,3.514849451493857,0.9409658158863512,5.5880825064016e-06,-1.31640625,-0.6615760537568722,-0.7734579439252336,-0.5685550839638307,0.0039994716644287,4,11,7.0,2.0,0.0,2,4,2,4
0.20999999999999996,0.7100000000000004,5.034257641400567,1.274754878398196,5.038121395257728e-06,-3.735862446521624,-0.6842105263157894,-3.3310310452862417,-0.6595744680851059,0.0035068988800048,4,11,4.0,4.0,0.0,67,4,35,4
0.20999999999999996,0.7200000000000004,1.0408329997330663,0.2886751345948128,2.694276998825371e-06,0.1657056906492855,0.0191570881226054,0.6714682840535757,0.0231990231990237,0.0034351348876953,4,10,5.0,1.0,1.0,1,4,5,4
0.20999999999999996,0.7700000000000005,2778.015684950921,637.9183186349173,4.808177327877149e-06,-1940289.606721955,-1117507.052443385,-1324419.583135201,-1108575.0215664022,0.0045099258422851,4,10,7245.0,3.0,1509.0,1,99,25,96
0.20999999999999996,0.8000000000000005,3.024207885270676,0.9354143466934852,5.247841677830353e-06,-2.229054131708999,-0.449317038102085,-1.4270234409553293,-0.423728813559322,0.0019993782043457,4,10,2.0,4.0,0.0,1,4,96,4
0.20999999999999996,0.8400000000000005,0.9682458365518544,0.5303300858899106,2.477794550973785e-06,0.7958990834356987,-0.1760435571687841,0.851178172798677,-0.0289634146341466,0.0030004978179931,4,10,8.0,2.0,1.0,1,4,4,4
0.20999999999999996,0.8700000000000006,0.6454972243679028,0.25,5.74799634519224e-07,0.7545384812068525,0.109737248840804,0.9153886832363828,0.2146596858638744,0.0040128231048583,4,11,6.0,2.0,1.0,2,4,8,4
0.20999999999999996,0.9200000000000006,1.537720173937161,0.4677071733467426,1.3076147211942908e-06,-0.0089355988703179,-0.091499729290742,0.3401930008138589,-0.0875194199896429,0.0034592151641845,4,10,2.0,3.0,0.0,1,4,13,4
0.20999999999999996,0.9700000000000006,3348.2000434935185,776.2011323855864,3.1961578911993367e-06,-438283.3186567513,-216353.8640897756,-434729.9614794227,-205509.47114837976,0.0039422512054443,4,19,9076.0,7.0,1901.0,78,99,78,97
0.21999999999999995,0.2,0.4894725051862804,0.2282177322938192,6.110737908889203e-06,0.7481751824817517,-0.0549450549450545,0.909605407954724,-0.0526315789473683,0.0030055046081542,4,10,4.0,1.0,0.0,1,4,6,4
0.21999999999999995,0.24000000000000005,2.622022120425379,0.60380736442456,1.0074160905289056e-05,-1.422110936962422,-0.2770809578107183,-0.7898305084745763,-0.2630819198845182,0.0050024986267089,4,10,2.0,2.0,0.0,1,4,66,4
0.21999999999999995,0.25000000000000006,1.713913650100261,0.25,4.060794183516436e-06,0.1831759345864886,-0.0666666666666666,0.470829971289711,-0.0638297872340425,0.0049986839294433,4,10,5.0,1.0,0.0,1,4,7,4
0.21999999999999995,0.2700000000000001,0.2282177322938192,0.0,0.0,0.9628597957288764,1.0,0.9874068103969372,1.0,0.0045089721679687,4,10,8.0,1.0,1.0,1,4,3,4
0.21999999999999995,0.2900000000000001,1.3501543121683042,0.1443375672974064,8.295208820673246e-06,-0.6563146997929608,-0.0212765957446807,0.3961144276890163,0.4791666666666668,0.0052542686462402,4,10,6.0,1.0,0.0,1,4,2,4
0.21999999999999995,0.3000000000000001,0.7905694150420949,0.3061862178478972,9.841833673842351e-06,0.1127541589648798,-0.1034482758620689,0.8093725178713265,-2.220446049250313e-16,0.0044445991516113,4,10,4.0,1.0,0.0,1,4,2,4
0.21999999999999995,0.37000000000000016,0.5590169943749475,0.0,0.0,0.6994991652754591,1.0,0.9040767386091128,1.0,0.0060141086578369,4,10,6.0,0.0,0.0,1,4,1,4
0.21999999999999995,0.38000000000000017,0.1767766952966369,0.0,0.0,0.932820153953814,1.0,0.9888372093023255,1.0,0.0055148601531982,4,10,4.0,0.0,0.0,1,4,1,4
0.21999999999999995,0.4100000000000002,1.461306493062515,0.4564354645876384,8.396611714778572e-06,-0.7240473061760841,-0.2030075187969924,0.174186271350306,-0.1933174224343676,0.0049965381622314,4,10,3.0,2.0,0.0,1,4,21,4
0.21999999999999995,0.4200000000000002,4.081206929328627,1.1273124382057236,8.852209619731349e-06,-4.622239314361059,-0.7193188490898412,-3.614585437649708,-0.680672268907563,0.0033802986145019,4,10,4.0,4.0,0.0,1,4,59,4
0.21999999999999995,0.5400000000000003,0.1767766952966369,0.0,0.0,0.9588806396344944,1.0,0.9904104334484082,1.0,0.002549409866333,4,10,5.0,1.0,0.0,1,4,3,4
0.21999999999999995,0.5600000000000003,2.2684429314693664,1.0752906583803283,3.785887818548432e-06,-0.6694476713486113,-1.0003754458419372,-0.4436424208772906,-0.939203354297694,0.0029964447021484,4,10,5.0,3.0,0.0,1,4,25,4
0.21999999999999995,0.5700000000000003,3.705289012569285,1.015504800579495,6.706871998266871e-06,-4.082262210796914,-1.0221276595744682,-2.828724145944689,-0.9411764705882352,0.0030090808868408,4,10,7.0,3.0,1.0,1,4,26,4
0.21999999999999995,0.6200000000000003,4.685971973169849,1.3268069440075547,6.298852813864164e-06,-1.5750496258970834,-0.6907044601917465,-1.4136667582669231,-0.6446087971973533,0.0039982795715332,4,13,5.0,4.0,1.0,98,4,99,4
0.21999999999999995,0.6500000000000004,13.277487212069408,2.7290871489688024,5.572364927624973e-06,-133.36189216010587,-29.0,-62.0105365054544,-28.07686051240342,0.0029928684234619,4,10,33.0,2.0,7.0,1,99,62,98
0.21999999999999995,0.6900000000000004,12.2163653896457,2.942150573984955,3.105327776925838e-06,-5.22416914054015,-2.9228953579858383,-5.090091009177433,-2.707173447537473,0.0030000209808349,4,17,48.0,6.0,10.0,82,99,84,97
0.21999999999999995,0.7000000000000004,0.3679900360969936,0.2282177322938192,0.0,0.9007554671968192,-0.019108280254777,0.963021959267266,0.2592592592592592,0.0040550231933593,4,10,6.0,2.0,0.0,1,4,7,4
0.21999999999999995,0.7800000000000005,423.22708640476526,104.24930055720596,3.816235123835449e-06,-95403.30399352714,-16143.2166344294,-75250.11373681675,-15702.190848886215,0.0034637451171875,4,10,1400.0,3.0,341.0,1,99,13,99
0.21999999999999995,0.8000000000000005,6.063036917805025,1.758905909933786,2.620868604085509e-06,-5.556559772406186,-1.819620253164557,-5.282601342329673,-1.6682238792561312,0.0035035610198974,4,12,7.0,5.0,1.0,37,4,37,4
0.21999999999999995,0.8200000000000005,130.9773755908503,30.394798074670607,3.448401791140808e-06,-2103.311771282543,-1601.8132530120488,-1735.2884945862463,-1405.8686548223343,0.0029990673065185,4,10,372.0,4.0,86.0,1,99,23,99
0.21999999999999995,0.8400000000000005,8.656043168407452,2.217355782608345,4.9842492413203935e-06,-2.651964206384464,-1.1827641023170674,-2.6365015166835186,-1.105357063205317,0.0030066967010498,4,19,5.0,8.0,1.0,93,4,71,4
0.21999999999999995,0.8500000000000005,7.6232921584662705,2.4558603380485624,4.1438738798179e-06,-1.2526623933780852,-1.6363118952760387,-1.2121332275971453,-1.4739360793026832,0.0035090446472167,4,21,5.0,6.0,1.0,60,4,94,4
0.21999999999999995,0.8700000000000006,1.3030413142593242,0.3952847075210474,2.542503430527304e-06,0.4028392611814989,-0.0746268656716417,0.6630769548771163,0.0284974093264247,0.0025084018707275,4,10,6.0,2.0,1.0,1,4,11,4
0.21999999999999995,0.9200000000000006,0.7288689868556626,0.4564354645876384,3.492012680610872e-06,0.7885919081134765,-0.1117544875506655,0.8943574446930151,-0.0314595152140275,0.0035097599029541,4,10,8.0,2.0,1.0,1,4,6,4
0.21999999999999995,0.9300000000000006,5.390964663211956,1.2119199643540823,3.468919989036548e-06,-2.6001935587934835,-0.7933227344992051,-2.3115333942623826,-0.7624999999999993,0.0035297870635986,4,14,8.0,4.0,1.0,78,4,78,4
0.21999999999999995,0.9400000000000006,7.423218080230882,2.0361319538117693,3.910549305830544e-06,-3.0229411578313643,-1.6758176342881153,-2.975679961520829,-1.5408580183861087,0.0019998550415039,4,18,8.0,5.0,1.0,93,4,25,4
0.21999999999999995,0.9800000000000006,6514.596161377414,1347.9602028002655,2.9261075958816448e-06,-44327.66941490944,-35030.79171853131,-42926.49879859501,-33526.53294481263,0.0019993782043457,4,112,14092.0,28.0,3024.0,98,75,98,72
0.21999999999999995,0.9900000000000007,4.815340071064556,1.3110110602126894,2.8256450010806394e-06,-2.0945319740500463,-0.8301559792027731,-1.8962125450500265,-0.768299217661558,0.0050036907196044,4,12,7.0,4.0,2.0,38,4,24,4
0.22999999999999995,0.21000000000000002,0.3535533905932738,0.0,0.0,0.8608527599951685,1.0,0.9656465603618564,1.0,0.002000093460083,4,10,5.0,0.0,0.0,1,4,1,4
0.22999999999999995,0.22000000000000003,0.8599903100229289,0.2700308624336608,7.65873730695995e-06,0.2274736484189051,-0.0786516853932586,0.7427536231884058,-0.0752688172043014,0.0029976367950439,4,10,5.0,1.0,0.0,1,4,11,4
0.22999999999999995,0.24000000000000005,0.5103103630798288,0.1020620726159657,0.0,0.81094919259551,-0.0105263157894739,0.9355271301836188,0.6563573883161511,0.0057249069213867,4,10,5.0,1.0,0.0,1,4,2,4
0.22999999999999995,0.26000000000000006,1.8200274723201293,0.6208193510729725,1.6928803896810886e-05,-1.9043858814575207,-0.3708992666923969,-0.3296537882589063,-0.3508579773640017,0.0040783882141113,4,10,3.0,2.0,0.0,1,4,25,4
0.22999999999999995,0.2700000000000001,1.4068285846778443,0.2886751345948128,7.85323690141955e-06,0.3115942028985508,-0.0909090909090912,0.5982322217758136,-0.0869565217391306,0.0039992332458496,4,10,4.0,1.0,0.0,1,4,6,4
0.22999999999999995,0.2900000000000001,1.928406077567689,0.1767766952966369,6.822896394674226e-06,-2.5823142050799626,-0.032258064516129,-0.1051263001485884,0.2187500000000002,0.0050008296966552,4,10,5.0,1.0,0.0,1,4,4,4
0.22999999999999995,0.3200000000000001,0.60380736442456,0.1020620726159657,6.381472011502533e-07,0.7265402457882315,-0.0105263157894739,0.907746645931627,0.8287671232876712,0.0052676200866699,4,10,6.0,2.0,0.0,1,4,4,4
0.22999999999999995,0.35000000000000014,1.0307764064044151,0.3227486121839514,5.77878592084266e-06,0.0912296983758705,-0.1162790697674416,0.5866261398176291,-0.0214504596527065,0.0035743713378906,4,10,3.0,1.0,0.0,1,4,4,4
0.22999999999999995,0.36000000000000015,16.97608612136496,3.5044614422190468,7.67677261392856e-06,-207.60320452403397,-67.01923076923079,-96.98130046748835,-64.10215350635008,0.0050094127655029,4,10,40.0,2.0,8.0,1,99,48,96
0.22999999999999995,0.37000000000000016,0.1443375672974064,0.0,0.0,0.5923566878980892,1.0,0.9910618519842688,1.0,0.003990888595581,4,10,2.0,0.0,0.0,1,4,1,4
0.22999999999999995,0.4100000000000002,0.1443375672974064,0.0,0.0,0.9705159705159704,1.0,0.9934844930935628,1.0,0.0035140514373779,4,10,6.0,1.0,0.0,1,4,2,4
0.22999999999999995,0.5300000000000002,4.006505127081873,1.103970108290981,6.239969020023427e-06,-2.932794555508294,-0.7473553204729306,-2.507773553982382,-0.6956521739130441,0.0030004978179931,4,10,4.0,3.0,1.0,1,4,26,4
0.22999999999999995,0.5400000000000003,9.65336728815391,2.391390808713624,3.805711245792661e-06,-2.21318173144916,-1.0345892526250768,-2.190396713313648,-0.9695067264573992,0.0029985904693603,4,20,6.0,8.0,1.0,88,4,86,4
0.22999999999999995,0.5500000000000003,1.015504800579495,0.4448782605013046,5.00893972020471e-06,0.6100923076923077,-0.032258064516129,0.7453376205787781,-0.0220548682087142,0.0029959678649902,4,10,6.0,2.0,2.0,1,4,5,4
0.22999999999999995,0.5800000000000003,4.1394947356732645,1.1273124382057236,5.427598930660628e-06,-2.387169422817065,-0.6619838229033632,-1.6627171045177165,-0.6266666666666669,0.0019996166229248,4,10,8.0,4.0,1.0,1,4,99,4
0.22999999999999995,0.5900000000000003,1.5444794160708866,0.3679900360969936,1.3244160377631051e-06,0.6467355498063665,-0.04,0.7361751152073732,0.3734939759036146,0.0025076866149902,4,11,9.0,3.0,1.0,8,4,4,4
0.22999999999999995,0.6300000000000003,7.83621400932874,2.307144699984521,2.6673557514943777e-06,-2.385336906584992,-1.2470798405936514,-2.2663803850948883,-1.1612248350532903,0.0019969940185546,4,20,5.0,7.0,0.0,33,4,86,4
0.22999999999999995,0.6400000000000003,33.70181745841016,7.244250593861774,4.780324515072825e-06,-526.7096188747731,-139.59534883720926,-275.61280093355987,-136.08843537414964,0.0035312175750732,4,10,79.0,2.0,17.0,1,99,7,98
0.22999999999999995,0.6600000000000004,12.362156634934967,2.80066956280101,4.12076555038574e-06,-5.917869650426591,-1.7735870774661393,-5.757839849651766,-1.589853826311264,0.0029997825622558,4,24,7.0,8.0,0.0,89,4,89,4
0.22999999999999995,0.6700000000000004,0.0,0.0,0.0,1.0,1.0,1.0,1.0,0.0025177001953125,4,10,1.0,0.0,0.0,1,4,1,4
0.22999999999999995,0.7000000000000004,1.7795130420052183,0.5303300858899106,2.518690228433172e-06,-0.0071783545002759,-0.1618108471537425,0.3419913419913419,-0.1543394613082507,0.0042560100555419,4,10,3.0,2.0,0.0,1,4,7,4
0.22999999999999995,0.7200000000000004,0.2886751345948128,0.0,0.0,0.884736605132823,1.0,0.9740419870858886,1.0,0.0040469169616699,4,10,5.0,0.0,0.0,1,4,1,4
0.22999999999999995,0.7400000000000004,1.3189326492787012,0.3535533905932738,2.521341922497964e-06,-0.0525901122710261,-0.1428571428571428,0.4405547552845802,-0.1363636363636362,0.0040061473846435,4,10,4.0,1.0,0.0,1,4,8,4
0.22999999999999995,0.7500000000000004,18.246575021082723,4.134458852135307,2.1229894354480293e-06,-1.6237160828684498,-0.934001178550383,-1.552883555538516,-0.8239210412243947,0.0029983520507812,4,45,5.0,13.0,1.0,76,4,80,5
0.22999999999999995,0.7700000000000005,3096.902200519631,691.9581213243086,4.647461321415774e-06,-1479062.632128514,-947738.793814433,-1175042.5333605595,-891492.0178432895,0.0029959678649902,4,10,7251.0,4.0,1508.0,1,96,16,92
0.22999999999999995,0.8100000000000005,1.973786547054502,0.1767766952966369,3.334270651067788e-06,-6.875411274402282,-0.032258064516129,-0.0331491712707181,0.8379254457050243,0.0019993782043457,4,10,5.0,4.0,0.0,1,4,3,4
0.22999999999999995,0.8300000000000005,13.0092114800757,3.188521078284832,3.766137920992252e-06,-2.349213541051546,-1.4061633281972266,-2.3250855983905665,-1.2780319297918026,0.0030126571655273,4,28,6.0,8.0,0.0,89,4,83,4
0.22999999999999995,0.8800000000000006,1.704772712123232,0.5863019699779287,4.380461704445098e-06,-1.5956003488710149,-0.2457727093983484,-0.0329125171226538,-0.233644859813084,0.0029976367950439,4,10,3.0,3.0,0.0,1,4,34,4
0.22999999999999995,0.8900000000000006,0.3952847075210474,0.1443375672974064,4.778758223661975e-07,0.7599599933322221,0.3118279569892472,0.9253397043452292,0.3127147766323026,0.0035088062286376,4,10,4.0,1.0,1.0,1,4,5,4
0.22999999999999995,0.9200000000000006,1.9973941357011475,0.7071067811865476,2.8318891985828077e-06,-0.413338458581588,-0.1428571428571428,0.0897207367795602,-0.1100832562442182,0.0035312175750732,4,10,3.0,4.0,0.0,1,4,20,4
0.22999999999999995,0.9500000000000006,11.73802581356848,2.7386127875258306,3.5145972893444667e-06,-3.0742468627973167,-1.4410227433253282,-3.053147187433926,-1.330775954161406,0.0029945373535156,4,22,6.0,8.0,0.0,97,4,86,4
0.22999999999999995,0.9700000000000006,20.52919668829413,4.651388681530137,3.4265268167555026e-06,-6.1058746905867,-3.7784887482924727,-6.094336314220586,-3.654967614693293,0.0030031204223632,4,26,73.0,8.0,16.0,100,99,61,99
0.22999999999999995,0.9900000000000007,0.1443375672974064,0.0,0.0,0.9662387902233164,1.0,0.9923359901900676,1.0,0.0030019283294677,4,10,5.0,1.0,1.0,1,4,5,4
0.23999999999999994,0.21000000000000002,1.4288690166235205,0.1767766952966369,7.857891074781698e-06,0.1476716796521112,-0.032258064516129,0.6142036060152742,0.2187500000000002,0.0029966831207275,4,10,6.0,1.0,0.0,1,4,3,4
0.23999999999999994,0.2800000000000001,0.478713553878169,0.1443375672974064,1.21550219271816e-06,0.7760576821121832,-0.0212765957446807,0.9244090159428258,-0.0204081632653068,0.0035200119018554,4,10,6.0,1.0,0.0,1,4,9,4
0.23999999999999994,0.2900000000000001,0.5496210815947049,0.0,0.0,0.5985580389329488,1.0,0.881902589998371,1.0,0.0035016536712646,4,10,4.0,0.0,0.0,1,4,1,4
0.23999999999999994,0.4200000000000002,269.1800822250166,65.89725272472796,8.275352874466773e-06,-69820.43036386449,-51110.11111111111,-23975.974251146126,-46318.444444444445,0.004007339477539,4,10,878.0,1.0,212.0,1,99,3,99
0.23999999999999994,0.4400000000000002,1.928406077567689,0.478713553878169,1.7044672678726118e-06,0.2398190045248869,-0.0731707317073171,0.4693422519509478,-0.0700389105058367,0.0029988288879394,4,10,5.0,3.0,0.0,1,4,11,4
0.23999999999999994,0.49000000000000027,0.4448782605013046,0.0,0.0,0.5519528371407516,1.0,0.9308990398603432,1.0,0.0025069713592529,4,10,3.0,0.0,0.0,1,4,1,4
0.23999999999999994,0.5300000000000002,1.9711460287524785,0.6208193510729725,4.770563525717669e-06,-0.172994398401415,-0.4253611556982346,0.1173477839040206,-0.399394856278366,0.003000259399414,4,10,7.0,2.0,1.0,1,4,27,4
0.23999999999999994,0.5800000000000003,1.7199806200458578,0.6123724356957945,3.695503913292137e-06,0.0458792650918634,-0.1628532974427998,0.4151083285278852,-0.1553273427471113,0.0040004253387451,4,10,6.0,3.0,0.0,1,4,12,4
0.23999999999999994,0.6100000000000003,13.12638881541048,2.5,3.424267001317149e-06,-17.89050678087081,-11.123763418227744,-14.975622712214722,-10.426394972386216,0.0030040740966796,4,11,23.0,4.0,4.0,26,97,21,82
0.23999999999999994,0.6300000000000003,4.677071733467427,1.1681538140730154,3.258076707782052e-06,-1.4564096940453997,-0.6794871794871795,-1.264614853716664,-0.6342315369261478,0.0029957294464111,4,11,7.0,3.0,1.0,25,4,19,4
0.23999999999999994,0.6800000000000004,677.7048352712263,163.35929853138654,2.718002567063228e-06,-21893.18968799139,-7813.583629893239,-21379.78887008472,-7473.488694383662,0.0029933452606201,4,26,2137.0,8.0,504.0,100,99,80,99
0.23999999999999994,0.7000000000000004,4.358898943540674,1.0257111354242645,5.475489664000658e-06,-1.592788924261494,-0.565891472868217,-1.4158940397350994,-0.5303030303030307,0.0029959678649902,4,10,2.0,4.0,1.0,1,4,57,4
0.23999999999999994,0.7200000000000004,1.274754878398196,0.5103103630798288,6.603212509406549e-06,-0.0331838565022422,-0.2251148545176109,0.5799563800856242,-0.0544074230282578,0.0030124187469482,4,10,6.0,2.0,0.0,1,4,3,4
0.23999999999999994,0.7300000000000004,285.7307882138943,70.76766563904732,4.684422563550676e-06,-126603.98738011104,-58944.47126436781,-36158.815455594005,-53418.333333333336,0.0044033527374267,4,10,959.0,1.0,236.0,1,99,2,99
0.23999999999999994,0.7400000000000004,5437.810222951269,1131.99623637478,4.71710184423905e-06,-544281.3414069068,-273272.7488372093,-512432.8191651443,-241799.2673218673,0.0029997825622558,4,36,12425.0,10.0,2707.0,100,66,95,62
0.23999999999999994,0.7500000000000004,20.746234598114427,4.315669125408017,3.3165458625369296e-06,-1051.9928324927,-363.4331210191083,-175.43366497288525,-263.8888888888889,0.0025126934051513,4,10,48.0,2.0,10.0,1,99,9,97
0.23999999999999994,0.7600000000000005,6790.963168830815,1454.9245577520503,8.166163574644514e-06,-10713516.125557711,-4189964.463917526,-9513599.982035415,-3941297.002327386,0.003000259399414,4,10,17862.0,3.0,4109.0,1,54,76,51
0.23999999999999994,0.8100000000000005,8.522030274529655,2.210297868312474,4.172470217617256e-06,-2.0097264629040894,-0.9228699551569506,-1.996132359260851,-0.8688237169270003,0.0043776035308837,4,26,4.0,8.0,0.0,97,4,97,4
0.23999999999999994,0.8300000000000005,1.537720173937161,0.5400617248673217,3.2546831877728062e-06,0.4024841655013572,-0.0769230769230768,0.5602820393615373,-0.0467289719626167,0.0045061111450195,4,10,8.0,2.0,2.0,1,4,5,4
0.23999999999999994,0.8600000000000005,21.78493363160268,5.097997973060928,3.83609158989193e-06,-2.881937880260408,-2.0427215792883544,-2.7078663572980104,-1.8353561525523885,0.0029990673065185,4,39,3.0,12.0,0.0,87,4,60,4
0.23999999999999994,0.8800000000000006,2.5799709300687867,0.7430231041719587,4.95741559973472e-06,-0.632879045996593,-0.2723180795198801,-0.2340910407694238,-0.248821866163996,0.0062928199768066,4,10,6.0,3.0,0.0,1,4,97,4
0.23999999999999994,0.9200000000000006,0.1020620726159657,0.0,0.0,0.8688524590163934,1.0,0.9952927885520616,1.0,0.0045242309570312,4,10,2.0,0.0,0.0,1,4,1,4
0.23999999999999994,0.9300000000000006,8.181534085976786,2.0,3.024125734614359e-06,-3.572580645161291,-2.156434626252248,-3.5549916357140843,-1.9586254719161724,0.0065786838531494,4,20,8.0,5.0,1.0,100,4,43,4
0.23999999999999994,0.9400000000000006,102.3167569364862,24.43891193704553,1.485539884522329e-06,-32.61138944561597,-29.49046403031125,-31.060388553928604,-27.71214245653393,0.0030043125152587,4,67,375.0,17.0,87.0,100,99,99,99
0.23999999999999994,0.9500000000000006,27.21614869888831,6.376225372428425,1.9662646762859874e-06,-1.192968777857982,-0.9231436475714848,-1.1656042032377014,-0.8773448773448773,0.0025105476379394,4,84,8.0,23.0,1.0,100,4,100,5
0.23999999999999994,0.9700000000000006,13.80745571542177,3.340097303971847,3.557582042730968e-06,-1.5379495238975691,-1.0410124069478908,-1.527303634086424,-0.9723756906077348,0.0029969215393066,4,36,7.0,10.0,0.0,96,4,100,4
0.23999999999999994,0.9900000000000007,2.883140648667699,0.2282177322938192,2.0039907007936334e-06,-7.364231903046184,-0.019108280254777,-1.267045454545454,-0.0183299389002036,0.0051133632659912,4,10,5.0,2.0,0.0,1,4,6,4
0.24999999999999992,0.21000000000000002,0.7071067811865476,0.25,6.433376360650342e-06,0.7167967549628171,-0.0666666666666666,0.8919381345820483,-0.0638297872340425,0.0035111904144287,4,10,7.0,1.0,0.0,1,4,8,4
0.24999999999999992,0.23000000000000004,2.1237741562291097,0.5863019699779287,1.5159337131543516e-05,-1.7508437562040895,-0.36140954018049,-0.4166993848972649,-0.3420089467263116,0.0044012069702148,4,10,2.0,2.0,0.0,1,4,51,4
0.24999999999999992,0.24000000000000005,0.408248290463863,0.1443375672974064,1.4182379052855005e-06,0.8278798744957419,-0.0212765957446807,0.944969905417025,0.3127147766323023,0.0025105476379394,4,10,5.0,1.0,0.0,1,4,3,4
0.24999999999999992,0.2900000000000001,3.8256263103793433,0.9298297335175584,1.1230043810233084e-05,-6.972102370116438,-1.128773710927064,-4.574511982225043,-1.0524233432245302,0.0031356811523437,4,10,4.0,2.0,0.0,1,4,13,4
0.24999999999999992,0.3000000000000001,2009.8991501441064,415.02009238509567,1.610645572273953e-05,-2873557.6119172587,-1508914.6806083648,-1461284.9602848648,-1503199.0909090913,0.0037751197814941,4,10,4316.0,2.0,925.0,1,71,13,68
0.24999999999999992,0.3200000000000001,0.3535533905932738,0.2041241452319315,1.0635786685837554e-06,0.9160778028702558,-0.0434782608695645,0.9658887404417408,0.1578947368421051,0.0030038356781005,4,10,6.0,1.0,0.0,1,4,4,4
0.24999999999999992,0.35000000000000014,0.8477912478906585,0.3061862178478972,1.6757469734465438e-06,0.6440240756663802,-0.0601226993865031,0.8284051627664072,-0.0575793184488839,0.0030059814453125,4,10,6.0,2.0,0.0,1,4,8,4
0.24999999999999992,0.3900000000000002,1.3228756555322954,0.3679900360969936,4.385275774454367e-06,0.1063334626253672,-0.1566265060240959,0.4844095261478025,-0.0797342192691028,0.0030038356781005,4,10,4.0,1.0,0.0,1,4,4,4
0.24999999999999992,0.4000000000000002,0.4894725051862804,0.0,0.0,0.6901922267433704,1.0,0.905252317198764,1.0,0.0029971599578857,4,10,4.0,0.0,0.0,1,4,1,4
0.24999999999999992,0.4100000000000002,0.1020620726159657,0.0,0.0,0.8688524590163934,1.0,0.9946740519812528,1.0,0.0040106773376464,4,10,2.0,0.0,0.0,1,4,1,4
0.24999999999999992,0.4300000000000002,0.7772815877574012,0.25,4.3529796180153695e-06,0.2122241086587436,-0.0666666666666666,0.8433236986412384,0.4111874386653584,0.0028402805328369,4,11,4.0,2.0,0.0,2,4,2,4
0.24999999999999992,0.4400000000000002,0.2700308624336608,0.1443375672974064,7.73390867534806e-07,0.9237749546279492,0.3118279569892472,0.9795195880511424,0.3127147766323026,0.0035088062286376,4,10,6.0,1.0,1.0,1,4,5,4
0.24999999999999992,0.45000000000000023,0.3535533905932738,0.1767766952966369,7.562002016490383e-07,0.8245774326176336,-0.032258064516129,0.9614036216268372,-0.030927835051546,0.0029995441436767,4,10,5.0,1.0,0.0,1,4,6,4
0.24999999999999992,0.46000000000000024,0.1020620726159657,0.0,0.0,0.9699153870260108,1.0,0.9958739065852452,1.0,0.0033750534057617,4,10,4.0,0.0,0.0,1,4,1,4
0.24999999999999992,0.5500000000000003,0.7071067811865476,0.2041241452319315,2.455329843997623e-06,0.1994440583738709,-0.0434782608695645,0.8076614842122135,0.1578947368421053,0.0035183429718017,4,10,3.0,1.0,0.0,1,4,3,4
0.24999999999999992,0.6200000000000003,8.848846440826811,2.2798940033840758,3.5429710117469096e-06,-3.0665633540897685,-1.683396818283665,-3.0420280581380963,-1.586698460421958,0.0039997100830078,4,17,33.0,5.0,7.0,69,99,67,98
0.24999999999999992,0.6400000000000003,350.72101329499304,82.56468423807684,2.234437501802139e-06,-6605.193462665866,-1935.4073480458635,-6281.588478154461,-1831.3020495016235,0.0029988288879394,4,26,1031.0,9.0,238.0,56,99,66,99
0.24999999999999992,0.7300000000000004,633.9792731233412,154.06049271849895,2.31107943185923e-06,-23555.919742565693,-7581.445923460898,-22822.54266853584,-7055.2230962187605,0.0029983520507812,4,21,2035.0,8.0,484.0,63,99,96,99
0.24999999999999992,0.8000000000000005,5.817538139110048,1.6583123951777,6.198276799491728e-06,-1.885862324204293,-0.9799999999999998,-1.8043433227454768,-0.9053117782909934,0.0031027793884277,4,13,5.0,6.0,0.0,89,4,95,4
0.24999999999999992,0.8100000000000005,2.2314046398326477,0.9298297335175584,4.737346565086352e-06,-0.2277397260273972,-0.2647619047619047,0.0299340436326738,-0.2092074592074588,0.0035052299499511,4,10,5.0,4.0,1.0,1,4,22,4
0.24999999999999992,0.8300000000000005,0.4677071733467426,0.3679900360969936,1.803892727079262e-06,0.8018088871411719,-0.069408740359897,0.9425853018372704,0.1766941101963272,0.0029995441436767,4,10,5.0,2.0,0.0,1,4,3,4
0.24999999999999992,0.8800000000000006,9.145809605132468,2.3540744819709225,3.7288814739367465e-06,-1.8888788955344695,-0.9258644745276972,-1.8793333428952543,-0.8568287319814318,0.0025057792663574,4,21,5.0,9.0,1.0,100,4,100,4
0.24999999999999992,0.9200000000000006,0.8036375634160796,0.2041241452319315,1.3588507385400018e-06,0.5916575192096598,-0.0434782608695647,0.8041631131747685,-0.0416666666666665,0.0034055709838867,4,10,5.0,1.0,0.0,1,4,6,4
0.24999999999999992,0.9700000000000006,105.3541151703783,25.674444167952952,1.8022065286494573e-06,-17.066722230552685,-20.297844965099443,-16.407960325799994,-19.23185699807212,0.0020022392272949,4,100,411.0,29.0,96.0,95,99,92,99
0.24999999999999992,0.9800000000000006,90.0127305811054,20.95033810387476,1.530491790236508e-06,-0.9430158270865294,-0.9093854554517512,-0.8787298277236002,-0.8331604702803166,0.0034997463226318,4,228,5.0,59.0,1.0,100,4,99,4
0.2599999999999999,0.21000000000000002,0.6454972243679028,0.1443375672974064,6.946636851681885e-07,0.8046298651742558,-0.0212765957446807,0.9135303400419378,-0.0204081632653068,0.0034193992614746,4,10,6.0,1.0,0.0,1,4,6,4
0.2599999999999999,0.2700000000000001,1.103970108290981,0.2700308624336608,6.0878046246138586e-06,0.3137829912023461,0.081967213114754,0.6873246211817526,0.0837696335078534,0.0029983520507812,4,10,6.0,2.0,1.0,1,4,12,4
0.2599999999999999,0.34000000000000014,2271.240474204937,470.0458421792496,1.4181939837956383e-05,-5282924.082342483,-1462794.6551724137,-2150881.5399583043,-1385403.1149575445,0.0033509731292724,4,10,4889.0,2.0,1049.0,1,76,11,73
0.2599999999999999,0.35000000000000014,0.2886751345948128,0.1767766952966369,2.917059352234073e-06,0.9201912085628182,-0.032258064516129,0.9779850848950165,0.3684210526315787,0.0029976367950439,4,10,6.0,1.0,0.0,1,4,2,4
0.2599999999999999,0.37000000000000016,13.968715044698993,2.846781808756454,6.69186108732224e-06,-154.25097125097125,-94.38697318007662,-67.73876188029796,-93.99389499389494,0.0035042762756347,4,10,32.0,1.0,7.0,1,99,5,98
0.2599999999999999,0.38000000000000017,3.378855822118882,0.8955910525085282,1.0692844821834294e-05,-2.9716140721727315,-0.6129173030765873,-1.614254365041503,-0.5172413793103443,0.0030124187469482,4,10,5.0,3.0,0.0,1,4,52,4
0.2599999999999999,0.4200000000000002,0.6208193510729725,0.2282177322938192,2.9771001477199217e-06,0.6366612111292962,0.1111111111111111,0.8679326099371787,0.1134751773049645,0.0040092468261718,4,10,6.0,1.0,1.0,1,4,5,4
0.2599999999999999,0.45000000000000023,1.854049621773916,0.699702317656111,6.057437303907477e-06,-0.1729857819905214,-0.4034214618973559,0.1765439800374296,-0.3746709564200055,0.0030004978179931,4,10,8.0,2.0,2.0,1,4,5,4
0.2599999999999999,0.5000000000000002,1.6040313795766798,0.6373774391990981,8.855510342414135e-06,-0.3590875222101222,-0.3453108156665472,0.2339660091800026,-0.3269819666553253,0.0029966831207275,4,10,3.0,2.0,0.0,1,4,11,4
0.2599999999999999,0.5500000000000003,0.7905694150420949,0.3227486121839514,1.2639057827961374e-06,0.6703108007555378,-0.0714285714285714,0.8560322487762742,0.437886453063519,0.0030007362365722,4,10,4.0,3.0,0.0,1,4,3,4
0.2599999999999999,0.5700000000000003,136.61316279919737,31.968408885439803,4.243242661574854e-06,-194.985086871707,-159.138740117317,-193.29909035305752,-153.5647892871209,0.0040018558502197,4,36,423.0,12.0,98.0,99,99,94,99
0.2599999999999999,0.5900000000000003,1.2583057392117916,0.3679900360969936,3.087024591421842e-06,0.2824547600314715,-0.04,0.6028739386022208,0.0232907588279488,0.0029997825622558,4,10,6.0,2.0,1.0,1,4,19,4
0.2599999999999999,0.6000000000000003,1.4719601443879744,0.4894725051862804,3.0578028350166717e-06,-0.2542713567839194,-0.1505992704533605,0.4412207178164624,-0.1078998073217727,0.0042619705200195,4,10,2.0,2.0,0.0,1,4,11,4
0.2599999999999999,0.6100000000000003,11.28143755615096,2.526938200009384,4.331834213667827e-06,-10.356777691711851,-2.498068121024788,-9.953525066341532,-2.286687040909335,0.0024778842926025,4,21,6.0,6.0,0.0,31,4,27,4
0.2599999999999999,0.6200000000000003,1.9973941357011475,0.60380736442456,2.5432617493488e-06,0.4448940153390903,-0.2285191956124315,0.5547495320801217,-0.178054527095254,0.0030016899108886,4,10,8.0,3.0,0.0,1,4,10,4
0.2599999999999999,0.6300000000000003,1.286953767623375,0.3952847075210474,5.360606716404885e-06,-0.0902857142857143,-0.132966168371361,0.4420856872170955,-0.1269722013523666,0.0045301914215087,4,10,3.0,2.0,0.0,1,4,17,4
0.2599999999999999,0.6800000000000004,14.442414387259957,3.2145502536643185,2.3555382131865715e-06,-3.352580228100723,-1.6249896634416603,-3.295419491988992,-1.5003150598613737,0.0035288333892822,4,26,8.0,9.0,1.0,72,4,87,4
0.2599999999999999,0.7000000000000004,2478.035537477217,571.1156479499869,4.179525781375721e-06,-559388.5669777005,-320640.18784,-549375.8843659138,-299383.41533607425,0.0029962062835693,4,14,6576.0,4.0,1371.0,89,99,53,96
0.2599999999999999,0.7500000000000004,8354.638624864832,1943.538903328153,1.7099890963728868e-05,-10193911.843306288,-3889173.104345883,-9766361.112489251,-3721519.658866995,0.0029995441436767,4,13,27433.0,4.0,7383.0,31,36,43,34
0.2599999999999999,0.7900000000000005,7.400028153099599,2.25231362528993,2.7934717571235245e-06,-15.584141171831355,-2.0971844981782044,-15.227312013828868,-1.898809523809524,0.0025117397308349,4,12,8.0,6.0,2.0,47,4,35,4
0.2599999999999999,0.8000000000000005,350.68345472329696,86.679245881968,2.6860882955730623e-06,-5392.343618393189,-2672.042618900556,-5339.25692638245,-2586.5372197309416,0.0030043125152587,4,22,1194.0,7.0,293.0,96,99,96,99
0.2599999999999999,0.8400000000000005,5.61526936130405,1.567907310185565,4.133777218946439e-06,-4.2882022165201725,-1.0611353711790392,-3.762728931965511,-0.9772117962466492,0.0036587715148925,4,12,7.0,5.0,0.0,71,4,72,4
0.2599999999999999,0.8500000000000005,33.964902227642774,8.234202045938229,5.586060634533345e-06,-0.7107229448402412,-0.6624780837698843,-0.6894072895284722,-0.6195611335186204,0.0044605731964111,4,100,2.0,31.0,0.0,100,4,100,4
0.2599999999999999,0.9000000000000006,27.0,6.241661103691335,2.5182681053974955e-06,-1.4932631250030155,-1.305454778951424,-1.4452693485990298,-1.1909911598779137,0.0030333995819091,4,64,7.0,19.0,1.0,99,4,98,4
0.2599999999999999,0.9100000000000006,21.588963229699875,5.687156583038663,2.485458273356937e-06,-2.584565275625443,-2.54186717998075,-2.4294473825400478,-2.268042647693426,0.0045123100280761,4,51,6.0,12.0,1.0,99,4,97,4
0.2599999999999999,0.9200000000000006,18.625699092025155,4.262237284181474,3.0793323635302685e-06,-1.1021616763199231,-0.8905362526677134,-1.0882620535621914,-0.8254325458713196,0.0025162696838378,4,43,8.0,12.0,1.0,96,4,96,4
0.2599999999999999,0.9400000000000006,17.889999534190416,4.5196330972030605,1.923099489981261e-06,-1.045083922212484,-1.3039248081653634,-1.001301415859687,-1.2029747461130578,0.0039992332458496,4,47,5.0,12.0,2.0,97,4,97,4
0.2599999999999999,0.9700000000000006,121.43726947138867,27.748123059647355,2.9819412286889934e-06,-1.0649195889160183,-1.0395895490212983,-0.9968551336724754,-0.965765323001869,0.0030047893524169,4,327,6.0,85.0,1.0,100,4,100,5
0.2699999999999999,0.2,2.064077679416806,0.5863019699779287,1.4756817708905428e-05,-1.7132886462580337,-0.2988929889298892,-0.4393299549549552,-0.2835472578763127,0.0029976367950439,4,10,5.0,2.0,0.0,1,4,9,4
0.2699999999999999,0.22000000000000003,0.4677071733467426,0.2282177322938192,3.991874346232222e-06,0.6939890710382514,-0.0549450549450545,0.9376928554474246,-0.0526315789473688,0.0040016174316406,4,10,4.0,1.0,0.0,1,4,7,4
0.2699999999999999,0.3000000000000001,3.62859017617954,0.5204164998665332,6.031973757744187e-06,-1.2872653245871977,-7.946236559139784,-0.4286360142863608,-1.4738344433872506,0.0038940906524658,4,12,11.0,2.0,1.0,4,4,3,7
0.2699999999999999,0.3100000000000001,10.18270592720815,1.856856662929766,6.958989406730776e-06,-18.498928724467927,-27.195208518189897,-13.162540549769508,-25.35350318471337,0.0034461021423339,4,10,17.0,2.0,3.0,1,96,15,82
0.2699999999999999,0.3200000000000001,0.338501600193165,0.0,0.0,0.8181505080075772,1.0,0.9539671911617008,1.0,0.0045175552368164,4,10,4.0,0.0,0.0,1,4,1,4
0.2699999999999999,0.3300000000000001,0.1020620726159657,0.0,0.0,0.4893617021276596,1.0,0.9939653611731338,1.0,0.0031993389129638,4,10,1.0,1.0,0.0,1,4,2,4
0.2699999999999999,0.34000000000000014,0.3818813079129867,0.0,0.0,0.3975795607350965,1.0,0.9316239316239316,1.0,0.0021920204162597,4,10,2.0,1.0,0.0,1,4,3,4
0.2699999999999999,0.35000000000000014,0.7216878364870323,0.3227486121839514,7.626247059497936e-06,0.389002036659878,-0.116279069767442,0.8485032117319112,-0.1111111111111111,0.0030004978179931,4,10,5.0,1.0,0.0,1,4,7,4
0.2699999999999999,0.3900000000000002,0.7637626158259734,0.0,0.0,0.6888888888888889,1.0,0.8651869327619827,1.0,0.003000259399414,4,10,6.0,1.0,0.0,1,4,3,4
0.2699999999999999,0.4300000000000002,0.1443375672974064,0.0,0.0,0.8532110091743119,1.0,0.9921663859621636,1.0,0.0050075054168701,4,10,3.0,1.0,1.0,1,4,5,4
0.2699999999999999,0.45000000000000023,0.924211375534118,0.2700308624336608,3.3754882416108837e-06,0.4446560846560846,-0.0786516853932586,0.7439020581529717,-0.0752688172043014,0.003415822982788,4,10,4.0,1.0,0.0,1,4,6,4
0.2699999999999999,0.5300000000000002,1.3228756555322954,0.4448782605013046,3.2435306200259883e-06,0.5904,-0.1407129455909943,0.742406353976602,0.0551964196916959,0.003997802734375,4,10,6.0,2.0,0.0,1,4,4,4
0.2699999999999999,0.5700000000000003,5.488624600025037,1.274754878398196,6.990179565929359e-06,-1.2381194224769645,-0.6842105263157894,-1.1646058501242478,-0.6492229622581667,0.004000186920166,4,15,2.0,4.0,0.0,92,4,73,4
0.2699999999999999,0.5800000000000003,1.194605932235954,0.4894725051862804,2.8929704332823664e-06,0.6436931079323798,-0.113464447806354,0.7420156673696896,0.0460389879717962,0.0045351982116699,4,10,6.0,2.0,0.0,1,4,4,4
0.2699999999999999,0.6000000000000003,3.665719574653795,0.8599903100229289,3.52542413349259e-06,-0.7933271547729381,-0.4202958949781206,-0.514084507042254,-0.3924298882133752,0.0035545825958251,4,10,9.0,3.0,2.0,1,4,38,4
0.2699999999999999,0.6500000000000004,5067.199452524705,1061.9270268792798,5.849243951058971e-06,-303439.0887977021,-249537.5593545909,-291062.61481918814,-225649.6273970318,0.0035054683685302,4,36,12050.0,12.0,2664.0,100,63,73,60
0.2699999999999999,0.6600000000000004,50.1574603955716,11.647603473104098,4.276651425467056e-06,-1.76014455633403,-1.3688793567309072,-1.6461267551623324,-1.2521221720943665,0.0039997100830078,4,107,6.0,32.0,0.0,100,4,100,4
0.2699999999999999,0.6700000000000004,283.6355863310056,70.13498889047226,4.92368879030682e-06,-241425.0267014001,-241130.57446808508,-37397.27611253693,-240925.530612245,0.0033652782440185,4,10,948.0,1.0,233.0,1,99,8,99
0.2699999999999999,0.7000000000000004,512.5708589226144,125.3645101959349,4.084153871886362e-06,-3660.200629627893,-3209.2009353044173,-3639.290767489927,-3109.847422680412,0.0045204162597656,4,32,1687.0,10.0,405.0,100,99,92,99
0.2699999999999999,0.7100000000000004,19.982283820090903,4.69041575982343,6.3236928099676375e-06,-1.6160742024072987,-1.2564102564102564,-1.584253528134398,-1.1484375,0.0036337375640869,4,50,6.0,12.0,0.0,99,4,91,4
0.2699999999999999,0.7200000000000004,22.586177557671565,4.889401803901986,3.970982140174445e-06,-0.9621190716363808,-0.7825386936787515,-0.945495304202878,-0.7352709895959355,0.0029997825622558,4,56,5.0,15.0,0.0,100,4,87,4
0.2699999999999999,0.7400000000000004,343.5278221386636,85.08402709478828,4.216653991424632e-06,-1538.176283280522,-1471.9184033910276,-1526.0889300758213,-1432.197913014786,0.0029993057250976,4,35,1181.0,10.0,289.0,100,99,92,99
0.2699999999999999,0.7600000000000005,80.44110164171879,20.063960227233306,1.914429169605086e-06,-2.510770837323093,-3.612984687692337,-2.391264352756043,-3.394467287679208,0.0030062198638916,4,151,403.0,37.0,94.0,99,99,97,99
0.2699999999999999,0.7900000000000005,20.76329895111404,5.087771286788221,3.731540704991568e-06,-5.541083114509848,-3.2424996887837665,-5.169797257006559,-2.7987648281765924,0.004305362701416,4,33,7.0,10.0,0.0,67,4,56,4
0.2699999999999999,0.8000000000000005,3.100739159189843,0.8897565210026093,2.7617984174764256e-06,-0.5860241998997633,-0.2467532467532465,-0.3365383223041167,-0.234567901234568,0.0035035610198974,4,10,4.0,5.0,0.0,1,4,25,4
0.2699999999999999,0.8100000000000005,0.2041241452319315,0.1020620726159657,0.0,0.8983050847457628,-0.0105263157894739,0.9813398022019032,0.4897959183673466,0.0040004253387451,4,10,4.0,1.0,0.0,1,4,4,4
0.2699999999999999,0.8300000000000005,48.09268395504663,11.483230526874106,3.677748522838744e-06,-1.2560047957082476,-1.1184284152891155,-1.1892155702792238,-1.03260778810397,0.0029993057250976,4,123,6.0,29.0,0.0,100,4,94,4
0.2699999999999999,0.8500000000000005,3202.179514929376,727.2189749312101,2.6553079998928216e-06,-148238.00220710383,-102324.33400516472,-144612.04482598035,-96887.08015267176,0.0035333633422851,4,33,8003.0,10.0,1665.0,98,98,96,94
0.2699999999999999,0.8600000000000005,7662.027344041088,1642.1704736668887,5.911027904362772e-06,-23717.017115670707,-21600.261270626277,-22885.662194787765,-20655.454965367186,0.0040032863616943,4,182,20209.0,46.0,4651.0,100,54,96,52
0.2699999999999999,0.8900000000000006,1.6233966448981796,0.6692657668420421,3.874277790723405e-06,0.4787870984355887,-0.2900000000000002,0.5950380152060825,-0.2736966824644544,0.0031030178070068,4,10,7.0,2.0,1.0,1,4,9,4
0.2699999999999999,0.9000000000000006,12.502499750049989,2.369511201352155,2.481269698148368e-06,-21.88408444663309,-9.816053511705684,-16.50093300988991,-9.654279501877843,0.0030009746551513,4,10,21.0,4.0,4.0,1,96,9,89
0.2699999999999999,0.9300000000000006,2.327373340628157,0.8599903100229289,4.0182882875734495e-06,-0.7063749786361304,-0.7979424953838037,-0.2998700129987002,-0.742331288343558,0.0038356781005859,4,10,7.0,2.0,0.0,1,4,26,4
0.2699999999999999,0.9600000000000006,46.81646345037181,10.991000106147451,1.6852782982659491e-06,-1.6225733564558782,-1.3867255498863784,-1.5199779249976886,-1.267470393058182,0.0034658908843994,4,122,7.0,29.0,1.0,99,4,97,5
0.2699999999999999,0.9800000000000006,0.338501600193165,0.1020620726159657,0.0,0.8083832335329342,-0.0105263157894739,0.9574698422517786,0.4897959183673466,0.0035104751586914,4,10,5.0,1.0,0.0,1,4,4,4
0.2799999999999999,0.23000000000000004,1.3385315336840842,0.3679900360969936,4.688534702606258e-06,0.2338530066815144,-0.069408740359897,0.5994783904619971,-4.440892098500626e-16,0.0035138130187988,4,10,5.0,2.0,0.0,1,4,12,4
0.2799999999999999,0.26000000000000006,1.4215601757693317,0.4677071733467426,1.135889370201275e-05,-0.4560237667109685,-0.1275167785234898,0.3192982456140349,-0.1194029850746269,0.0036776065826416,4,10,3.0,2.0,1.0,1,4,20,4
0.2799999999999999,0.2800000000000001,2.01038968030247,0.5773502691896257,4.961258918331008e-06,0.0570842720806014,-0.1497005988023951,0.3730914026271997,-0.1428571428571432,0.0036358833312988,4,10,5.0,3.0,0.0,1,4,13,4
0.2799999999999999,0.3100000000000001,2.7309949346956564,0.6291528696058958,4.499955871893943e-06,-0.2177086470494447,-0.2274562584118435,0.0013947001394699,-0.2163892445582589,0.0030033588409423,4,10,4.0,2.0,0.0,1,4,12,4
0.2799999999999999,0.3200000000000001,0.2041241452319315,0.0,0.0,0.9470125569201048,1.0,0.9867038957585428,1.0,0.0029985904693603,4,10,5.0,1.0,0.0,1,4,3,4
0.2799999999999999,0.34000000000000014,0.3535533905932738,0.25,3.2050048890003067e-06,0.9399874973952906,0.0754414125200642,0.9696969696969696,0.1847826086956521,0.003519058227539,4,10,7.0,1.0,1.0,1,4,3,4
0.2799999999999999,0.45000000000000023,2.66731762887987,0.5951190357119042,3.242514003861592e-06,-0.0901835594573023,-0.1396648044692736,0.1599015990159904,-0.0911424903722717,0.0039975643157958,4,10,5.0,3.0,0.0,1,4,10,4
0.2799999999999999,0.47000000000000025,0.1767766952966369,0.1020620726159657,1.086044017791412e-06,0.8620028749401054,0.4893617021276596,0.9855463480439391,0.8287671232876712,0.0030004978179931,4,10,3.0,2.0,1.0,1,4,4,4
0.2799999999999999,0.48000000000000026,2.8265851010244383,0.1767766952966369,4.133719405243357e-06,-7.782442748091604,-0.032258064516129,-1.4958510949855186,0.2187500000000002,0.0035295486450195,4,10,5.0,1.0,0.0,1,4,3,4
0.2799999999999999,0.5100000000000002,0.2041241452319315,0.1020620726159657,0.0,-0.0434782608695645,-0.0105263157894739,0.977797513321492,-0.0101010101010103,0.0025105476379394,4,10,1.0,1.0,0.0,1,4,9,4
0.2799999999999999,0.5700000000000003,10.749030964076097,2.533114025595111,5.524381328149695e-06,-5.176842178536003,-1.966887417218543,-5.065875893447957,-1.7504911591355596,0.0040032863616943,4,20,5.0,6.0,0.0,67,4,29,4
0.2799999999999999,0.6000000000000003,17.35355391075077,3.582364210034113,4.237082854119092e-06,-82.91872278664731,-92.05428796223448,-57.87504072987943,-91.56198347107438,0.0032894611358642,4,10,40.0,2.0,8.0,1,99,11,95
0.2799999999999999,0.6300000000000003,3387.3040133957074,709.7058296106446,3.7191231261836464e-06,-1220948.845439745,-262566.8303071441,-1212837.2100661756,-248080.20158021647,0.0035696029663085,4,17,6881.0,7.0,1444.0,86,85,80,81
0.2799999999999999,0.6500000000000004,2031.2746203636116,463.8159095122403,5.642412001103788e-06,-934205.0188679246,-1503102.73313116,-442379.80836283625,-1101440.0133333334,0.0045034885406494,4,13,5206.0,2.0,1082.0,3,99,3,97
0.2799999999999999,0.6700000000000004,10.036392114035136,2.313907229485804,4.035139635016959e-06,-7.53235294117647,-1.9121813031161472,-7.456049529539332,-1.7429425262820852,0.0030004978179931,4,16,6.0,5.0,0.0,31,4,27,4
0.2799999999999999,0.6800000000000004,0.3227486121839514,0.1020620726159657,0.0,0.7616683217477656,0.4893617021276593,0.9532710280373832,0.4897959183673467,0.0035076141357421,4,10,5.0,1.0,1.0,1,4,5,4
0.2799999999999999,0.7000000000000004,14.881126189461154,3.79418414594407,7.219998037194589e-06,-1.373815339521251,-0.9885190125751286,-1.3682290361210905,-0.9127762937537196,0.0039987564086914,4,33,9.0,13.0,1.0,100,4,92,4
0.2799999999999999,0.7600000000000005,6614.4594513333695,1409.9377608899383,6.700955859326312e-06,-580778.8513055702,-426617.66840536514,-547917.6240796497,-388874.7024961794,0.004082441329956,4,39,17047.0,10.0,3891.0,91,53,87,50
0.2799999999999999,0.7800000000000005,39.42490224041991,9.942019412574089,4.030796097821935e-06,-1.8680874851736675,-1.2789609700814824,-1.7521810502240998,-1.1680470668875302,0.0025062561035156,4,98,5.0,29.0,0.0,100,4,98,4
0.2799999999999999,0.7900000000000005,0.9354143466934852,0.4894725051862804,2.20713473329502e-06,0.7464788732394367,0.0671736375158428,0.8355359765051396,0.0959119496855347,0.0035226345062255,4,10,7.0,3.0,2.0,1,4,19,4
0.2799999999999999,0.8100000000000005,0.1020620726159657,0.0,0.0,0.9381044487427466,1.0,0.9945187458890594,1.0,0.0035107135772705,4,10,3.0,0.0,0.0,1,4,1,4
0.2799999999999999,0.8400000000000005,4.256123040201414,1.194605932235954,3.054399764600233e-06,-1.7824463741062355,-0.621501664406362,-1.369209809264305,-0.5900649953574744,0.0030145645141601,4,11,7.0,4.0,0.0,73,4,72,4
0.2799999999999999,0.8700000000000006,13.70978968960988,2.9633173977824243,3.149645238052606e-06,-6.783772124937652,-3.257575757575758,-6.725009525685099,-3.132352941176471,0.0030024051666259,4,21,48.0,5.0,10.0,99,99,85,97
0.2799999999999999,0.8900000000000006,16.536575622943623,4.083758481268614,4.296440600434398e-06,-1.4379643387815753,-1.0261815305517104,-1.4122379819973458,-0.95721271393643,0.0045535564422607,4,39,6.0,12.0,0.0,99,4,84,4
0.2799999999999999,0.9100000000000006,50.17656325417276,11.37797580122815,3.256329472466609e-06,-1.4702259782769662,-1.3356694830974996,-1.3773972861446064,-1.2295736039152083,0.0029308795928955,4,132,5.0,33.0,0.0,100,4,97,4
0.2799999999999999,0.9200000000000006,14.222195095460242,2.9011491975882016,2.6764853908810297e-06,-325.4100857993347,-169.4791208791208,-66.21124225537365,-169.10526315789474,0.0035037994384765,4,10,33.0,1.0,7.0,1,99,5,97
0.2799999999999999,0.9300000000000006,7780.089829842369,1646.814526087663,5.084136295417575e-06,-179275.1358756591,-128141.31613918697,-176859.79875065287,-124973.47053628002,0.0029966831207275,4,70,19458.0,17.0,4383.0,99,62,93,59
0.2799999999999999,0.9400000000000006,0.2041241452319315,0.1443375672974064,2.171787605272229e-07,0.9523809523809524,-0.0212765957446807,0.9870445344129556,-0.0204081632653068,0.0029988288879394,4,10,5.0,1.0,0.0,1,4,6,4
0.2799999999999999,0.9500000000000006,72.40108194403359,18.15672510852843,3.8083417803021705e-06,-0.7230384952722597,-0.690511748196651,-0.686709407337285,-0.6450740304105826,0.0041468143463134,4,236,3.0,65.0,0.0,100,4,100,4
0.2899999999999999,0.2,2.497915797886977,0.6123724356957945,1.5270634539131445e-05,-1.7608987900902635,-0.4210526315789473,-0.7966945619244732,-0.3975155279503108,0.0035135746002197,4,10,4.0,2.0,0.0,1,4,19,4
0.2899999999999999,0.3300000000000001,100.20453041987008,23.020145163168134,9.042427840554813e-06,-4122.952760818219,-3186.8642297650126,-2341.139663718534,-3170.633416458853,0.0030076503753662,4,10,278.0,2.0,64.0,1,99,16,99
0.2899999999999999,0.35000000000000014,3.6026610535362145,0.25,5.679301167788545e-06,-6.175094475436387,-0.0666666666666666,-2.085380348652932,0.1847826086956521,0.0030031204223632,4,10,5.0,1.0,0.0,1,4,3,4
0.2899999999999999,0.36000000000000015,3.066961036596324,1.0358169078880044,5.578216834015452e-06,-0.0216858382047897,-0.4439252336448596,0.0579914249053294,-0.4179515418502209,0.0029993057250976,4,12,5.0,4.0,1.0,58,4,50,4
0.2899999999999999,0.3900000000000002,4.791485503821684,1.1770372409854613,1.2908762104222371e-05,-0.6886866993894409,-0.4562043795620436,-0.5547842772087246,-0.4387710947641716,0.0030016899108886,4,17,9.0,4.0,1.0,97,4,26,4
0.2899999999999999,0.4300000000000002,0.5,0.1020620726159657,0.0,0.8865918487891318,0.4893617021276596,0.9491299094936306,0.4897959183673466,0.0034973621368408,4,10,8.0,1.0,1.0,1,4,5,4
0.2899999999999999,0.4400000000000002,381.6159991841712,92.9514882434201,4.3644694970709205e-06,-5921.943984748388,-3352.522911051213,-5792.847492747618,-3140.810606060606,0.0030014514923095,4,24,1232.0,7.0,293.0,89,99,68,99
0.2899999999999999,0.45000000000000023,3012.9627773865154,622.5755810876834,1.0748563853022876e-05,-2404158.2671053763,-1474256.0631448615,-1732568.962226641,-1431138.7692307697,0.0035066604614257,4,10,6474.0,3.0,1388.0,1,73,9,70
0.2899999999999999,0.5000000000000002,636.3491245639718,151.40842254203255,6.47055248376275e-06,-79011.72357723577,-66207.80225634595,-50472.59742401227,-62591.519908987466,0.003002643585205,4,10,1906.0,3.0,440.0,1,99,6,99
0.2899999999999999,0.5300000000000002,29.19992151815937,6.257495505391914,4.986249177252292e-06,-431.726912274905,-100.16736753574432,-270.4318875182385,-97.4289080911233,0.0042409896850585,4,10,72.0,2.0,15.0,1,99,16,97
0.2899999999999999,0.5400000000000003,1.3654974673478282,0.6208193510729725,2.9989132489132747e-06,0.6647678501755756,-0.2135292107960371,0.7592921306008283,-0.1668243456322928,0.0035054683685302,4,10,6.0,2.0,0.0,1,4,6,4
0.2899999999999999,0.5700000000000003,3804.7704718878895,787.9597203114721,8.109040323561977e-06,-3418838.689823949,-2058284.9280575528,-2732929.9571099887,-2038457.6183310533,0.0040004253387451,4,10,8199.0,3.0,1758.0,1,77,22,74
0.2899999999999999,0.5800000000000003,3078.839863690542,647.651518629682,3.918108391901431e-06,-49339.58593433629,-36978.71152245659,-46751.19006283744,-34264.494911331225,0.0042402744293212,4,49,6333.0,14.0,1329.0,88,86,88,82
0.2899999999999999,0.5900000000000003,5.50094688818813,1.0103629710818451,4.037116648669186e-06,-2.727196182991861,-0.4052277819268108,-1.8756966511250368,-0.3454146073585935,0.0030004978179931,4,11,10.0,5.0,1.0,4,4,15,4
0.2899999999999999,0.6100000000000003,1.2289901003127188,0.5103103630798288,6.054313462021621e-06,-0.4962915188648822,-0.282736504543025,0.5080576759966073,-0.2351778656126482,0.0025148391723632,4,10,3.0,2.0,0.0,1,4,26,4
0.2899999999999999,0.6200000000000003,4152.451713044556,857.9422875403683,7.884678771057743e-06,-1689741.6076304708,-1179545.9921752738,-1516257.0740306491,-1163163.3950617283,0.0030045509338378,4,11,8914.0,4.0,1913.0,13,72,21,69
0.2899999999999999,0.6500000000000004,1.9338002309787157,0.1443375672974064,3.0814976212007318e-06,-2.4533066132264523,0.3118279569892472,-0.231307449581561,0.4791666666666667,0.0030133724212646,4,10,5.0,1.0,1.0,1,4,3,4
0.2899999999999999,0.6600000000000004,5.145791160420977,1.6425336120355851,5.775786401424946e-06,-3.4460801282635227,-1.5540832049306623,-3.3076714510853904,-1.4046049577569404,0.0035107135772705,4,11,6.0,4.0,0.0,52,4,19,4
0.2899999999999999,0.6900000000000004,2461.072339956711,566.6099205655804,5.738159190634346e-06,-10054065.82420749,-8040127.608695646,-1870187.1509118392,-8026169.052083331,0.0030004978179931,4,10,6486.0,1.0,1352.0,1,99,5,96
0.2899999999999999,0.7500000000000004,50.98641567450426,11.941698650806202,4.62844478572188e-06,-0.7571152095552609,-0.7240750530967994,-0.7236419627871582,-0.6783871790345046,0.0040047168731689,4,116,3.0,34.0,1.0,93,4,97,4
0.2899999999999999,0.7800000000000005,22.47058262113676,5.5170191226784775,4.233929893417861e-06,-2.116602136624198,-1.7740506329113923,-2.0214894578547944,-1.6426459017283013,0.0030224323272705,4,53,7.0,15.0,2.0,96,4,91,4
0.2899999999999999,0.8000000000000005,14.91817962532069,3.7762966867907326,4.936722371552078e-06,-0.9183873514237506,-0.7463823001793901,-0.9138451671042578,-0.7036686743989247,0.004509687423706,4,48,6.0,12.0,0.0,97,4,94,4
0.2899999999999999,0.8200000000000005,10.74418447347215,2.581988897471611,4.313964712868296e-06,-1.0068967078406663,-0.8132451894699564,-1.0015351966406287,-0.7674187401618293,0.0039925575256347,4,28,2.0,8.0,0.0,93,4,90,4
0.2899999999999999,0.8600000000000005,12.335585379975557,3.495532863527391,2.286855628915851e-06,-4.023671691408265,-1.8290624057883629,-3.969113124880942,-1.6893800440205426,0.0029990673065185,4,32,6.0,10.0,1.0,100,4,98,4
0.2899999999999999,0.9300000000000006,26.95636906805761,6.35986766109694,3.476025906109683e-06,-0.9841905173325654,-0.9064783891738736,-0.9525425626456367,-0.8462694231537302,0.0040009021759033,4,69,5.0,18.0,0.0,92,4,91,4
0.2899999999999999,0.9500000000000006,3386.161080720073,775.4151777703778,1.8166487003383729e-06,-4005.378138268907,-3509.212920145444,-3929.311913942669,-3416.4745813990253,0.0025124549865722,4,210,8943.0,52.0,1861.0,100,99,99,96
0.2899999999999999,0.9900000000000007,2574.1902812664543,600.6390000102668,1.5969088624217115e-06,-395.7888400415872,-395.6295142466441,-385.9015530374865,-384.20137412189086,0.0029995441436767,4,477,7632.0,120.0,1642.0,100,99,98,99
0.29999999999999993,0.2,2.9386079470842423,0.9071475440448852,1.3780882998865315e-05,-2.856561349098663,-0.5219747140276942,-1.5432568413302246,-0.4916918429003016,0.0029993057250976,4,10,6.0,4.0,0.0,1,4,74,4
0.29999999999999993,0.26000000000000006,1868.806980736641,386.8781165733381,1.9046561841484937e-05,-5784744.276779299,-654364.1916508541,-1637479.8058608058,-631593.2417582416,0.0045146942138671,4,10,4027.0,3.0,863.0,1,77,35,74
0.29999999999999993,0.2800000000000001,0.5400617248673217,0.2041241452319315,5.479450118706863e-06,0.7704133925521012,0.1560439560439565,0.93000699930007,0.3855606758832565,0.0040464401245117,4,10,7.0,1.0,1.0,1,4,2,4
0.29999999999999993,0.3100000000000001,1.3385315336840842,0.2886751345948128,3.165904605419983e-06,0.1885197562413997,0.269961977186312,0.639707576614508,0.3214588634435966,0.0030052661895751,4,10,8.0,2.0,2.0,1,4,5,4
0.29999999999999993,0.3200000000000001,0.4564354645876384,0.3535533905932738,7.913756607097404e-06,0.8834668608885652,-0.0588235294117642,0.9545154761092538,-0.0563380281690142,0.0041978359222412,4,10,8.0,2.0,0.0,1,4,17,4
0.29999999999999993,0.35000000000000014,1.577841352396791,0.5863019699779287,9.478488468166712e-06,-0.7324071277559652,-0.2774193548387096,0.1763165150261924,-0.1379310344827586,0.0035021305084228,4,10,5.0,2.0,1.0,1,4,3,4
0.29999999999999993,0.36000000000000015,3.1966779631361053,0.5773502691896257,4.851904811006858e-06,-0.446991580111856,-0.2080220212347618,-0.2756992938789842,-0.1962616822429905,0.0040078163146972,4,10,2.0,3.0,1.0,1,4,21,4
0.29999999999999993,0.37000000000000016,0.4330127018922193,0.1020620726159657,0.0,0.6821192052980132,-0.0105263157894739,0.9378860554194416,-0.0101010101010103,0.0053293704986572,4,10,4.0,1.0,0.0,1,4,14,4
0.29999999999999993,0.38000000000000017,0.1020620726159657,0.0,0.0,0.9309849029475198,1.0,0.9944255532638384,1.0,0.0029962062835693,4,10,3.0,0.0,0.0,1,4,1,4
0.29999999999999993,0.4000000000000002,10.767427733679014,2.694516035704124,1.294308437784268e-05,-3.2720061412487214,-1.4500018307641604,-3.2631427750646376,-1.338926174496644,0.0029997825622558,4,19,8.0,7.0,0.0,97,4,79,4
0.29999999999999993,0.4300000000000002,7.64580494999273,1.8708286933869709,9.57637157115006e-06,-0.9072217502124044,-0.5800146950771492,-0.8775573019648779,-0.5501730103806226,0.0032999515533447,4,21,9.0,6.0,1.0,95,4,100,4
0.29999999999999993,0.5000000000000002,0.25,0.2041241452319315,1.141403688996862e-06,0.900809368004133,-0.0434782608695645,0.9771724242885406,0.1578947368421051,0.0031421184539794,4,10,4.0,1.0,0.0,1,4,2,4
0.29999999999999993,0.5200000000000002,2.675116819879087,0.3952847075210474,3.779208052077581e-06,-3.2948684553269096,-0.0344827586206897,-1.0314024660693693,0.0648379052369074,0.0041117668151855,4,10,5.0,2.0,1.0,1,4,13,4
0.29999999999999993,0.5400000000000003,0.8720187306856813,0.3535533905932738,4.954639966681392e-06,0.6125393929341516,-0.1428571428571428,0.809717443436555,-0.1363636363636362,0.002509593963623,4,10,6.0,1.0,0.0,1,4,9,4
0.29999999999999993,0.6300000000000003,5611.026488085759,1202.440560727778,8.36296214769964e-06,-273691.3469682864,-123517.72182723237,-222817.76396567217,-107203.38463023747,0.0030012130737304,4,58,14796.0,18.0,3411.0,100,49,100,47
0.29999999999999993,0.6900000000000004,38.2403310219285,8.976822006330154,6.185826799254952e-06,-0.8577291589099132,-0.7492368569813455,-0.8248327943965132,-0.7021838384949668,0.0030405521392822,4,105,5.0,28.0,0.0,100,4,100,4
0.29999999999999993,0.7000000000000004,1.3385315336840842,0.6535161308899218,4.197840985484535e-06,0.7572300227890907,-0.2567049808429118,0.8097260940749591,0.0473977695167289,0.0044784545898437,4,13,11.0,3.0,1.0,6,4,4,4
0.29999999999999993,0.7200000000000004,39.68994415046041,8.522641413708937,4.103071613039048e-06,-1.1964535428639298,-1.060737780869908,-1.1392292703282867,-0.982903746843506,0.0039944648742675,4,103,4.0,29.0,0.0,99,4,99,4
0.29999999999999993,0.7400000000000004,2.0941386455215105,0.6846531968814576,4.63765099157831e-06,-0.9672897196261684,-0.4639105388004065,-0.0027629573170731,-0.4258555133079842,0.0045080184936523,4,10,5.0,2.0,0.0,1,4,12,4
0.29999999999999993,0.7600000000000005,22.571875937399028,5.367727638395972,4.5752458232498185e-06,-0.9433804831532104,-0.8564277524539279,-0.9239248996263544,-0.7949383517196627,0.0019993782043457,4,57,6.0,15.0,0.0,99,4,97,4
0.29999999999999993,0.7700000000000005,59.20999000731774,13.29669445137901,1.567555112948832e-06,-1.437280781060434,-1.4284473006869196,-1.3233303136484529,-1.278181642470578,0.0035059452056884,4,129,5.0,33.0,1.0,100,4,94,4
0.29999999999999993,0.8200000000000005,23.181350262657265,5.218157401484423,4.314294197048327e-06,-1.0431430532819346,-1.2004138753463574,-1.0088698997005858,-1.099598393574297,0.0040979385375976,4,69,2.0,15.0,0.0,100,4,92,4
0.29999999999999993,0.8500000000000005,57.6616387499812,12.947811912957857,3.369438160516554e-06,-0.8637542536233997,-0.7705495150259447,-0.824879761424987,-0.7204388433913191,0.0039997100830078,4,153,8.0,39.0,0.0,100,4,99,4
0.29999999999999993,0.8600000000000005,120.193203842813,29.39901500617552,3.311130667022568e-06,-1.0735913124335554,-0.9670826263270332,-1.004836570377034,-0.8954859048750399,0.003002643585205,4,323,9.0,84.0,1.0,100,4,99,4
0.29999999999999993,0.8900000000000006,33.400505235699654,8.423058628946297,1.915124470244167e-06,-0.8690171587692894,-0.6400357175106097,-0.8459847156457536,-0.6085721235938868,0.004157543182373,4,107,7.0,30.0,1.0,100,4,98,5
0.29999999999999993,0.9000000000000006,59.34854673873658,16.32482771731451,1.182311441758632e-06,0.1594837751466972,0.0521109279190826,0.1877290724678239,0.0859579649274239,0.0029993057250976,4,254,80.0,62.0,17.0,100,99,97,98
0.29999999999999993,0.9100000000000006,44.03005602237332,10.570694553024095,2.478353067090853e-06,-0.8493307435647823,-0.8460909643381502,-0.811808129217326,-0.7894557732343994,0.0035006999969482,4,139,6.0,31.0,0.0,100,4,98,4
0.29999999999999993,0.9200000000000006,40.50578662364181,9.573727069433303,4.392761659641027e-06,-0.6491795636882316,-0.6144491270319086,-0.6248017855087105,-0.5786470892180504,0.0044195652008056,4,122,4.0,28.0,0.0,100,4,96,4
0.29999999999999993,0.9700000000000006,55.47024352449398,12.63221740893762,1.3052147845870411e-06,0.5984933947866269,0.6443802182288798,0.6072688455731353,0.6536078240900279,0.0032057762145996,4,323,479.0,80.0,111.0,98,99,98,99
0.30999999999999994,0.23000000000000004,0.3061862178478972,0.1020620726159657,2.2199954891017917e-06,0.9158796611819686,0.7961783439490446,0.9716794109317474,0.8287671232876712,0.0045115947723388,4,10,6.0,2.0,2.0,1,4,5,4
0.30999999999999994,0.34000000000000014,20.533001891264384,4.232808366400098,7.873817581942293e-06,-509.1764705882353,-264.040128410915,-144.69998920047516,-232.69565217391303,0.0040304660797119,4,10,47.0,1.0,10.0,1,99,4,98
0.30999999999999994,0.35000000000000014,0.6454972243679028,0.2282177322938192,4.482355037371288e-06,0.3984962406015038,-0.0549450549450545,0.8314441026505415,-0.0526315789473685,0.0033977031707763,4,10,4.0,1.0,0.0,1,4,7,4
0.30999999999999994,0.3900000000000002,1.6583123951777,0.4564354645876384,2.489237866638374e-06,0.2995605671171545,-0.0810810810810811,0.5337666007346706,-0.0357327809425167,0.0045106410980224,4,10,5.0,2.0,0.0,1,4,7,4
0.30999999999999994,0.4200000000000002,5.715476066494082,1.4397627119309162,1.1306079751764523e-05,-0.7681302417365565,-0.5639787146950472,-0.701573521432447,-0.5302983697323902,0.0019993782043457,4,15,5.0,6.0,0.0,84,4,82,4
0.30999999999999994,0.4300000000000002,2.210297868312474,0.568257570707744,3.227545127104229e-06,-0.1502439772117616,-0.17396449704142,0.2053002575572724,-0.1658518239939823,0.0040044784545898,4,10,6.0,3.0,0.0,1,4,12,4
0.30999999999999994,0.46000000000000024,1.0103629710818451,0.3061862178478972,2.3896560240396965e-06,0.6196021348859777,0.0357142857142858,0.8266591198528372,0.2366412213740459,0.0030007362365722,4,10,9.0,2.0,1.0,1,4,7,4
0.30999999999999994,0.5800000000000003,4.850901977983064,1.9311050377094112,7.262841052676851e-06,-0.0608954289292424,-0.7639088482857728,-0.0440400977949915,-0.7235568821915168,0.0029997825622558,4,17,5.0,7.0,0.0,92,4,78,4
0.30999999999999994,0.6000000000000003,15.380927041848508,3.762479235823103,5.63548382060029e-06,-1.310386191870939,-0.933860041800691,-1.2993917156695989,-0.8851174210372998,0.0041155815124511,4,39,4.0,14.0,0.0,98,4,96,4
0.30999999999999994,0.6100000000000003,9.671694094969435,2.186606960566988,5.156681334781822e-06,-3.032405934851349,-1.269585372134947,-2.856146001073537,-1.2047168451894903,0.0030128955841064,4,19,2.0,6.0,0.0,81,4,73,4
0.30999999999999994,0.6600000000000004,2679.824900996332,596.1002519850723,3.2867257171801544e-06,-71049.52885473172,-49981.02145942398,-69665.28105787768,-48082.28963689671,0.0045239925384521,4,50,6212.0,12.0,1293.0,100,95,98,92
0.30999999999999994,0.6800000000000004,22.38861317723811,5.143766454003655,4.79835203273281e-06,-2.579094983710327,-1.9979713530460448,-2.461980091456132,-1.7978498413817414,0.0045135021209716,4,44,3.0,13.0,1.0,87,4,97,5
0.30999999999999994,0.6900000000000004,421.57697498005433,104.46969257476862,2.2558713043190904e-06,-92.0416064565094,-107.43146779644572,-89.23236022445488,-103.59745788092852,0.0037250518798828,4,147,1557.0,38.0,375.0,96,99,95,99
0.30999999999999994,0.7000000000000004,0.3679900360969936,0.1443375672974064,2.916642546108244e-07,0.8779223319964785,0.6571428571428573,0.9565086480880532,0.7037037037037037,0.003002643585205,4,10,5.0,2.0,2.0,1,4,5,4
0.30999999999999994,0.7200000000000004,6.746912874295424,1.75,2.6386031317433977e-06,0.1341319441577849,0.4415843934867339,0.1405149829676424,0.4596680818216906,0.0049982070922851,4,29,29.0,12.0,6.0,97,99,88,98
0.30999999999999994,0.7700000000000005,2219.582364995721,510.2387308897669,1.824905402210169e-06,-1067.8003162306704,-983.5865942901742,-1031.6547832907834,-946.2424283655216,0.0029988288879394,4,258,6112.0,67.0,1281.0,100,99,97,98
0.30999999999999994,0.7800000000000005,381.592086963728,94.64660145333622,2.115051470519812e-06,-129.30295567243857,-140.74582265962488,-127.01406700288352,-136.93797037103573,0.0029981136322021,4,123,1400.0,34.0,341.0,97,99,97,99
0.30999999999999994,0.8000000000000005,5319.521578386224,1103.2421255100803,3.775099636298568e-06,-449760.66938237706,-273542.33689370105,-441342.8063348476,-257942.3232521689,0.0030004978179931,4,35,11498.0,9.0,2468.0,94,79,92,75
0.30999999999999994,0.8100000000000005,5389.21548577187,1114.173867154494,3.269608264223329e-06,-27151.326120608468,-19984.517311737047,-26402.78488781665,-19327.067773959214,0.0032241344451904,4,120,11653.0,33.0,2497.0,99,73,91,69
0.30999999999999994,0.8300000000000005,21.67011190557169,4.573474244670748,2.0466096240116782e-06,-1.1886105447130788,-0.3553925876967863,-1.1504222280417808,-0.2986761006085927,0.0035088062286376,4,56,102.0,18.0,22.0,100,99,84,99
0.30999999999999994,0.8400000000000005,2382.5859703796627,551.9194159174568,2.101547256665223e-06,-5363.989963783974,-4754.095368438169,-5203.934167170002,-4571.233297215826,0.0033943653106689,4,132,6586.0,31.0,1398.0,100,99,99,99
0.30999999999999994,0.8500000000000005,133.88151633689642,32.113892372824154,4.109840788972579e-06,-0.7676649417797841,-0.7456584357567138,-0.7238683193576989,-0.6962368060000572,0.0033380985260009,4,394,6.0,100.0,2.0,100,4,99,4
0.30999999999999994,0.8700000000000006,70.84240138034095,16.93830717633849,2.25604254216922e-06,-0.9491346249759208,-0.932593467507104,-0.8994840613499564,-0.8735409195539907,0.0039966106414794,4,209,9.0,54.0,2.0,100,5,100,5
0.30999999999999994,0.8800000000000006,41.48330487477261,10.86373938077186,2.057051588466113e-06,-0.7977514232563769,-0.8423887635424925,-0.7663699532668908,-0.7953463608186653,0.0035061836242675,4,126,11.0,34.0,3.0,100,4,100,4
0.30999999999999994,0.9400000000000006,88.5424803884177,22.80419369326616,3.503180464877536e-06,-0.752047220454243,-0.6867166446762019,-0.7109549237131503,-0.6430708834529801,0.0035068988800048,4,264,3.0,80.0,1.0,100,4,100,4
0.30999999999999994,0.9500000000000006,4.558645632202618,0.9682458365518544,2.39094660731671e-06,-9.862685043389485,-4.718067504963599,-3.0798380334976168,-4.199306759098788,0.0027024745941162,4,11,5.0,3.0,1.0,2,4,7,5
0.30999999999999994,0.9600000000000006,34.8375695191269,8.680677776917346,3.910393409179677e-06,-0.6269162897941587,-0.579997042328825,-0.6111650804296496,-0.5471678743444746,0.0039992332458496,4,115,8.0,29.0,1.0,100,4,100,4
0.30999999999999994,0.9800000000000006,520.416259674247,127.59816482483856,1.196041846496786e-06,-8.411691428060335,-8.69713990425417,-8.20653008167078,-8.455782111266865,0.0035028457641601,4,665,2368.0,156.0,569.0,100,99,96,99
0.3199999999999999,0.2,0.478713553878169,0.0,0.0,0.8029666946543521,1.0,0.9280010472574944,1.0,0.0045197010040283,4,10,5.0,1.0,0.0,1,4,4,4
0.3199999999999999,0.25000000000000006,1.0458250331675945,0.3952847075210474,1.0793574540373568e-05,0.1953380697692982,-0.1329661683713612,0.6749125359918264,-0.1269722013523668,0.0035150051116943,4,10,4.0,2.0,0.0,1,4,30,4
0.3199999999999999,0.2800000000000001,0.3535533905932738,0.1443375672974064,8.510278885328344e-07,0.9156352984254852,0.3118279569892472,0.9695245835026411,0.3127147766323026,0.0030033588409423,4,10,6.0,1.0,1.0,1,4,5,4
0.3199999999999999,0.3000000000000001,0.408248290463863,0.2282177322938192,5.956392455755733e-06,0.7233429394812678,-0.0549450549450545,0.942895892073236,0.1134751773049643,0.0045239925384521,4,10,5.0,1.0,0.0,1,4,3,4
0.3199999999999999,0.3300000000000001,308.9617863371888,74.91821930167143,6.608347820267606e-06,-8532.828030420611,-3696.1630333786,-8161.02093075039,-3475.501709787728,0.003523826599121,4,15,987.0,5.0,234.0,74,99,59,99
0.3199999999999999,0.35000000000000014,0.4208127057650866,0.1443375672974064,1.4584879907394576e-06,0.7242777496198682,0.3118279569892472,0.9135959339263025,0.3127147766323022,0.0035181045532226,4,10,4.0,1.0,1.0,1,4,5,4
0.3199999999999999,0.4200000000000002,1.286953767623375,0.7071067811865476,4.0210977419081215e-06,0.64584686774942,-0.2050209205020918,0.7537784935579783,-0.1825572801182557,0.0045070648193359,4,10,6.0,3.0,0.0,1,4,12,4
0.3199999999999999,0.4300000000000002,31.28281610298749,6.634034720037774,5.642850821778373e-06,-350.32686689260254,-358.8935226264419,-201.4719827586207,-274.96342259960807,0.003509521484375,4,10,71.0,2.0,15.0,1,99,3,98
0.3199999999999999,0.46000000000000024,2.9982633862510037,0.924211375534118,1.0989193257036375e-05,-1.9965277777777777,-0.6621621621621623,-1.255383650428601,-0.5660809778456839,0.0039994716644287,4,10,7.0,3.0,0.0,1,4,83,4
0.3199999999999999,0.49000000000000027,0.9298297335175584,0.2700308624336608,3.228556514446125e-06,0.5793918918918918,-0.0786516853932584,0.8051826119613181,0.0489130434782607,0.0039973258972167,4,10,6.0,1.0,0.0,1,4,4,4
0.3199999999999999,0.5000000000000002,1.4252192813739224,0.5,7.022089928090025e-06,0.1293023255813955,-0.1636363636363635,0.5911949685534591,-0.1560693641618498,0.0030522346496582,4,10,6.0,2.0,0.0,1,4,18,4
0.3199999999999999,0.5100000000000002,0.8477912478906585,0.3061862178478972,3.669790064099204e-06,-0.1236641221374046,-0.0601226993865031,0.7063329928498467,-0.0575793184488839,0.0035097599029541,4,10,0.0,2.0,0.0,1,4,12,4
0.3199999999999999,0.5500000000000003,4.789311015167004,1.274754878398196,7.764803956389536e-06,-1.2623287671232872,-0.5294117647058822,-1.1267348535334514,-0.5041943881978594,0.0035107135772705,4,12,4.0,5.0,0.0,98,4,98,4
0.3199999999999999,0.6100000000000003,61.50889163364919,13.59380986576856,1.8496709392609187e-06,-0.9604220423851716,-0.8768845550245978,-0.894905452199785,-0.8028840046383106,0.0030040740966796,4,165,5.0,37.0,1.0,100,4,100,4
0.3199999999999999,0.6300000000000003,24.57280848146313,6.454972243679028,4.513150077207607e-06,-0.7848654238197084,-0.7392564678599898,-0.7726369224182745,-0.6943767870380175,0.0030078887939453,4,71,6.0,23.0,0.0,98,4,97,4
0.3199999999999999,0.6500000000000004,0.9736101204623268,0.3679900360969936,3.2747703589393792e-06,0.3405797101449275,-0.1566265060240961,0.711101939744119,-0.149425287356322,0.003009557723999,4,10,4.0,1.0,0.0,1,4,6,4
0.3199999999999999,0.6700000000000004,20.72036035722674,5.645794895318107,4.367416543329406e-06,-0.5919512782930183,-0.8456087002959154,-0.5739353615724689,-0.7851829812555786,0.0039999485015869,4,61,5.0,17.0,1.0,100,4,100,4
0.3199999999999999,0.7100000000000004,4042.511160054684,835.2946024706891,2.9290020572116176e-06,-3700.239586797455,-2814.120604548473,-3568.8817670784565,-2701.6449516289917,0.0055451393127441,4,246,8325.0,59.0,1757.0,100,80,98,76
0.3199999999999999,0.7700000000000005,37.35806472503628,8.78564169540279,4.308577702139885e-06,-1.10346318618886,-1.0385378099244602,-1.0626409810030115,-0.9687340588335316,0.0036609172821044,4,91,7.0,23.0,0.0,99,4,99,4
0.3199999999999999,0.8000000000000005,19.45400558582559,4.938159238690736,4.155124057419651e-06,-0.858164824416159,-0.623861961328362,-0.842614024802157,-0.5842830459381176,0.0030059814453125,4,50,7.0,15.0,1.0,97,4,97,4
0.3199999999999999,0.8500000000000005,144.95469838309253,34.09148231841301,4.061728387169685e-06,-0.6554274333053798,-0.6853444742369486,-0.6200595133671758,-0.6442230480948579,0.0035097599029541,4,400,6.0,93.0,1.0,100,4,100,5
0.3199999999999999,0.9000000000000006,0.816496580927726,0.1767766952966369,2.835435630749816e-07,0.6746968814528512,-0.032258064516129,0.8257602570036209,0.2187500000000002,0.0030000209808349,4,10,5.0,1.0,0.0,1,4,2,4
0.3199999999999999,0.9100000000000006,5977.408849332906,1238.3967373853447,2.704657260852904e-06,-4021.677723023962,-2951.7345328195784,-3917.509676440637,-2864.027387695659,0.0030016899108886,4,356,13081.0,94.0,2807.0,100,78,99,74
0.3199999999999999,0.9200000000000006,86.95934155301161,21.602951187279945,2.0317745427483785e-06,-0.5762452412315622,-0.6045130885013161,-0.5502375673486177,-0.567970590664552,0.0031061172485351,4,249,6.0,66.0,1.0,98,4,97,4
0.3199999999999999,0.9500000000000006,292.07754392740753,72.82663489411,1.590779938268094e-06,-27.579112145063643,-28.208756339490115,-26.913993988687896,-27.427706736629,0.0025091171264648,4,220,1221.0,55.0,301.0,100,99,96,99
0.3199999999999999,0.9900000000000007,668.2504130813039,162.25805706754082,9.565208846460522e-07,-22.10171017865653,-21.604422582448294,-21.460482789108447,-20.94175175335159,0.0029971599578857,4,508,2706.0,122.0,645.0,100,99,96,99
0.32999999999999985,0.2,0.6123724356957945,0.1767766952966369,1.7727707778074708e-06,0.5622545915136161,-0.032258064516129,0.8547156866701643,-0.030927835051546,0.0026803016662597,4,10,3.0,1.0,0.0,1,4,7,4
0.32999999999999985,0.24000000000000005,1.103970108290981,0.5303300858899106,1.1299315601195698e-05,0.6869477967613368,-0.1618108471537425,0.8218066068627302,-0.0154193305754037,0.0037415027618408,4,11,6.0,2.0,0.0,3,4,3,4
0.32999999999999985,0.3100000000000001,4.006505127081873,0.9128709291752768,8.358973742208238e-06,-3.848453067645516,-0.6964877402253147,-2.984486102133161,-0.6600954554886902,0.0034406185150146,4,10,5.0,3.0,1.0,1,4,52,4
0.32999999999999985,0.38000000000000017,3180.793675523453,673.0052470077778,1.576491955230355e-05,-4076882.586725548,-906067.7545040156,-2785895.761702616,-887565.0747091244,0.0038504600524902,4,10,7941.0,3.0,1788.0,1,56,67,53
0.32999999999999985,0.3900000000000002,15.427248620541512,3.444500447573397,9.299616759064353e-06,-1.6908623388604545,-1.2170765830612953,-1.6199581458016803,-1.1141531322505802,0.0042088031768798,4,35,1.0,9.0,0.0,87,4,87,4
0.32999999999999985,0.4000000000000002,0.5103103630798288,0.1443375672974064,8.171527662216625e-07,0.8412593425491104,0.3118279569892472,0.9348466289645826,0.4791666666666667,0.0044636726379394,4,10,7.0,1.0,1.0,1,4,3,4
0.32999999999999985,0.4200000000000002,2808.128192927928,580.3155481431345,1.028837923202879e-05,-812911.243582143,-309403.51639916265,-782849.1127197518,-302144.31775700924,0.0029993057250976,4,11,6039.0,4.0,1295.0,42,74,41,70
0.32999999999999985,0.4400000000000002,5.359959576962001,1.4397627119309162,5.477867684448555e-06,-1.0832290806089937,-0.5731225296442688,-0.9741739678176716,-0.538937437166499,0.0039975643157958,4,18,7.0,6.0,1.0,99,4,98,4
0.32999999999999985,0.47000000000000025,36.07414240144871,8.382770027463078,6.6527923628818935e-06,-1.636639381726015,-1.3158338905834857,-1.553630659021044,-1.2145696755619313,0.0042054653167724,4,73,6.0,20.0,1.0,98,4,98,5
0.32999999999999985,0.49000000000000027,15.235307129603044,4.222953153106642,3.913339582136891e-06,0.0573192158252171,-0.1858778708574149,0.0789480754549147,-0.1270869542318429,0.0050048828125,4,58,19.0,14.0,4.0,99,96,97,97
0.32999999999999985,0.5000000000000002,2.200852107707376,0.816496580927726,3.7594942124662103e-06,0.3235441196526799,-0.3406065895701506,0.4396510170635304,-0.2588512981904016,0.0029981136322021,4,10,7.0,3.0,1.0,1,4,17,5
0.32999999999999985,0.5100000000000002,28.24409967881197,5.941555632436116,4.877528679751872e-06,-538.4681538009979,-601.4888888888889,-194.64173308808503,-519.583717357911,0.0034606456756591,4,10,64.0,1.0,14.0,1,99,3,99
0.32999999999999985,0.5200000000000002,4.87232832774366,1.5172617880027603,9.28291312007762e-06,-0.9191747296028914,-0.6402010050251254,-0.8396241645410221,-0.5992474129821264,0.0041451454162597,4,15,4.0,5.0,0.0,98,4,82,4
0.32999999999999985,0.5600000000000003,21.59909334516922,4.853048869868645,5.34083223325649e-06,-3.5259718385771066,-2.1143250688705235,-3.2001667462259364,-1.89593339737432,0.0040328502655029,4,41,4.0,12.0,1.0,98,4,94,4
0.32999999999999985,0.5900000000000003,35.743006308927065,8.885264017836874,3.2920694249990074e-06,-1.8973613475197373,-1.492306427524218,-1.7869714097172469,-1.383003609563457,0.0045118331909179,4,73,8.0,25.0,2.0,91,4,96,5
0.32999999999999985,0.6000000000000003,2539.831158266234,552.3671314593824,2.677739527899688e-06,-2169.5524025387963,-1812.121582610882,-2065.6572511982777,-1718.414845531243,0.0040004253387451,4,205,5648.0,53.0,1176.0,98,92,93,89
0.32999999999999985,0.6100000000000003,18.52672619038057,4.373213921133975,6.129321390013811e-06,-2.203324746026345,-1.5666356011183598,-2.1156863190063384,-1.4152809934750574,0.0030021667480468,4,38,3.0,10.0,0.0,95,4,76,4
0.32999999999999985,0.6200000000000003,0.9071475440448852,0.3679900360969936,3.861759645973001e-06,0.1791319406862215,-0.1566265060240963,0.6742402375159787,-0.0797342192691028,0.0040051937103271,4,10,3.0,1.0,0.0,1,4,3,4
0.32999999999999985,0.6300000000000003,35.8476231197179,7.839536550927825,5.59098053845575e-06,-1.8463050912470464,-1.665775564665296,-1.7295007556932536,-1.5225425518724531,0.0035769939422607,4,76,6.0,20.0,1.0,100,4,100,5
0.32999999999999985,0.6600000000000004,1.1681538140730154,0.7430231041719587,2.777257896422427e-06,0.7846243427925537,-0.1608487337440109,0.8277584937414537,-0.1494252873563217,0.0030004978179931,4,10,7.0,3.0,2.0,1,4,11,4
0.32999999999999985,0.6800000000000004,5.738212555607655,1.35400640077266,4.998993949799295e-06,-2.381690533236753,-0.846153846153846,-2.2370380231641254,-0.8144329896907214,0.0030140876770019,4,14,5.0,3.0,0.0,87,4,16,4
0.32999999999999985,0.7100000000000004,0.3535533905932738,0.1020620726159657,0.0,0.8831998377775524,0.4893617021276596,0.9624718538904178,0.4897959183673467,0.0029938220977783,4,10,6.0,1.0,1.0,1,4,5,4
0.32999999999999985,0.7300000000000004,4864.582410777928,1006.2963653914288,4.153815689555446e-06,-71126.33166002213,-52722.15357497967,-70117.2214322113,-51169.23881586912,0.0039992332458496,4,75,10502.0,18.0,2252.0,100,75,100,72
0.32999999999999985,0.7400000000000004,8240.071414536811,1917.0376262391585,1.6802430233390305e-05,-258589.6041420441,-220156.99875195007,-247389.1464958314,-208202.66536638912,0.0040011405944824,4,60,26996.0,15.0,7230.0,100,35,93,32
0.32999999999999985,0.7700000000000005,24.87322020433489,6.200638407992089,2.7375243212497613e-06,-0.9896263706813764,-0.8462019413631228,-0.9632907308533452,-0.7918867484853191,0.0029997825622558,4,65,6.0,19.0,0.0,98,4,96,4
0.32999999999999985,0.8200000000000005,83.12127184622076,20.33341871566773,4.270570984602215e-06,-0.7663251967225724,-0.6894827224610891,-0.7255485523369367,-0.645771274654849,0.0046443939208984,4,251,3.0,72.0,0.0,100,4,100,4
0.32999999999999985,0.8500000000000005,216.9810859652672,52.23185490356117,2.020622753851961e-06,-0.7060414936864625,-0.6784862451466813,-0.6646783735526609,-0.634136674882773,0.0039982795715332,4,621,7.0,164.0,0.0,100,4,100,4
0.32999999999999985,0.9200000000000006,201.7815444154065,49.493896930160325,1.6487348177815414e-06,-0.5288625617077771,-0.5905217709625248,-0.4920084298761042,-0.5456321527452572,0.0045313835144042,4,586,23.0,151.0,4.0,100,97,99,82
0.32999999999999985,0.9500000000000006,209.57332646753176,53.809076062191096,1.3045588399321338e-06,-0.1824643708752056,-0.244069677927565,-0.1545608621229905,-0.2123715987864769,0.0039999485015869,4,737,95.0,188.0,21.0,100,99,100,99
0.32999999999999985,0.9600000000000006,92.23865106342352,21.24240060194076,1.252706099019548e-06,0.8045200760948621,0.8200905512177216,0.8091605015405903,0.8247081365587511,0.0029997825622558,4,797,1061.0,186.0,249.0,100,99,98,99
0.32999999999999985,0.9800000000000006,2252.380123058717,519.7676163440735,1.07553907541881e-06,-34.151111614692766,-30.34161771077501,-33.3953241211912,-29.620372365120563,0.0029997825622558,4,1425,7570.0,347.0,1626.0,100,99,100,99
0.32999999999999985,0.9900000000000007,6496.944139042088,1345.200813695363,3.1122289313527554e-06,-2750.8560915467137,-1969.9469934671492,-2691.858638841711,-1921.722239783527,0.0029990673065185,4,472,14236.0,110.0,3054.0,100,77,98,73
0.33999999999999986,0.21000000000000002,0.7569125885243729,0.2282177322938192,4.364781271716392e-06,0.5174997715434526,-0.0549450549450545,0.8511058772570994,0.1134751773049645,0.004000186920166,4,10,4.0,1.0,0.0,1,4,3,4
0.33999999999999986,0.22000000000000003,0.7839536550927825,0.3061862178478972,1.2499185673158326e-05,0.6044416509532788,-0.0601226993865031,0.8354529228023204,0.0384615384615382,0.002995491027832,4,10,5.0,2.0,0.0,1,4,30,4
0.33999999999999986,0.26000000000000006,0.1767766952966369,0.0,0.0,0.2421052631578946,1.0,0.985645933014354,1.0,0.0040292739868164,4,10,2.0,1.0,0.0,1,4,2,4
0.33999999999999986,0.2800000000000001,13.936238732168734,2.830267949623616,1.1202396315581256e-05,-238.32611311672684,-103.8636363636364,-71.91462985413163,-103.48369565217392,0.0040028095245361,4,10,32.0,1.0,7.0,1,99,8,98
0.33999999999999986,0.34000000000000014,1.194605932235954,0.2886751345948128,6.011845514587201e-06,0.2972857448172689,0.0191570881226054,0.6257239645940335,0.1111111111111111,0.0037143230438232,4,10,6.0,1.0,1.0,1,4,4,4
0.33999999999999986,0.4000000000000002,1.070436048222094,0.25,3.804913031317463e-06,0.1935853379152348,-0.0666666666666666,0.647255002565418,0.078341013824885,0.0029990673065185,4,10,4.0,1.0,0.0,1,4,3,4
0.33999999999999986,0.4100000000000002,4.313254764869178,1.0257111354242645,4.637691341126305e-06,-0.9627272311003254,-0.982011447260834,-0.6999971444616835,-0.9363496932515338,0.0029971599578857,4,11,5.0,5.0,1.0,11,4,10,5
0.33999999999999986,0.45000000000000023,3.7513886317824574,0.8955910525085282,3.786855537759208e-06,-0.700641202155698,-0.3773057574063723,-0.3945806451612903,-0.3546798029556652,0.0029952526092529,4,10,6.0,3.0,0.0,1,4,17,4
0.33999999999999986,0.5400000000000003,1.1319231422671772,0.338501600193165,3.236509429466957e-06,-0.1406491499227202,-0.083076923076923,0.5649867374005306,0.0,0.0029993057250976,4,10,3.0,2.0,0.0,1,4,11,4
0.33999999999999986,0.5600000000000003,25.095442813387454,6.336073968423454,6.925749568600109e-06,-1.4849951448080274,-1.2197397392592952,-1.4333533500013689,-1.1258053128585297,0.0030028820037841,4,54,5.0,16.0,1.0,100,4,92,4
0.33999999999999986,0.6100000000000003,75.89404620917243,18.36039669142981,2.656730044400606e-06,-1.011048106224027,-1.08679391281919,-0.9416464914762416,-1.0056720569387254,0.0039994716644287,4,196,5.0,47.0,0.0,100,4,100,4
0.33999999999999986,0.6300000000000003,4.479118216792229,1.0557382882766606,3.2082909034988626e-06,-0.892254789585722,-0.6153483252083662,-0.5359341605792844,-0.5382403680276018,0.0029981136322021,4,11,10.0,4.0,2.0,11,4,14,4
0.33999999999999986,0.6400000000000003,4271.310214432648,882.4740848414001,4.565469805665481e-06,-62048.25787279457,-33147.54079219628,-61325.157074523166,-32110.21472044807,0.0029988288879394,4,76,9206.0,19.0,1974.0,100,73,93,69
0.33999999999999986,0.6500000000000004,13.460203688404324,2.9386079470842423,3.0772537895403987e-06,0.3548909549478265,0.4297016080488434,0.3616366882182643,0.4473333333333333,0.0029993057250976,4,69,79.0,16.0,17.0,96,99,95,98
0.33999999999999986,0.6600000000000004,94.17852064032436,22.612680808195503,5.325654233269236e-06,-1.3950585169532608,-1.408182955446719,-1.2907958343120662,-1.2797696451792686,0.0030000209808349,4,215,5.0,57.0,0.0,99,4,99,4
0.33999999999999986,0.7100000000000004,77.30095406914458,19.00027412082959,4.649555570013912e-06,-1.2456898126640952,-1.0891043041398785,-1.1647996071040536,-1.0018934722572812,0.0039973258972167,4,211,5.0,57.0,0.0,100,4,99,4
0.33999999999999986,0.7300000000000004,11.47188592458392,2.806243040080456,2.550776851005373e-06,-6.551891609175362,-2.2918764457749354,-6.363715313193955,-2.057757644394111,0.0031623840332031,4,20,8.0,7.0,1.0,84,4,90,4
0.33999999999999986,0.7800000000000005,85.46301588016499,19.68210905026864,3.868846649556745e-06,-1.110167542865046,-1.045544473900879,-1.04001249766847,-0.9634137391973704,0.0029997825622558,4,205,6.0,56.0,2.0,100,4,99,4
0.33999999999999986,0.7900000000000005,112.37191782944112,27.737422074398577,4.29220853834785e-06,-0.7117806980217241,-0.6785281999140671,-0.6713566799944852,-0.6353642000511914,0.0029985904693603,4,321,3.0,78.0,0.0,100,4,99,4
0.33999999999999986,0.9200000000000006,69.49722716291157,17.248792228249876,1.6793167973759295e-06,-0.82239885933111,-0.7594661190965093,-0.7807194234436625,-0.7137690137937946,0.0029995441436767,4,201,6.0,54.0,1.0,100,4,96,5
0.34999999999999987,0.22000000000000003,281.2441295683639,66.9643095238053,1.1832667977698482e-05,-6278.510780707572,-3566.863247863248,-6109.185475759405,-3455.0452793834297,0.003000259399414,4,14,851.0,4.0,196.0,42,99,39,99
0.34999999999999987,0.24000000000000005,430.4086357753524,99.57602832342062,1.3822696961006809e-05,-184052.3298835705,-194012.1464968153,-49531.51169786097,-193863.96945010184,0.0029997825622558,4,10,1177.0,2.0,260.0,1,99,6,99
0.34999999999999987,0.38000000000000017,3.662876829305985,0.962851667357612,1.0363904023628184e-05,-4.100990099009901,-0.7715115073605636,-2.653797055402684,-0.7184784707472482,0.0029983520507812,4,10,4.0,3.0,0.0,1,4,77,4
0.34999999999999987,0.4000000000000002,2.7651100038395096,0.2282177322938192,4.9113289763056645e-06,-4.47803778278784,0.1111111111111111,-1.2637552430298538,0.1134751773049645,0.0029971599578857,4,10,5.0,1.0,1.0,1,4,5,4
0.34999999999999987,0.4200000000000002,3.92109678533953,1.118033988749895,9.280215435511731e-06,-2.2703101920236333,-0.6805251641137855,-1.889867841409692,-0.6351001498841806,0.002997875213623,4,10,4.0,3.0,1.0,1,4,59,4
0.34999999999999987,0.4400000000000002,17.17859617857835,3.572172541558801,5.287207548131278e-06,-80.60590512197318,-38.5693135935397,-58.09593441665452,-38.21254801536492,0.0029964447021484,4,10,40.0,3.0,8.0,1,99,14,95
0.34999999999999987,0.49000000000000027,8.850612031567836,2.3935677693908453,7.858324688823813e-06,-0.998322551714402,-0.539179104477612,-0.986795209498572,-0.513858688172635,0.0029988288879394,4,29,5.0,8.0,0.0,99,4,95,4
0.34999999999999987,0.5100000000000002,1.9311050377094112,0.7772815877574012,5.096757531094096e-06,0.3537784630427015,-0.3439536567704562,0.460485864126831,-0.3181818181818181,0.0029997825622558,4,10,7.0,2.0,1.0,1,4,12,4
0.34999999999999987,0.5400000000000003,19.071684945664,4.232808366400098,6.095854743513168e-06,-1.7780150713165153,-1.5021593853707325,-1.7358792884739391,-1.3951762264834082,0.0029971599578857,4,36,5.0,10.0,1.0,98,4,81,4
0.34999999999999987,0.6200000000000003,21.683807322516035,5.460082416960389,2.8320174930457487e-06,-2.006001947927621,-1.7453237410071942,-1.940442649381952,-1.612005001323343,0.0030100345611572,4,59,6.0,15.0,1.0,100,4,97,5
0.34999999999999987,0.6500000000000004,23.822695761255343,5.578978401105349,4.441220517834189e-06,-5.700563176747309,-3.3496087826772616,-5.232212308396248,-2.8356867779204102,0.0053019523620605,4,37,9.0,12.0,0.0,84,4,64,4
0.34999999999999987,0.7300000000000004,35.73178440361839,8.87118462589223,2.655099457927557e-06,-0.6977846715460114,-0.6282364139646508,-0.6776246272979416,-0.5915314935748897,0.0040907859802246,4,112,7.0,28.0,0.0,100,4,95,4
0.34999999999999987,0.7700000000000005,82.43855034711208,19.695071295462053,4.270563976622392e-06,-1.1321468954864238,-1.091909845677784,-1.0585530617895325,-1.0072110396068157,0.0040175914764404,4,204,5.0,58.0,0.0,100,4,98,4
0.34999999999999987,0.8300000000000005,6401.586043708231,1343.9423040691393,3.860377517657348e-06,-1202.1166353218794,-881.4865144271845,-1172.375605576542,-859.0170849374745,0.0041756629943847,4,721,15398.0,193.0,3403.0,100,63,99,60
0.34999999999999987,0.8900000000000006,205.1302939597172,49.83880265415693,3.823312445476256e-06,-0.543933285276216,-0.5858112384408456,-0.5147699434781454,-0.550078041818922,0.0019969940185546,4,697,7.0,163.0,1.0,100,4,100,4
0.34999999999999987,0.9700000000000006,491.0881624854476,122.46568396902047,2.06062734822026e-06,-0.580991500459527,-0.5822425615208124,-0.5472584281772401,-0.5466969169597826,0.0035128593444824,4,1549,7.0,401.0,1.0,100,4,100,5
0.3599999999999999,0.2,0.9128709291752768,0.2282177322938192,7.3716820024843426e-06,0.5195195195195195,0.1111111111111111,0.7771587743732591,0.1134751773049645,0.0029981136322021,4,10,6.0,1.0,1.0,1,4,5,4
0.3599999999999999,0.23000000000000004,1.0458250331675945,0.25,1.4095554044079078e-06,0.61532590444207,0.0754414125200642,0.789541199815598,0.184782608695652,0.0030231475830078,4,10,5.0,1.0,1.0,1,4,3,4
0.3599999999999999,0.2700000000000001,0.1443375672974064,0.0,0.0,0.9433962264150944,1.0,0.9904924890663624,1.0,0.0036530494689941,4,10,4.0,0.0,0.0,1,4,1,4
0.3599999999999999,0.3100000000000001,0.2282177322938192,0.1443375672974064,6.587199729957774e-07,0.923359412422162,-0.0212765957446807,0.9812706023374288,0.3127147766323022,0.004244327545166,4,10,5.0,1.0,0.0,1,4,4,4
0.3599999999999999,0.34000000000000014,4.420595736624948,1.4754942674688143,8.515729702463151e-06,-4.168192383849398,-1.1472602739726026,-3.7113187171953097,-1.0744416873449132,0.0029985904693603,4,11,6.0,6.0,1.0,79,4,79,4
0.3599999999999999,0.35000000000000014,2.748105407973525,0.5863019699779287,4.424034111110279e-06,-0.3392857142857144,-0.1617161716171617,-0.0975037466507213,-0.1542497376705136,0.0029969215393066,4,10,3.0,3.0,0.0,1,4,13,4
0.3599999999999999,0.38000000000000017,31.15585819713525,6.624606906576923,6.337586156724097e-06,-184.17223820661965,-242.0576923076924,-136.0382352941177,-201.93834296724472,0.0029971599578857,4,10,71.0,2.0,15.0,1,99,4,98
0.3599999999999999,0.47000000000000025,13.684693395664128,4.190763653560053,5.906967382346823e-06,-0.4174332609240196,-0.8890756302521008,-0.4115238066075772,-0.8423007998601337,0.0049998760223388,4,43,5.0,12.0,0.0,94,4,92,4
0.3599999999999999,0.5000000000000002,275.2224479095652,67.65314417428556,6.357130013247255e-06,-29444.250548338103,-33186.373721479154,-18301.459037023986,-33010.79564237416,0.0030009746551513,4,10,907.0,2.0,221.0,1,99,22,99
0.3599999999999999,0.5200000000000002,1.577841352396791,0.4564354645876384,4.672835597064687e-06,-0.300090661831369,-0.1538461538461542,0.2214730121502326,-0.1467889908256883,0.0039975643157958,4,10,2.0,2.0,0.0,1,4,24,4
0.3599999999999999,0.5400000000000003,2.071633815776009,0.699702317656111,1.8420899315717408e-06,0.196081221163032,-0.0722433460076041,0.4137317680540734,0.0033927056827823,0.0050079822540283,4,10,5.0,4.0,1.0,1,4,13,4
0.3599999999999999,0.5500000000000003,0.3061862178478972,0.0,0.0,0.8181435487265838,1.0,0.9592741753020498,1.0,0.0039961338043212,4,10,4.0,0.0,0.0,1,4,1,4
0.3599999999999999,0.5700000000000003,8.484667544066374,2.099106952968333,5.7762096775523495e-06,-2.708799409683208,-1.2061172380072795,-2.689802455953016,-1.1256281407035176,0.0049972534179687,4,17,4.0,6.0,0.0,88,4,99,4
0.3599999999999999,0.5800000000000003,3.4338996296727524,1.070436048222094,9.774000617152535e-06,-1.2305876557400603,-0.5172413793103448,-0.926120025182488,-0.4864864864864864,0.0029995441436767,4,12,3.0,4.0,0.0,99,4,98,4
0.3599999999999999,0.5900000000000003,33.15195444213408,7.662136342648396,2.496404464224583e-06,0.6612016568260856,0.6689695679306927,0.6695261336956897,0.680147826639668,0.0044949054718017,4,198,290.0,48.0,66.0,100,99,96,99
0.3599999999999999,0.6400000000000003,171.51876719473003,41.23042464814869,2.623054608138773e-06,-0.8619075820844389,-0.8786714160917257,-0.8023771632393082,-0.8159540905619125,0.0034806728363037,4,479,5.0,130.0,2.0,100,4,100,4
0.3599999999999999,0.6600000000000004,0.1020620726159657,0.0,0.0,0.4893617021276596,1.0,0.9923757243061908,1.0,0.0029985904693603,4,10,1.0,0.0,0.0,1,4,1,4
0.3599999999999999,0.6700000000000004,76.79023104102066,18.78718534888431,5.8748397501073306e-06,-0.7825977027389981,-0.8038916444105302,-0.7437443390924732,-0.7497773015401696,0.0029983520507812,4,198,5.0,47.0,0.0,100,4,99,4
0.3599999999999999,0.7100000000000004,23.153473461520484,5.957313432524206,1.854944110469836e-06,0.2638218251602465,0.1510951576357364,0.2819987957044935,0.1839208209176879,0.0029993057250976,4,103,40.0,26.0,9.0,100,99,96,99
0.3599999999999999,0.7200000000000004,17.718869414647575,4.747806511081372,4.954147291876751e-06,-0.8623151886586611,-0.6646153846153846,-0.8478825987581053,-0.6273246151648009,0.0030021667480468,4,56,5.0,19.0,0.0,100,4,100,4
0.3599999999999999,0.7300000000000004,62.25937011138698,15.52786473837705,4.160897605061327e-06,-0.9044498774377828,-0.8505895021398966,-0.8596754116325596,-0.7949936837501388,0.0034351348876953,4,161,9.0,55.0,3.0,97,4,97,4
0.3599999999999999,0.7800000000000005,247.4124003224845,58.4022509554783,4.037835483880107e-06,-0.7806200854937324,-0.7700366168524013,-0.7307673848803187,-0.7178029912547805,0.0029993057250976,4,697,6.0,177.0,1.0,100,4,100,4
0.3599999999999999,0.8200000000000005,90.62681032674602,22.36673497257329,3.1675012702749e-06,-0.8700453190551809,-0.834080146646978,-0.8265264460038677,-0.778543124837981,0.0030057430267333,4,282,11.0,76.0,0.0,100,4,100,4
0.3599999999999999,0.8900000000000006,521.6496769065104,126.71383441966128,2.1103065107394306e-06,-0.594330395472392,-0.6038219184923752,-0.559102723548365,-0.5662345098359984,0.0029993057250976,4,1562,6.0,384.0,0.0,100,4,100,4
0.3599999999999999,0.9300000000000006,6195.322175171092,1282.997158349672,3.251646171385535e-06,-91847.27990656489,-51162.16937148407,-90933.68948667326,-50121.54190785822,0.0029995441436767,4,104,13379.0,30.0,2867.0,100,77,99,74
0.3599999999999999,0.9400000000000006,437.91593323757166,109.93298147811086,3.4797430594341585e-06,-0.565181866157946,-0.5439078593670987,-0.5328560304400938,-0.5112779041136355,0.0030043125152587,4,1413,7.0,397.0,1.0,100,4,100,4
0.3599999999999999,0.9500000000000006,380.29125351498686,95.109476394311,3.823420383718817e-06,-0.5078601208435645,-0.5128133881854298,-0.4802558259387799,-0.4832002335687075,0.0029976367950439,4,1255,7.0,312.0,1.0,100,4,100,4
0.3599999999999999,0.9700000000000006,332.59508352249185,83.98617197689947,2.836236442204065e-06,-0.500626336481869,-0.498717172450501,-0.4737081477538896,-0.4699852867531,0.003371238708496,4,1115,6.0,285.0,0.0,100,4,100,4
0.3699999999999999,0.24000000000000005,1.0257111354242645,0.338501600193165,5.387376637656686e-06,0.5064141722663409,-0.083076923076923,0.7686457760674362,-4.440892098500626e-16,0.0041420459747314,4,10,6.0,2.0,0.0,1,4,9,4
0.3699999999999999,0.26000000000000006,0.7772815877574012,0.2700308624336608,4.035298026917573e-06,0.482094688866152,0.045454545454545,0.8198757763975155,0.0489130434782607,0.0029985904693603,4,10,6.0,1.0,1.0,1,4,5,4
0.3699999999999999,0.2700000000000001,1.103970108290981,0.338501600193165,5.57598737272912e-06,0.1607262945527908,-0.083076923076923,0.6137466574229968,-0.0794896957801765,0.0019981861114501,4,10,5.0,2.0,0.0,1,4,24,4
0.3699999999999999,0.2800000000000001,0.5951190357119042,0.2041241452319315,1.7719972922724025e-06,0.6402116402116402,-0.0434782608695645,0.9110320284697508,0.1578947368421053,0.0029997825622558,4,10,4.0,1.0,0.0,1,4,3,4
0.3699999999999999,0.3300000000000001,3.538478957593691,0.60380736442456,6.813481170281338e-06,-1.3837874687545195,-0.1305518169582773,-0.8136552244436055,-0.0856079404466498,0.0029990673065185,4,10,5.0,3.0,1.0,1,4,12,4
0.3699999999999999,0.37000000000000016,1.4577379737113252,0.338501600193165,4.366047272010839e-06,0.0551454624402952,0.2229580573951435,0.5443479037769985,0.2666666666666663,0.0030028820037841,4,10,6.0,2.0,2.0,1,4,5,4
0.3699999999999999,0.38000000000000017,0.408248290463863,0.0,0.0,0.7837837837837838,1.0,0.9391542439914816,1.0,0.004871129989624,4,10,4.0,0.0,0.0,1,4,1,4
0.3699999999999999,0.4100000000000002,0.7905694150420949,0.2886751345948128,4.402457640412929e-06,0.6906552094522018,-0.0491803278688525,0.8872095646289195,0.5294117647058825,0.0041620731353759,4,11,7.0,3.0,0.0,3,4,3,4
0.3699999999999999,0.4200000000000002,4.110454151712841,1.0358169078880044,1.0322573369944158e-05,-1.75153292926437,-0.7569296375266525,-1.3274167396076963,-0.7041694242223693,0.0032033920288085,4,10,9.0,3.0,1.0,1,4,81,4
0.3699999999999999,0.4300000000000002,2.553592241007427,0.7216878364870323,5.864495979616374e-06,-0.2936390054891831,-0.2711864406779662,-0.0028194284249642,-0.2465719272001993,0.0040109157562255,4,10,5.0,2.0,0.0,1,4,15,4
0.3699999999999999,0.4400000000000002,15.588791379278469,3.2914029430219167,7.9987021372516e-06,-1.915168460348948,-1.4188390347901931,-1.8656747952299764,-1.3084948169851942,0.0039970874786376,4,30,5.0,8.0,0.0,87,4,65,4
0.3699999999999999,0.49000000000000027,15.389728717557045,3.308763616015304,7.74603431882863e-06,-1.062944438773774,-0.906035704165486,-1.0404170753573223,-0.8393741577556477,0.0029969215393066,4,38,3.0,11.0,0.0,87,4,84,4
0.3699999999999999,0.5100000000000002,3.934357211370959,1.0103629710818451,5.713426523940789e-06,-1.209699654579532,-0.4491682070240295,-0.9806995094902956,-0.4254545454545457,0.0029988288879394,4,11,5.0,5.0,0.0,49,4,45,4
0.3699999999999999,0.5700000000000003,39.88629672790728,9.05883546599672,4.982796614385696e-06,-1.7352656074753805,-1.4922575011121917,-1.644303687010625,-1.3770155450420003,0.0030000209808349,4,110,6.0,28.0,1.0,99,4,99,4
0.3699999999999999,0.5900000000000003,262.71540764992574,62.56971112287478,1.6841376295415284e-06,-27.501454124603548,-31.41382928643556,-26.17000575109153,-29.75642052768501,0.0029995441436767,4,216,967.0,44.0,224.0,100,99,98,99
0.3699999999999999,0.6200000000000003,12.385727673415074,4.584848234492973,1.6824839016091598e-06,0.8550348849275211,0.6661887957653285,0.8625597282365238,0.6885052574385191,0.004469871520996,4,138,107.0,37.0,23.0,99,99,98,98
0.3699999999999999,0.6600000000000004,91.48924117075188,21.54090101798592,2.7128469623533538e-06,-1.0014255327274748,-1.0059028044888336,-0.9377742447318536,-0.93272578332992,0.0035088062286376,4,210,6.0,51.0,1.0,99,4,99,5
0.3699999999999999,0.6800000000000004,4.90110531751087,1.2119199643540823,5.1213043586051e-06,-1.9756438518199908,-0.6939056438493305,-1.6997283881240044,-0.6557069046500705,0.0030086040496826,4,12,6.0,4.0,2.0,66,4,66,4
0.3699999999999999,0.7000000000000004,42.275756448978335,9.652827737680465,3.868270609411521e-06,-0.7559886631311354,-0.7468570731111925,-0.7308527285683961,-0.696171904035922,0.0043559074401855,4,136,7.0,33.0,1.0,100,4,97,4
0.3699999999999999,0.7500000000000004,2968.06150437453,659.8467072611132,2.752140313574266e-06,-3256.8934338868658,-2423.300730801948,-3169.6978980972244,-2345.5300717014093,0.0029995441436767,4,195,7062.0,53.0,1470.0,100,96,100,92
0.3699999999999999,0.8100000000000005,574.1304747906466,137.23113865543297,4.164325958996618e-06,-0.6030291253124023,-0.625922782542379,-0.5671843850458347,-0.5866613826778968,0.0029997825622558,4,1695,9.0,407.0,1.0,100,4,100,4
0.3699999999999999,0.8300000000000005,180.96388336718832,45.6122699135514,2.7029549266321737e-06,-0.5925946836136395,-0.6003990460555639,-0.5611578915398934,-0.563509480154978,0.0030004978179931,4,597,7.0,163.0,0.0,100,4,100,4
0.3699999999999999,0.8500000000000005,453.4603299444543,109.587484078551,4.333268120672997e-06,-0.6015245922289922,-0.6109931373820345,-0.5664297745118676,-0.5736508563646121,0.0030081272125244,4,1324,8.0,320.0,1.0,100,4,99,4
0.3699999999999999,0.8600000000000005,5614.473449450387,1161.6668071496806,2.4942294198697447e-06,-968.1696871637616,-661.1687673186386,-948.3188685298684,-646.106019831203,0.0029993057250976,4,708,12368.0,169.0,2654.0,100,74,99,71
0.3699999999999999,0.8700000000000006,49.852804167201406,13.593426720293891,2.1397356758582358e-06,-0.7072929732817679,-0.6926139768989854,-0.6719855919494317,-0.6469605180697726,0.0039958953857421,4,176,5.0,46.0,2.0,100,4,100,4
0.3699999999999999,0.8800000000000006,139.45283700950654,37.08211608489102,3.848377167407768e-06,-0.6574571122731399,-0.6105738338281343,-0.6236917204812358,-0.5737788097326122,0.003037691116333,4,444,7.0,128.0,2.0,100,4,100,5
0.3699999999999999,0.8900000000000006,64.54407408895104,16.472514987092893,4.481627372726435e-06,-0.5706236729179703,-0.5499245089362081,-0.5482693977137971,-0.5197215506538846,0.0030033588409423,4,211,7.0,54.0,1.0,100,4,99,4
0.3699999999999999,0.9300000000000006,11.685104478209285,3.582364210034113,4.320900985054923e-06,-1.9497678147393689,-1.1595092024539877,-1.935748584533792,-1.063789868667918,0.0029997825622558,4,33,4.0,11.0,0.0,100,4,100,4
0.3699999999999999,0.9900000000000007,6998.689739723905,1458.859200425684,2.3829973810658814e-06,-323.79923994373814,-217.35332708728905,-317.60671438874687,-212.9778183499154,0.0029993057250976,4,1535,16212.0,383.0,3525.0,100,67,100,64
0.3799999999999999,0.25000000000000006,7.153087911291645,1.898464291649086,1.531441559460623e-05,-2.64797623468251,-0.8119135937159063,-2.56158821311523,-0.7549198620409823,0.0032660961151123,4,14,3.0,7.0,0.0,70,4,70,4
0.3799999999999999,0.2900000000000001,1.5343293866268306,0.2282177322938192,2.2916665012835057e-06,0.2515523664964811,-0.0549450549450545,0.5545832594256881,0.1134751773049648,0.0033953189849853,4,10,7.0,1.0,0.0,1,4,3,4
0.3799999999999999,0.3100000000000001,0.5400617248673217,0.1767766952966369,3.293706154708934e-06,0.8156757868751285,-0.032258064516129,0.93842906148298,0.2187500000000001,0.0031218528747558,4,11,7.0,1.0,0.0,2,4,2,4
0.3799999999999999,0.3200000000000001,13.954912516147614,2.839454172900137,7.707133213584789e-06,-118.65597706513766,-64.93078970718723,-49.39219385967279,-60.62420382165604,0.0034887790679931,4,10,32.0,2.0,7.0,1,99,25,98
0.3799999999999999,0.4000000000000002,0.770551750371122,0.2700308624336608,6.852191428612679e-07,0.8615349578683671,0.081967213114754,0.9238893859075188,0.2521367521367519,0.0029990673065185,4,11,10.0,2.0,1.0,2,4,9,4
0.3799999999999999,0.4300000000000002,12.562344526401112,3.971250852481285,6.167660863555809e-06,-0.7146272654500958,-0.8074239880619287,-0.6924802488113537,-0.7507950274645854,0.0031158924102783,4,39,5.0,18.0,1.0,98,4,98,4
0.3799999999999999,0.4400000000000002,3.573630273731928,0.7772815877574012,5.732911738211649e-06,-0.9710941032640554,-0.1544681733360977,-0.5573395660789588,-0.1464716347104173,0.0029964447021484,4,10,5.0,4.0,1.0,1,4,25,4
0.3799999999999999,0.46000000000000024,20.097937290511517,5.0518148554092255,6.924184081655998e-06,-1.6363387206088251,-1.1404390084088676,-1.5804901713516817,-1.0470572507603353,0.0039958953857421,4,50,3.0,14.0,0.0,99,4,97,4
0.3799999999999999,0.48000000000000026,5.655012525774516,1.7648182153789476,5.655727031502399e-06,-3.8487241498445286,-1.1144751381215467,-3.6673558744830936,-1.024236679981044,0.0030007362365722,4,12,7.0,6.0,0.0,65,4,65,4
0.3799999999999999,0.5100000000000002,35.173972384894675,8.51346971960708,4.640457463498935e-06,-0.9691301044775422,-1.0408682049276492,-0.9201197092111166,-0.9592052801117296,0.0029971599578857,4,91,5.0,24.0,2.0,100,4,88,4
0.3799999999999999,0.5200000000000002,0.7216878364870323,0.2282177322938192,2.1949246779509385e-06,0.524517087667162,-0.0549450549450545,0.8252420397749117,-0.0526315789473688,0.0045640468597412,4,10,5.0,1.0,0.0,1,4,6,4
0.3799999999999999,0.5300000000000002,3484.978304272496,723.0502950463866,6.007603430495227e-06,-13372.99695237904,-10136.222456931737,-13034.07182427177,-9736.942475300544,0.0035061836242675,4,92,7619.0,24.0,1634.0,96,80,95,76
0.3799999999999999,0.5500000000000003,38.53137249912942,9.502192729400234,6.605225976164413e-06,-0.9262894171190958,-0.8530317572367352,-0.8932587194999482,-0.7918753708094657,0.0029995441436767,4,115,6.0,30.0,1.0,100,4,96,4
0.3799999999999999,0.5600000000000003,2942.5683403278845,616.936677936507,3.2490278785641386e-06,-4407.523961559676,-3240.588295308364,-4266.518760969953,-3099.867918827906,0.0029973983764648,4,167,6113.0,40.0,1284.0,100,85,100,82
0.3799999999999999,0.6000000000000003,66.81582272685615,15.343293866268308,5.640661335948872e-06,-1.318606041930639,-1.2355970608328466,-1.2280075760305025,-1.1303169553434662,0.0030069351196289,4,160,2.0,45.0,1.0,100,5,98,5
0.3799999999999999,0.6300000000000003,79.66564242716764,21.188391082540143,1.7595811959110516e-06,0.7085786044797227,0.655974460233804,0.7182578321201323,0.6682059394208512,0.0030105113983154,4,523,364.0,132.0,84.0,100,99,100,99
0.3799999999999999,0.6400000000000003,15.86663165262243,3.3166247903554,3.850478359078013e-06,-3.17301967865924,-1.1878925218517318,-3.1664368069730244,-1.136829964183816,0.0039973258972167,4,36,62.0,9.0,13.0,100,99,97,97
0.3799999999999999,0.6700000000000004,43.18902252501979,10.582513091573915,4.485370353919469e-06,-0.8173774642601337,-0.7485595208850411,-0.7848736276020478,-0.7043139704285439,0.0030045509338378,4,119,6.0,27.0,2.0,100,4,97,4
0.3799999999999999,0.6800000000000004,80.12568252439414,20.14995864346459,2.8856047638063487e-06,-0.7904579291860374,-0.8030562284158023,-0.7431795454398253,-0.7508358221961493,0.004000186920166,4,228,5.0,58.0,1.0,100,4,96,4
0.3799999999999999,0.7100000000000004,0.1767766952966369,0.0,0.0,0.8308866705813271,1.0,0.984130342784596,1.0,0.0029988288879394,4,10,3.0,0.0,0.0,1,4,1,4
0.3799999999999999,0.7800000000000005,238.3300407697975,58.2830735863052,2.5510161173682685e-06,-0.70285456205879,-0.7151791901858344,-0.6611485101221035,-0.6680849392141139,0.0029940605163574,4,682,8.0,164.0,1.0,100,4,100,4
0.3799999999999999,0.7900000000000005,108.92624607197908,26.88924041322105,4.017049269379229e-06,-0.6671800931681262,-0.6392233422418852,-0.6314075147070208,-0.5995046469307395,0.0080041885375976,4,315,4.0,79.0,1.0,100,4,96,4
0.3799999999999999,0.8100000000000005,279.01519522539746,70.9434927718298,1.2314318706220635e-06,-0.126807791355975,-0.1819726698512156,-0.1024894038288934,-0.1547575823104692,0.0045037269592285,4,1057,133.0,259.0,29.0,100,99,100,99
0.3799999999999999,0.8200000000000005,263.099929526153,67.1414086089948,1.3237572185551138e-06,-0.1857114218169213,-0.236085041631183,-0.162159547155761,-0.2097633111283185,0.0044231414794921,4,983,94.0,252.0,21.0,100,99,100,99
0.3799999999999999,0.8300000000000005,265.65012626259625,65.96803203067377,3.87024273967957e-06,-0.6137101899246953,-0.6039124153633197,-0.5789724134526466,-0.5665317298504369,0.00600266456604,4,841,5.0,201.0,1.0,100,4,99,5
0.3799999999999999,0.8400000000000005,6285.495969558277,1312.315610063626,3.6211490182416256e-06,-4290.808369369834,-2484.5457768221454,-4213.130380108678,-2434.156724556342,0.0049984455108642,4,389,14650.0,114.0,3209.0,100,65,100,62
0.3799999999999999,0.8600000000000005,9579.106121310762,2228.557738482448,1.3878957980336358e-05,-4494.506152029607,-3800.0829636416,-4406.74444086888,-3718.476389593166,0.0030245780944824,4,574,31362.0,150.0,8473.0,100,36,100,34
0.3799999999999999,0.9000000000000006,367.2557011129984,91.54091753600318,3.706707715057662e-06,-0.5695017412292629,-0.5665970301515597,-0.5364461022916827,-0.5321842204042966,0.0031113624572753,4,1159,3.0,300.0,0.0,100,4,100,4
0.3799999999999999,0.9200000000000006,26.41535222807626,6.8404434554103775,3.4444036719443137e-06,-1.050531680830792,-0.8207197051260942,-1.0158994415694322,-0.7628198839176041,0.0039980411529541,4,72,5.0,21.0,1.0,100,4,98,4
0.3799999999999999,0.9600000000000006,7315.653164903778,1541.4405464802503,2.8952724207735308e-06,-152.74327012721758,-108.58915366019237,-149.94459157998236,-106.48575219597625,0.0019965171813964,4,2336,17810.0,566.0,3935.0,100,64,100,61
0.3799999999999999,0.9700000000000006,907.0107094645208,228.0969503303365,2.1886884255085905e-06,-0.4955219284923815,-0.5051812177145842,-0.46728544058469,-0.4755877654280609,0.0041255950927734,4,2932,7.0,743.0,1.0,100,4,100,5
0.3799999999999999,0.9800000000000006,0.0,0.0,0.0,,,1.0,1.0,0.0,99,3033,3033.0,754.0,754.0,100,99,100,99
0.3899999999999999,0.23000000000000004,0.2041241452319315,0.0,0.0,0.8618705035971224,1.0,0.9806800618238022,1.0,0.0030221939086914,4,10,4.0,0.0,0.0,1,4,1,4
0.3899999999999999,0.2800000000000001,0.1020620726159657,0.1020620726159657,0.0,0.8516228748068007,-0.0105263157894739,0.9942857142857144,-0.0101010101010103,0.0019972324371337,4,10,1.0,1.0,0.0,1,4,7,4
0.3899999999999999,0.3300000000000001,3.408017507779755,0.7359800721939872,1.013924033411588e-05,-1.0638991188323086,-0.3506493506493506,-0.7427593429093928,-0.322818621215976,0.0030090808868408,4,10,5.0,3.0,0.0,1,4,61,4
0.3899999999999999,0.37000000000000016,30.01232385759779,6.913151717318713,7.227355800510991e-06,-1.6675072903863302,-1.2201790466973144,-1.5953152804885993,-1.134310861353529,0.0040187835693359,4,68,7.0,20.0,0.0,99,4,99,4
0.3899999999999999,0.38000000000000017,3821.54700214237,846.0031582387858,2.582491932256764e-05,-31184546.091751635,-9011048.049180329,-5098941.620744837,-7340730.730769231,0.0030059814453125,4,10,11201.0,2.0,2740.0,1,46,15,43
0.3899999999999999,0.4400000000000002,11.34542859481298,2.671220070804101,5.403540295887657e-06,-4.384533681931451,-2.367644799508373,-4.37765901890471,-2.162657555750496,0.0031342506408691,4,26,12.0,7.0,3.0,99,4,98,4
0.3899999999999999,0.45000000000000023,0.25,0.0,0.0,0.71875,1.0,0.9765432581414442,1.0,0.003000259399414,4,10,4.0,1.0,0.0,1,4,4,4
0.3899999999999999,0.48000000000000026,1.005194840151235,0.4330127018922193,6.178661091148989e-06,0.5883289124668435,0.0335570469798657,0.7956819378620327,0.0716864363073752,0.0049982070922851,4,10,9.0,2.0,2.0,1,4,5,4
0.3899999999999999,0.5100000000000002,85.51394866725934,19.589803895564312,4.791352388976264e-06,-15.528129083396449,-12.21413199426112,-15.224420721483394,-11.727536542308236,0.0029997825622558,4,75,324.0,22.0,75.0,100,99,98,99
0.3899999999999999,0.5400000000000003,7.877975628294365,2.0207259421636903,6.913982392660807e-06,-2.2192535641719804,-0.9125838585078264,-2.189319686742216,-0.8452268875917903,0.0040013790130615,4,21,6.0,7.0,0.0,99,4,96,4
0.3899999999999999,0.5700000000000003,2.8668362352949286,0.1767766952966369,3.4739764363609446e-06,-3.487203791469195,0.2173913043478265,-1.341246290801187,0.3684210526315788,0.003514289855957,4,10,5.0,1.0,1.0,1,4,2,4
0.3899999999999999,0.7500000000000004,48.75267086700652,10.498511799298033,3.1086857399121317e-06,-151.62648151115883,-261.9500388299249,-134.8184523809524,-257.07317073170725,0.00301194190979,4,12,111.0,3.0,24.0,5,99,5,99
0.3899999999999999,0.8800000000000006,208.03049656240307,52.138037937766704,2.441073452138524e-06,-0.6418157249647987,-0.6482675309334582,-0.6048334164895937,-0.6072180821580342,0.0039968490600585,4,640,6.0,151.0,1.0,100,4,99,4
0.3899999999999999,0.8900000000000006,713.2880656392151,176.99234917551286,1.3865526332407338e-06,-0.417444797670913,-0.4359083146737303,-0.3907389002828125,-0.4079902191600537,0.0030832290649414,4,2354,48.0,555.0,10.0,100,99,99,97
0.3899999999999999,0.9200000000000006,421.33990138604247,109.08989030458628,9.606465694856567e-07,0.1224429077174947,0.0817459658297813,0.1387588091033589,0.099460315300269,0.0040030479431152,4,1856,375.0,492.0,87.0,100,99,100,99
0.3899999999999999,0.9800000000000006,40.56106507477337,36.28360511305347,9.102839054254424e-08,0.9951911137675152,0.9184639891392672,0.999899350135238,0.9986594120693948,0.0010006427764892,90,4939,5005.0,1151.0,1182.0,100,99,99,99
0.3899999999999999,0.9900000000000007,460.3531592701412,116.6429291327454,2.1323763259807757e-06,-0.4285797018047106,-0.4303212738800843,-0.4058140155042951,-0.4063023893762749,0.0029947757720947,4,1552,6.0,393.0,1.0,100,4,100,4
0.3999999999999998,0.22000000000000003,6.95221787153807,1.906676864774592,1.6557136304014243e-05,-1.903932408469803,-1.3017312448474856,-1.8666926151774077,-1.2118004943279042,0.0029964447021484,4,16,6.0,5.0,1.0,89,4,89,4
0.3999999999999998,0.24000000000000005,14.73304109815757,3.022485180553689,1.3740767544387291e-05,-58.07474234415144,-15.319441752277577,-40.793858681481765,-15.088791047514215,0.0030000209808349,4,10,39.0,5.0,8.0,1,99,91,96
0.3999999999999998,0.25000000000000006,4.921254921257382,1.2706625568314087,1.782201202800432e-05,-2.057199211045365,-0.6623840911629988,-1.751479289940828,-0.628835645229088,0.0029995441436767,4,11,4.0,4.0,0.0,92,4,51,4
0.3999999999999998,0.26000000000000006,1.3501543121683042,0.2700308624336608,6.330202154140956e-06,0.3909512761020879,-0.038639876352396,0.6320746783281475,0.0837696335078528,0.0029985904693603,4,10,6.0,2.0,0.0,1,4,14,4
0.3999999999999998,0.2700000000000001,6.6794148945348,1.479019945774904,8.958032821677953e-06,-2.646658152405279,-0.7236662106703144,-2.566462099574489,-0.6866115171472174,0.0029969215393066,4,15,6.0,5.0,0.0,91,4,84,4
0.3999999999999998,0.3200000000000001,362.0222570275664,86.7567840767126,9.345547986882231e-06,-10843.893521885522,-5600.746911087783,-10457.749449288853,-5479.635618932037,0.0030004978179931,4,13,1110.0,6.0,259.0,24,99,62,99
0.3999999999999998,0.3300000000000001,23.611879072478185,5.134645395091401,5.156758803562589e-06,-20.798262286179742,-7.569977426636568,-20.334130543099157,-7.159515135884456,0.0030024051666259,4,25,77.0,7.0,16.0,94,99,87,97
0.3999999999999998,0.35000000000000014,7.9824025205448015,1.9418633662885072,1.017710665002958e-05,-2.1429840664957527,-1.1377952755905514,-2.1093218658981048,-1.0447356529597829,0.0029997825622558,4,17,3.0,5.0,0.0,85,4,88,4
0.3999999999999998,0.37000000000000016,1.692508000965825,0.5496210815947049,5.7366601242853225e-06,-0.5342593130702618,-0.2345898004434587,0.2462449292840698,-0.1963696369636962,0.003000259399414,4,10,2.0,2.0,0.0,1,4,25,4
0.3999999999999998,0.38000000000000017,2536.322998785184,525.1688518149822,1.2510232728893186e-05,-2310080.164588529,-882872.9868009724,-1402942.4971262405,-879342.1750249085,0.003000259399414,4,10,5466.0,4.0,1172.0,1,77,18,74
0.3999999999999998,0.4300000000000002,0.816496580927726,0.25,1.5821239044406913e-06,0.7094073688691294,-0.0666666666666666,0.8643952877362489,-0.0638297872340425,0.003507375717163,4,10,7.0,1.0,0.0,1,4,7,4
0.3999999999999998,0.5100000000000002,31.8845573906868,8.164327896403966,7.558585085174648e-06,-0.3924285674159014,-0.5961627903955431,-0.3801440046972071,-0.5589864030268552,0.003514289855957,4,97,5.0,29.0,0.0,96,4,93,4
0.3999999999999998,0.5200000000000002,3440.336605382289,716.9796312773932,9.25710988457594e-06,-2873620.5778076346,-2968404.4135338347,-2197940.682141753,-2837821.886716504,0.0029990673065185,4,10,7476.0,2.0,1603.0,1,82,14,78
0.3999999999999998,0.5600000000000003,78.6880046978784,19.06622231416946,5.529138892722e-06,-0.9923646267625894,-0.9340500997561516,-0.9393717493027924,-0.8692780209585391,0.0030632019042968,4,198,7.0,49.0,0.0,100,4,99,4
0.3999999999999998,0.5900000000000003,22.136884755237507,5.4246735692881405,5.432229371748553e-06,-1.6578922123971922,-1.3689727463312371,-1.6051452782157156,-1.2583559168925027,0.0019969940185546,4,55,4.0,14.0,1.0,100,4,99,4
0.3999999999999998,0.6000000000000003,21.4116401364616,5.984354601792912,4.186444145884547e-06,0.1845739682529881,0.0066335191360775,0.1951906000485678,0.0331833520809901,0.0030016899108886,4,92,23.0,28.0,4.0,100,97,99,82
0.3999999999999998,0.6100000000000003,68.78082642229107,15.38431289766733,4.950884729004277e-06,-1.0118120800166377,-0.9121397012413212,-0.9549379016003214,-0.8448359857096457,0.0045621395111083,4,182,4.0,43.0,1.0,100,4,97,5
0.3999999999999998,0.6500000000000004,95.12634142724788,23.471392161522928,4.15796994837819e-06,-0.6128098397986788,-0.6016297838069571,-0.5828184107311978,-0.5652246486701493,0.0029935836791992,4,298,6.0,79.0,0.0,100,4,99,4
0.3999999999999998,0.6600000000000004,34.6035583430375,8.492643875731515,3.583154204032723e-06,-1.0080797794974643,-0.9156176511274036,-0.96982450464357,-0.865422333340518,0.0030007362365722,4,91,8.0,23.0,2.0,100,4,98,4
0.3999999999999998,0.6700000000000004,0.75,0.2886751345948128,1.9328437731638228e-06,0.8116005233318796,0.0576687116564416,0.8973384030418251,0.0599294947121031,0.003002643585205,4,10,8.0,2.0,1.0,1,4,10,4
0.3999999999999998,0.7300000000000004,8.227874371103795,2.207940216581962,4.631684179394253e-06,0.4818968151681437,0.569060773480663,0.4829634096570246,0.5739683753447853,0.0019996166229248,4,55,40.0,17.0,9.0,100,99,99,99
0.3999999999999998,0.7700000000000005,188.7959381183822,45.0314704771378,6.324585384629142e-06,-0.5159878746164022,-0.5558906430660864,-0.4892790657009698,-0.5226504341976874,0.0029985904693603,4,594,2.0,131.0,0.0,100,4,100,4
0.3999999999999998,0.7800000000000005,305.8074012620798,77.48870885490349,4.32091153946516e-06,-0.6077469448671557,-0.6006757509020699,-0.5734521876384056,-0.563883184194349,0.0029971599578857,4,981,8.0,249.0,1.0,100,4,100,5
0.3999999999999998,0.8200000000000005,154.03155115105477,38.27722342769043,4.370032498807661e-06,-0.530731234313558,-0.5339610295186854,-0.5043230541302919,-0.5038931709153518,0.0030028820037841,4,492,7.0,126.0,0.0,100,4,100,4
0.3999999999999998,0.8400000000000005,91.58272671925276,22.189993991286556,4.9815365520692095e-06,-0.5514109972777235,-0.5500187009739876,-0.5268513378243396,-0.5166492927383397,0.0035078525543212,4,269,5.0,66.0,1.0,100,4,100,4
0.3999999999999998,0.8500000000000005,108.9374342608331,28.09878407808186,4.110279917002623e-06,-0.4771286715353957,-0.4424797497412962,-0.4558341274757516,-0.4196424072936759,0.0039973258972167,4,381,3.0,102.0,0.0,100,4,99,4
0.3999999999999998,0.9000000000000006,578.9591684652727,142.31556046335902,3.937736468852162e-06,-0.5350897320531705,-0.5305850224645321,-0.5043787668855102,-0.4995107124995881,0.0029995441436767,4,1849,6.0,457.0,1.0,100,4,100,5
0.3999999999999998,0.9100000000000006,359.7426452803911,91.61905960734008,1.844142186304279e-06,-0.4350415049384677,-0.4575660596004531,-0.4110992063330934,-0.4316162509707431,0.0029969215393066,4,1185,5.0,297.0,1.0,100,4,99,4
0.3999999999999998,0.9300000000000006,36.06244584051392,53.033008588991066,2.450481121745545e-07,0.9140392623438428,0.2441547970975544,0.9999622500365214,0.9987206065786852,0.0,98,3295,3244.0,879.0,804.0,100,99,100,99
0.3999999999999998,0.9600000000000006,850.0023468104858,203.8533991213621,1.7723261651152546e-06,-138.7404990013794,-112.9526607112944,-136.59998931899867,-110.6203773004204,0.0029981136322021,4,311,2935.0,91.0,694.0,100,99,100,99
0.3999999999999998,0.9700000000000006,55.17950505194639,54.2443033363361,2.916308808233376e-07,0.9867876151470428,0.7985393685812096,0.9998118601078276,0.9969801948585086,0.0,91,4679,4541.0,1133.0,1047.0,100,99,100,99
0.4099999999999998,0.21000000000000002,1758.1889504307171,371.9007904222128,3.305287998430006e-05,-3112844.367132866,-1307349.5476923075,-1140892.948714006,-1303019.510304219,0.0029995441436767,4,10,4395.0,2.0,990.0,1,54,24,51
0.4099999999999998,0.24000000000000005,1.3501543121683042,0.2282177322938192,1.842421891064677e-06,0.086112168851656,-0.0549450549450545,0.4759851479219067,-0.0526315789473688,0.0029966831207275,4,10,3.0,1.0,0.0,1,4,7,4
0.4099999999999998,0.26000000000000006,0.1767766952966369,0.1020620726159657,0.0,0.6883116883116883,-0.0105263157894739,0.9845169281585466,-0.0101010101010103,0.0040013790130615,4,10,2.0,1.0,0.0,1,4,7,4
0.4099999999999998,0.2800000000000001,0.6922186552431729,0.2282177322938192,2.2527975894265343e-06,0.852858856457417,-0.0549450549450545,0.9206841851162147,0.4658119658119657,0.0029997825622558,4,10,8.0,2.0,0.0,1,4,4,4
0.4099999999999998,0.38000000000000017,0.5,0.25,2.8498718945521087e-06,0.741906575557298,-0.0666666666666666,0.9105678938739008,-0.0638297872340425,0.0029995441436767,4,10,4.0,1.0,0.0,1,4,8,4
0.4099999999999998,0.3900000000000002,0.2282177322938192,0.0,0.0,0.6657381615598887,1.0,0.9725937294452972,1.0,0.003000259399414,4,10,2.0,0.0,0.0,1,4,1,4
0.4099999999999998,0.45000000000000023,32.04911595244607,6.700435309241732,7.064489090802631e-06,-1.1669787964632157,-1.1360536491432764,-1.116006767376165,-1.0596485694761038,0.0030622482299804,4,67,5.0,16.0,1.0,84,4,84,5
0.4099999999999998,0.49000000000000027,3270.0207361090747,677.2987939233319,1.0046051488348256e-05,-42790713.81719495,-7829053.4,-5573219.147673598,-6764734.944700463,0.0029957294464111,4,10,7046.0,1.0,1512.0,1,77,2,74
0.4099999999999998,0.5000000000000002,44.10805859855241,10.099504938362076,5.618949820266342e-06,-1.7740732380262925,-1.5386030057116624,-1.6720902979673258,-1.4151777345869632,0.0039949417114257,4,96,8.0,23.0,2.0,94,4,93,4
0.4099999999999998,0.5500000000000003,14.348707839616312,3.606995517971524,5.487147707489852e-06,-1.230563506944649,-0.8019025291916506,-1.2086291302146948,-0.7459008373055263,0.0050005912780761,4,38,3.0,12.0,0.0,97,4,97,4
0.4099999999999998,0.5600000000000003,33.10085598087558,8.290305583430968,2.976658901002153e-06,-0.5322672254918996,-0.6060732840918599,-0.5093984390560862,-0.5680440326156961,0.0039985179901123,4,104,5.0,27.0,1.0,100,4,99,4
0.4099999999999998,0.5700000000000003,0.9185586535436918,0.2886751345948128,1.765912511277388e-06,0.0076569678407351,-0.0491803278688525,0.6510275300504071,-0.0471204188481675,0.0040042400360107,4,10,2.0,2.0,0.0,1,4,9,4
0.4099999999999998,0.5900000000000003,43.23398065565249,9.92996307478868,5.7818647073559085e-06,-1.3969624040732818,-1.3280865715691097,-1.3174313023764777,-1.2245931997856716,0.0030140876770019,4,99,5.0,24.0,0.0,100,4,99,4
0.4099999999999998,0.6100000000000003,119.60795333087177,28.700137920690672,5.704866402399444e-06,-0.7807378133284828,-0.8958756861785291,-0.7312961187863709,-0.8302855963062372,0.0029997825622558,4,318,5.0,78.0,1.0,99,4,96,4
0.4099999999999998,0.6200000000000003,1827.0865640412333,405.75581480737895,2.073699104296717e-06,-189.08800401449508,-171.7703020806539,-183.937641483724,-166.66605729248823,0.0030205249786376,4,477,4608.0,111.0,949.0,100,98,100,94
0.4099999999999998,0.6300000000000003,99.0731526869582,23.520824106877438,5.62677582873492e-06,-0.7571594403790483,-0.7460917594069008,-0.7174655938485779,-0.6954920534384874,0.0029988288879394,4,265,4.0,66.0,0.0,100,4,97,4
0.4099999999999998,0.6600000000000004,206.5298101969786,49.60846701924985,4.556277845566453e-06,-0.687250154547318,-0.6755744680851063,-0.6477578138801023,-0.6328286356520272,0.0029973983764648,4,560,5.0,143.0,0.0,100,4,100,4
0.4099999999999998,0.7100000000000004,3999.666840292243,829.1196134052875,2.6618037100759143e-06,-1939.7768284537983,-1368.053356518823,-1889.563726212829,-1328.9777853955957,0.003066062927246,4,368,8326.0,107.0,1756.0,100,81,100,78
0.4099999999999998,0.7300000000000004,203.7630875142339,50.53453851904985,2.756229761562769e-06,-0.5392278780193529,-0.5558357299170864,-0.5104743521689046,-0.5240345379612716,0.0030012130737304,4,670,7.0,161.0,2.0,100,4,100,4
0.4099999999999998,0.7400000000000004,21.289424213288,5.587374159656752,4.173242799367467e-06,-0.757671774660831,-0.5163247129011346,-0.736758072885483,-0.4934595739379595,0.004997968673706,4,76,2.0,23.0,0.0,100,4,100,4
0.4099999999999998,0.8000000000000005,681.0268365368088,162.832192507092,1.8852178666153576e-06,-113.5525608672955,-89.07177919741325,-111.13370296052238,-86.87688277397321,0.0040035247802734,4,264,2396.0,73.0,567.0,100,99,100,99
0.4099999999999998,0.8200000000000005,323.86994238943095,81.90606916869267,4.2070740845694166e-06,-0.5008462548015948,-0.4935344627667306,-0.4734131692423324,-0.4646208286144426,0.003002643585205,4,1042,3.0,267.0,0.0,100,4,100,4
0.4099999999999998,0.8300000000000005,488.1163838334733,126.41441439435089,1.5751153629183646e-06,-0.4600984599944298,-0.4593548793681135,-0.4305410500019688,-0.4300493551024933,0.0059998035430908,4,1631,29.0,422.0,6.0,100,99,100,97
0.4099999999999998,0.8800000000000006,501.5251323047863,125.75940157035312,4.478532448216657e-06,-0.4338456873874159,-0.449099553319749,-0.4108463294044284,-0.4235273337310659,0.0039992332458496,4,1678,3.0,419.0,0.0,100,4,99,4
0.4099999999999998,0.8900000000000006,122.6803943858458,32.860183606709604,3.6550025672738494e-06,-0.5025908154703271,-0.4780146040561277,-0.4780404835166292,-0.4509926057607178,0.0049927234649658,4,415,3.0,117.0,0.0,100,4,100,4
0.4099999999999998,0.9000000000000006,61.24234646059865,25.124689052802225,1.1235264825843517e-07,0.9630979972315812,0.905313461660155,0.9997448880951124,0.9992570700716988,0.001000165939331,92,4043,4144.0,957.0,962.0,100,99,100,99
0.4199999999999998,0.21000000000000002,0.5773502691896257,0.2041241452319315,1.9452436768659786e-06,0.8314958038505842,0.1560439560439565,0.917395905934588,0.1578947368421051,0.0029983520507812,4,10,7.0,1.0,1.0,1,4,5,4
0.4199999999999998,0.2900000000000001,1.2332207155790618,0.5951190357119042,1.1225474728506983e-05,0.6100492446373424,-0.2612055641421942,0.7131574294190455,-0.2269938650306751,0.0030000209808349,4,10,6.0,2.0,0.0,1,4,9,4
0.4199999999999998,0.3000000000000001,1401.3601874607398,297.86908128124566,1.2922873721160052e-05,-262421.265953282,-196987.3690676946,-220499.58597176571,-182821.3867782786,0.0029997825622558,4,10,2826.0,5.0,588.0,1,88,11,85
0.4199999999999998,0.3100000000000001,10.304731922762477,2.476977324616975,1.0399905417620744e-05,-2.5379453956501625,-1.3774965311356857,-2.524762197841714,-1.3240214646464643,0.0030004978179931,4,21,6.0,7.0,1.0,82,4,97,4
0.4199999999999998,0.3200000000000001,20.37282708249725,4.777333635687032,8.633796903945742e-06,-2.6168474560885944,-1.4947634353761663,-2.5062478000703976,-1.354015578834273,0.0029981136322021,4,44,5.0,12.0,0.0,99,4,91,4
0.4199999999999998,0.34000000000000014,2.911900868276025,0.8897565210026093,7.68532409934956e-06,-0.5490316569865406,-0.3611940298507461,-0.1579112078407938,-0.3392070484581495,0.0025014877319335,4,10,7.0,4.0,0.0,1,4,18,4
0.4199999999999998,0.35000000000000014,704.0205371057485,160.98880654670788,7.040527051743192e-06,-57981.52795125666,-19064.67049808429,-57103.69012529403,-18741.52354048964,0.003002643585205,4,14,1842.0,5.0,398.0,46,99,38,99
0.4199999999999998,0.36000000000000015,2.48327740429189,0.6208193510729725,4.166492973947575e-06,-0.3759775318984097,-0.1476575121163168,-0.1033248844490828,-0.1353175820803926,0.0029997825622558,4,10,5.0,2.0,2.0,1,4,5,4
0.4199999999999998,0.38000000000000017,20.14970016319515,4.756574397610112,7.24677539111624e-06,-1.8638698374575504,-1.1633690588589274,-1.83516309261688,-1.0898480722787238,0.0030000209808349,4,44,9.0,12.0,1.0,95,4,78,4
0.4199999999999998,0.3900000000000002,518.5485552642748,122.79471351270244,5.018978901503238e-06,-638.2909614926214,-548.5617785124751,-612.043443153989,-521.0593273825624,0.0019969940185546,4,90,1613.0,24.0,368.0,100,99,100,99
0.4199999999999998,0.4000000000000002,1.9175722498339751,0.6846531968814576,9.661452388385871e-06,-0.0125493008246684,-0.1136890951276101,0.3605072463768114,-0.1086474501108647,0.0029995441436767,4,10,6.0,4.0,0.0,1,4,22,4
0.4199999999999998,0.4200000000000002,0.9789450103725608,0.5496210815947049,3.4451044172342517e-06,0.7451229366270345,-0.0879249706916764,0.8435374149659864,-0.0841121495327097,0.0029993057250976,4,10,7.0,4.0,0.0,1,4,8,4
0.4199999999999998,0.45000000000000023,7.237057413065064,1.620185174601965,7.354572405088466e-06,-1.617060383107694,-0.7173280329381699,-1.5797845048742944,-0.6716417910447761,0.0030019283294677,4,19,6.0,6.0,1.0,82,4,82,4
0.4199999999999998,0.46000000000000024,6.545513730793023,1.8902160370356256,8.092702057081298e-06,-7.93664984269968,-1.638672970590592,-7.343476144109054,-1.476355497797992,0.0030136108398437,4,12,8.0,6.0,0.0,94,4,97,4
0.4199999999999998,0.49000000000000027,10.0275661719748,2.39791576165636,6.61233492903498e-06,-2.4699228271980767,-1.4069767441860463,-2.434204721720197,-1.278731836195508,0.0029993057250976,4,25,5.0,7.0,0.0,100,4,98,4
0.4199999999999998,0.5200000000000002,1.3228756555322954,0.408248290463863,2.499026978772814e-06,0.3402871517977666,-0.1034482758620689,0.6622708266323577,-0.0989010989010985,0.003000259399414,4,10,6.0,2.0,0.0,1,4,13,4
0.4199999999999998,0.5800000000000003,22.32571387436469,5.395793114393224,5.543584204458163e-06,-0.8282381119350088,-0.6492209348781461,-0.8143067471356893,-0.6074766355140186,0.0029997825622558,4,61,4.0,17.0,0.0,99,4,96,4
0.4199999999999998,0.6300000000000003,38.71154005375313,10.36972757597807,1.9202185359400904e-06,0.4476030510865857,0.3446477129646283,0.4609535880304898,0.3658405331288885,0.0030174255371093,4,199,79.0,50.0,17.0,100,99,95,98
0.4199999999999998,0.6500000000000004,52.6100038015585,13.514652542086806,5.535022790634072e-06,-0.8567681387340964,-0.7520056954673571,-0.8204039390770659,-0.7058145960291704,0.003000259399414,4,165,4.0,40.0,0.0,100,4,100,4
0.4199999999999998,0.6900000000000004,43.73737913196598,10.986734425357398,5.681168670937176e-06,-0.8211576418262623,-0.8117691510915097,-0.7859858983710186,-0.7582857775801872,0.0029983520507812,4,108,5.0,37.0,0.0,100,4,86,4
0.4199999999999998,0.7400000000000004,6138.391741904661,1301.2258323083918,5.0753835186516e-06,-1206.6549596912464,-982.4731833785728,-1180.899916485321,-959.0046870374828,0.0030000209808349,4,681,15489.0,170.0,3489.0,100,61,100,58
0.4199999999999998,0.7500000000000004,3539.785438118625,727.7503292109641,1.7061556712524303e-06,-35.85661538187898,-25.08978240206105,-35.027810174857755,-24.467862967037224,0.0029985904693603,4,2109,8194.0,517.0,1720.0,100,81,100,77
0.4199999999999998,0.7800000000000005,495.4835075459122,119.931577715518,4.379769062407886e-06,-0.5906747501620164,-0.5800685355783872,-0.5556028028506712,-0.5442379810092448,0.0029962062835693,4,1485,4.0,348.0,0.0,100,4,100,4
0.4199999999999998,0.7900000000000005,369.4666341498241,91.51775783966738,3.2951549122776144e-06,-0.5344933045466134,-0.5334654321375176,-0.5046819180414055,-0.5020022512249929,0.0030074119567871,4,1238,7.0,321.0,1.0,100,4,100,4
0.4199999999999998,0.8000000000000005,21.730115431508104,5.670648111106877,5.340729364248859e-06,-0.5783430896785846,-0.5433151237091391,-0.5734467198889275,-0.5145419577674855,0.0030000209808349,4,77,6.0,21.0,0.0,100,4,97,4
0.4199999999999998,0.8200000000000005,109.0664934798951,27.28304571218788,5.194040130772489e-06,-0.5552680613635927,-0.5465171563737441,-0.5288851720973151,-0.5143995001945478,0.0029995441436767,4,348,6.0,91.0,0.0,100,4,100,4
0.4199999999999998,0.8300000000000005,257.1846369828493,65.7103809657703,4.482226133871908e-06,-0.5341632345680478,-0.5270533976327785,-0.5051984169125623,-0.495919237669215,0.0029995441436767,4,846,5.0,234.0,0.0,100,4,99,4
0.4199999999999998,0.8700000000000006,76.0202138688564,20.338284916219788,2.861094339016499e-06,-0.3081270103941942,-0.3662994801326817,-0.2967170765427254,-0.3474464007470506,0.0029997825622558,4,288,5.0,71.0,1.0,100,4,97,4
0.4199999999999998,0.8800000000000006,574.1100086946171,137.46336633202802,2.401840890312057e-06,-59.68319636429997,-43.07057480200184,-58.729570113798296,-42.3057127169424,0.0029962062835693,4,326,2137.0,89.0,513.0,100,99,100,99
0.4199999999999998,0.8900000000000006,44.877147116693294,11.265729744080792,4.03712020116474e-06,-0.5488641442637092,-0.4665456314477587,-0.5298487060814376,-0.4415881132872445,0.0029969215393066,4,142,3.0,38.0,0.0,100,4,96,4
0.4199999999999998,0.9800000000000006,78.72420212361634,35.152050675126574,2.089891637400941e-07,0.9963247308367624,0.9841753926003134,0.999701634686264,0.9989743863154498,0.0009999275207519,82,7291,7147.0,1671.0,1596.0,100,99,100,99
0.4299999999999998,0.21000000000000002,1403.998749851058,289.6655219098975,1.8712997209127665e-05,-490897.8651876672,-108911.50028169013,-434715.4066986744,-105832.4909998686,0.0029995441436767,4,10,3018.0,4.0,648.0,1,69,99,66
0.4299999999999998,0.24000000000000005,1.6551686721701004,0.5863019699779287,1.6054291648147655e-05,-0.8328856624319418,-0.3614095401804902,0.3441396508728181,-0.3200000000000003,0.0030033588409423,4,10,8.0,2.0,0.0,1,4,71,4
0.4299999999999998,0.26000000000000006,0.3061862178478972,0.1443375672974064,1.6362621264374734e-06,0.8860158311345646,-0.0212765957446807,0.967479674796748,-0.0204081632653068,0.0029995441436767,4,10,5.0,1.0,0.0,1,4,9,4
0.4299999999999998,0.2700000000000001,0.5303300858899106,0.2700308624336608,5.751349816020185e-06,0.5642232683254877,-0.0386398763523954,0.8836206896551725,0.0837696335078533,0.0029993057250976,4,10,3.0,2.0,0.0,1,4,7,4
0.4299999999999998,0.3000000000000001,0.5303300858899106,0.0,0.0,0.7941386704789135,1.0,0.9247050949552412,1.0,0.0030009746551513,4,10,6.0,0.0,0.0,1,4,1,4
0.4299999999999998,0.3100000000000001,2.592055169165965,0.8228507357554792,1.5007094034357207e-05,-1.0500595947556617,-0.7147568013190437,-0.4370376971749397,-0.6683778234086242,0.0029990673065185,4,10,6.0,2.0,0.0,1,4,8,4
0.4299999999999998,0.3300000000000001,0.478713553878169,0.2700308624336608,8.210040458970708e-06,0.7677844969763605,-0.0786516853932584,0.935103244837758,0.1452991452991457,0.0029988288879394,4,10,6.0,1.0,0.0,1,4,2,4
0.4299999999999998,0.34000000000000014,1.399404635312222,0.2282177322938192,4.954517237443519e-06,-0.7571804108655429,-0.019108280254777,0.4704821991888236,0.2592592592592592,0.0030031204223632,4,10,6.0,2.0,0.0,1,4,9,4
0.4299999999999998,0.4200000000000002,2.0488818088573746,0.6454972243679028,7.276968599364619e-06,-0.8854720015595301,-0.3636363636363633,0.1123348017621144,-0.3140604467805519,0.0029973983764648,4,11,7.0,2.0,0.0,2,4,49,4
0.4299999999999998,0.4300000000000002,37.10065138691413,8.563488385776752,3.847398362223522e-06,0.4989911449509537,0.4517827767124488,0.5119568539425439,0.4707562772515411,0.0043847560882568,4,189,85.0,42.0,18.0,99,99,100,98
0.4299999999999998,0.4400000000000002,0.2886751345948128,0.1767766952966369,1.1601654232706515e-06,0.5841905793178127,0.2173913043478266,0.9599118059731409,0.3684210526315787,0.004502534866333,4,10,1.0,1.0,1.0,1,4,3,4
0.4299999999999998,0.46000000000000024,1.0992421631894098,0.6208193510729725,4.688542351876352e-06,0.7017675415104445,-0.1951547779273215,0.7937557783941398,-0.1843790012804096,0.0030112266540527,4,10,8.0,3.0,1.0,1,4,16,4
0.4299999999999998,0.49000000000000027,50.29237433912488,11.393071725102644,9.615222795825797e-06,-0.6382095980102742,-0.6642982852770338,-0.618006095934504,-0.6289655460910581,0.0030202865600585,4,137,8.0,32.0,1.0,99,4,99,5
0.4299999999999998,0.5300000000000002,8.98725950072286,2.56377001048586,7.870968501732259e-06,-1.5418870604786803,-0.816317351803544,-1.52297160111409,-0.7588850174216029,0.0030028820037841,4,27,4.0,10.0,0.0,100,4,100,4
0.4299999999999998,0.5700000000000003,26.813592635079694,7.58836829188814,7.817202517622784e-06,-0.7529963704649663,-0.5826126373298661,-0.736202646274589,-0.5534024233977024,0.0040397644042968,4,82,4.0,29.0,0.0,100,4,100,4
0.4299999999999998,0.5800000000000003,146.142945148463,35.48459172655083,3.1972105035760444e-06,-0.911930047490354,-0.848564502714531,-0.8559394447849498,-0.7913689918694176,0.0029988288879394,4,408,7.0,105.0,2.0,100,4,97,5
0.4299999999999998,0.6300000000000003,128.57127562821591,29.51465031697536,2.1034821598987897e-06,0.0544607062282131,0.1559134064408953,0.0804441568266538,0.1818807126961933,0.0020146369934082,4,516,888.0,128.0,207.0,100,99,99,99
0.4299999999999998,0.6400000000000003,0.5,0.1020620726159657,0.0,0.712,-0.0105263157894739,0.9311215704281942,0.4897959183673466,0.0026791095733642,4,10,4.0,1.0,0.0,1,4,4,4
0.4299999999999998,0.6700000000000004,158.60909100678938,38.64784922864402,5.52708655169965e-06,-0.6070317903574476,-0.611076188589109,-0.5751530743611042,-0.5734076970580917,0.0029988288879394,4,460,6.0,115.0,0.0,100,4,99,4
0.4299999999999998,0.6800000000000004,371.7672743128421,91.993715817984,2.921754890434187e-06,-0.6618913426383128,-0.6316160295060673,-0.6217085551517507,-0.5927591920616062,0.0029985904693603,4,1155,8.0,279.0,2.0,100,4,99,4
0.4299999999999998,0.6900000000000004,168.8749228966022,41.49071181200278,5.342091898451353e-06,-0.633609609657243,-0.6289287583307897,-0.5982977871320285,-0.5896960164004317,0.0029988288879394,4,492,6.0,137.0,1.0,100,4,99,5
0.4299999999999998,0.7100000000000004,35.9933442921512,7.034142923389221,2.7092062844364885e-06,0.7153460672691464,0.8509312384377724,0.7199820132854204,0.8538739852317359,0.0029947757720947,4,279,334.0,75.0,77.0,100,99,99,99
0.4299999999999998,0.7200000000000004,2017.3578558971635,455.4592691265964,2.1867189387548923e-06,-84.54215869965661,-73.21402502801179,-82.65530461077311,-71.43574739606322,0.0034146308898925,4,831,5785.0,207.0,1198.0,100,99,97,96
0.4299999999999998,0.7700000000000005,6433.827307514297,1362.371737082064,5.608684001099655e-06,-19866.322708252494,-13524.277937850871,-19529.10643312929,-13261.728967788757,0.0050158500671386,4,183,16102.0,56.0,3626.0,100,60,100,57
0.4299999999999998,0.7800000000000005,31.724070777040367,9.990099265439424,2.218284729443135e-06,0.9392157742707624,0.9043079305077252,0.940183606783019,0.9061888804302328,0.0054483413696289,4,503,404.0,119.0,94.0,100,99,97,99
0.4299999999999998,0.7900000000000005,5089.960977257095,1053.0496783153203,2.922652528968948e-06,-409.5454040073485,-266.84915904428743,-402.04331099258434,-261.57821704274346,0.0049712657928466,4,983,11362.0,244.0,2436.0,100,76,100,72
0.4299999999999998,0.8000000000000005,335.74481877362354,86.25078502058209,4.851431699349404e-06,-0.5319364135070046,-0.5222878202760366,-0.5019608533947271,-0.4911356143475474,0.0040657520294189,4,1105,4.0,277.0,1.0,100,4,99,4
0.4299999999999998,0.8500000000000005,1.5444794160708866,0.9736101204623268,4.419354582247645e-06,-0.1968641114982579,-0.5337078651685394,0.1672727272727272,-0.5038836555941169,0.003312349319458,4,10,5.0,4.0,1.0,1,4,98,4
0.4299999999999998,0.8600000000000005,291.6289916143455,77.43888719500042,2.703234075549076e-06,-0.427722129192595,-0.408896059176028,-0.406076889454833,-0.3862226767855843,0.00358247756958,4,1052,8.0,292.0,2.0,100,4,100,4
0.4299999999999998,0.8700000000000006,905.4031618106194,225.2598037082219,2.8856658958827606e-06,-0.4741859606654728,-0.4889227058091634,-0.4477037687497198,-0.460470295222424,0.0029993057250976,4,2958,9.0,712.0,1.0,100,4,100,4
0.4299999999999998,0.9500000000000006,6196.837399028636,1286.269399756521,2.9637407978541656e-06,-1874.827565500716,-1213.0672395407144,-1848.6185070094093,-1193.677866871417,0.0024642944335937,4,575,13664.0,158.0,2928.0,100,80,100,76
0.4299999999999998,0.9600000000000006,55.08266514975469,42.70128803677941,2.38684781187444e-07,0.9923533751301444,0.9172196254045044,0.9998187014012544,0.9982665246508542,0.0,90,5128,5084.0,1237.0,1197.0,100,99,100,99
0.4299999999999998,0.9800000000000006,93.5497490940278,37.23051317281446,2.0762329556598865e-07,0.9756018752051316,0.9220557158447488,0.999490674223927,0.9987177591866668,0.0,91,4994,5189.0,1219.0,1270.0,100,99,100,99
0.43999999999999984,0.22000000000000003,0.7144345083117603,0.2886751345948128,2.6813152127668856e-06,0.5111711524472617,-0.0491803278688525,0.7961391246463637,0.0599294947121031,0.003002643585205,4,10,2.0,2.0,0.0,1,4,12,4
0.43999999999999984,0.26000000000000006,1.1319231422671772,0.3952847075210474,5.039039682350307e-06,0.0944785276073618,-0.0027855153203337,0.5882845188284518,-4.440892098500626e-16,0.0039999485015869,4,10,4.0,2.0,1.0,1,4,13,4
0.43999999999999984,0.2800000000000001,0.0,0.0,0.0,1.0,1.0,1.0,1.0,0.0030193328857421,4,10,0.0,0.0,0.0,1,4,1,4
0.43999999999999984,0.3200000000000001,1.5645819462932156,0.5103103630798288,8.326252314669076e-06,0.3115234375000001,-0.2251148545176109,0.5870237593139322,-0.1814744801512284,0.0030088424682617,4,10,7.0,2.0,0.0,1,4,11,4
0.43999999999999984,0.4100000000000002,511.9020393753737,121.67096168218065,7.042486716695524e-06,-41377.15639777946,-12483.629575402636,-37696.91401297748,-12155.077324437603,0.003000259399414,4,13,1549.0,5.0,358.0,91,99,91,99
0.43999999999999984,0.4200000000000002,1743.9849841670082,385.4507372328316,7.617693208078133e-06,-121595.54123087467,-60477.88904593639,-120553.26424442614,-57734.33840673575,0.0034375190734863,4,21,3954.0,6.0,823.0,80,95,100,91
0.43999999999999984,0.46000000000000024,50.5958249265688,11.784081777267728,6.329827792461794e-06,-1.104457609677636,-0.9889222506107682,-1.0468099268707332,-0.9173046416002324,0.0029985904693603,4,144,6.0,36.0,2.0,100,4,100,4
0.43999999999999984,0.48000000000000026,6.624606906576923,1.865252440466616,4.593836874722292e-06,0.3751566171619966,0.2857524726009088,0.3816233670923233,0.3138161273754494,0.0039980411529541,4,35,47.0,11.0,10.0,96,99,96,97
0.43999999999999984,0.5300000000000002,1.6832508230603465,0.478713553878169,4.174685631280426e-06,-0.1369356032568465,-0.1022964509394575,0.3312845728334359,-0.0978043912175652,0.0036549568176269,4,10,3.0,2.0,0.0,1,4,16,4
0.43999999999999984,0.5500000000000003,493.0418022338471,118.17461480086718,3.12504971574539e-06,-102.0992866546696,-89.60529804215032,-100.4046157694746,-87.61098920273686,0.00272798538208,4,179,1726.0,56.0,407.0,100,99,99,99
0.43999999999999984,0.5800000000000003,421.85330191114224,99.24469969054604,6.27103929335947e-06,-0.7702080028182385,-0.8102079572415386,-0.7203903755440098,-0.753795232930552,0.0033557415008544,4,1171,6.0,273.0,1.0,100,4,98,5
0.43999999999999984,0.5900000000000003,118.24154303796952,29.31563149584194,1.9286684352088108e-06,-0.484437159260656,-0.5070213797078194,-0.4460740475475568,-0.463657118587929,0.0032465457916259,4,380,23.0,111.0,4.0,100,98,100,82
0.43999999999999984,0.6400000000000003,0.1767766952966369,0.1020620726159657,0.0,0.972068664533023,0.7961783439490446,0.9909189974573192,0.8287671232876712,0.0033893585205078,4,10,7.0,2.0,2.0,1,4,5,4
0.43999999999999984,0.7100000000000004,215.60387577685148,53.41367646336782,4.736128152664248e-06,-0.5724406808064038,-0.5748501602435483,-0.5413388177349008,-0.5404906802254295,0.0032050609588623,4,631,5.0,168.0,0.0,100,4,100,4
0.43999999999999984,0.7800000000000005,141.8136614834175,35.23078672600618,5.242419909286065e-06,-0.5279604370564273,-0.5182331705245273,-0.5023601744846826,-0.48811608993988,0.0029993057250976,4,466,3.0,124.0,0.0,100,4,100,4
0.43999999999999984,0.8900000000000006,22.62741699796952,16.97056274847714,1.2250361405777794e-07,0.9089777777777778,0.8478002378121284,0.999984544831082,0.999863345696309,0.0,98,3273,3305.0,831.0,807.0,100,99,100,99
0.43999999999999984,0.9400000000000006,1.461306493062515,0.4677071733467426,1.5740989558682151e-06,-0.0057236304170074,-0.0862068965517244,0.3730886850152904,-0.080246913580247,0.003300666809082,4,10,3.0,2.0,1.0,1,4,12,4
0.43999999999999984,0.9500000000000006,103.67049449371518,55.39726656485086,3.074307258043276e-07,0.940664585129478,0.6752994929995941,0.9993509981512996,0.9970648690340792,0.0,93,4334,4154.0,1048.0,980.0,100,99,100,99
0.43999999999999984,0.9900000000000007,0.0,0.0,0.0,,,1.0,1.0,0.0,99,3031,3031.0,755.0,755.0,100,99,100,99
0.44999999999999984,0.22000000000000003,0.82915619758885,0.3061862178478972,1.0579432452420646e-05,0.6953260242354299,0.2596401028277635,0.8279637159837347,0.2616899097620999,0.0029990673065185,4,10,7.0,2.0,2.0,1,4,5,4
0.44999999999999984,0.24000000000000005,1.7707107800729815,0.5103103630798288,1.414087823998411e-05,0.1544943820224719,-0.1928429423459248,0.5004232294899669,-0.1515430677107321,0.0029983520507812,4,10,10.0,2.0,1.0,1,4,65,4
0.44999999999999984,0.25000000000000006,1675.4338088735904,345.8464706340084,1.9732662102974284e-05,-2869664.5547420965,-1703745.126738795,-1027919.090784254,-1502949.1308900532,0.0039970874786376,4,10,3595.0,2.0,771.0,1,70,9,66
0.44999999999999984,0.2700000000000001,13.032811157485044,3.2834813841409245,1.2208182823495008e-05,-1.155313257706664,-0.6852388948252175,-1.1429998317772738,-0.6402795606903438,0.003995656967163,4,32,4.0,10.0,0.0,95,4,94,4
0.44999999999999984,0.3200000000000001,19.06868069199685,4.256123040201414,5.494103622871301e-06,-5.18125005764247,-2.8360294117647054,-4.896452702702701,-2.558056265984655,0.0029995441436767,4,33,7.0,9.0,1.0,100,4,51,5
0.44999999999999984,0.35000000000000014,2.832107577994405,0.2282177322938192,5.595730146236887e-06,-2.64084125498695,-0.0549450549450545,-0.9024088943792464,-0.0526315789473688,0.0029995441436767,4,10,5.0,1.0,0.0,1,4,8,4
0.44999999999999984,0.38000000000000017,4.977030573879704,1.3501543121683042,6.695220881020928e-06,-5.1607880178113605,-0.7684210526315793,-4.627203672590454,-0.7150137201097613,0.003005027770996,4,12,8.0,5.0,1.0,23,4,92,4
0.44999999999999984,0.4000000000000002,3117.383334491712,653.2194867857714,1.0282346028529991e-05,-133839.752338355,-102673.34861618798,-130753.8100911002,-97297.78147268407,0.0039992332458496,4,36,7420.0,10.0,1640.0,98,61,98,58
0.44999999999999984,0.45000000000000023,24.453825535758885,5.905505905508858,4.840767016923958e-06,-1.8147642697643815,-1.4957331324786658,-1.729735847046919,-1.3809015851342985,0.0035109519958496,4,69,6.0,17.0,1.0,99,4,98,4
0.44999999999999984,0.5300000000000002,0.5773502691896257,0.1767766952966369,3.85248929379884e-07,0.8771593090211133,0.2173913043478266,0.9398315282791816,0.4680851063829786,0.0029995441436767,4,10,8.0,1.0,1.0,1,4,3,4
0.44999999999999984,0.5500000000000003,48.16486444148542,11.574937004868175,7.979475561112494e-06,-0.7681908885442528,-0.808368202062393,-0.7396868913554575,-0.7550323115885074,0.0029981136322021,4,130,8.0,31.0,1.0,100,4,96,4
0.44999999999999984,0.5600000000000003,5607.584036745831,1243.1907369077896,1.2548525549857052e-05,-2300.5293949494426,-1759.6375443433744,-2226.112446548399,-1702.4664921526078,0.0019993782043457,4,489,16484.0,131.0,4041.0,100,42,100,40
0.44999999999999984,0.6500000000000004,33.18257574892783,6.976896396918428,1.53664219789107e-06,0.8210263126092308,0.8815202325817247,0.8262923283652792,0.885409823563497,0.0040590763092041,4,327,398.0,95.0,92.0,100,99,99,99
0.44999999999999984,0.6600000000000004,6.895801862969479,2.29128784747792,5.349454938455985e-06,0.8194664323487284,0.6948844717990112,0.8204403753877838,0.701308553005879,0.0045688152313232,4,65,40.0,19.0,9.0,99,99,98,99
0.44999999999999984,0.6700000000000004,6737.892097434231,1491.821607409322,1.140191988976515e-05,-101108.46027661629,-62242.755971582825,-99955.38370872688,-61108.67767770057,0.0029294490814208,4,89,19757.0,28.0,4827.0,100,47,98,44
0.44999999999999984,0.7000000000000004,359.31046522007495,91.09112882163664,2.3001993270122902e-06,-0.4755415360464716,-0.5063717705830468,-0.4437526648052796,-0.4720017911592045,0.0046393871307373,4,1160,29.0,301.0,6.0,100,99,100,98
0.44999999999999984,0.7100000000000004,247.61518784194155,63.59884039823368,2.368524243512733e-06,-0.106331077166361,-0.1648863425429694,-0.0865556960023812,-0.1425070577325879,0.0039992332458496,4,891,101.0,227.0,22.0,100,99,100,99
0.44999999999999984,0.7500000000000004,0.0,0.0,0.0,,,1.0,1.0,0.0,99,3035,3035.0,700.0,681.0,100,99,99,99
0.44999999999999984,0.7900000000000005,879.9190540422833,217.3759464230883,2.544774848719971e-06,-0.4833097942527053,-0.4951376660720925,-0.4560888874633744,-0.4662139165236132,0.0054552555084228,4,2762,6.0,724.0,1.0,100,4,100,5
0.44999999999999984,0.8000000000000005,7148.270103231271,1531.3434359248092,6.97847407124678e-06,-798423.2440929929,-550473.7125827814,-796489.4379947229,-540181.8938212356,0.0030000209808349,4,36,18814.0,11.0,4330.0,100,55,97,52
0.44999999999999984,0.8200000000000005,600.9315078137719,152.99169367430812,4.2103902760975225e-06,-0.4749906104610171,-0.4752092213651986,-0.4491629461009676,-0.448152674071316,0.0034821033477783,4,2035,10.0,506.0,2.0,100,4,99,5
0.44999999999999984,0.8400000000000005,720.896577187047,183.7294206162965,4.797859765996052e-06,-0.470338276669715,-0.48386787571489,-0.4441903833540588,-0.4558244318388038,0.0059998035430908,4,2420,6.0,600.0,0.0,100,4,100,4
0.44999999999999984,0.8500000000000005,40.915436166154535,11.805277774509728,4.304998749665327e-06,-0.4345145846094798,-0.3632348679999873,-0.4240616811319693,-0.3437115524644085,0.002906322479248,4,155,5.0,44.0,0.0,100,4,98,4
0.44999999999999984,0.9400000000000006,709.0553648458396,183.5452941374417,1.6153357477592932e-06,-0.3472950224425064,-0.368024445776725,-0.3275297122836544,-0.3468344660079268,0.0030019283294677,4,2567,23.0,625.0,4.0,100,97,99,82
0.44999999999999984,0.9600000000000006,80.34307945720444,19.60840593555053,1.3944650037525614e-06,0.9740151300665254,0.9771937237558432,0.9743631812056044,0.9775176618923864,0.0040016174316406,4,2053,1996.0,513.0,483.0,100,99,100,99
0.44999999999999984,0.9700000000000006,86.62717048747851,36.995495221265344,1.924229934256373e-07,0.9941879428167044,0.976994579999247,0.9996255360222476,0.998884885714908,0.0009996891021728,85,6733,6784.0,1587.0,1571.0,100,99,99,99
0.44999999999999984,0.9900000000000007,221.84375622025752,69.25975053000307,2.854258665851091e-07,0.9864243068949446,0.9682466753864312,0.9983206892559056,0.9970565415999056,0.0009996891021728,77,9164,8978.0,2094.0,1885.0,100,99,100,98
0.45999999999999985,0.21000000000000002,17.098976577561594,3.468609231377902,1.1848802136747545e-05,-375.80436302615,-588.7872340425531,-100.38708279150408,-588.2857142857147,0.0029995441436767,4,10,39.0,1.0,8.0,1,99,9,97
0.45999999999999985,0.22000000000000003,0.7637626158259734,0.1443375672974064,6.4344874413681904e-06,0.5788154183641493,0.3118279569892472,0.8448753462603878,0.4791666666666667,0.0039975643157958,4,10,7.0,1.0,1.0,1,4,3,4
0.45999999999999985,0.25000000000000006,1.0752906583803283,0.25,1.504026600547158e-06,0.6061502069781197,-0.0666666666666666,0.8092914576317779,0.1847826086956521,0.0030548572540283,4,11,6.0,1.0,0.0,2,4,2,4
0.45999999999999985,0.2700000000000001,1.9121323175972944,1.0801234497346437,1.1666264192907083e-05,-0.2027412906910335,-0.5564562825709323,0.1185112634671891,-0.5277588323557492,0.0029993057250976,4,11,5.0,4.0,0.0,99,4,98,4
0.45999999999999985,0.3000000000000001,27.418629615646367,5.723671607164991,4.687265647468705e-06,-4.19808324686637,-2.557860004713646,-3.8775427311292665,-2.227494766224704,0.0040020942687988,4,45,10.0,14.0,1.0,82,4,64,4
0.45999999999999985,0.3200000000000001,0.568257570707744,0.1443375672974064,6.381272515691243e-07,0.7187942927336293,-0.0212765957446807,0.8943097746411647,0.3127147766323022,0.00325608253479,4,10,4.0,1.0,0.0,1,4,2,4
0.45999999999999985,0.3900000000000002,1441.8661085551598,316.60159967483844,8.392678417233471e-06,-210982.79174558428,-78981.58002735979,-192625.1458725425,-77283.64380371054,0.0030016899108886,4,14,3144.0,6.0,649.0,99,95,95,91
0.45999999999999985,0.4000000000000002,26.115927451780585,6.274120124235217,9.167898679784823e-06,-1.1769888149452696,-0.937710644525512,-1.134457523558542,-0.8745039682539681,0.0033581256866455,4,63,3.0,19.0,0.0,98,4,98,4
0.45999999999999985,0.4200000000000002,55.3210327693425,13.089435944047908,7.2688370483994306e-06,-0.9955917663160684,-0.9004066777473012,-0.9471165013881988,-0.8376750193286586,0.003000259399414,4,135,9.0,43.0,1.0,100,4,100,4
0.45999999999999985,0.4300000000000002,7.875992001011682,2.25,8.451098521497112e-06,-1.5419862602547854,-1.3893071132278385,-1.521392672506869,-1.2630966239813737,0.0029966831207275,4,21,5.0,5.0,1.0,90,4,52,4
0.45999999999999985,0.46000000000000024,495.15564682565554,118.60552615006324,3.6759102247230016e-06,-356.4664356720562,-310.4554836973756,-348.566161052174,-300.3742468199062,0.0039958953857421,4,103,1621.0,31.0,378.0,99,99,99,99
0.45999999999999985,0.47000000000000025,87.96181700033259,19.92485884517128,6.528056207351163e-06,-1.1163091814595123,-1.1019784295622892,-1.0498555636123794,-1.0160769867181827,0.0029993057250976,4,206,7.0,51.0,1.0,99,4,98,5
0.45999999999999985,0.48000000000000026,1564.8665977488304,353.5725850750687,5.417859210115813e-06,-45055.0392899068,-26262.451445244824,-45032.90049021203,-25651.579941860466,0.0040018558502197,4,25,3866.0,8.0,799.0,75,99,75,96
0.45999999999999985,0.5700000000000003,3786.0576337728935,786.769495839368,8.647348707979576e-06,-22379176.681856688,-15502068.304347817,-6784096.372313153,-10536275.418439714,0.0029997825622558,4,10,8197.0,1.0,1758.0,1,80,3,77
0.45999999999999985,0.6100000000000003,432.7842875883242,102.32754801779106,3.67258339594127e-06,-0.8271906511482008,-0.82229025854316,-0.7722876011748945,-0.7650698026003431,0.0030014514923095,4,1224,11.0,307.0,3.0,100,4,100,4
0.45999999999999985,0.6200000000000003,7231.439417715074,1740.6801023594198,2.702228349368267e-05,-1071.930651714997,-1098.0680017820184,-1048.0821103383869,-1071.3389159976978,0.003000259399414,4,845,25101.0,207.0,7270.0,100,31,100,29
0.45999999999999985,0.6500000000000004,3395.80427850556,698.9232492436729,2.1310507763028964e-06,-79.66783168738554,-58.278328158589,-77.65725813958016,-56.68441426661593,0.0029985904693603,4,1432,7623.0,331.0,1608.0,100,79,99,76
0.45999999999999985,0.6700000000000004,0.4894725051862804,0.25,2.340683015114952e-06,0.7060311543070165,0.0754414125200642,0.9143835616438356,0.184782608695652,0.0029995441436767,4,10,5.0,1.0,1.0,1,4,2,4
0.45999999999999985,0.6900000000000004,6209.565624066094,1341.7831652319985,6.449804633554976e-06,-91.15795476941032,-73.55376071578924,-88.78601566357577,-71.52126000717901,0.0030021667480468,4,2512,16746.0,599.0,3891.0,100,48,100,45
0.45999999999999985,0.7200000000000004,118.4324702098204,32.73377460666582,1.9086746958661647e-06,0.6663097795586304,0.6010416205841875,0.6733340267654696,0.6098939723491343,0.0030028820037841,4,813,401.0,217.0,93.0,100,99,100,99
0.45999999999999985,0.7400000000000004,3382.4698138589006,695.4761558337808,1.6961608432975867e-06,-33.161509387859866,-21.44079814140182,-32.42200372290018,-20.94552445398929,0.0040013790130615,4,2292,8079.0,575.0,1696.0,100,84,100,81
0.45999999999999985,0.7700000000000005,302.5178197230702,76.59158461171393,4.364373490939383e-06,-0.4692299496785919,-0.4570175715662325,-0.4447394041372547,-0.4314523918458643,0.0030019283294677,4,1025,7.0,263.0,0.0,100,4,100,4
0.45999999999999985,0.7900000000000005,41.573228565187634,25.219040425836983,1.937049957629676e-07,0.9030563276702356,-0.1920033319450229,0.9999344938074018,0.9995865140329596,0.0,97,3460,3403.0,809.0,797.0,100,99,100,99
0.45999999999999985,0.8100000000000005,172.471646220473,44.7438310459293,4.595143968595039e-06,-0.4996820477816506,-0.4827886912992207,-0.4743344663840774,-0.4552252819242017,0.0049977302551269,4,592,5.0,167.0,0.0,100,4,99,4
0.45999999999999985,0.8200000000000005,0.0,0.0,0.0,,,1.0,1.0,0.0,99,3120,3120.0,772.0,772.0,100,99,100,99
0.45999999999999985,0.8300000000000005,0.3227486121839514,0.1443375672974064,0.0,0.8333333333333334,-0.0212765957446807,0.9567099567099568,-0.0204081632653068,0.002000093460083,4,10,3.0,1.0,0.0,1,4,6,4
0.45999999999999985,0.8400000000000005,416.5601697234146,107.09740504170335,4.593784214107908e-06,-0.4018099713942382,-0.4150086999879203,-0.3808406661174879,-0.3920968547215209,0.0029993057250976,4,1426,3.0,341.0,0.0,100,4,100,4
0.45999999999999985,0.8800000000000006,346.3578752934279,138.08169884367572,5.087038906031642e-07,0.9060140928768092,0.6887522083123234,0.9940021494516932,0.983181733311045,0.0,82,6791,6048.0,1571.0,1296.0,100,99,100,99
0.45999999999999985,0.8900000000000006,23.400244198969983,23.89261691102804,1.3807371930645224e-07,0.9973129500365536,0.9628119939695126,0.9999676043495288,0.9994810367342148,0.001000165939331,93,4425,4471.0,1126.0,1095.0,100,99,100,99
0.45999999999999985,0.9200000000000006,703.7552619696709,184.8261007000905,4.3258536738303205e-06,-0.3884127013303302,-0.3913264707884587,-0.3679782433423999,-0.3698836021713114,0.0030007362365722,4,2493,4.0,640.0,0.0,100,4,100,4
0.45999999999999985,0.9400000000000006,169.38205335867198,69.99857141399387,3.4150645071006055e-07,0.9917752400826704,0.9614579257670368,0.999037644658532,0.996794525388189,0.0009994506835937,75,8967,8533.0,1904.0,1774.0,100,98,98,95
0.45999999999999985,0.9500000000000006,1.015504800579495,0.1020620726159657,1.7454634707780653e-06,0.1828733556873871,0.7961783439490446,0.7281414762741651,0.8287671232876712,0.0019960403442382,4,10,6.0,2.0,2.0,1,4,5,4
0.46999999999999986,0.26000000000000006,0.2282177322938192,0.1020620726159657,0.0,0.8657342657342657,-0.0105263157894739,0.9793695329262254,0.4897959183673466,0.0030035972595214,4,10,4.0,1.0,0.0,1,4,3,4
0.46999999999999986,0.3000000000000001,22.322914236273004,5.63748614188984,1.0995973601860576e-05,-2.3540026467159976,-1.4611661498903428,-2.2367346855926127,-1.3252623636737773,0.0029995441436767,4,62,5.0,20.0,0.0,100,4,100,4
0.46999999999999986,0.37000000000000016,9.082951062292477,2.48746859276655,1.1257893518731065e-05,-1.9692576855786057,-1.0275920921632768,-1.9406195350702296,-0.9475409836065578,0.0029988288879394,4,21,3.0,7.0,0.0,93,4,95,4
0.46999999999999986,0.46000000000000024,28.11305301812665,6.760023422050153,7.5566610290168144e-06,-1.1863553899703558,-0.8792032555150997,-1.1408400948512392,-0.8153303760593225,0.0030004978179931,4,62,5.0,20.0,1.0,90,4,90,4
0.46999999999999986,0.5100000000000002,160.2567601278232,38.5878327110157,6.277143803357496e-06,-0.8072690206368329,-0.8110480028516833,-0.7579072292736422,-0.758294258009196,0.0030024051666259,4,433,5.0,107.0,1.0,100,4,98,5
0.46999999999999986,0.5200000000000002,16.76988868975184,4.006505127081873,7.589881468488268e-06,-1.1342731857951618,-0.977331052181352,-1.1103464663929783,-0.9125988258802792,0.003000259399414,4,39,6.0,12.0,3.0,94,4,93,4
0.46999999999999986,0.5500000000000003,255.92998310084727,59.95249855788609,5.675222227189672e-06,-0.7226435889685427,-0.7315774113412503,-0.6797591442705437,-0.6835425232406622,0.0030074119567871,4,710,9.0,179.0,0.0,100,4,99,4
0.46999999999999986,0.5600000000000003,2963.1344169505146,621.2454476694377,3.7316017560534537e-06,-9064.057835418767,-5860.783500414476,-8843.974358473897,-5661.879828818158,0.0039947032928466,4,125,6113.0,33.0,1284.0,99,85,98,82
0.46999999999999986,0.5700000000000003,64.79470786003026,16.13032857693854,5.259028198246262e-06,-0.7157516442236795,-0.6935397410698332,-0.6840511156114737,-0.6498715929867578,0.0030007362365722,4,200,6.0,49.0,1.0,100,4,98,5
0.46999999999999986,0.6000000000000003,262.4021047616298,63.347339460048886,2.778234268053479e-06,-0.5956544124276801,-0.6274410679584308,-0.5595297864810664,-0.5870567600497247,0.0030000209808349,4,781,10.0,185.0,1.0,100,4,99,4
0.46999999999999986,0.6200000000000003,4699.014746022121,991.4641162190388,4.6962575067700445e-06,-122.69706500464676,-90.16110389511655,-119.92088538477518,-88.05056536448888,0.0041217803955078,4,1680,11500.0,417.0,2540.0,100,62,100,59
0.46999999999999986,0.6300000000000003,2019.069190452208,447.5532556765359,4.853854815763471e-06,-36.39880878346067,-28.601472901869144,-35.50878803983502,-27.858379037479743,0.0032646656036376,4,1329,5929.0,316.0,1234.0,100,97,99,94
0.46999999999999986,0.6600000000000004,4110.552027252544,854.4497986033664,3.1878606151595945e-06,-130.9445579731794,-96.45111533734205,-128.19561044169413,-94.2894511186249,0.0025107860565185,4,1325,9495.0,338.0,2035.0,100,76,100,73
0.46999999999999986,0.7000000000000004,48.093442033885104,16.537205527738557,1.5799432596547637e-06,0.9754491698128216,0.9543989208954666,0.9759041524686386,0.9552871520610148,0.0029983520507812,4,1244,1051.0,315.0,244.0,100,99,99,99
0.46999999999999986,0.7100000000000004,247.1804966348815,63.83458440897588,2.3733857053733354e-06,-0.5223445877841584,-0.5137217382303392,-0.4945383479590717,-0.4836388637635129,0.0040035247802734,4,792,6.0,197.0,0.0,100,4,100,4
0.46999999999999986,0.7200000000000004,3576.7499970876725,738.6925034026901,2.064975131363902e-06,-35.23628344836971,-24.40910075717032,-34.47643100703146,-23.843231270961272,0.0043509006500244,4,2401,8441.0,600.0,1781.0,100,81,100,78
0.46999999999999986,0.7400000000000004,73.00863248045854,20.238165265985288,2.760641085439045e-06,0.1113542402702206,0.0094844633657878,0.1241698201180144,0.0276114333309182,0.0043549537658691,4,343,55.0,91.0,12.0,100,99,99,99
0.46999999999999986,0.7600000000000005,367.7998068469676,92.94980724383817,4.688253114790007e-06,-0.5000032413380628,-0.5100573556211614,-0.4724598607223567,-0.4801360220105919,0.0049984455108642,4,1221,4.0,324.0,0.0,100,4,100,4
0.46999999999999986,0.7800000000000005,270.21405480963915,59.58432400108829,1.4159532616561848e-06,0.2661084171863012,0.4774272844339442,0.2785859101046395,0.4870887302726724,0.003997802734375,4,1283,2073.0,337.0,495.0,100,99,100,99
0.46999999999999986,0.8300000000000005,5126.538122846645,1066.1799654608035,2.478021709328256e-06,-61.98987531040197,-41.12543495086484,-60.94054205572039,-40.38219816975858,0.0043914318084716,4,2635,11935.0,640.0,2561.0,100,75,100,72
0.46999999999999986,0.8400000000000005,337.8479225184018,87.50023809491415,3.0771399741825205e-06,-0.4369702981415497,-0.4235629537027403,-0.4142478226530608,-0.4005551694257612,0.0040004253387451,4,1159,7.0,307.0,2.0,100,4,99,4
0.46999999999999986,0.8500000000000005,45.37299123193591,9.747863013672962,1.6439799337076018e-06,0.9820712524519828,0.98779631199206,0.9823366931424088,0.9879913634707546,0.0029995441436767,4,1428,1420.0,356.0,347.0,100,99,100,99
0.46999999999999986,0.8700000000000006,379.8508616330011,98.75696177991706,4.554981904697422e-06,-0.4200607204725681,-0.4229974073930358,-0.3984018964390765,-0.3993209568490472,0.0029983520507812,4,1325,3.0,330.0,1.0,100,4,100,4
0.46999999999999986,0.9200000000000006,21.970759789189945,32.03792395628299,1.4914089774018013e-07,0.9976658202185186,0.923510124129708,0.9999702110651456,0.9990179583784956,0.0010039806365966,93,4348,4354.0,1054.0,1061.0,100,99,100,99
0.46999999999999986,0.9400000000000006,31.388692231439016,32.977264895682296,1.0884655576281129e-07,0.9881574123600436,0.7980009055131821,0.9999539026747166,0.9992572577443686,0.0010020732879638,96,3916,3882.0,1018.0,977.0,100,99,100,99
0.46999999999999986,0.9500000000000006,97.06569939994252,34.70410638526801,1.599162034967879e-07,0.9719827885617078,0.9302589863485676,0.9994829408946416,0.9990061791048812,0.0,92,4953,5159.0,1225.0,1294.0,100,99,100,99
0.46999999999999986,0.9800000000000006,283.7451908549876,70.69087635614656,1.4562663503247097e-07,0.9506021840291672,0.9329960241101564,0.9965336694013376,0.996529571168594,0.0010020732879638,85,7417,7779.0,1725.0,1826.0,100,99,100,99
0.46999999999999986,0.9900000000000007,43.16634491514579,48.41946348777983,1.7775420884995927e-07,0.9968251071360686,0.9327856133604786,0.9998990561983216,0.9981441718792224,0.0009984970092773,91,5422,5367.0,1342.0,1331.0,100,99,99,99
0.47999999999999976,0.23000000000000004,1.7882719778229113,0.4448782605013046,9.999829792801144e-06,0.2425986842105264,-0.0961538461538464,0.4634649329768083,0.0847784200385355,0.0040419101715087,4,10,9.0,2.0,1.0,1,4,4,4
0.47999999999999976,0.24000000000000005,0.9354143466934852,0.2886751345948128,3.916899949591168e-06,0.496974611689851,-0.0909090909090912,0.7867803837953091,0.0231990231990233,0.0030074119567871,4,10,6.0,1.0,0.0,1,4,4,4
0.47999999999999976,0.2700000000000001,2.6731691553909065,0.2700308624336608,7.324739052551072e-06,-1.428408127143332,-0.0786516853932586,-0.6648869041840599,0.0489130434782607,0.0023229122161865,4,10,5.0,1.0,0.0,1,4,4,4
0.47999999999999976,0.2900000000000001,0.3535533905932738,0.0,0.0,0.8152661962796663,1.0,0.9446596568898727,1.0,0.0030000209808349,4,10,4.0,0.0,0.0,1,4,1,4
0.47999999999999976,0.3000000000000001,9.9973954941608,2.516611478423583,1.2581199782456027e-05,-2.5436960435806286,-1.2476894639556375,-2.534395432360254,-1.18108767398479,0.0030004978179931,4,28,6.0,7.0,0.0,100,4,98,4
0.47999999999999976,0.3300000000000001,0.5103103630798288,0.1020620726159657,0.0,-0.4934660858743003,-0.0105263157894739,0.9233575523467916,0.8518518518518519,0.0035071372985839,4,10,4.0,2.0,0.0,1,4,4,4
0.47999999999999976,0.38000000000000017,1.1726039399558574,0.3535533905932738,3.760067871677748e-06,-0.0279873448527623,-0.0221827861579417,0.5910147172734317,-0.0178117048346053,0.002997875213623,4,10,4.0,2.0,1.0,1,4,17,4
0.47999999999999976,0.5100000000000002,19.358191633862223,4.088856808449031,6.780683058801017e-06,-0.6481125160344512,-0.5213871005963902,-0.6391134617347307,-0.4902506963788304,0.0030024051666259,4,63,5.0,16.0,1.0,99,4,99,4
0.47999999999999976,0.5700000000000003,61.88632051323351,15.13928388883261,5.404107699122813e-06,-0.7865870340387575,-0.697784179323294,-0.749605071642909,-0.6538498253547211,0.0019998550415039,4,197,6.0,60.0,1.0,100,4,100,4
0.47999999999999976,0.5800000000000003,68.23267484619569,16.556091527491223,3.44739115410991e-06,-0.6660903725119645,-0.6616843098187049,-0.6361316821208538,-0.618833940021815,0.003000259399414,4,217,6.0,54.0,1.0,100,4,99,4
0.47999999999999976,0.6900000000000004,365.7433925126559,90.63399380659187,5.103843680652528e-06,-0.5904214768627143,-0.5822068921123547,-0.556875349458156,-0.5468329501855587,0.0029997825622558,4,1132,7.0,295.0,1.0,100,4,100,5
0.47999999999999976,0.7100000000000004,392.7592031597308,101.38031736979325,2.2145657602724696e-06,-0.3439607624305671,-0.3621642777560119,-0.3200854903627894,-0.3370861391575903,0.0029981136322021,4,1340,48.0,343.0,10.0,100,99,100,97
0.47999999999999976,0.7800000000000005,164.05645623788578,42.79006407255466,5.131858668457452e-06,-0.3935159264292749,-0.3895074990371914,-0.3751924331816618,-0.3686418401149136,0.0029969215393066,4,577,7.0,154.0,2.0,100,4,99,4
0.47999999999999976,0.8000000000000005,167.5996311560272,84.72683378739208,4.02079944254066e-07,0.9301820390159374,0.6438248596605611,0.9981885899832,0.992313789156184,0.0009987354278564,89,5017,4666.0,1208.0,1048.0,100,99,100,99
0.47999999999999976,0.8100000000000005,41.13740043179338,22.52934594193601,1.997510128530359e-07,0.9877161473363112,0.9389644746787604,0.9999007663245943,0.9995062624836956,0.0009996891021728,93,4250,4263.0,1011.0,1005.0,100,99,100,99
0.47999999999999976,0.8300000000000005,15.556349186104043,6.363961030678928,2.9591996691778283e-08,0.9644444444444444,0.6652892561983471,0.9999926374541552,0.9999809922804463,0.0,98,3281,3303.0,819.0,810.0,100,99,100,99
0.47999999999999976,0.8900000000000006,847.3470547833397,216.03802230934568,4.165668815734493e-06,-0.3980425875588398,-0.4175439273649022,-0.3769121516083327,-0.3942573966432616,0.0029988288879394,4,2958,6.0,708.0,1.0,100,4,100,5
0.47999999999999976,0.9300000000000006,239.12683424731495,96.97901098396792,3.242422212261658e-07,0.9550228109224416,0.8425764646363547,0.9973087282074248,0.992790615661432,0.0009996891021728,86,6751,6277.0,1567.0,1437.0,100,99,100,99
0.48999999999999977,0.23000000000000004,0.7288689868556626,0.2282177322938192,7.69062453803252e-06,0.1694656488549618,-0.0549450549450545,0.7772050150714255,0.1134751773049645,0.0032601356506347,4,10,2.0,1.0,0.0,1,4,3,4
0.48999999999999977,0.25000000000000006,9.100137361600648,2.406588179698942,1.6938386640656916e-05,-2.0322293560485662,-1.1221374045801529,-2.001540413193186,-1.0487121854158228,0.0030832290649414,4,20,1.0,7.0,0.0,94,4,81,4
0.48999999999999977,0.26000000000000006,4.21307488658818,1.1636866703140785,1.6604760223583692e-05,-2.173245911815484,-0.7105263157894737,-1.5857359635811838,-0.672886372410243,0.0040223598480224,4,11,5.0,4.0,0.0,66,4,66,4
0.48999999999999977,0.2700000000000001,0.5303300858899106,0.25,5.672706386772124e-06,0.3221757322175733,-0.0285714285714284,0.8808683374514649,-0.0273972602739729,0.0030000209808349,4,10,3.0,2.0,0.0,1,4,22,4
0.48999999999999977,0.2800000000000001,9.391929159301265,2.3651109910530628,7.198311152166285e-06,-9.774822060519304,-2.3156676099819915,-9.732708906323271,-2.149375403202158,0.0030426979064941,4,16,10.0,7.0,1.0,100,4,98,4
0.48999999999999977,0.3100000000000001,21.45926373387493,5.34536403499955,1.3774933512270398e-05,-1.1334534457242134,-1.1202103076514305,-1.1098609080114392,-1.029281428708821,0.0050296783447265,4,53,5.0,14.0,0.0,98,4,98,4
0.48999999999999977,0.3200000000000001,10.223543090990194,2.169869427715256,1.1837546244755477e-05,-1.440626433126667,-0.868090235922163,-1.42674302740667,-0.8054002236779036,0.0050048828125,4,23,1.0,6.0,0.0,83,4,86,4
0.48999999999999977,0.3300000000000001,1.241638702145945,0.2886751345948128,3.371327736822957e-06,0.4673065386922616,0.0191570881226054,0.6808350046365186,0.1111111111111111,0.0054953098297119,4,10,7.0,1.0,1.0,1,4,4,4
0.48999999999999977,0.3900000000000002,40.41155465952776,8.980882473343028,4.420445390330936e-06,-1.1891948501689615,-1.1450981750181803,-1.1348994101066636,-1.0627317676143382,0.0057122707366943,4,99,7.0,23.0,1.0,98,4,100,4
0.48999999999999977,0.4200000000000002,126.94975219878664,30.156190630338795,3.822874476401976e-06,-0.8817143444195119,-0.8733233449482027,-0.8292670238309012,-0.8142273729675094,0.0030009746551513,4,349,12.0,83.0,1.0,100,4,98,4
0.48999999999999977,0.4300000000000002,1.5206906325745548,0.408248290463863,3.679133895019704e-06,-0.1909471919530594,-0.1034482758620689,0.2837785520712347,-0.0989010989010985,0.004655122756958,4,10,3.0,2.0,0.0,1,4,16,4
0.48999999999999977,0.48000000000000026,15.079649642260703,3.698254092586573,7.017833070438007e-06,-1.129966063727827,-0.7124458271631773,-1.1049911335806355,-0.6649970199977171,0.0040061473846435,4,47,2.0,16.0,0.0,98,4,97,4
0.48999999999999977,0.5000000000000002,188.6967916173104,43.77546877723489,6.324551405905664e-06,-0.7753697213167385,-0.7536708532696366,-0.7270176603268943,-0.7032025733761045,0.0039985179901123,4,513,5.0,131.0,1.0,100,4,100,4
0.48999999999999977,0.5100000000000002,99.0318761813589,24.044446690798825,7.004993877916885e-06,-0.5635517459727868,-0.5714649753666685,-0.5370357068226936,-0.5363445513068938,0.0044353008270263,4,307,6.0,67.0,1.0,100,4,99,4
0.48999999999999977,0.5300000000000002,34.256082185017405,9.16628787096136,5.7258994737488125e-06,-0.5952479395224484,-0.5499646705352261,-0.5778083290755729,-0.5189749461409827,0.0030021667480468,4,128,6.0,40.0,2.0,100,4,99,4
0.48999999999999977,0.5900000000000003,3892.485818053805,804.9231782702412,5.944185619383384e-06,-2960.461474997609,-1814.9181844280845,-2908.153763645532,-1775.6459500653548,0.0029997825622558,4,284,8486.0,77.0,1821.0,100,74,100,71
0.48999999999999977,0.6400000000000003,4158.527702955699,861.2963279750666,3.7916204069931097e-06,-493.952346521634,-345.90036054364884,-484.2878106382512,-338.5744627081487,0.0030064582824707,4,709,9209.0,174.0,1975.0,100,72,99,69
0.48999999999999977,0.6500000000000004,600.2538265184155,145.61775733062228,5.44018223479892e-06,-0.5928609937420166,-0.6178753367690482,-0.5576166568369718,-0.5788539403645723,0.0030272006988525,4,1841,7.0,463.0,0.0,100,4,100,4
0.48999999999999977,0.6600000000000004,77.63321883489482,20.57759704144291,6.036536986624149e-06,-0.6769124943966116,-0.62301365487503,-0.6447959049191843,-0.5864504254731251,0.0029973983764648,4,247,6.0,72.0,1.0,100,4,100,4
0.48999999999999977,0.6800000000000004,245.8758155383865,61.287743472900026,2.7831393408117062e-06,-0.50190670394944,-0.510744819766221,-0.4755295563379247,-0.4809082858156195,0.0029981136322021,4,771,6.0,184.0,1.0,100,4,98,4
0.48999999999999977,0.7200000000000004,9.14979507967255,2.6575364531836625,5.949553631055576e-06,-1.3175854279809671,-0.7042312526183492,-1.3082622980952603,-0.6575396049286135,0.0029995441436767,4,29,3.0,10.0,0.0,100,4,100,4
0.48999999999999977,0.8100000000000005,292.42712767457124,78.16055857442849,5.505003192363459e-06,-0.3896236100998964,-0.3735472276694649,-0.3701525389219922,-0.3535673305759967,0.0032815933227539,4,1068,4.0,297.0,0.0,100,4,100,4
0.48999999999999977,0.8200000000000005,88.76811239278312,35.11884584284246,1.585778166949167e-07,0.9612473804146698,0.8985420111228017,0.9994644744679794,0.9986242117414976,0.0009982585906982,91,4406,4538.0,1121.0,1069.0,100,99,100,99
0.48999999999999977,0.8400000000000005,22.89650628371062,27.285527299284507,1.3387474644056852e-07,0.999127487140427,0.9713223374830808,0.9999692347291832,0.9992596578822558,0.0,88,5502,5525.0,1286.0,1284.0,100,99,100,99
0.48999999999999977,0.8500000000000005,47.58571214135605,33.69569705466857,2.133935893724944e-07,0.973088273884454,0.766524643021649,0.9998716956184946,0.998983199036052,0.0009994506835937,95,3818,3875.0,939.0,961.0,100,99,99,99
0.48999999999999977,0.8700000000000006,88.49823444566564,63.53640688613104,3.220526671694348e-07,0.9921086489805584,0.9128965365702808,0.9995667983487851,0.996201812974106,0.0009994506835937,84,6326,6085.0,1476.0,1350.0,100,99,100,99
0.48999999999999977,0.9300000000000006,493.5292797798323,164.83324907311632,4.216201480470809e-07,0.9098272702166108,0.7791062477810016,0.9907455629666516,0.9816624555832252,0.0009999275207519,80,8422,7300.0,1913.0,1568.0,100,99,100,99
0.48999999999999977,0.9400000000000006,0.0,0.0,0.0,,,1.0,1.0,0.0,99,3114,3114.0,824.0,824.0,100,99,100,99
0.48999999999999977,0.9600000000000006,683.447408364389,208.8961464460271,5.45731274923193e-07,0.8967115101488079,0.7436692695887628,0.986488023835883,0.9763273446004762,0.0009984970092773,75,9715,8346.0,2093.0,1730.0,100,99,99,95
0.4999999999999998,0.23000000000000004,2.29809703885628,0.6535161308899218,2.0498254404176127e-05,-1.7479674796747968,-0.5333073626801712,-0.5211064774534222,-0.4753508456279238,0.0030012130737304,4,10,6.0,2.0,0.0,1,4,62,4
0.4999999999999998,0.2700000000000001,1.0801234497346437,0.1443375672974064,5.237734459332038e-06,0.125,-0.0212765957446807,0.6694605123362061,0.3127147766323026,0.0049972534179687,4,10,7.0,1.0,0.0,1,4,4,4
0.4999999999999998,0.3300000000000001,0.1020620726159657,0.0,0.0,0.8961038961038961,1.0,0.9951948488779973,1.0,0.003009557723999,4,10,2.0,0.0,0.0,1,4,1,4
0.4999999999999998,0.37000000000000016,0.2700308624336608,0.2041241452319315,3.902544709060978e-06,0.6453825857519789,-0.0434782608695645,0.9603960396039604,0.2907801418439717,0.0030205249786376,4,10,3.0,1.0,0.0,1,4,3,4
0.4999999999999998,0.38000000000000017,12.496666222103665,3.2129296081095,1.1697259849513444e-05,-0.8100814971325083,-0.738120032885722,-0.806604614843272,-0.6882740762193564,0.0029993057250976,4,35,4.0,9.0,0.0,98,4,90,4
0.4999999999999998,0.46000000000000024,2004.1894870495653,427.61520133955327,3.925125278275023e-06,-632.6573776327109,-478.86378298585794,-614.3200291535071,-464.1832385117684,0.0030436515808105,4,305,4333.0,80.0,902.0,100,90,100,86
0.4999999999999998,0.5500000000000003,2290.191531291652,506.5463124598447,7.100434641536179e-06,-2189603.5631454983,-1428836.3172205435,-942916.2584269664,-1365440.2416851437,0.0020360946655273,4,10,5179.0,3.0,1078.0,1,95,6,91
0.4999999999999998,0.6000000000000003,15.171244730300367,4.219251513400609,7.871395875411672e-06,-0.8286912352452316,-0.5920042695647953,-0.8155360786031154,-0.555177403063035,0.0052499771118164,4,44,2.0,15.0,0.0,97,4,93,4
0.4999999999999998,0.6400000000000003,899.8600817164114,215.8518975285292,3.20248199459229e-06,-0.5552583747873812,-0.5854265377925241,-0.5223657212660653,-0.5491492673242384,0.0029964447021484,4,2712,7.0,617.0,1.0,100,4,98,4
0.4999999999999998,0.6600000000000004,116.17762083694662,29.38785179854651,7.011581673411973e-06,-0.5583218396287968,-0.5514607904977469,-0.5304060748476034,-0.5179766073048893,0.0040016174316406,4,342,2.0,92.0,0.0,100,4,98,4
0.4999999999999998,0.7000000000000004,538.4187496735232,135.7630825494668,2.303893417086776e-06,-0.5055426682016082,-0.5295975601035774,-0.4757476764744575,-0.4978590833007768,0.0030014514923095,4,1743,10.0,435.0,3.0,100,4,100,4
0.4999999999999998,0.7400000000000004,140.05556932874893,36.46459470043054,6.532439915333784e-06,-0.4011182530720709,-0.3910263861443681,-0.3823219435788869,-0.3696043288973123,0.0039989948272705,4,510,1.0,138.0,0.0,100,4,100,4
0.4999999999999998,0.7600000000000005,23.35950912726264,13.880441875771345,1.1642372276865592e-07,0.964236298227472,0.7591666666666667,0.9999760928455772,0.9998695238976688,0.0,97,3311,3342.0,829.0,806.0,100,99,100,99
0.4999999999999998,0.7800000000000005,34.84967718645325,35.174564673923115,3.5894278770897177e-07,0.9760866354910164,0.69787708133022,0.9999377766595589,0.9990096245423404,0.0,96,3600,3540.0,906.0,843.0,100,99,100,99
0.4999999999999998,0.8000000000000005,161.8795848771549,54.12353594192773,1.3672997221726746e-07,0.9529452717353802,0.8716476667490077,0.9983186954301476,0.9967108049148248,0.0009975433349609,86,5395,5704.0,1224.0,1295.0,100,99,98,99
0.4999999999999998,0.8200000000000005,27.326726843879417,33.80088756231114,1.5901997699299493e-07,0.9969595983860526,0.9226639477770116,0.9999561314927286,0.9989215983092928,0.0,92,4651,4615.0,1153.0,1105.0,100,99,100,99
0.4999999999999998,0.8300000000000005,628.1751265239124,164.12828443019808,2.0678525958758005e-06,-0.3515011189905024,-0.3656131204883939,-0.3301526927351137,-0.3432255716712926,0.0029993057250976,4,2321,40.0,592.0,9.0,100,99,99,99
0.4999999999999998,0.8500000000000005,315.2548477781413,131.25221086573308,5.248503083032746e-07,0.9466809425155068,0.7945198476889802,0.995476656010513,0.985806691729255,0.0010030269622802,79,7498,6709.0,1721.0,1406.0,100,99,99,98
0.4999999999999998,0.8800000000000006,91.26100716391107,58.76040941216896,2.4089621237662056e-07,0.9924197332101792,0.9400155131835024,0.9995921951231044,0.997218450013065,0.001000165939331,86,6590,6361.0,1580.0,1456.0,100,99,100,99
0.4999999999999998,0.9700000000000006,70.80430777855257,61.83041322844284,2.989709976731997e-07,0.9977085273139962,0.9677223759168704,0.9998006536109322,0.997618641115394,0.0010008811950683,84,7929,7840.0,1935.0,1817.0,100,99,100,99
0.4999999999999998,0.9900000000000007,799.5504987178733,240.6532775592304,7.733412559024982e-07,0.91061331791283,0.7572601714604025,0.9856870647755634,0.9738194916262368,0.0009989738464355,70,10932,9554.0,2382.0,1991.0,97,94,94,90
0.5099999999999998,0.26000000000000006,14.09676381301751,3.539950564626574,8.996142809530369e-06,-1.9458756916741733,-1.3359695786727075,-1.911256798578937,-1.252007712611618,0.003037691116333,4,30,7.0,9.0,0.0,100,4,78,4
0.5099999999999998,0.2800000000000001,0.8838834764831844,0.2700308624336608,3.5839041717608377e-06,0.5425667090216009,0.045454545454545,0.8151981076286221,0.2222222222222222,0.0019969940185546,4,10,6.0,1.0,1.0,1,4,2,4
0.5099999999999998,0.2900000000000001,6.2524995001999,1.4288690166235205,1.0912893646423474e-05,-2.387470735903873,-0.8846153846153846,-2.246230894984042,-0.8175074183976265,0.0030024051666259,4,13,9.0,5.0,2.0,55,4,51,4
0.5099999999999998,0.3000000000000001,2.4958298553119898,1.1681538140730154,8.468283230792338e-06,-0.2723686251911614,-0.7353387608665654,-0.1425514434742736,-0.6960124287933711,0.0030000209808349,4,11,5.0,3.0,0.0,50,4,25,4
0.5099999999999998,0.35000000000000014,18.790234609143837,3.926406329796582,8.592169911668662e-06,-53.47988346978753,-19.138908575478386,-48.925616061039015,-18.548276317527414,0.0029985904693603,4,11,47.0,4.0,10.0,21,99,86,98
0.5099999999999998,0.36000000000000015,32.83877915919937,7.973262611169073,9.55399530556688e-06,-0.8949115721279604,-0.7600629658224158,-0.8558125519076281,-0.7124786746879768,0.003000259399414,4,102,4.0,27.0,0.0,100,4,99,4
0.5099999999999998,0.37000000000000016,0.2282177322938192,0.0,0.0,0.9492332099418296,1.0,0.9873028771680338,1.0,0.0030009746551513,4,10,6.0,1.0,0.0,1,4,2,4
0.5099999999999998,0.38000000000000017,23.607467039053557,5.162969107015845,1.2084265493882724e-05,-0.6849879289693908,-0.5967241883591694,-0.6717724124742681,-0.5595005210523427,0.0029997825622558,4,56,5.0,16.0,0.0,99,4,99,4
0.5099999999999998,0.4300000000000002,1803.0902206351184,394.77899935702425,5.5482405532033325e-06,-3420.347886040536,-2883.919635809276,-3342.4773572905606,-2780.290071922653,0.002000093460083,4,120,4048.0,31.0,842.0,98,93,98,90
0.5099999999999998,0.46000000000000024,2.614064523559687,0.5496210815947049,5.747220910616491e-06,-1.403022093333841,-0.234589800443459,-0.5409551102863455,-0.1963696369636964,0.0029971599578857,4,10,5.0,2.0,0.0,1,4,12,4
0.5099999999999998,0.48000000000000026,0.1443375672974064,0.0,0.0,0.9374185136897,1.0,0.9911645166990636,1.0,0.003002643585205,4,10,4.0,0.0,0.0,1,4,1,4
0.5099999999999998,0.49000000000000027,2587.864678407664,536.7732004767004,3.897054270505423e-06,-1126.1888109149943,-799.7655897168664,-1096.3010402131508,-774.8232169347964,0.0040006637573242,4,296,5349.0,78.0,1123.0,100,82,99,79
0.5099999999999998,0.5200000000000002,1.0752906583803283,0.4564354645876384,3.3880485396765383e-06,0.3917808219178081,-0.1136890951276106,0.6581986143187067,-0.1086474501108651,0.0059993267059326,4,10,4.0,2.0,0.0,1,4,10,4
0.5099999999999998,0.5300000000000002,93.92078887729454,23.07370436954876,6.2308164546644265e-06,-0.6219652965144562,-0.5909418104706134,-0.5903565566002118,-0.5542040443971417,0.0039999485015869,4,277,3.0,72.0,0.0,100,4,99,4
0.5099999999999998,0.5600000000000003,30.89717489782305,8.411301920630361,7.311425084572797e-06,-0.7022205299181812,-0.5981333150325001,-0.6863755502870952,-0.567201373377882,0.002997875213623,4,114,6.0,30.0,0.0,100,4,100,4
0.5099999999999998,0.6000000000000003,82.15534066632551,21.56868872540316,6.360113375396185e-06,-0.5277383222256193,-0.4761684405367885,-0.5063703261747234,-0.4496371200585827,0.0030000209808349,4,279,7.0,77.0,0.0,100,4,98,4
0.5099999999999998,0.6200000000000003,174.12396805150058,44.82605269260277,5.951128992377499e-06,-0.583026188431139,-0.5625131837893644,-0.5514606377626696,-0.5281294649661463,0.0035302639007568,4,544,3.0,144.0,0.0,100,4,100,4
0.5099999999999998,0.6800000000000004,295.3966612878351,74.31436604049046,2.1551695888834337e-06,-0.3132045964323715,-0.3507343190494933,-0.2871943025472987,-0.3217103436227013,0.0029988288879394,4,1034,62.0,251.0,13.0,100,99,100,97
0.5099999999999998,0.7200000000000004,439.0711550155244,94.18294475823812,1.6898411434646983e-06,0.2985262451108748,0.4926854231528579,0.3114203159495812,0.5025292835913675,0.0029997825622558,4,2095,3103.0,544.0,704.0,100,99,99,99
0.5099999999999998,0.7300000000000004,895.019680882307,227.994083439315,3.49804784818626e-06,-0.5137355303170179,-0.517174497406476,-0.4842736240570358,-0.4865374097539061,0.003000259399414,4,2951,8.0,748.0,2.0,100,4,100,4
0.5099999999999998,0.7700000000000005,89.93172013096539,28.68299645633778,1.0376478342865601e-07,0.921679556106812,0.823711277090731,0.9994722948064028,0.9991179361812936,0.001000165939331,93,3959,4134.0,954.0,982.0,100,99,99,99
0.5099999999999998,0.8000000000000005,645.2270030126348,171.46862565301365,3.1282078373792432e-06,-0.4306821371057925,-0.428020394198455,-0.4075437326828395,-0.4039830309709808,0.0020277500152587,4,2244,7.0,577.0,1.0,100,4,100,4
0.5099999999999998,0.8100000000000005,330.89185040835724,120.8947545043484,5.682252245341457e-07,0.9406724133767844,0.7686945559659415,0.9949837510636722,0.98699471495682,0.0009994506835937,76,7224,6542.0,1608.0,1352.0,100,98,97,94
0.5099999999999998,0.8600000000000005,11.546103238755489,3.272358986011977,6.728944194256222e-06,-0.446512016709071,-0.3746378426565635,-0.4424848881730441,-0.3543423271500843,0.0029993057250976,4,41,3.0,14.0,0.0,100,4,98,4
0.5099999999999998,0.8700000000000006,4.949747468305833,15.556349186104043,1.263671887475955e-07,0.9979566731302516,0.7777777777777778,0.9999991584843936,0.9998784192925472,0.0,98,3230,3223.0,836.0,814.0,100,99,100,99
0.5099999999999998,0.8900000000000006,263.0672917715161,112.92121147065328,4.127035749948632e-07,0.9452038493773312,0.8002776184403246,0.9964930203094868,0.9894329746623386,0.0009999275207519,85,6645,6065.0,1570.0,1369.0,100,99,100,99
0.5099999999999998,0.9200000000000006,110.84797123661184,49.35216675725964,1.462947642795265e-07,0.9863158587265292,0.9442238766593524,0.9994021856289786,0.9981818535635923,0.0,89,6197,6412.0,1520.0,1576.0,100,99,100,99
0.5099999999999998,0.9300000000000006,314.6421247491611,85.022300996072,3.802462144401605e-06,-0.3828822226654522,-0.3646022007113529,-0.3640172887706769,-0.3458468415495952,0.0029990673065185,4,1182,8.0,321.0,1.0,100,4,100,5
0.5099999999999998,0.9800000000000006,1808.9221309559096,469.1253049283719,1.0373613732615064e-06,0.5507140258552556,0.1417033932591904,0.9273693595656,0.9032212674918751,0.0009996891021728,71,10997,8010.0,2370.0,1656.0,98,95,95,92
0.5199999999999998,0.2,2.224391302506523,0.7359800721939872,1.668196370407719e-05,-0.7479970866715226,-0.5464684014869889,-0.1609150454589891,-0.5133876600698486,0.0030038356781005,4,10,6.0,2.0,0.0,1,4,27,4
0.5199999999999998,0.22000000000000003,0.5400617248673217,0.1020620726159657,0.0,0.045454545454545,-0.0105263157894739,0.8962155750769117,-0.0101010101010103,0.0029971599578857,4,10,5.0,1.0,0.0,1,4,6,4
0.5199999999999998,0.26000000000000006,7.927404997853963,1.8596594670351163,2.3564454695818734e-05,-0.6961120807806296,-0.4572055596196052,-0.6805997008181532,-0.4310344827586208,0.0029940605163574,4,20,2.0,7.0,0.0,99,4,85,4
0.5199999999999998,0.3000000000000001,0.3227486121839514,0.0,0.0,0.5158850226928895,1.0,0.937229301362124,1.0,0.0029995441436767,4,10,2.0,0.0,0.0,1,4,1,4
0.5199999999999998,0.37000000000000016,2.3429859865849245,0.6123724356957945,8.712468360586378e-06,-0.735515076669754,-0.352112676056338,-0.1353109718003404,-0.2096774193548389,0.002511978149414,4,10,5.0,2.0,0.0,1,4,4,4
0.5199999999999998,0.38000000000000017,0.7288689868556626,0.25,1.5019225513433884e-06,0.6885298046949553,-0.0285714285714282,0.8732100238663485,0.111111111111111,0.0029957294464111,4,10,5.0,2.0,0.0,1,4,8,4
0.5199999999999998,0.4100000000000002,4117.290773372704,911.799725588538,1.7920269432259518e-05,-48057.485765674646,-30128.359323326906,-46468.59296988214,-28939.69490425304,0.0030019283294677,4,77,12048.0,21.0,2961.0,100,43,98,41
0.5199999999999998,0.4300000000000002,90.95523166188224,21.29138127662615,3.845951090091518e-06,0.0783543495318024,0.0322818703179913,0.1042380114655466,0.0631807809876436,0.0029993057250976,4,333,92.0,81.0,20.0,100,99,100,99
0.5199999999999998,0.46000000000000024,9.644730858522353,3.022485180553689,4.25432034213618e-06,0.7328585980997087,0.6046878521523552,0.7352979187835917,0.6124596220045161,0.0039958953857421,4,73,40.0,18.0,8.0,99,99,97,95
0.5199999999999998,0.48000000000000026,3.8649062084350767,1.203294089849471,9.45719512809348e-06,-1.6519234844252657,-0.8140293637846656,-1.1859756097560976,-0.7686728591423844,0.0030028820037841,4,10,5.0,4.0,1.0,1,4,87,4
0.5199999999999998,0.5200000000000002,136.19620497649706,32.294381606300085,6.091974858118942e-06,-0.6472209829752191,-0.6522753214604966,-0.6139760954767022,-0.6121765454164856,0.0029969215393066,4,405,10.0,98.0,2.0,100,4,98,4
0.5199999999999998,0.5300000000000002,3504.568038348901,724.933251237657,5.734126040225259e-06,-3632.503471174046,-2464.1099435188708,-3565.236314568884,-2407.1529988601405,0.0029976367950439,4,218,7626.0,57.0,1634.0,100,72,100,69
0.5199999999999998,0.5600000000000003,316.69190140681945,77.53245288264779,3.641801570281712e-06,-0.7309063968771121,-0.7300194427441773,-0.6852324129225265,-0.6818628956621784,0.0029995441436767,4,939,8.0,231.0,0.0,100,4,100,4
0.5199999999999998,0.6400000000000003,47.97916214358062,11.879165935928892,5.823928110015525e-06,-0.4595444702479085,-0.452568302470963,-0.4470213852621103,-0.4317269076305221,0.0037763118743896,4,153,3.0,42.0,1.0,99,7,99,5
0.5199999999999998,0.6500000000000004,5353.410089217276,1138.6830706639432,5.287965715192688e-06,-159.5925138598641,-113.65989594358054,-156.62091278486048,-111.39980427978765,0.0029995441436767,4,1686,13587.0,426.0,3060.0,100,59,99,56
0.5199999999999998,0.6600000000000004,6631.632911502013,1470.430308333811,1.019186702854052e-05,-347.7307743954632,-276.50429525180925,-341.4282709045958,-271.1841157923536,0.0040023326873779,4,1405,19463.0,326.0,4746.0,100,41,100,39
0.5199999999999998,0.6700000000000004,214.71905093245297,50.214021116284506,2.1933788119253856e-06,0.6179606374610731,0.653726518614011,0.6245003656082193,0.6601746408566981,0.0030386447906494,4,1314,1985.0,339.0,470.0,100,99,100,99
0.5199999999999998,0.6800000000000004,714.2458945745973,177.32699902534114,2.313868802684668e-06,-0.5131854753388019,-0.5272014258130313,-0.4830701996594648,-0.4956592736040663,0.0030252933502197,4,2266,10.0,556.0,3.0,100,4,100,4
0.5199999999999998,0.7000000000000004,816.6557120863929,201.42577727292007,2.963910769270852e-06,-0.4878332617689016,-0.5072616839785191,-0.460140878572737,-0.4776603116297198,0.0029993057250976,4,2632,7.0,638.0,2.0,100,4,100,5
0.5199999999999998,0.7100000000000004,88.26192081904102,28.43706501498821,9.279103103099469e-08,0.8624331409152092,0.3487976736382955,0.9995534564071256,0.9992276254264952,0.0,94,3803,3948.0,878.0,925.0,100,99,100,99
0.5199999999999998,0.7200000000000004,78.8731180441093,17.082215410576385,2.0871359132022364e-06,0.8862342132154839,0.918951213913862,0.8879624398541224,0.9203207852815682,0.0029997825622558,4,996,1176.0,246.0,287.0,100,99,100,99
0.5199999999999998,0.7300000000000004,184.7861376474617,40.601724101323576,2.421441368973516e-06,0.7081746930603179,0.7837181842036212,0.7126363355357119,0.7872820282952162,0.0030000209808349,4,1414,1875.0,371.0,449.0,100,99,100,99
0.5199999999999998,0.8200000000000005,78.36169699257128,24.305920632178857,1.5596157404074217e-07,0.9798205721312157,0.9607920412423844,0.9996134058825132,0.9994090978300934,0.0009999275207519,91,4775,4886.0,1182.0,1182.0,100,99,100,99
0.5199999999999998,0.8800000000000006,28.284271247461906,15.556349186104043,2.811125551292891e-07,0.8824609733700642,0.6799999999999999,0.9999706485144184,0.9998729888092854,0.0,98,3188,3228.0,843.0,843.0,100,99,99,98
0.5199999999999998,0.9100000000000006,101.32236782775176,39.48839491968917,2.346296159386989e-07,0.980156144211037,0.9368190740307216,0.9994281368883986,0.9987030196680728,0.001000165939331,91,5289,5521.0,1342.0,1384.0,100,99,100,99
0.5199999999999998,0.9300000000000006,374.1763682348934,87.05666910905583,3.307796348573203e-07,0.9661359248217546,0.9599845404360552,0.9956099703855502,0.9958758343759236,0.0010004043579101,78,9677,9684.0,2215.0,2054.0,100,99,100,98
0.5199999999999998,0.9800000000000006,91.20224777931736,83.63073597667308,3.5270527082519e-07,0.998106573231283,0.966058728333753,0.999757004624236,0.996601933158919,0.0009992122650146,80,9785,9562.0,2291.0,2101.0,100,99,99,99
0.5299999999999998,0.22000000000000003,415.0049321996065,95.53200816131384,1.4921032447907922e-05,-116984.79952830184,-155755.6222222222,-45598.69386910837,-155341.3758865248,0.0029995441436767,4,10,1113.0,1.0,243.0,1,99,5,99
0.5299999999999998,0.23000000000000004,1.6361794930059883,0.338501600193165,7.326372428286598e-06,0.0852736170843839,-0.083076923076923,0.4612046374137823,0.2023205221174767,0.0030000209808349,4,10,6.0,2.0,0.0,1,4,4,4
0.5299999999999998,0.34000000000000014,43.82137035739526,9.60143218483576,1.0821019741572118e-05,-1.093120540945157,-1.120289493386574,-1.0418619920598315,-1.0293510662692045,0.0029985904693603,4,99,4.0,21.0,0.0,100,4,91,4
0.5299999999999998,0.38000000000000017,118.4239383176673,26.985335523823554,7.603072068779277e-06,-819.2636068237206,-304.3306642402184,-784.487747957993,-300.0161901481226,0.0029976367950439,4,22,343.0,6.0,79.0,100,99,91,99
0.5299999999999998,0.4000000000000002,0.3818813079129867,0.25,2.9473466706457134e-06,0.8297656744775174,-0.0666666666666666,0.9575448811256672,-0.0638297872340425,0.0030007362365722,4,10,5.0,1.0,0.0,1,4,7,4
0.5299999999999998,0.4300000000000002,74.21442750570807,17.278659766698727,3.49771109422585e-06,-0.9598666001276084,-0.940368418491587,-0.9034202505048456,-0.8727000439082531,0.0029988288879394,4,196,6.0,48.0,1.0,100,4,96,5
0.5299999999999998,0.4400000000000002,114.58962103960376,27.15886902407143,4.829611927673776e-06,-0.3578376306515822,-0.4111023926067083,-0.3276703982179132,-0.3729054273485626,0.0029969215393066,4,322,28.0,80.0,6.0,100,97,96,99
0.5299999999999998,0.49000000000000027,19.16050625635972,5.060055994420088,8.657701589442702e-06,-1.1052623719220698,-0.9054417429081312,-1.0898026949702784,-0.8466762832071162,0.0020012855529785,4,52,8.0,17.0,1.0,100,4,90,4
0.5299999999999998,0.5000000000000002,136.6075202297931,33.390523855329576,3.5087889500420955e-06,0.5985490371289173,0.5666164751374784,0.6074918583724609,0.577363141341749,0.002997875213623,4,795,386.0,187.0,89.0,100,99,100,99
0.5299999999999998,0.5300000000000002,3485.2548179198225,720.4638262952554,5.037521120306104e-06,-2777.395942327618,-1768.4666445717537,-2728.7817760996354,-1726.5877132159198,0.0029969215393066,4,246,7620.0,64.0,1635.0,100,75,98,72
0.5299999999999998,0.5500000000000003,87.0825159451272,19.25297596044137,5.311516934284372e-06,-12.23497687278374,-6.74709724238026,-12.09419381017706,-6.612171773891652,0.0019958019256591,4,108,327.0,33.0,76.0,100,99,99,99
0.5299999999999998,0.5700000000000003,211.53267576586524,52.65087447833449,3.5218766302310903e-06,-0.5938217722331625,-0.5936535830932719,-0.5603209357679397,-0.5572397960748077,0.0029973983764648,4,696,7.0,170.0,2.0,100,4,99,4
0.5299999999999998,0.5800000000000003,617.6856080698875,150.15311629577766,6.043269498029255e-06,-0.5789329472480098,-0.5956298214076274,-0.5447203938434215,-0.5586948332102071,0.0039980411529541,4,1890,6.0,445.0,1.0,100,4,99,5
0.5299999999999998,0.5900000000000003,3895.415396922815,805.9531042498688,4.2560446521917845e-06,-3394.514272774229,-2172.506084445922,-3329.5742582406747,-2126.019144871285,0.0026109218597412,4,274,8486.0,72.0,1821.0,100,74,98,71
0.5299999999999998,0.6200000000000003,631.659965883544,155.16083725175844,3.51714906866724e-06,-0.5667547950964202,-0.5715665703045028,-0.533295582890382,-0.5366218242931333,0.0019972324371337,4,1925,7.0,469.0,2.0,100,4,100,4
0.5299999999999998,0.6400000000000003,622.7789535621769,153.75989128074548,3.409945081467596e-06,-0.5322733000378295,-0.5405960173497115,-0.5017461610745424,-0.5081612199559873,0.0044376850128173,4,1938,7.0,490.0,1.0,100,4,100,4
0.5299999999999998,0.6700000000000004,3708.021434449016,765.4018348227289,3.011795459129977e-06,-304.0532466981704,-211.5191614770557,-299.00397840153454,-207.82400260655743,0.0030045509338378,4,853,7856.0,214.0,1657.0,100,80,100,76
0.5299999999999998,0.7100000000000004,17.67766952966369,14.142135623730953,1.5667317916638422e-07,0.9248843218556576,-4.555555555555555,0.999990350332156,0.9999012584550656,0.0010004043579101,98,3187,3212.0,745.0,765.0,100,99,100,99
0.5299999999999998,0.7700000000000005,25.450486689398943,24.485617299660927,1.969042688706652e-07,0.9986927690102908,0.97030466120011,0.9999613447761748,0.9994003002350724,0.0,89,5283,5271.0,1225.0,1230.0,100,99,100,99
0.5299999999999998,0.7900000000000005,29.368350311176822,32.56915718897251,2.3278932313668202e-07,0.9803942461374534,0.4241899915182358,0.9999579514371334,0.9991980607032552,0.0,96,3684,3664.0,900.0,889.0,100,99,100,99
0.5299999999999998,0.8500000000000005,0.0,0.0,0.0,,,1.0,1.0,0.0,99,3028,3028.0,828.0,828.0,100,99,100,99
0.5299999999999998,0.9800000000000006,362.836210134291,145.65171841390364,5.590015823125487e-07,0.9804742615165618,0.91280780423762,0.9970817872830428,0.9912068824364936,0.0009999275207519,74,11171,10197.0,2378.0,2134.0,100,97,95,94
0.5299999999999998,0.9900000000000007,157.10384797203105,46.20760605293091,2.2215592662732458e-07,0.995524523440491,0.9912330837308015,0.9993547524531252,0.9990579328786,0.0010082721710205,79,10409,10530.0,2404.0,2288.0,100,99,99,99
0.5399999999999998,0.2,1097.6108286865615,230.46178732420407,1.1154231936686955e-05,-33719.575829729336,-19283.010873419214,-33386.97777136259,-18433.552948407392,0.0039992332458496,4,21,2166.0,5.0,451.0,64,85,59,82
0.5399999999999998,0.23000000000000004,2.748105407973525,0.3227486121839514,1.061686761549704e-05,-3.5418950665622555,0.0466732869910624,-1.028312444046553,0.1197183098591548,0.0029993057250976,4,10,5.0,2.0,1.0,1,4,7,4
0.5399999999999998,0.3200000000000001,11.235175417707843,3.051638903933425,8.482871314051952e-06,-0.4723751207121096,-0.8409266409266409,-0.4684640142702032,-0.7810184078412625,0.0019967555999755,4,30,5.0,10.0,0.0,94,4,73,4
0.5399999999999998,0.34000000000000014,21.018097360766667,5.040461288413988,5.794506570264448e-06,-1.5291689755510889,-1.1220997679814384,-1.4817361912497575,-1.0308752997601918,0.0031242370605468,4,51,6.0,16.0,1.0,95,4,95,4
0.5399999999999998,0.38000000000000017,41.10074005821955,10.14889156509222,1.2023404366490594e-05,-0.758723821756643,-0.6659552959676514,-0.7317854444164897,-0.6257515894977235,0.0036194324493408,4,114,6.0,33.0,0.0,100,4,98,4
0.5399999999999998,0.3900000000000002,43.23060740571045,10.293606429883228,7.461841748744269e-06,-0.8293891898988122,-0.7918999410964862,-0.7991489057875849,-0.7368705935787696,0.00301194190979,4,109,8.0,32.0,1.0,95,4,90,4
0.5399999999999998,0.4200000000000002,25.87872356460676,6.645800679125628,5.753962494401387e-06,-0.4378685363520029,-0.6584364151958149,-0.424743674891098,-0.620231494396063,0.0033051967620849,4,72,5.0,20.0,0.0,96,4,94,4
0.5399999999999998,0.45000000000000023,482.691466760428,114.45891730223556,2.8636975639566377e-06,-49.61097540969696,-44.88632227993925,-48.22508665558941,-43.49418191839793,0.0040452480316162,4,265,1719.0,69.0,397.0,100,99,99,99
0.5399999999999998,0.48000000000000026,28.69614521150881,6.935716737776036,4.921138097228923e-06,-0.925781265859788,-0.9284856710340867,-0.8998576302404524,-0.8781901372648704,0.0032136440277099,4,85,6.0,23.0,0.0,100,4,98,4
0.5399999999999998,0.5000000000000002,257.965598481658,63.22141976155444,5.364336270101419e-06,-0.6240588888411054,-0.6413309566716707,-0.589284794750754,-0.6022643586908791,0.0030028820037841,4,753,10.0,185.0,1.0,100,4,100,4
0.5399999999999998,0.5100000000000002,2.680951323690902,0.7905694150420949,4.213902039191728e-06,-0.3134517766497464,-0.251086012163336,0.0479475681269404,-0.2386457473162673,0.0030031204223632,4,10,3.0,3.0,0.0,1,4,12,4
0.5399999999999998,0.5200000000000002,23.624007915677645,5.0072863575660085,5.3113459947582e-06,-113.07705103466633,-38.62819413479678,-86.57416760653163,-38.25950089708041,0.003995656967163,4,10,55.0,4.0,12.0,1,99,13,99
0.5399999999999998,0.5400000000000003,84.32866011426167,21.05474016304484,4.069019862245495e-06,-0.6145308573365167,-0.5262026376160069,-0.5873857744088173,-0.4959280891546005,0.0032236576080322,4,293,10.0,74.0,2.0,100,4,100,4
0.5399999999999998,0.5800000000000003,212.7867672890712,51.63301995816243,6.596612638229019e-06,-0.4915272048554495,-0.5011496185534356,-0.4656833189558922,-0.4721251173766307,0.0030083656311035,4,653,5.0,158.0,1.0,100,4,100,4
0.5399999999999998,0.6300000000000003,435.1298058242697,107.25505038613956,5.671220978696119e-06,-0.4902907171264417,-0.5188490250522069,-0.462792798263588,-0.4882071559565499,0.0033373832702636,4,1423,4.0,345.0,0.0,100,4,100,4
0.5399999999999998,0.7000000000000004,27.54995462791182,28.74270093680928,1.8515431829351312e-07,0.9934776180810508,0.8844113347191448,0.9999538469298024,0.9991518768078228,0.0009982585906982,93,4125,4097.0,981.0,950.0,100,99,100,99
0.5399999999999998,0.7300000000000004,74.33833129684847,26.664387923470763,1.8577340826784128e-06,0.984087364467556,0.9682671997399496,0.9843502747642084,0.9688182548950304,0.0020012855529785,4,2307,2035.0,581.0,484.0,100,99,100,99
0.5399999999999998,0.7400000000000004,6124.888292348685,1302.2336899855316,4.314179117993303e-06,-160.1317554339447,-109.45978712525417,-157.64269639252777,-107.62521735651508,0.0030000209808349,4,1991,15471.0,501.0,3484.0,100,59,100,56
0.5399999999999998,0.7800000000000005,221.4261351632488,59.13092817355962,2.2101094910537349e-07,0.9506080407628946,0.922029008949114,0.997239430134087,0.996633344760952,0.0010008811950683,85,6179,6520.0,1437.0,1486.0,100,99,99,99
0.5399999999999998,0.8000000000000005,57.81435807824904,39.68626966596886,8.233903076200607e-08,0.9754613712878264,0.7516034065818527,0.9998207001222664,0.9986719452528444,0.0,94,4231,4360.0,1053.0,1074.0,100,99,99,99
0.5399999999999998,0.8900000000000006,98.33649712424511,25.034642664382755,1.9628447940727015e-07,0.9947195653352348,0.9928929465007684,0.9995958689694237,0.9995820935716756,0.001002550125122,85,7491,7565.0,1758.0,1753.0,100,99,100,99
0.5399999999999998,0.9000000000000006,394.4390655989696,165.0864301260546,5.338412728295379e-07,0.9327811292494864,0.7790114045397627,0.9935164160888976,0.9818578453729888,0.0009994506835937,83,7890,7007.0,1910.0,1577.0,100,99,99,99
0.5399999999999998,0.9900000000000007,216.21310150672625,107.36680855342291,3.4047805521649937e-07,0.9899739996933872,0.9511615201682246,0.998674617966068,0.9947285590009296,0.0009994506835937,81,10099,9511.0,2406.0,2133.0,100,99,100,99
0.5499999999999998,0.21000000000000002,0.9071475440448852,0.2886751345948128,4.687501621365771e-06,0.4952076677316294,-0.0909090909090912,0.7355648535564854,-0.0869565217391306,0.0029995441436767,4,10,4.0,1.0,0.0,1,4,7,4
0.5499999999999998,0.25000000000000006,1669.126826991686,344.515042608205,1.3709453105620997e-05,-42169.3556741753,-21257.02052238806,-41892.45176186061,-20772.18371588485,0.0029988288879394,4,34,3595.0,11.0,771.0,97,69,92,65
0.5499999999999998,0.2800000000000001,350.74095676153934,83.45295580944591,1.353950058032378e-05,-118146.67819924964,-54998.03341902314,-33549.69602272727,-54845.75963904839,0.0029990673065185,4,10,1054.0,2.0,244.0,1,99,11,99
0.5499999999999998,0.3200000000000001,0.5773502691896257,0.3061862178478972,3.191184954367281e-06,0.753767233087528,0.0357142857142858,0.9157894736842104,0.3076923076923075,0.0029995441436767,4,10,7.0,2.0,1.0,1,4,3,4
0.5499999999999998,0.34000000000000014,9.07147544044885,2.2383960030938823,8.035796755272399e-06,-1.351307108487524,-0.6033333333333333,-1.308591466978375,-0.5216222201132517,0.0029973983764648,4,22,40.0,7.0,8.0,69,99,57,96
0.5499999999999998,0.35000000000000014,54.90019353335651,12.86751400491434,8.435400866158994e-06,-1.4642194073661918,-1.239524244928151,-1.3645062964264412,-1.143746316384318,0.0029969215393066,4,139,4.0,33.0,0.0,99,4,99,4
0.5499999999999998,0.36000000000000015,1.1226827987756234,0.5,6.200261939848502e-06,0.485015073594609,-0.0593103448275862,0.7888307155322862,0.1031390134529149,0.0029973983764648,4,12,6.0,3.0,1.0,2,4,21,4
0.5499999999999998,0.4000000000000002,157.84789619546194,38.3852456463852,7.80715214132546e-06,-0.9759333405747505,-0.9243987345180557,-0.911955709405932,-0.8569989136249807,0.003000259399414,4,462,6.0,118.0,1.0,100,4,100,4
0.5499999999999998,0.46000000000000024,38.03096326240852,10.081955828773172,5.866596923782085e-06,-0.5286086021848175,-0.7035738446654201,-0.5064299660329066,-0.6601703724749945,0.0029993057250976,4,118,5.0,30.0,0.0,99,4,98,4
0.5499999999999998,0.6100000000000003,160.16427114060113,41.53813508893565,7.275211827192464e-06,-0.4951091261175739,-0.4869613713068252,-0.4709441655553723,-0.4591247312921032,0.0029985904693603,4,552,8.0,151.0,0.0,100,4,100,4
0.5499999999999998,0.6700000000000004,379.3181931659312,97.65921828822236,2.5709707637443314e-06,-0.3307742814083254,-0.3593319426064656,-0.3075369406566699,-0.3342625156905539,0.0029995441436767,4,1327,48.0,338.0,10.0,100,99,100,97
0.5499999999999998,0.6900000000000004,3073.9242833876046,635.1878249121803,1.935338891839648e-06,-18.099387538050102,-11.63709399117633,-17.768509016921808,-11.410921743585863,0.0030009746551513,4,2858,7536.0,708.0,1582.0,100,84,100,80
0.5499999999999998,0.7300000000000004,144.11331326016875,35.17101079013795,3.336718333246251e-07,0.9688390580330808,0.9482608952386355,0.9987152476059856,0.9986001510184692,0.0010020732879638,83,5717,5862.0,1286.0,1256.0,100,99,100,99
0.5499999999999998,0.7500000000000004,654.7971218884009,169.9156960083441,3.5599365768745625e-06,-0.3861766627265437,-0.3860885570893366,-0.3661431851937218,-0.3654672202987565,0.0040020942687988,4,2303,6.0,568.0,0.0,100,4,100,4
0.5499999999999998,0.7600000000000005,256.8299662791462,53.26151963363616,2.876017918431008e-07,0.948994321119112,0.9434540732651352,0.9965781712635408,0.9973397726179049,0.0010004043579101,81,6684,6982.0,1511.0,1485.0,100,99,100,98
0.5499999999999998,0.7800000000000005,148.97785070271354,63.05156619783524,4.308770654085924e-07,0.9885216121518406,0.9472834221181018,0.9990155565986314,0.9968275648881724,0.0009999275207519,80,7487,7176.0,1687.0,1506.0,100,99,100,97
0.5499999999999998,0.8100000000000005,141.9570357537801,35.644541424085304,2.3422324345821446e-07,0.981619408229552,0.9769915763752176,0.9989668464815092,0.9989338459429788,0.0,85,6520,6614.0,1540.0,1499.0,100,99,100,99
0.5499999999999998,0.8200000000000005,745.5896575865306,196.78276940152392,5.087202451487931e-06,-0.35015165966165,-0.3616744349146013,-0.3321503377082928,-0.3423499442187268,0.0050005912780761,4,2697,4.0,703.0,0.0,100,4,100,4
0.5499999999999998,0.8700000000000006,765.0835738662803,220.5960675080134,9.918347730279468e-07,0.8657559906752036,0.6335193816255581,0.9823961704371263,0.9691312573004144,0.0020010471343994,68,9434,8225.0,2066.0,1713.0,95,91,93,87
0.5599999999999997,0.2,1.3654974673478282,0.25,2.28866498856533e-06,0.2678624685782452,-0.0666666666666666,0.6065155745092435,0.1847826086956521,0.0039966106414794,4,10,5.0,1.0,0.0,1,4,3,4
0.5599999999999997,0.22000000000000003,335.2639818113482,79.1769510863694,1.3682179794577384e-05,-112449.74424663476,-70888.58036809816,-46784.40582726328,-64296.32905982908,0.0030009746551513,4,10,985.0,2.0,225.0,1,99,13,99
0.5599999999999997,0.24000000000000005,0.3061862178478972,0.0,0.0,0.8378073962830861,1.0,0.9596394457150544,1.0,0.0039987564086914,4,10,4.0,1.0,0.0,1,4,4,4
0.5599999999999997,0.25000000000000006,0.7569125885243729,0.25,4.765891102635892e-06,0.6632653061224489,-0.0666666666666666,0.8834647003983389,0.3589743589743588,0.004000186920166,4,11,6.0,2.0,0.0,2,4,2,4
0.5599999999999997,0.26000000000000006,330.2058385815329,79.42750887864145,7.642702506906097e-06,-397.7756720504782,-453.2285,-385.6322614197926,-429.69428740070686,0.0030007362365722,4,54,1069.0,14.0,248.0,97,99,99,99
0.5599999999999997,0.2900000000000001,1669.7725986642613,353.4326314872468,2.6020287020590687e-05,-332704.39589807333,-128957.57331690378,-321413.92266679474,-125122.16360601004,0.0030004978179931,4,12,4184.0,4.0,942.0,70,55,70,52
0.5599999999999997,0.3200000000000001,0.2041241452319315,0.0,0.0,0.717439293598234,1.0,0.9752720079129574,1.0,0.003000259399414,4,10,2.0,0.0,0.0,1,4,1,4
0.5599999999999997,0.3300000000000001,0.6454972243679028,0.2041241452319315,2.12621872935026e-06,0.705792215752375,0.1560439560439565,0.8937836904856741,0.2907801418439717,0.0040071010589599,4,10,7.0,1.0,1.0,1,4,3,4
0.5599999999999997,0.38000000000000017,118.40084635114172,26.503930526118825,5.08895446166176e-06,-1.0048341872290734,-0.9907753156820558,-0.9407279792430804,-0.9148842525218824,0.0030012130737304,4,311,7.0,79.0,1.0,100,4,100,4
0.5599999999999997,0.4300000000000002,210.99348331168903,50.41246538968974,9.110417617415603e-06,-0.7103039872574821,-0.7415542223608891,-0.6679817713748539,-0.6921134002278617,0.0029983520507812,4,590,6.0,143.0,0.0,100,4,98,4
0.5599999999999997,0.4400000000000002,126.83728914111444,29.234504442524763,7.856067976251781e-06,-186.3394960956256,-135.78299527646567,-185.8589355801944,-134.7584883182209,0.003514289855957,4,40,380.0,11.0,87.0,100,99,100,99
0.5599999999999997,0.46000000000000024,27.540311363526737,6.90108687092113,4.696612613610546e-06,-0.8648960147525868,-0.7571732263604809,-0.838249773541806,-0.710412115045042,0.0029976367950439,4,71,6.0,24.0,1.0,96,4,100,4
0.5599999999999997,0.47000000000000025,199.10910953545044,48.25313029569515,4.991593805048415e-06,-0.6299348764610218,-0.6593231746848727,-0.5920415799680756,-0.6166859539997109,0.0029993057250976,4,554,5.0,137.0,1.0,100,4,98,4
0.5599999999999997,0.5000000000000002,166.55363875740852,43.5094577841033,6.187223147679697e-06,-0.512612578754363,-0.5666090064824607,-0.4844757000524842,-0.532525403019986,0.003000259399414,4,556,5.0,134.0,1.0,100,4,99,4
0.5599999999999997,0.5800000000000003,77.16702663702937,18.93904696651867,4.051197976929471e-06,-0.5763363599192346,-0.580704455687002,-0.5520474525959889,-0.5448210763949328,0.0029990673065185,4,235,6.0,61.0,0.0,100,4,100,4
0.5599999999999997,0.6000000000000003,4969.445693435034,1055.7038775543704,6.266768500709906e-06,-212.91547847659425,-149.1966392568689,-208.7767501423212,-146.2261453361819,0.0029988288879394,4,1386,12558.0,352.0,2828.0,100,55,100,52
0.5599999999999997,0.6100000000000003,17.504285189632853,19.3183850256692,1.1811151094595029e-07,0.9932898252376156,0.8192771084337349,0.999984415315762,0.9996652275614036,0.0,95,3623,3602.0,821.0,829.0,100,99,98,99
0.5599999999999997,0.6200000000000003,703.629807675883,171.6366984359697,5.601040009416662e-06,-0.5557008011397997,-0.5705095732792456,-0.5232353413864084,-0.5357991043206984,0.0054564476013183,4,2195,8.0,515.0,1.0,100,4,100,4
0.5599999999999997,0.7100000000000004,200.7679786469944,54.05812843597159,2.802424388668293e-06,-0.2836551543946561,-0.3041628477701785,-0.2630327105015346,-0.2822063278163622,0.002997875213623,4,744,33.0,198.0,7.0,100,99,99,98
0.5599999999999997,0.7300000000000004,476.1033566884401,127.57338574326543,3.7636748703270095e-06,-0.3867617231612752,-0.3825140119658394,-0.366934234571886,-0.3619830469397582,0.0039989948272705,4,1732,7.0,469.0,1.0,100,4,100,4
0.5599999999999997,0.7400000000000004,122.38356442801158,75.6191983420529,5.524975334811535e-07,0.9846749390326528,0.856070461358382,0.999153897488101,0.9941192763767498,0.0009994506835937,81,6335,5959.0,1413.0,1241.0,100,99,100,97
0.5599999999999997,0.8200000000000005,39.03331910048132,28.823601440486232,1.2071971079816205e-07,0.9867151974095856,0.8341266291847688,0.9999215113915144,0.9993601463329626,0.0009999275207519,95,4137,4127.0,1016.0,1027.0,100,99,99,99
0.5599999999999997,0.8500000000000005,90.7716916224436,59.62696537641338,3.52348669353306e-07,0.9948253621421844,0.9487308408008948,0.99963544473164,0.9973897078612028,0.0,84,7238,7011.0,1633.0,1570.0,100,99,99,99
0.5599999999999997,0.8900000000000006,436.5023318543507,149.64636886435204,7.328396364201869e-07,0.9656794444286868,0.8791662996055561,0.99514940308818,0.988638945350394,0.0009996891021728,72,10306,9424.0,2172.0,1976.0,99,94,95,91
0.5599999999999997,0.9200000000000006,274.91913249492967,50.97808064141248,2.3718182527963362e-07,0.9727824250677408,0.9807816040070236,0.9973015671173248,0.9985316963080902,0.0,83,8494,8883.0,2045.0,2036.0,100,99,100,99
0.5599999999999997,0.9300000000000006,413.2021297137758,157.60499146071908,6.391535703946506e-07,0.9748655534613632,0.892783655046974,0.9961662718445295,0.9892124365195296,0.0009996891021728,73,10878,9976.0,2354.0,2093.0,100,96,96,92
0.5599999999999997,0.9500000000000006,507.50604636474446,148.959292988863,7.587685469944422e-07,0.9663414206172734,0.9067358552460684,0.994878494696683,0.9908082499200082,0.0009987354278564,69,11250,11478.0,2426.0,2429.0,94,91,91,88
0.5599999999999997,0.9700000000000006,762.3568155960268,217.12261183816983,1.0648929282968011e-06,0.9286918403197418,0.8080522244776969,0.9882600133017502,0.9791861127101184,0.0009996891021728,65,11493,11208.0,2461.0,2364.0,92,88,90,85
0.5699999999999997,0.2700000000000001,301.1447430223546,72.13926057748768,1.2226800872896835e-05,-124371.32857142856,-101826.46496815288,-38018.40259399975,-36625.90615835776,0.0019967555999755,4,10,923.0,3.0,216.0,1,99,3,99
0.5699999999999997,0.3000000000000001,0.1443375672974064,0.0,0.0,0.8093346573982124,1.0,0.986892981191428,1.0,0.0040047168731689,4,10,2.0,0.0,0.0,1,4,1,4
0.5699999999999997,0.3100000000000001,26.93007921760845,6.4299105748058425,9.584365667719716e-06,-1.8815909964939996,-1.365682993611196,-1.7723765816169084,-1.2431459429520908,0.002000093460083,4,58,3.0,17.0,0.0,79,4,79,4
0.5699999999999997,0.34000000000000014,26.74883175019051,6.791538853603062,6.324773119924832e-06,-1.260365933921285,-1.2275509348536937,-1.1991285831327785,-1.1321776814734563,0.0029971599578857,4,80,5.0,22.0,0.0,100,4,99,4
0.5699999999999997,0.3900000000000002,0.7971302695712079,0.3679900360969936,5.536368744950642e-06,0.2310924369747897,-0.1073646850044369,0.7580421244694777,-0.1026293469041557,0.0029988288879394,4,10,3.0,2.0,0.0,1,4,9,4
0.5699999999999997,0.4000000000000002,43.54954075532829,9.43232473995674,8.183536708233211e-06,-0.7072396952529791,-0.7080327551260608,-0.6839429514496875,-0.6707615746355666,0.0040013790130615,4,108,5.0,25.0,0.0,90,4,90,4
0.5699999999999997,0.4100000000000002,81.50856294484238,19.891633500880044,5.601724091411352e-06,-0.7994546781079932,-0.7574562342041189,-0.7570700449958037,-0.7075939266568514,0.0029969215393066,4,236,8.0,53.0,3.0,100,4,97,4
0.5699999999999997,0.4300000000000002,0.9185586535436918,0.3061862178478972,3.172183365269379e-06,0.5075987841945289,-0.1034482758620689,0.7823692200220318,0.0806945863125638,0.004000186920166,4,10,5.0,1.0,0.0,1,4,2,4
0.5699999999999997,0.45000000000000023,1.925703334715224,0.5590169943749475,7.6153806932686705e-06,-0.3485380578463484,-0.1769513690232937,0.0049194991055457,-0.1668611435239202,0.0029973983764648,4,10,5.0,2.0,1.0,1,4,11,4
0.5699999999999997,0.47000000000000025,258.390632086382,62.90336503982385,6.097216723120632e-06,-488.7151338948532,-317.2067557308528,-485.425636063521,-311.18902814875696,0.0029997825622558,4,45,897.0,18.0,218.0,100,99,100,99
0.5699999999999997,0.5000000000000002,90.55074544143744,22.943317836209594,7.937946673018502e-06,-0.5358227439069263,-0.5371266705956161,-0.5128445217481419,-0.5047960273908969,0.0030202865600585,4,287,5.0,76.0,0.0,100,4,100,4
0.5699999999999997,0.5400000000000003,61.182020098500615,15.22128443988877,6.521087353117293e-06,-0.652766023989992,-0.6132893397716854,-0.6255540088420664,-0.5746559820573323,0.0030064582824707,4,204,6.0,52.0,1.0,100,4,99,4
0.5699999999999997,0.5500000000000003,3630.950022032802,752.063141464864,5.327454519281931e-06,-6639.34450906945,-5004.305414693775,-6525.518611292841,-4879.783927728712,0.0039992332458496,4,178,7911.0,46.0,1695.0,100,77,100,73
0.5699999999999997,0.5600000000000003,116.81943866497562,29.406454790289384,6.107199416296129e-06,-0.5964856196289914,-0.6115118155168553,-0.5667284716055154,-0.5750521902645589,0.0025043487548828,4,394,4.0,97.0,0.0,100,4,99,4
0.5699999999999997,0.5900000000000003,705.0173682848766,175.15166047362118,6.063964516273648e-06,-0.5192695794337807,-0.5330545177787331,-0.4896636116311159,-0.5010488516530163,0.0029976367950439,4,2167,8.0,523.0,1.0,100,4,100,4
0.5699999999999997,0.6100000000000003,667.0241437409394,166.43241871702762,2.376350652387388e-06,-0.3697775432504397,-0.4114694684185669,-0.3409642120878455,-0.3799086885755023,0.0029995441436767,4,2214,107.0,546.0,23.0,100,99,100,98
0.5699999999999997,0.6200000000000003,2.01038968030247,0.6846531968814576,6.197161805993403e-06,-0.1769836003412646,-0.3370473537604457,0.1879277506854475,-0.2244897959183676,0.0030004978179931,4,10,5.0,2.0,0.0,1,4,2,4
0.5699999999999997,0.6500000000000004,5060.845931429514,1060.9032364373925,6.239935874812082e-06,-4592.509255882487,-3282.2480653917837,-4539.989366265238,-3230.6286825183192,0.0029988288879394,4,301,12058.0,75.0,2665.0,100,62,100,59
0.5699999999999997,0.6600000000000004,33.460424384636845,17.663521732655695,1.3099368728977504e-07,0.9768245972249132,0.90906335253107,0.9999409321223276,0.9997282963900984,0.001000165939331,95,3721,3787.0,885.0,907.0,100,99,100,99
0.5699999999999997,0.6900000000000004,697.0451324460035,184.0629704295064,1.7386312902630848e-06,0.0090905006927483,-0.0425585737813354,0.0261267674824849,-0.0242378874459527,0.00199556350708,4,2843,403.0,727.0,91.0,100,99,100,99
0.5699999999999997,0.7700000000000005,38.10666145254427,40.6455264885253,3.650977195553097e-07,0.998941657101965,0.971377249228026,0.9999293232046296,0.9985979640251096,0.0010032653808593,83,6783,6729.0,1519.0,1468.0,100,99,100,99
0.5699999999999997,0.8000000000000005,47.63563630470203,46.83686910642414,3.039879329139074e-07,0.997190104388926,0.9472687969427526,0.9998792945756448,0.998097667726758,0.0010006427764892,87,6030,6018.0,1484.0,1380.0,100,99,100,99
0.5699999999999997,0.8200000000000005,122.21446313755176,63.55165222085103,3.7557530975727833e-07,0.991329456418034,0.9474942944754028,0.9993573843092768,0.9971091612026678,0.0,84,7322,7094.0,1705.0,1581.0,100,99,100,99
0.5699999999999997,0.8400000000000005,50.8641982799952,29.45901107188314,1.2089116513027405e-07,0.9848342445357168,0.9085903212592896,0.9998568620667836,0.9992971539787128,0.0,94,4436,4481.0,1153.0,1127.0,100,99,100,99
0.5699999999999997,0.8500000000000005,72.89326835468809,38.19498845211427,2.0932492455510438e-07,0.9833731403523112,0.9121500886069416,0.999723132793702,0.9988578189125372,0.0,93,4892,4822.0,1245.0,1201.0,100,99,100,99
0.5699999999999997,0.8700000000000006,0.0,0.0,0.0,,,1.0,1.0,0.0,99,3022,3022.0,812.0,812.0,100,99,100,99
0.5699999999999997,0.9200000000000006,36.621767381624906,50.919997582935466,1.80690676290282e-07,0.9992114595757832,0.969141987378518,0.999945654391774,0.9984050280783128,0.0009996891021728,87,7299,7313.0,1790.0,1759.0,100,99,100,99
0.5699999999999997,0.9300000000000006,553.3312750965736,203.74560787234836,5.903700575272175e-07,0.9442680392710304,0.8250536723822792,0.9920365537518062,0.9814428622879028,0.0,78,10542,9207.0,2379.0,1942.0,100,99,100,97
0.5699999999999997,0.9600000000000006,530.5600116159584,183.66122193986527,6.749547072077762e-07,0.9646931938275216,0.8832998769121478,0.9941838949245738,0.9867018363995624,0.0009994506835937,73,11689,10379.0,2461.0,2177.0,100,96,96,93
0.5799999999999997,0.21000000000000002,0.4564354645876384,0.1020620726159657,0.0,0.9396378269617706,0.7961783439490446,0.967872002056192,0.8287671232876712,0.0030021667480468,4,10,10.0,2.0,2.0,1,4,5,4
0.5799999999999997,0.22000000000000003,14.102674096307643,3.50743258428916,1.4344382978614994e-05,-1.0977884801366071,-0.8717559268308792,-1.082079265792527,-0.8085758039816233,0.0029988288879394,4,32,6.0,9.0,1.0,98,4,66,4
0.5799999999999997,0.24000000000000005,6.005206074732157,1.661450169781407,1.899054543554797e-05,-0.85667359388617,-0.5150973735929962,-0.7389644572140401,-0.4992927864214997,0.0029988288879394,4,15,8.0,6.0,0.0,100,4,69,4
0.5799999999999997,0.26000000000000006,0.9947780321927768,0.3227486121839514,6.496761255268348e-06,0.3463302752293576,-0.116279069767442,0.7374530179084677,-0.1111111111111111,0.0030000209808349,4,10,5.0,1.0,0.0,1,4,6,4
0.5799999999999997,0.3200000000000001,26.94767305971581,6.958208581716034,8.102193561248474e-06,-1.4681572965086689,-1.4925732480518392,-1.4181419090948193,-1.3632776749577986,0.0029997825622558,4,53,6.0,16.0,1.0,97,4,91,4
0.5799999999999997,0.37000000000000016,59.69715236089574,14.313455208299636,7.14247944139138e-06,-2.7445313070947046,-3.263150408110275,-2.671930031122108,-3.125207644680101,0.0039963722229003,4,116,282.0,33.0,65.0,100,99,100,99
0.5799999999999997,0.38000000000000017,0.6614378277661477,0.1767766952966369,1.0245087173664388e-06,0.7899562408835173,0.2173913043478266,0.8945359582161511,0.2187500000000001,0.0029973983764648,4,10,7.0,1.0,1.0,1,4,5,4
0.5799999999999997,0.3900000000000002,54.42732157045148,13.876313751617658,4.558463421522753e-06,-0.7411621755777011,-0.7521067519734601,-0.700030445647644,-0.7083724575425312,0.0029985904693603,4,156,5.0,46.0,2.0,99,4,99,4
0.5799999999999997,0.4100000000000002,3432.740828223127,726.4093270441031,1.4005377522697176e-05,-5833932.25898469,-925405.550713606,-3611402.783041757,-904577.0178571428,0.0039985179901123,4,10,8572.0,4.0,1930.0,1,54,99,51
0.5799999999999997,0.4200000000000002,13.149778198382917,3.887747848476459,9.660009130238058e-06,-1.3422067538331293,-0.8918118727166549,-1.3390033027853865,-0.8456098398605933,0.0029993057250976,4,33,7.0,12.0,2.0,100,4,98,4
0.5799999999999997,0.49000000000000027,106.28445519767538,26.77646665762058,7.802468148250277e-06,-0.5662383616248954,-0.5828810597001195,-0.5397482617590075,-0.5478619468158863,0.0029988288879394,4,347,5.0,80.0,2.0,100,4,99,4
0.5799999999999997,0.5000000000000002,17.299446041227252,3.5794552658190883,5.925069897923293e-06,-168.25928198834,-58.63636363636363,-83.49005999294204,-54.90909090909091,0.0029985904693603,4,10,40.0,2.0,8.0,1,99,12,95
0.5799999999999997,0.5500000000000003,2395.2196380673176,494.83270531564506,3.4576026971189896e-06,-14.704209755683223,-10.5348062995333,-14.373643682814532,-10.275176625824358,0.0029969215393066,4,2299,6008.0,566.0,1261.0,100,82,100,79
0.5799999999999997,0.5700000000000003,644.1673647042359,158.92827915970986,4.0318456464025845e-06,-0.5873332533212379,-0.5980080590067156,-0.5520637277524734,-0.5608574655853,0.0030982494354248,4,2007,7.0,485.0,2.0,100,6,100,5
0.5799999999999997,0.6000000000000003,1800.6103594799922,389.1930754779689,1.8459448231420765e-06,-10.314348114894486,-7.708306418512077,-10.089116706345049,-7.523634753396138,0.0029988288879394,4,2108,5648.0,504.0,1176.0,100,96,100,92
0.5799999999999997,0.6200000000000003,720.1458113349915,179.27516094912127,5.676594203481594e-06,-0.5022221861596032,-0.510455989187443,-0.4739130245814922,-0.4802321672239207,0.0030000209808349,4,2280,8.0,561.0,2.0,100,4,99,4
0.5799999999999997,0.6600000000000004,27.031727390499587,13.038404810405298,3.1161725745235825e-07,0.9922535881647896,0.95300476158238,0.9999528376594814,0.9998151048840618,0.0009996891021728,93,3983,4004.0,945.0,933.0,100,99,100,99
0.5799999999999997,0.6700000000000004,542.0619006780191,139.82723715356747,2.6978688592604726e-06,-0.3792939968591167,-0.3988190126815225,-0.3543861270905046,-0.3724299016115902,0.0029985904693603,4,1868,48.0,481.0,10.0,100,99,100,97
0.5799999999999997,0.7100000000000004,66.35070961690363,66.25770395458427,3.634188022194063e-07,0.9909542867348758,0.8339139509002462,0.9997265292986448,0.9954513978828852,0.0009994506835937,88,5287,5119.0,1283.0,1152.0,100,99,100,99
0.5799999999999997,0.7200000000000004,38.20013088982812,42.935998882057,3.336568409843831e-07,0.9796324098362514,0.6953993907161666,0.9999266509172904,0.9986366940482186,0.001000165939331,96,3760,3694.0,1012.0,935.0,100,99,100,99
0.5799999999999997,0.7300000000000004,221.03537355734795,114.1936154878276,7.845682764523306e-07,0.8591912137400857,0.3464120350234492,0.9968135659504568,0.985897741117432,0.0,89,4954,4481.0,1249.0,987.0,100,99,100,99
0.5799999999999997,0.7800000000000005,555.6697486504169,184.70811286059347,8.378531109523133e-07,0.8638960266628803,0.5659049774136575,0.9879994312949496,0.9747028769166308,0.0010008811950683,77,7811,6721.0,1726.0,1394.0,100,97,97,94
0.5799999999999997,0.8100000000000005,451.43997386142047,160.5091897680628,6.075073934999026e-07,0.9197425183822427,0.7528307426357734,0.9922990661392244,0.9826239181920536,0.0009999275207519,80,8229,7173.0,1866.0,1504.0,100,99,100,98
0.5799999999999997,0.8300000000000005,544.9292431132687,169.89432009340396,7.478037933112507e-07,0.9144026790095858,0.7408312335310127,0.990666173025286,0.9822195722449524,0.001000165939331,75,8917,7794.0,1932.0,1623.0,99,96,95,93
0.5799999999999997,0.8400000000000005,96.6787528363911,28.572276773123978,2.8658242242377045e-06,-0.306408577326372,-0.2778115094734736,-0.2942161788770379,-0.2642684303919986,0.0030083656311035,4,403,6.0,126.0,1.0,100,4,100,4
0.5799999999999997,0.8900000000000006,365.74337641480855,83.72781990525584,4.134885507879479e-07,0.974383905138002,0.9645912624811542,0.9965189651635434,0.9966789945651784,0.0009996891021728,77,10297,10273.0,2202.0,2168.0,100,99,100,95
0.5799999999999997,0.9000000000000006,413.8477497824532,163.76873938575702,7.106640144934879e-07,0.970081669582492,0.8821070243757743,0.995547629955666,0.9872635987963958,0.0009994506835937,75,10311,9332.0,2265.0,1954.0,100,97,96,94
0.5799999999999997,0.9500000000000006,658.1078203651788,190.44497977783675,9.328723384254206e-07,0.9494470680368826,0.8598127576129697,0.9917366112739964,0.9854872426053296,0.0009999275207519,69,11607,10692.0,2482.0,2249.0,95,92,91,88
0.5799999999999997,0.9600000000000006,496.5240904667095,158.44111274191604,6.872784970866986e-07,0.9728368523410632,0.91466400478461,0.9954475013234648,0.9907086897774102,0.002000093460083,71,12001,11493.0,2610.0,2431.0,96,93,93,90
0.5799999999999997,0.9800000000000006,565.6994145181758,156.5792737418246,6.610870890573805e-07,0.9668562479098946,0.921136369604838,0.9943944120381648,0.9914799267825152,0.0009999275207519,71,12197,12208.0,2607.0,2589.0,96,93,92,90
0.5899999999999997,0.21000000000000002,4.699290726623895,1.2788341044352338,1.2758368764040136e-05,-1.3727193238122997,-0.4678613167121153,-1.2121123586126297,-0.440366972477064,0.0029988288879394,4,14,7.0,6.0,1.0,54,4,44,4
0.5899999999999997,0.22000000000000003,3.308763616015304,1.0307764064044151,2.049870428140464e-05,-2.740768204063474,-0.523335407591786,-1.9460406447091805,-0.492100643651258,0.0029988288879394,4,10,3.0,5.0,0.0,1,4,34,4
0.5899999999999997,0.3200000000000001,2674.471330157296,566.0442967059498,1.486202501805009e-05,-34467.49852860899,-21566.75598746631,-34092.4921490014,-21168.443698855463,0.0029985904693603,4,67,6696.0,17.0,1508.0,99,55,99,52
0.5899999999999997,0.3300000000000001,61.48831189746552,14.99756924749252,5.26665828511718e-06,-0.6760720769377631,-0.7568630641671392,-0.6397393027834879,-0.7052378037945946,0.002997875213623,4,164,5.0,46.0,0.0,99,4,97,4
0.5899999999999997,0.34000000000000014,51.802308507118354,12.701295865645626,9.313460594068825e-06,-1.2136590889256371,-0.9584610541096998,-1.1459473080279148,-0.8935656426715575,0.0029985904693603,4,136,6.0,34.0,0.0,98,4,97,4
0.5899999999999997,0.35000000000000014,2344.015527181223,484.17730911998206,1.3444844197117012e-05,-734116.2498260265,-518474.0122390209,-644228.916335878,-514871.0201326928,0.0029969215393066,4,10,5034.0,4.0,1080.0,1,72,25,69
0.5899999999999997,0.36000000000000015,320.5885050704927,77.59657960674986,8.840901174014032e-06,-36278.78918339206,-37929.039644565964,-21600.731800766283,-37754.584585238415,0.0029973983764648,4,10,1013.0,2.0,241.0,1,99,8,99
0.5899999999999997,0.4100000000000002,102.72759285281307,24.6859440437941,1.0223029005922456e-05,-0.8111096014816617,-0.8224165143711579,-0.7663278852883817,-0.7660176094614253,0.0030241012573242,4,256,3.0,64.0,0.0,100,4,100,4
0.5899999999999997,0.4200000000000002,13.075501902412771,3.272358986011977,9.393791836642569e-06,-0.8811483776843094,-0.5767878826612132,-0.8798555490270863,-0.5412293853073467,0.0039987564086914,4,43,5.0,12.0,0.0,100,4,100,4
0.5899999999999997,0.45000000000000023,3491.8436778918576,732.0562293407977,8.272781155275487e-06,-3743.532758220813,-2721.351942004445,-3680.89116835815,-2658.7552262448585,0.0030028820037841,4,234,8339.0,65.0,1844.0,100,60,97,57
0.5899999999999997,0.47000000000000025,0.3679900360969936,0.2041241452319315,1.214332330435713e-06,0.915217391304348,-0.0434782608695645,0.9673128661587588,0.5299647473560516,0.0030019283294677,4,10,6.0,2.0,0.0,1,4,3,4
0.5899999999999997,0.48000000000000026,96.13851768845478,23.63150263243255,3.075650351040553e-06,0.7010791311161825,0.6753841958996524,0.7070727392117284,0.6827771000699168,0.0029997825622558,4,608,354.0,152.0,81.0,100,99,97,99
0.5899999999999997,0.49000000000000027,61.5995129850878,15.429611682303175,5.972199667768197e-06,-0.9282179204591978,-0.7535259051228425,-0.8805084794324034,-0.7022192529897762,0.0030000209808349,4,179,5.0,49.0,0.0,99,4,99,4
0.5899999999999997,0.5000000000000002,32.74602393166739,8.469922274338373,6.738583800818352e-06,-0.6666449109609798,-0.5522659986335685,-0.6446865986984511,-0.5187165775401072,0.0029964447021484,4,97,4.0,29.0,0.0,100,4,95,4
0.5899999999999997,0.5400000000000003,412.6541000038652,102.86763339359956,6.81646970422818e-06,-0.5353845457940314,-0.5395112898916632,-0.5049774115436054,-0.5069897701027952,0.0029983520507812,4,1378,4.0,338.0,0.0,100,4,100,4
0.5899999999999997,0.7300000000000004,81.39627105203573,49.503416400225525,3.7355269775393926e-07,0.9935611016039468,0.9425601240315912,0.9996369308403912,0.9975913657193188,0.0010004043579101,83,6192,6067.0,1389.0,1307.0,100,99,99,99
0.5899999999999997,0.7500000000000004,61.007171709562144,52.09366564180332,3.8485814124558603e-07,0.9856505254757087,0.8154615745054767,0.9997716113098366,0.9974255461788568,0.0,92,4541,4437.0,1147.0,1051.0,100,99,100,99
0.5899999999999997,0.7700000000000005,56.9824534396335,15.667774783506005,3.177492572997474e-06,0.961341649030412,0.960950978282993,0.9618257946754384,0.961459641108894,0.0029988288879394,4,1316,1188.0,348.0,291.0,100,99,100,99
0.5899999999999997,0.7800000000000005,71.02376362880244,35.05353049266222,1.0176065563310137e-07,0.9845231456730388,0.9297791310792528,0.999712674796066,0.998951441723842,0.0,92,4892,5012.0,1225.0,1241.0,100,99,100,99
0.5899999999999997,0.7900000000000005,205.5075018906447,90.7193474403338,4.4104924491745596e-07,0.9694914265595116,0.8708451799358379,0.9981468490199716,0.9939979938130232,0.0009994506835937,85,6942,6591.0,1614.0,1475.0,100,99,100,99
0.5899999999999997,0.8000000000000005,186.7905626248668,38.86607040300613,1.9668821008902773e-07,0.9648301043913708,0.9669506138993348,0.9981458632702472,0.9986974927407825,0.0009996891021728,86,6234,6533.0,1470.0,1512.0,100,99,100,99
0.5899999999999997,0.8200000000000005,3.188521078284832,0.6535161308899218,3.0358353537428886e-06,-3.1637115051326488,-0.1887647236484446,-1.5361189065585703,-0.1634506242905791,0.0039982795715332,4,10,5.0,3.0,0.0,1,4,9,4
0.5899999999999997,0.8500000000000005,1619.345323820024,371.337372808669,1.8085136711189525e-06,0.435010959853978,-0.0173871002142562,0.924325006998784,0.9087403594881412,0.0009999275207519,64,9639,7469.0,2050.0,1549.0,90,86,90,83
0.5899999999999997,0.9200000000000006,409.4861617523438,114.67322231744718,5.535271656112074e-06,-0.2845010268771515,-0.2906296751943349,-0.2711374945034486,-0.2759316781564815,0.0029990673065185,4,1636,4.0,472.0,1.0,100,4,100,4
0.5899999999999997,0.9600000000000006,32.56531897586756,32.00520790954705,1.1303685025761125e-07,0.9964679254080764,0.9407642053623204,0.9999434975285512,0.9992673531530272,0.0010004043579101,94,4734,4795.0,1255.0,1259.0,100,99,100,99
0.5899999999999997,0.9700000000000006,1352.143483510533,303.7776628079369,1.7847730697577386e-06,0.7818310906342669,0.6596028649588591,0.9655711290204928,0.9595252817016376,0.0009939670562744,62,12185,10621.0,2601.0,2229.0,89,85,84,81
0.5999999999999998,0.21000000000000002,3.6742346141747673,0.962851667357612,2.520924507800112e-05,-1.5068203340654032,-0.4376577486118123,-1.13822573460263,-0.413595933926302,0.0029995441436767,4,10,5.0,4.0,0.0,1,4,66,4
0.5999999999999998,0.23000000000000004,6.1762313212292606,1.567907310185565,2.015400657720524e-05,-0.8789223048267529,-0.6979689724949414,-0.8304142674344213,-0.6624401239785853,0.0035197734832763,4,16,4.0,4.0,1.0,92,4,83,4
0.5999999999999998,0.24000000000000005,12.73814808622771,3.360307525609325,1.817136661520744e-05,-0.9063859298429908,-0.6044403330249768,-0.9031735850209232,-0.5801749271137027,0.0029985904693603,4,34,6.0,9.0,0.0,100,4,89,4
0.5999999999999998,0.3000000000000001,16.301840386901105,4.662572608907376,6.446872962513699e-06,-0.5892861893826178,-0.9200367999386664,-0.5758848600901847,-0.8604195081075781,0.0030043125152587,4,53,5.0,15.0,1.0,100,4,98,4
0.5999999999999998,0.3100000000000001,25.786584044162705,6.002603601771485,1.0033689092826292e-05,-0.9402741705528654,-0.8441852715761413,-0.9127600436757112,-0.7839092315626615,0.0029993057250976,4,60,6.0,16.0,1.0,100,4,88,4
0.5999999999999998,0.3200000000000001,363.1826474608426,86.95838324547361,1.0595982656043967e-05,-166817.371346233,-66243.47148288973,-60844.49997597424,-65992.54545454547,0.0030000209808349,4,10,1110.0,2.0,259.0,1,99,11,99
0.5999999999999998,0.3300000000000001,101.18598799570356,22.987768486740944,8.944651597696174e-06,-1.275133511833752,-1.146916316163722,-1.1920421972126105,-1.0579495552873643,0.0029995441436767,4,248,11.0,64.0,1.0,100,4,99,4
0.5999999999999998,0.37000000000000016,34.98228718461197,7.742603997794712,9.131763235129626e-06,-1.2043225390709975,-1.091847745834138,-1.1558219542576205,-1.0235583684950766,0.0029988288879394,4,75,6.0,20.0,0.0,98,4,91,4
0.5999999999999998,0.4400000000000002,116.6283270336442,29.240204912642685,3.141261672688969e-06,0.1165049520801764,0.0385684944468908,0.1332336392180738,0.0602869663030691,0.0029988288879394,4,477,99.0,112.0,21.0,100,99,98,98
0.5999999999999998,0.45000000000000023,236.63784302177876,55.93988588952728,3.2961607055088004e-06,-0.4907574958135254,-0.5498833557911975,-0.4567021086531897,-0.5094939941574881,0.0029988288879394,4,694,25.0,154.0,5.0,99,99,99,95
0.5999999999999998,0.48000000000000026,1684.4408784272207,356.7183763138647,2.9027269687716955e-06,-23.8559204061062,-17.25928525318945,-23.227619712839232,-16.77501402554462,0.0029988288879394,4,1265,4521.0,310.0,940.0,100,92,100,88
0.5999999999999998,0.5000000000000002,365.5893786066548,88.91358163970227,7.254139789595521e-06,-0.625825114659269,-0.6407043588303059,-0.588805937826,-0.600063248606554,0.0029985904693603,4,1035,6.0,251.0,0.0,100,4,99,4
0.5999999999999998,0.5200000000000002,185.096905925878,46.63968714160362,7.353237751686099e-06,-0.4721853100035469,-0.4856715313580506,-0.4481403206641809,-0.4583814630061018,0.0029971599578857,4,638,6.0,165.0,1.0,100,4,100,4
0.5999999999999998,0.5400000000000003,273.85467937697666,69.9702317656111,7.096139534674876e-06,-0.502389592779585,-0.5034323540575194,-0.4761722949637077,-0.4748105496022721,0.0049998760223388,4,901,8.0,245.0,1.0,100,4,100,5
0.5999999999999998,0.5900000000000003,36.43977418779023,18.79209560274897,5.141911311578265e-07,0.9656544680599486,0.8187113672079622,0.9999130040648232,0.9995813520229306,0.0010018348693847,93,3708,3741.0,855.0,822.0,100,99,100,99
0.5999999999999998,0.6700000000000004,898.3066361215417,226.42937180645683,5.604444590028219e-06,-0.4418932008364613,-0.4557995278254561,-0.4176833797204631,-0.4297326023613492,0.0025033950805664,4,2943,9.0,727.0,2.0,100,4,100,4
0.5999999999999998,0.6800000000000004,91.705711381571,38.82975663070785,3.7372937599505276e-07,0.9862434952659396,0.9392594921599796,0.9994763833504444,0.998334036185125,0.0009996891021728,84,5629,5635.0,1296.0,1206.0,100,99,100,99
0.5999999999999998,0.7000000000000004,279.95106715281514,63.23606565876786,2.6501232250027144e-07,0.8804838363754325,0.8535860220565621,0.9952292127968276,0.9957658433616552,0.0014410018920898,85,5665,6101.0,1343.0,1354.0,100,99,100,99
0.5999999999999998,0.7100000000000004,62.58682857527701,27.44489428331292,1.371207453061035e-07,0.9832267385092274,0.9333948319341492,0.9997390250742986,0.9991682818559818,0.0,91,4530,4612.0,1100.0,1085.0,100,99,100,99
0.5999999999999998,0.7300000000000004,29.832169437259054,8.115058019919923,6.039801950090549e-06,-0.4514712198571544,-0.3882809354756067,-0.441258461084284,-0.3670489733077311,0.0029990673065185,4,103,4.0,36.0,0.0,99,4,98,4
0.5999999999999998,0.7500000000000004,72.1899204555914,41.10867398643597,2.685804051956015e-07,0.9937776919428344,0.9545881984045916,0.9997309229052695,0.9985510334707766,0.0,87,6061,5952.0,1428.0,1359.0,100,99,100,99
0.5999999999999998,0.7600000000000005,98.1868966138897,38.079740895477045,2.445539329946473e-07,0.9914483095482416,0.97229079257514,0.999498399150932,0.9987363933620442,0.0010018348693847,85,6468,6524.0,1528.0,1475.0,100,99,100,99
0.5999999999999998,0.7800000000000005,397.1769127227815,134.4179371147386,6.756007919333447e-07,0.9358347177769472,0.7852067821308548,0.993818597331542,0.9867224118450352,0.0,78,7960,7063.0,1708.0,1468.0,100,99,97,95
0.5999999999999998,0.8000000000000005,209.07763709525065,81.56388089507921,6.112994167404733e-07,0.984549531813012,0.934789653981182,0.9983289304740984,0.9952630230020022,0.0009996891021728,76,8203,7835.0,1825.0,1636.0,100,98,98,94
0.5999999999999998,0.8300000000000005,448.0043845448709,146.40904050931124,8.104503711748733e-07,0.951933239195478,0.8236533206917476,0.9941470712224334,0.9872127234700449,0.0009992122650146,72,9233,8498.0,2025.0,1779.0,97,93,93,90
0.5999999999999998,0.9100000000000006,133.47250312670806,28.65151114529722,2.046771165094395e-07,0.9849226446935908,0.9884775226430078,0.9991958437133328,0.99947154862106,0.0010004043579101,89,6645,6845.0,1729.0,1702.0,100,99,100,99
0.5999999999999998,0.9400000000000006,239.159639850317,61.89345684319143,1.2802865085436038e-07,0.9794468870375268,0.9733429751767068,0.9979973826183896,0.997964396225816,0.0010004043579101,85,8365,8888.0,2047.0,2131.0,100,99,100,99
0.5999999999999998,0.9500000000000006,779.4040527347512,226.20594384820677,1.0584407692950856e-06,0.9318668440661376,0.8111740954049659,0.9891110766594498,0.9808320386103224,0.0015034675598144,69,11945,10804.0,2518.0,2275.0,94,92,91,88
0.5999999999999998,0.9800000000000006,758.0567261095966,224.0222505690004,1.0010051677338018e-06,0.9477696623544698,0.8536912869799815,0.9903053668262616,0.9823652706196576,0.0020027160644531,68,12651,11861.0,2674.0,2507.0,95,91,90,88
0.6099999999999998,0.21000000000000002,13.813112731507456,2.798809270624444,1.3048169824847188e-05,-113.19131112409896,-44.14821763602252,-62.82452350256108,-40.52401987852015,0.0029983520507812,4,10,32.0,2.0,7.0,1,99,32,99
0.6099999999999998,0.24000000000000005,1.454160697217929,0.5496210815947049,6.5551974088282265e-06,0.3769820971867008,-0.148988856789104,0.6112898284313725,-0.1421819614021264,0.0029959678649902,4,10,5.0,3.0,0.0,1,4,20,4
0.6099999999999998,0.26000000000000006,3.2015621187164243,0.9128709291752768,1.8738151884265977e-05,-1.0630732943129204,-0.3803019410496044,-0.7369508040458248,-0.3596193065941537,0.0029995441436767,4,10,4.0,4.0,0.0,1,4,82,4
0.6099999999999998,0.2700000000000001,347.145862714796,82.4927395795129,1.2177956171564608e-05,-98914.43142144637,-137834.956043956,-44570.52103559869,-100349.9984639017,0.0030000209808349,4,10,1038.0,1.0,239.0,1,99,3,99
0.6099999999999998,0.3100000000000001,0.2041241452319315,0.0,0.0,0.8618705035971224,1.0,0.9855261253437544,1.0,0.0029997825622558,4,10,4.0,1.0,1.0,1,4,2,4
0.6099999999999998,0.34000000000000014,1.070436048222094,0.3818813079129867,1.883522539416215e-06,0.6610060672209559,-0.080385852090032,0.7984757438077092,-0.0152284263959385,0.0029997825622558,4,10,6.0,2.0,0.0,1,4,13,4
0.6099999999999998,0.38000000000000017,9.787321731028705,2.682893338667541,1.338181750818251e-05,-0.8571251264812241,-0.6413707781764195,-0.8451043338683788,-0.6181153990258526,0.002000093460083,4,27,8.0,9.0,0.0,92,4,98,4
0.6099999999999998,0.3900000000000002,25.65516517194929,6.870073992808714,5.558316748507784e-06,-1.2819557569964144,-0.8702853309942726,-1.236811921733885,-0.8131325055322352,0.0029995441436767,4,69,6.0,22.0,1.0,100,4,100,4
0.6099999999999998,0.4200000000000002,78.62119095171903,20.128752238195656,4.34509243052487e-06,-0.6285455992352693,-0.7235150324577013,-0.5957839317742697,-0.6785167463288917,0.0029997825622558,4,221,5.0,58.0,0.0,99,4,99,4
0.6099999999999998,0.45000000000000023,9.80114789195633,2.5310570914145734,9.20135834542302e-06,-0.7707408688973474,-0.5452261306532664,-0.7632887189292545,-0.5266607089663389,0.002997875213623,4,31,5.0,10.0,1.0,100,4,100,5
0.6099999999999998,0.48000000000000026,2033.3388439132975,445.2854070705664,4.862121372355573e-06,-6391.132563882328,-5354.941520604959,-6329.878897555129,-5239.222274834547,0.0029985904693603,4,101,4520.0,24.0,940.0,100,93,97,89
0.6099999999999998,0.5800000000000003,988.8281890702752,242.01286983684705,4.017583205573934e-06,-0.5506246608196763,-0.5651615780725268,-0.5181422636053366,-0.5306769188777183,0.0030024051666259,4,2922,8.0,690.0,1.0,100,4,100,4
0.6099999999999998,0.6700000000000004,150.58497047625082,28.99712629439913,2.38079419846401e-07,0.9398701765047096,0.9546465215515176,0.9985595599067104,0.9990915399128576,0.001000165939331,88,5035,5307.0,1179.0,1206.0,100,99,99,99
0.6099999999999998,0.6900000000000004,54.12947441089743,28.16025568065745,1.5722049765838352e-07,0.9617349604028668,0.7180584788668298,0.9998372732189872,0.9992960573401972,0.0,95,3806,3792.0,915.0,911.0,100,99,99,99
0.6099999999999998,0.7900000000000005,509.28439264579134,167.34594905962518,9.56166108194042e-07,0.9192358804795012,0.7115571537927474,0.9912982215349948,0.9808730774385304,0.0009999275207519,73,8624,7689.0,1843.0,1605.0,98,94,96,90
0.6099999999999998,0.8000000000000005,571.5722785135904,189.8895560010104,7.987539691414273e-07,0.897777698812501,0.6954908935123407,0.9885153442546244,0.9765323573656892,0.001000165939331,77,8652,7340.0,1880.0,1526.0,100,98,97,95
0.6099999999999998,0.8100000000000005,267.29278849719964,98.37969921376718,5.55084704271035e-07,0.9786339866804654,0.9189000629543056,0.9975529924749,0.9938381441265935,0.0010023117065429,77,8726,8016.0,1829.0,1675.0,100,99,100,95
0.6099999999999998,0.8700000000000006,1003.9525348878263,287.9756934187328,9.329562603628342e-07,0.8239326372422391,0.5938666552898548,0.9739270106921742,0.9590893790379144,0.0009980201721191,74,10117,8260.0,2189.0,1720.0,100,97,97,93
0.6099999999999998,0.8900000000000006,862.2913274139624,258.8107416627061,1.097138491406067e-06,0.8882558419027088,0.6909851500364138,0.9828409056251328,0.9687261627237131,0.0010027885437011,70,10578,9233.0,2303.0,1933.0,99,93,92,89
0.6099999999999998,0.9700000000000006,790.5886116945883,224.47867709559463,1.2810138868683626e-06,0.9341289329733146,0.8287791405856917,0.9894742727289436,0.9815155449036034,0.0029966831207275,66,12509,11978.0,2709.0,2538.0,92,88,87,85
0.6199999999999998,0.2,9.63662717621333,2.074146410775607,1.0457639063204638e-05,-1.4304867277999134,-0.8197172755645306,-1.4246957231250423,-0.7744360902255636,0.0040032863616943,4,20,9.0,6.0,1.0,100,4,95,4
0.6199999999999998,0.2800000000000001,15.326311798124602,3.975183433922683,7.556577034231149e-06,-2.48855198019802,-1.3630817161030704,-2.448349685596144,-1.2663439703597468,0.0030000209808349,4,42,7.0,15.0,1.0,99,4,98,4
0.6199999999999998,0.2900000000000001,0.3061862178478972,0.0,0.0,0.9131745553210732,1.0,0.9771219400594828,1.0,0.0030674934387207,4,10,7.0,1.0,0.0,1,4,3,4
0.6199999999999998,0.3200000000000001,0.25,0.1020620726159657,0.0,0.9193616127677446,-0.0105263157894739,0.9824945295404814,-0.0101010101010103,0.0049977302551269,4,10,6.0,1.0,0.0,1,4,8,4
0.6199999999999998,0.34000000000000014,31.12190412983541,7.610300037887249,6.67375659826343e-06,-1.5803076816344936,-1.2006728676034035,-1.5130194151377911,-1.1217243971593316,0.0029997825622558,4,70,10.0,22.0,2.0,100,4,95,4
0.6199999999999998,0.4000000000000002,0.3227486121839514,0.0,0.0,0.782608695652174,1.0,0.961662321729796,1.0,0.0030031204223632,4,10,4.0,0.0,0.0,1,4,1,4
0.6199999999999998,0.4400000000000002,0.1443375672974064,0.1020620726159657,0.0,0.8587196467991169,-0.0105263157894739,0.9901497241922774,-0.0101010101010103,0.0029985904693603,4,10,2.0,1.0,0.0,1,4,8,4
0.6199999999999998,0.49000000000000027,281.46093941551936,70.60099149445423,4.698406073988069e-06,-0.6140156851001188,-0.6062920759923263,-0.5789211415324484,-0.569932797406385,0.0040078163146972,4,916,8.0,227.0,0.0,100,4,100,4
0.6199999999999998,0.5000000000000002,357.10215333524195,89.09960484386748,3.980241849717191e-06,-0.5802400552167002,-0.5936619310736877,-0.5467167699129412,-0.5570189793450577,0.003997802734375,4,1093,6.0,267.0,1.0,100,4,100,4
0.6199999999999998,0.5200000000000002,1794.811428117171,387.2368595790781,3.046230176223558e-06,-28.93492897004553,-22.04739101959369,-28.31417841976128,-21.53791286108375,0.0039985179901123,4,1255,4897.0,311.0,1018.0,100,94,100,90
0.6199999999999998,0.5400000000000003,0.1443375672974064,0.0,0.0,0.8093346573982124,1.0,0.9903119550474714,1.0,0.0035223960876464,4,10,2.0,1.0,0.0,1,4,3,4
0.6199999999999998,0.7300000000000004,661.3755079378129,173.04807255981405,6.016294563591167e-06,-0.4222760275057025,-0.4181820003732261,-0.3993540476044319,-0.3948499546037578,0.0034091472625732,4,2257,2.0,604.0,0.0,100,4,100,4
0.6199999999999998,0.7500000000000004,4.949747468305833,12.020815280171307,1.2221926830515406e-07,0.998011525038552,0.8281807372175981,0.9999991959005252,0.9999321997117316,0.0,98,3365,3358.0,861.0,844.0,100,99,100,99
0.6199999999999998,0.7700000000000005,698.3893756351108,213.41040274550815,1.049550508281752e-06,0.8126613654776873,0.4596956080892934,0.981842333439902,0.966787834724557,0.0014147758483886,75,8121,6760.0,1712.0,1403.0,100,95,96,92
0.6199999999999998,0.8000000000000005,474.2022109207266,170.28860950256123,6.889784858061562e-07,0.913313048127982,0.7479760401402715,0.9912599080200633,0.9807738045602048,0.0009999275207519,81,8168,7125.0,1848.0,1525.0,100,99,99,99
0.6199999999999998,0.8100000000000005,97.7426467822516,58.66110295587699,3.2935802516564133e-07,0.9947310386866292,0.96201780006019,0.9995924341114846,0.9976416519536128,0.0009999275207519,84,7524,7418.0,1791.0,1675.0,100,99,100,99
0.6199999999999998,0.8200000000000005,874.1465448185343,230.36380976291576,1.38776272195956e-06,0.8219760862117375,0.5715821314481901,0.97830385956986,0.9665702659209072,0.0009994506835937,67,9339,8432.0,2044.0,1765.0,92,88,87,85
0.6199999999999998,0.8400000000000005,351.93106382388373,145.3889520163793,5.900381681626148e-07,0.9578364937336,0.8413333234081743,0.9954134778560142,0.9869595792690588,0.0009992122650146,81,8454,7636.0,1962.0,1659.0,100,99,100,99
0.6199999999999998,0.9300000000000006,863.9174343265295,255.17386229784583,1.1057699152751177e-06,0.9095210826476126,0.751450024679904,0.9857774090031748,0.9748327936603928,0.0009996891021728,70,11662,10236.0,2507.0,2152.0,95,92,91,89
0.6199999999999998,0.9500000000000006,1143.4522980407785,269.1332090443807,2.123511999790714e-06,0.8417584889579126,0.7525882424295067,0.9757130768163388,0.969083664088787,0.0019986629486083,62,12337,11155.0,2662.0,2356.0,88,85,81,81
0.6199999999999998,0.9600000000000006,1250.82120802473,311.18032464223126,1.6301136754962705e-06,0.8369368564462649,0.6840585815885645,0.9719823010971118,0.961451228170282,0.0009980201721191,64,12426,10882.0,2704.0,2289.0,91,87,88,84
0.6199999999999998,0.9700000000000006,628.8972285977503,197.42191821857935,8.832354634067822e-07,0.9648381471734284,0.8916633240767611,0.9938322669165316,0.9876744505199974,0.0009992122650146,71,12860,11963.0,2748.0,2535.0,95,93,93,90
0.6199999999999998,0.9900000000000007,1221.725076341712,296.54756694240376,1.7679250598579652e-06,0.8560602943184713,0.739613223628707,0.9753947223438574,0.9672595550210042,0.0009999275207519,63,13002,11612.0,2791.0,2449.0,90,86,85,83
0.6299999999999997,0.21000000000000002,15.281388462222054,3.860861302870125,1.4414894334145064e-05,-2.0706478082271915,-1.1274855974725888,-2.048031858989437,-1.0555619397839573,0.0029983520507812,4,34,6.0,11.0,1.0,91,4,91,4
0.6299999999999997,0.25000000000000006,12.292443478278296,3.127499000799201,1.2882750144000905e-05,-3.6678733759703954,-1.3908972760788263,-3.6205692735010064,-1.3217288102067055,0.0030007362365722,4,26,5.0,9.0,0.0,99,4,93,4
0.6299999999999997,0.26000000000000006,1164.6684301050375,248.85542154699647,7.577440938876036e-06,-4048.998872576525,-3082.7526461673124,-3888.302401569347,-2905.627098010648,0.0029990673065185,4,62,2448.0,18.0,509.0,93,90,100,86
0.6299999999999997,0.3000000000000001,14.89057308053208,3.5765439556458225,1.3636580644991687e-05,-1.1177487436769304,-0.9554140127388536,-1.1015758363207508,-0.8834355828220859,0.0029997825622558,4,37,4.0,10.0,0.0,97,4,97,4
0.6299999999999997,0.3100000000000001,5.916079783099616,2.369511201352155,5.337515469501467e-06,0.8580840733953834,0.5841015954667845,0.8619354350923965,0.6024956488391988,0.0029997825622558,4,61,46.0,17.0,10.0,97,99,96,98
0.6299999999999997,0.3200000000000001,33.23339184214174,8.445906306213285,5.860385182869284e-06,0.2286516608709569,0.1154692772608135,0.2467107001921659,0.1454303359751614,0.0039980411529541,4,133,47.0,31.0,10.0,98,99,95,98
0.6299999999999997,0.3300000000000001,63.80651090079549,15.448166018441585,9.74977338874203e-06,-1.2458603492510747,-1.0364519868592108,-1.1727085432915412,-0.958757509924172,0.0040032863616943,4,151,7.0,45.0,0.0,100,4,100,4
0.6299999999999997,0.34000000000000014,0.9185586535436918,0.2041241452319315,2.138070930725886e-06,0.553693393789818,0.4754098360655737,0.8055502208565393,0.4764397905759162,0.0062959194183349,4,10,7.0,2.0,2.0,1,4,5,4
0.6299999999999997,0.37000000000000016,17.379046291439586,5.25,6.881958081153604e-06,0.5875472313186243,0.4059050256333495,0.5947984955767424,0.4226980466423324,0.0029988288879394,4,98,47.0,26.0,10.0,97,99,100,98
0.6299999999999997,0.46000000000000024,160.66638571897985,40.04801805333193,3.0500921742919723e-06,-0.6183341378101919,-0.6324024682247482,-0.5806030378877163,-0.5897184392842763,0.0029971599578857,4,472,10.0,117.0,2.0,100,4,97,4
0.6299999999999997,0.47000000000000025,111.1747873095934,30.267384811597672,2.882175158780865e-06,0.6593174748224704,0.5901676490513129,0.666410510927576,0.5991202680219705,0.0029995441436767,4,777,350.0,195.0,79.0,100,99,100,99
0.6299999999999997,0.49000000000000027,28.664546917751903,7.25,5.918100774167818e-06,-0.5787723019989055,-0.5157894736842106,-0.5707506901493691,-0.4882716759425571,0.0029959678649902,4,85,7.0,23.0,0.0,98,4,99,4
0.6299999999999997,0.5000000000000002,247.76944508285652,64.06344511497957,4.940491001159201e-06,-0.3551600943685447,-0.3832713096765352,-0.330947457775294,-0.3563822425866763,0.0029973983764648,4,874,33.0,218.0,7.0,100,99,99,98
0.6299999999999997,0.5100000000000002,668.9379564528637,161.92809618263698,3.3476392680847046e-06,-0.5917432858141549,-0.6175338736058276,-0.5554209454837524,-0.5783505949479599,0.0035071372985839,4,1992,5.0,495.0,1.0,100,4,100,5
0.6299999999999997,0.5400000000000003,135.71358474129747,36.43144246389374,3.732734342253168e-06,-0.1601114561022691,-0.2058687628965883,-0.1383044712692593,-0.1808699731631415,0.0029971599578857,4,573,55.0,160.0,12.0,100,99,100,99
0.6299999999999997,0.5500000000000003,461.0956494228358,117.21623536581156,6.152765664716177e-06,-0.4886214006343248,-0.5007125223214328,-0.4618547477853003,-0.4718767205410152,0.0030000209808349,4,1520,8.0,376.0,4.0,100,4,100,4
0.6299999999999997,0.5900000000000003,19.748417658131498,11.69045194450012,3.3265328600607784e-07,0.930558303327662,-2.1865284974093258,0.999984512036498,0.9999070260242956,0.0,97,3229,3262.0,746.0,746.0,100,99,98,97
0.6299999999999997,0.6000000000000003,4814.455000092603,1025.869230010986,5.075897531571271e-06,-39.85603360721473,-30.067493970708465,-39.1054019864543,-29.453319766953552,0.0029995441436767,4,2877,11914.0,687.0,2661.0,100,55,100,52
0.6299999999999997,0.6800000000000004,12.353137253345809,27.35690040922034,3.579309544778895e-07,0.9975874372196146,0.8236569274269557,0.9999921443256848,0.9993912807351824,0.0009996891021728,95,3897,3920.0,950.0,927.0,100,99,100,99
0.6299999999999997,0.7000000000000004,0.0,0.0,0.0,,,1.0,1.0,0.0,99,3166,3166.0,791.0,791.0,100,99,100,99
0.6299999999999997,0.7200000000000004,0.3818813079129867,0.1020620726159657,0.0,0.3437500000000001,-0.0105263157894739,0.9372309899569584,-0.0101010101010103,0.0025086402893066,4,10,4.0,1.0,0.0,1,4,7,4
0.6299999999999997,0.7400000000000004,18.83480820183736,28.16913204200655,1.126204319278389e-07,0.9943772753163772,0.8686733902249806,0.9999811079797848,0.9993788445928586,0.0,96,3736,3723.0,985.0,938.0,100,99,100,99
0.6299999999999997,0.7500000000000004,517.6941089834716,166.6881890865468,8.014214681272906e-07,0.8899178125161311,0.707185308235613,0.989567389146064,0.9799841878706675,0.0009994506835937,79,8060,6868.0,1754.0,1429.0,100,99,99,96
0.6299999999999997,0.7600000000000005,346.7326372569078,119.02356361516055,7.031762065232609e-07,0.951711086122207,0.8293758383632472,0.9953718437880714,0.989484384682879,0.0009994506835937,77,8042,7197.0,1740.0,1500.0,100,98,97,94
0.6299999999999997,0.8200000000000005,723.1178557699521,198.35179185813607,1.1436608960604326e-06,0.8837882780691394,0.6712225198658754,0.9859694996316266,0.9774384510020808,0.0009987354278564,70,9486,8552.0,2038.0,1790.0,95,91,91,88
0.6299999999999997,0.8300000000000005,845.3106149305625,240.50326698107747,1.089270488204207e-06,0.8631384724339013,0.6442981566932295,0.9815855927792408,0.969797823489588,0.0009996891021728,72,9832,8424.0,2074.0,1761.0,97,94,94,90
0.6299999999999997,0.8900000000000006,850.8852559246752,238.3897806115019,1.3875491115617408e-06,0.8962066042150563,0.7203463772809247,0.9852650492838352,0.9751716215801782,0.0009996891021728,68,11128,10199.0,2463.0,2151.0,92,90,89,86
0.6299999999999997,0.9800000000000006,426.8557306805366,167.0899070471853,7.660176402035166e-07,0.9827298722389508,0.9236760501013854,0.997014257532714,0.9912540255930924,0.0009996891021728,73,12720,11935.0,2790.0,2527.0,98,95,96,92
0.6299999999999997,0.9900000000000007,1220.0499501874426,256.97493855942264,2.69128641059777e-06,0.8469378409690774,0.8503848681087062,0.9735068581855738,0.972170803703191,0.002000093460083,58,13403,12651.0,2852.0,2687.0,84,80,78,76
0.6399999999999997,0.23000000000000004,6.041522986797286,1.758905909933786,1.1839868813091931e-05,0.3465416929726579,0.1888708713834599,0.3501134148535437,0.2131199660873252,0.0029983520507812,4,29,39.0,9.0,8.0,91,99,100,96
0.6399999999999997,0.26000000000000006,13.59151083090716,3.06016067116309,9.299051468846172e-06,-1.5048612255467404,-1.0067430883344572,-1.5025259509711502,-0.9552404358511496,0.0029966831207275,4,30,9.0,8.0,2.0,94,4,81,4
0.6399999999999997,0.3100000000000001,9.345230512584124,2.203217344400381,1.0021581826685016e-05,-4.816836262719703,-2.013742926434923,-4.795057888370485,-1.8285280728376327,0.0019996166229248,4,19,9.0,7.0,2.0,66,4,52,4
0.6399999999999997,0.3200000000000001,43.52274309676111,10.237288866361704,4.738155668526615e-06,-1.017880392969166,-1.0174622139413634,-0.9624701832330242,-0.938550586131685,0.0030083656311035,4,117,5.0,31.0,1.0,100,4,100,4
0.6399999999999997,0.3300000000000001,18.282505298782223,4.284176311342318,9.99519805494685e-06,-0.9392633004357044,-0.8193082085699535,-0.9257221458046768,-0.7615772214668479,0.0029993057250976,4,65,3.0,15.0,0.0,100,4,99,4
0.6399999999999997,0.35000000000000014,26.193789022081805,6.528782428600298,1.1206332707335284e-05,-0.9340886289671372,-0.7229775960981775,-0.907435224030319,-0.6745510795370842,0.0029995441436767,4,78,4.0,24.0,0.0,100,4,97,4
0.6399999999999997,0.36000000000000015,52.54184840042586,11.788942559308136,7.484185346597608e-06,-1.0168411279674592,-0.9453499127439412,-0.9696372548924888,-0.8744582236902183,0.0029997825622558,4,135,7.0,33.0,1.0,99,4,96,4
0.6399999999999997,0.38000000000000017,1.14564392373896,0.2700308624336608,3.497398477080353e-06,-0.0924855491329479,-0.0786516853932584,0.543792316883305,-0.075268817204301,0.0029988288879394,4,10,3.0,1.0,0.0,1,4,11,4
0.6399999999999997,0.4000000000000002,63.19637054451783,15.26331386036466,4.08726758934131e-06,-0.7614301668876751,-0.7887364191447046,-0.717548300964252,-0.7285500197471289,0.0029981136322021,4,171,10.0,43.0,1.0,99,4,99,6
0.6399999999999997,0.48000000000000026,300.4004618837994,70.9603762673226,2.2926189338996128e-06,-0.3561186663827032,-0.3263240857467109,-0.3250870230007767,-0.2929702519427146,0.0029981136322021,4,950,1873.0,215.0,431.0,100,99,98,99
0.6399999999999997,0.5900000000000003,452.3947506510953,117.63476314423386,6.096207085263438e-06,-0.4603058313359611,-0.4647154819052088,-0.4358574235176276,-0.4381816450433085,0.0030024051666259,4,1552,9.0,390.0,1.0,100,4,100,4
0.6399999999999997,0.6900000000000004,70.68356716144613,36.74348014727692,2.99560831137354e-07,0.9913391622155532,0.9464578431113344,0.9997118536985322,0.9986760782637516,0.0,88,5499,5362.0,1283.0,1214.0,100,99,100,99
0.6399999999999997,0.7300000000000004,277.0702931900514,115.10041382704884,7.490676937713017e-07,0.953567606405444,0.7965477447038483,0.9966596054497158,0.9895446845792428,0.0009975433349609,81,7342,6625.0,1619.0,1383.0,100,99,100,97
0.6399999999999997,0.7400000000000004,355.25498626079536,125.49166464246476,6.380619465128803e-07,0.9330851085072918,0.7882489654338086,0.994349870713784,0.9873857471313376,0.0,81,7289,6551.0,1654.0,1377.0,100,99,99,98
0.6399999999999997,0.7500000000000004,77.81091479695161,64.31413291266308,4.857993941447414e-07,0.9924407549952724,0.8991023894903302,0.9996631051697578,0.9962925082217484,0.0010011196136474,87,5927,5739.0,1399.0,1306.0,100,99,100,99
0.6399999999999997,0.7700000000000005,305.1053469332728,137.51727164251042,7.682610699578244e-07,0.9673683793833676,0.8214438525405428,0.996700738584432,0.987909946771158,0.0009996891021728,78,8439,7597.0,1859.0,1586.0,100,99,98,95
0.6399999999999997,0.7800000000000005,153.51699145914327,83.61459202794688,4.505656898840627e-07,0.9846194415134474,0.9048406234018512,0.9989698429471172,0.995053451036643,0.0009996891021728,85,7240,6792.0,1717.0,1526.0,100,99,100,99
0.6399999999999997,0.8100000000000005,1017.0275479717023,278.5328227217276,1.3730561813429497e-06,0.7870212805709637,0.4641762968961368,0.9717400106368764,0.9559298403063736,0.0009987354278564,70,9675,8041.0,2092.0,1679.0,96,92,93,88
0.6399999999999997,0.8200000000000005,82.27019275159513,33.4491577449441,2.593688650271292e-07,0.9958740276367072,0.9860760468683128,0.9997311926686064,0.9993278218499144,0.0,87,7343,7444.0,1752.0,1767.0,100,99,99,99
0.6399999999999997,0.8300000000000005,365.2648235244503,70.8237248385031,4.661490815922414e-07,0.9698621200512004,0.9698190517559954,0.996046829500422,0.9973248796953232,0.0009992122650146,77,9563,9596.0,2074.0,2026.0,100,99,97,95
0.6399999999999997,0.8400000000000005,54.616847217685496,25.27844931952908,1.0515710492480963e-07,0.9946024821027972,0.9786925423898364,0.999836218486115,0.9994964161115798,0.001000165939331,92,5266,5219.0,1354.0,1327.0,100,99,100,99
0.6399999999999997,0.8700000000000006,191.3825248901616,54.85254855823322,5.739932670045063e-06,-0.2838108611744792,-0.2788745767946126,-0.2716009768530316,-0.26476613200236,0.0030000209808349,4,779,5.0,235.0,0.0,100,4,99,4
0.6399999999999997,0.9300000000000006,1272.2399653413522,309.387582928902,1.6479688900874478e-06,0.8268174347023705,0.6733939641968592,0.9716606102695504,0.96295316540038,0.0009996891021728,66,12310,10599.0,2600.0,2233.0,92,88,89,85
0.6399999999999997,0.9400000000000006,163.2107897927153,75.3316476844702,4.0671421647956e-07,0.9964340385279112,0.9822696664949186,0.9994475522474958,0.9980391136970036,0.0009832382202148,79,11678,11371.0,2600.0,2429.0,100,99,100,97
0.6399999999999997,0.9500000000000006,986.8315253676584,242.83850712055644,1.838264852261304e-06,0.8925006281750243,0.8090404085544778,0.9827970619189124,0.9763252654491892,0.0019998550415039,63,12500,11821.0,2730.0,2507.0,89,85,85,82
0.6399999999999997,0.9700000000000006,741.5773729018435,204.82866315533087,1.2016857937680883e-06,0.9530892644733456,0.8830544993734626,0.9920189490222968,0.9868881814036522,0.002000093460083,68,13445,12545.0,2817.0,2667.0,93,90,87,87
0.6399999999999997,0.9800000000000006,1318.9658737778154,284.52249053290603,2.599571489563237e-06,0.8241310702106165,0.81662574141339,0.9684739504318444,0.9654546332842162,0.002000093460083,58,13342,11706.0,2823.0,2471.0,83,81,80,77
0.6499999999999997,0.2900000000000001,23.200888991588236,5.599479142444114,1.3894383147140587e-05,-1.386950873309917,-0.9190309212623526,-1.3489971021080742,-0.8509863728046443,0.002000093460083,4,56,7.0,16.0,0.0,96,4,92,4
0.6499999999999997,0.3000000000000001,50.3803243670913,12.586368287423763,1.3678170717944549e-05,-1.0721406088832652,-0.873101038054293,-1.0247374193977263,-0.8229350837090159,0.0029997825622558,4,135,7.0,48.0,1.0,100,4,100,4
0.6499999999999997,0.4300000000000002,35.51290845124723,9.16628787096136,1.0149258965271802e-05,-0.467700247956468,-0.4737158637385312,-0.4567681386114788,-0.4486350574712643,0.0049965381622314,4,112,7.0,30.0,1.0,100,4,100,4
0.6499999999999997,0.4400000000000002,652.8195657428373,149.24640559602545,2.7040810686761928e-06,-27.589669525380845,-23.665928425180955,-26.971225124174364,-23.07056493280485,0.0039982795715332,4,449,2194.0,111.0,482.0,100,99,93,99
0.6499999999999997,0.47000000000000025,2852.383511717291,593.5821078418722,5.447293993406255e-06,-65.91412870982786,-50.47388396520078,-64.42521705576053,-49.22275699408706,0.0029973983764648,4,1268,6757.0,295.0,1450.0,100,76,99,72
0.6499999999999997,0.5400000000000003,381.4407855967512,95.4707088587908,2.884009455378569e-06,-0.4513741324107645,-0.4698886274296801,-0.4262831590752209,-0.4427661077528915,0.0030014514923095,4,1257,5.0,295.0,1.0,100,4,100,5
0.6499999999999997,0.6200000000000003,786.3249368104766,198.8084819619123,5.944185195851032e-06,-0.4804946135552201,-0.4912180901573746,-0.4536961210435328,-0.4627269770292179,0.0030035972595214,4,2610,7.0,651.0,1.0,100,4,100,4
0.6499999999999997,0.6900000000000004,144.17755257551943,44.55240360145193,1.9459228984925158e-07,0.9613604734126582,0.9095039701322702,0.9987717900349544,0.9980261026416548,0.0010004043579101,88,5418,5660.0,1255.0,1307.0,100,99,99,99
0.6499999999999997,0.7000000000000004,73.01626531123048,51.81577944989345,2.1641335038099962e-07,0.9823423247192083,0.8656579073900191,0.9996888410946948,0.9975629241214364,0.0,92,4796,4649.0,1191.0,1104.0,100,99,100,99
0.6499999999999997,0.7300000000000004,287.3776551276502,73.91323742515048,2.730817721957155e-07,0.8969923753875397,0.8461459030051278,0.9958724716946732,0.9956429187165166,0.0,88,6045,6584.0,1423.0,1559.0,100,99,100,99
0.6499999999999997,0.7400000000000004,148.04584232112506,49.6324586574245,4.863469162489525e-07,0.9905898664088106,0.9703899737847866,0.999129496232173,0.9981917669157012,0.00099778175354,79,7853,7677.0,1698.0,1608.0,100,99,99,96
0.6499999999999997,0.7600000000000005,590.2308187097982,171.21312883032937,1.2164434423751684e-06,0.898254623971026,0.6960319231798204,0.9877844872526792,0.9780155417654798,0.0,69,8564,7886.0,1805.0,1651.0,94,90,91,86
0.6499999999999997,0.7700000000000005,131.02909982137555,88.16532765208781,4.67176548123454e-07,0.990088803005254,0.9063055597408468,0.9992341377180456,0.9944176758679002,0.0009980201721191,84,7301,6940.0,1756.0,1556.0,100,99,100,99
0.6499999999999997,0.7800000000000005,791.4876968049145,224.44368501237784,1.505770366411334e-06,0.8159777973763448,0.4579369933997552,0.9802425944607928,0.9659878422901672,0.0020015239715576,69,8755,7804.0,1873.0,1631.0,94,90,89,86
0.6499999999999997,0.8100000000000005,491.7586894968427,166.91653733163352,8.069813472781984e-07,0.9415687971556742,0.808173309621862,0.9929084488220016,0.9848970375641212,0.0019993782043457,77,9493,8285.0,2011.0,1732.0,100,98,98,94
0.6499999999999997,0.8300000000000005,564.3291986460071,186.4154062938568,9.212673748303622e-07,0.941438506659278,0.8054281443450885,0.9917391647587904,0.982419062324686,0.0025281906127929,73,9914,8865.0,2121.0,1859.0,99,95,93,91
0.6499999999999997,0.9200000000000006,903.2818111215516,235.1388371309017,1.270649262837564e-06,0.9106955210561596,0.7916208487256571,0.9856415502424324,0.9786147754121348,0.0019967555999755,67,12156,11322.0,2572.0,2397.0,94,89,88,86
0.6499999999999997,0.9500000000000006,854.8463622372753,229.6775077706948,1.4888600583246614e-06,0.9222414535828124,0.8064460072879989,0.988074632693109,0.981096721060372,0.0009980201721191,67,12520,11673.0,2747.0,2473.0,92,89,87,85
0.6499999999999997,0.9700000000000006,1084.5117005230643,260.7561531940741,1.6472990644758e-06,0.8922429863864617,0.8104381470673823,0.9821898803233884,0.9767955244972928,0.0009982585906982,65,13491,12314.0,2905.0,2614.0,91,87,89,83
0.6499999999999997,0.9800000000000006,1279.7762431605531,266.15404701823724,2.9837585431799053e-06,0.8419272660770261,0.8558057200043924,0.970142925098508,0.9694474096432454,0.0009982585906982,57,13486,12100.0,2860.0,2566.0,82,79,78,76
0.6599999999999997,0.2,0.2282177322938192,0.0,0.0,0.7645904855321236,1.0,0.9720732797140303,1.0,0.0029945373535156,4,10,3.0,1.0,1.0,1,4,5,4
0.6599999999999997,0.22000000000000003,14.074578146431246,3.0190368221228,1.2650387015026384e-05,-1.032330136536438,-0.8587771901484806,-1.031565813032275,-0.8229166666666667,0.0020029544830322,4,35,7.0,9.0,0.0,100,4,99,4
0.6599999999999997,0.23000000000000004,7.253591064661236,1.876388374866284,1.4986922903866965e-05,-3.783191122071516,-1.159744408945687,-3.7075380256486743,-1.0850040096230953,0.0029921531677246,4,13,4.0,6.0,0.0,100,4,100,4
0.6599999999999997,0.2700000000000001,20.017960685344548,4.172079817069659,1.2559064226755953e-05,-209.80107312061196,-170.5679144385027,-118.19132455460888,-157.23863636363637,0.002997875213623,4,10,45.0,1.0,10.0,1,99,4,99
0.6599999999999997,0.3000000000000001,99.75120091173508,23.040046657938863,6.137608564359668e-06,-0.981642607013355,-0.9313651178655348,-0.9258098241100724,-0.8640192455478943,0.002997875213623,4,240,8.0,64.0,1.0,99,4,99,4
0.6599999999999997,0.45000000000000023,2375.549072495311,494.0434676388978,4.806626617423453e-06,-1269.2028788068658,-899.3348026507751,-1243.0082556620014,-876.4968495754183,0.0030238628387451,4,251,4913.0,64.0,1031.0,100,83,100,80
0.6599999999999997,0.46000000000000024,391.5934594704054,96.44147620880412,7.514357467067295e-06,-0.6116495989805368,-0.6159425164034384,-0.5760639265135292,-0.577402476249051,0.003000259399414,4,1201,9.0,315.0,0.0,100,4,100,4
0.6599999999999997,0.47000000000000025,743.12266259795,176.5886226988213,6.088015588449502e-06,-0.6357621197910128,-0.6710857290425454,-0.5972157929751942,-0.6283435540001157,0.0034594535827636,4,2046,16.0,461.0,2.0,100,4,100,4
0.6599999999999997,0.48000000000000026,0.3818813079129867,0.2282177322938192,0.0,0.7382667964946446,0.1428571428571431,0.9518486672398968,0.2592592592592592,0.0043022632598876,4,10,5.0,2.0,1.0,1,4,6,4
0.6599999999999997,0.5100000000000002,441.4287409461841,109.52625256074454,5.861641694775153e-06,-0.4316532843085188,-0.4441331215439488,-0.4089495391195634,-0.4191275626628044,0.0039994716644287,4,1396,7.0,351.0,1.0,100,4,100,4
0.6599999999999997,0.5200000000000002,3784.708086772788,795.8350698061334,5.123942834703306e-06,-80.32550343225056,-61.5963187246045,-78.66656842436872,-60.18945460633465,0.0030004978179931,4,1542,9066.0,380.0,1987.0,100,62,100,59
0.6599999999999997,0.5900000000000003,366.5208753718311,93.95555243482598,7.628388275823052e-06,-0.4113569848950913,-0.4275041213172044,-0.3898488823901029,-0.4039538413897652,0.0029997825622558,4,1253,1.0,297.0,0.0,100,4,100,4
0.6599999999999997,0.6000000000000003,2697.2667202960606,556.910488019993,2.617758756858682e-06,-21.7109366429962,-13.863572014787463,-21.333172959069863,-13.599954884514316,0.0040004253387451,4,2208,6550.0,571.0,1375.0,100,84,100,81
0.6599999999999997,0.6200000000000003,169.52147183104773,74.97921280555816,6.787515978820298e-07,0.9518822370407004,0.7302291631798052,0.9981514667411726,0.9932527754454265,0.0009992122650146,83,5566,5128.0,1208.0,1065.0,100,99,99,97
0.6599999999999997,0.6700000000000004,125.82414031382964,53.62968261273655,4.07754500810976e-07,0.9786212471766824,0.896895246958018,0.9991002844342516,0.9971327034470184,0.0,86,5822,5553.0,1335.0,1225.0,100,99,100,99
0.6599999999999997,0.6800000000000004,3540.021084859524,729.8329931680718,2.471893762797832e-06,-35.30741933076161,-20.40491005913141,-34.7904473081197,-20.0863990119284,0.0030016899108886,4,2510,7976.0,672.0,1682.0,100,79,100,75
0.6599999999999997,0.7400000000000004,327.6402371504452,132.26748466648937,6.90326673517086e-07,0.9194608771408668,0.7164216641630746,0.9949288127186384,0.9858933932307036,0.0,84,6879,6109.0,1602.0,1319.0,100,99,100,99
0.6599999999999997,0.7500000000000004,0.7071067811865476,32.526911934581186,1.4432389829167642e-07,0.9999479383590172,-6.347222222222222,0.9999999817680948,0.9994651342598064,0.0,98,3298,3299.0,863.0,839.0,100,99,100,98
0.6599999999999997,0.7700000000000005,101.9491617373452,47.10514554528099,4.1016508689130163e-07,0.996056441506637,0.9791072580213116,0.9996334733718476,0.9986202583395768,0.0009984970092773,81,8390,8231.0,1893.0,1753.0,100,99,99,98
0.6599999999999997,0.7800000000000005,221.85988714458847,122.98277076388344,7.047330303443092e-07,0.9823086118630904,0.8627877729831128,0.9982108706412848,0.9904241515928328,0.0009987354278564,79,8290,7714.0,1874.0,1613.0,100,99,99,96
0.6599999999999997,0.7900000000000005,133.8168524514009,84.76467424582012,5.213431275610329e-07,0.9945803833810788,0.9461168963488285,0.9994247249289576,0.9959734505399384,0.00099778175354,80,8856,8468.0,1951.0,1790.0,100,99,100,97
0.6599999999999997,0.8500000000000005,801.2141233331896,243.8412100410546,1.1398079886306572e-06,0.90127920460023,0.7158507795344182,0.9850847342735372,0.9725920506226874,0.0009973049163818,72,10633,9123.0,2272.0,1912.0,97,94,96,90
0.6599999999999997,0.8600000000000005,1017.4559103036185,246.5245483540665,1.4895825235513826e-06,0.8402146057102359,0.6808151545792666,0.9764827245393716,0.9690408471526274,0.0009994506835937,66,10764,9470.0,2294.0,1989.0,92,88,90,84
0.6599999999999997,0.9000000000000006,214.619547106036,102.08893181927216,5.057007076355297e-07,0.992681494707486,0.9622893497956296,0.9989254822961604,0.9959869567505866,0.0009984970092773,80,11074,10468.0,2525.0,2255.0,100,99,99,98
0.6599999999999997,0.9200000000000006,107.95492886694274,82.27879435188632,2.953192275057471e-07,0.9969629251644172,0.968380185667818,0.9996553656597452,0.9970633675289288,0.0009980201721191,85,9437,9151.0,2384.0,2182.0,100,99,100,99
0.6599999999999997,0.9300000000000006,938.0445440738232,262.9408678771712,1.207653888813442e-06,0.9158291969387928,0.7888015362339473,0.9854865644616876,0.9765076007020436,0.0009989738464355,70,12455,11038.0,2659.0,2331.0,95,92,90,89
0.6599999999999997,0.9600000000000006,1042.1005024194435,264.55164227154484,1.5768824887849284e-06,0.8970748156080022,0.787278615471862,0.9822227558499624,0.9745419983607164,0.0019989013671875,65,12837,11715.0,2734.0,2479.0,91,88,86,84
0.6599999999999997,0.9800000000000006,1265.1599748272,277.8384679732349,2.7484499380815925e-06,0.8471244379571827,0.8320018707929495,0.971881331326116,0.9681909932797133,0.0009989738464355,58,13506,12457.0,2898.0,2646.0,84,81,79,77
0.6599999999999997,0.9900000000000007,1249.4753533129756,274.281633789334,2.67992810461238e-06,0.8565102410245673,0.8425983285743666,0.9741519540235636,0.9711650074800108,0.0009992122650146,59,13681,12396.0,2976.0,2628.0,84,82,80,78
0.6699999999999997,0.2,6.115213269652444,1.661450169781407,1.7923848843902504e-05,-2.644708594634038,-0.9391721930025154,-2.54043392504931,-0.8689611397136612,0.0029995441436767,4,13,5.0,5.0,0.0,95,4,81,4
0.6699999999999997,0.22000000000000003,2.8339460121886586,0.1443375672974064,8.654759284781423e-06,-8.331316187594554,-0.0212765957446807,-1.412692452121667,0.3127147766323026,0.0029797554016113,4,10,5.0,1.0,0.0,1,4,2,4
0.6699999999999997,0.23000000000000004,15.068938803600824,3.458082320207738,1.2536896587549304e-05,-0.9887179175282812,-0.7341389728096677,-0.9797762931801756,-0.6929406733420831,0.0043611526489257,4,45,5.0,11.0,0.0,100,4,94,4
0.6699999999999997,0.24000000000000005,4.43353696274205,1.1133657679906157,1.685988324013872e-05,-1.7468914902650572,-0.5868870676482849,-1.3989626107629132,-0.5567765567765575,0.0033631324768066,4,14,4.0,4.0,0.0,99,4,95,4
0.6699999999999997,0.4100000000000002,0.8228507357554792,0.1767766952966369,1.3920400788949916e-06,0.6,0.2173913043478266,0.8352386504778079,0.3684210526315787,0.004000186920166,4,10,6.0,1.0,1.0,1,4,3,4
0.6699999999999997,0.4200000000000002,0.1443375672974064,0.0,0.0,0.9245283018867924,1.0,0.9918153543951548,1.0,0.0029993057250976,4,10,4.0,1.0,0.0,1,4,3,4
0.6699999999999997,0.4400000000000002,386.9050809522494,93.92023433034367,9.12691168926918e-06,-0.6148091525455819,-0.6320541816463399,-0.5788516437920803,-0.5924697775782988,0.0030024051666259,4,1183,5.0,299.0,0.0,100,4,100,4
0.6699999999999997,0.5000000000000002,379.21971698475807,96.30128503815511,3.217125313651544e-06,-0.3567281113324085,-0.3972315531901464,-0.32847638780093,-0.3659326218582481,0.0040185451507568,4,1258,71.0,309.0,15.0,100,99,99,97
0.6699999999999997,0.5100000000000002,201.55719308259216,51.8646073927105,4.191511307103269e-06,-0.5950699617022459,-0.5764216001200066,-0.5634382877553235,-0.5419780495901008,0.003000259399414,4,641,7.0,167.0,1.0,100,4,99,5
0.6699999999999997,0.5300000000000002,2009.878465956752,424.1131310354192,3.179900709814137e-06,-32.40111835673915,-23.39905775503365,-31.781406877894845,-22.92303374485122,0.0029985904693603,4,1357,4992.0,314.0,1039.0,100,90,100,87
0.6699999999999997,0.5400000000000003,162.95944664240855,42.31700800702558,4.478551122890232e-06,-0.3444859041160439,-0.3723176236896619,-0.3286261246382331,-0.3526197240769064,0.0032565593719482,4,583,5.0,144.0,0.0,100,4,100,4
0.6699999999999997,0.5500000000000003,393.2547281978947,101.5198564321286,6.24190750057005e-06,-0.456246987165626,-0.4554842221271471,-0.4318632739054717,-0.4296638099534904,0.0019967555999755,4,1300,7.0,338.0,1.0,100,4,100,4
0.6699999999999997,0.5700000000000003,30.9160152671718,25.571468475627285,4.288983874130462e-07,0.9924566178577694,0.8686844953721276,0.9999318132666573,0.9991244561612804,0.0,90,4142,4073.0,930.0,885.0,100,99,100,99
0.6699999999999997,0.6000000000000003,69.19499921718814,15.648149517860997,1.919250279245599e-06,0.985778636750634,0.9885976371304752,0.986053469102413,0.9888262489024524,0.0029983520507812,4,2359,2278.0,595.0,527.0,100,99,100,99
0.6699999999999997,0.6100000000000003,191.2479030386129,50.30293646166858,8.696821033981471e-06,-0.4260089045271082,-0.4230514367094167,-0.4052607109440411,-0.3993711968959521,0.003002643585205,4,692,2.0,189.0,0.0,100,4,100,4
0.6699999999999997,0.6300000000000003,65.70540312637918,35.96387075941632,1.853412590584413e-07,0.9516575637347072,0.703984107512313,0.9997699199392076,0.9989038545781718,0.0009992122650146,95,3919,3856.0,949.0,941.0,100,99,99,99
0.6699999999999997,0.6700000000000004,267.4928036415185,99.53793246797926,6.940098841137611e-07,0.9501522568447036,0.8010447869614635,0.996351781955789,0.9905919594599996,0.00114107131958,80,6674,6084.0,1427.0,1265.0,100,99,95,96
0.6699999999999997,0.7000000000000004,139.37467488751318,42.77733044499154,2.815993636421021e-07,0.9618737050508228,0.9232940910167442,0.9989031348283848,0.9983896356212882,0.0,90,5357,5622.0,1301.0,1361.0,100,99,100,99
0.6699999999999997,0.7700000000000005,361.9393365376764,133.2274058392892,8.564731761591887e-07,0.9639858104469796,0.8493603928188316,0.9959723007604856,0.98964992437607,0.0009992122650146,76,9108,8229.0,1945.0,1726.0,100,96,96,93
0.6699999999999997,0.7800000000000005,886.6980320266872,266.3270170298162,1.095498483574245e-06,0.8110367922736931,0.5131042292132191,0.9753855172794406,0.9579657366678866,0.001000165939331,75,9124,7381.0,2012.0,1537.0,100,96,96,93
0.6699999999999997,0.8200000000000005,631.7308811907171,197.01181753894863,1.2631889816344929e-06,0.9189909320985395,0.7360190417161641,0.989147752949202,0.9774922108063128,0.0010023117065429,68,9610,9074.0,2094.0,1909.0,92,90,92,86
0.6699999999999997,0.8400000000000005,496.4824077950799,137.65271821992232,3.440862935829726e-06,-0.2886670407765481,-0.2914882322079417,-0.2749109342394065,-0.27671524979225,0.0039987564086914,4,1995,6.0,558.0,0.0,100,4,100,4
0.6699999999999997,0.8500000000000005,828.3458507681731,222.19838255964245,1.5207769558975704e-06,0.8860066168344112,0.7206779411087659,0.9845180354982556,0.9755376022801104,0.0009970664978027,67,10602,9841.0,2271.0,2074.0,92,88,88,85
0.6699999999999997,0.8800000000000006,1092.6956162067363,278.5503950466507,1.3423504856555232e-06,0.8452533420138751,0.6628666538717713,0.9761232306825508,0.9669069262391082,0.001000165939331,69,11291,9660.0,2395.0,2028.0,94,91,92,88
0.6699999999999997,0.8900000000000006,956.7635549078988,245.76044117075568,1.9909767063098888e-06,0.8737057941879816,0.7395006098465227,0.9814113695197896,0.9723113571537848,0.001000165939331,64,11473,10735.0,2476.0,2269.0,90,86,85,83
0.6699999999999997,0.9100000000000006,653.5870749304403,204.02521981995423,1.2076480089211134e-06,0.9502241003127054,0.8381795858378541,0.9922154274309612,0.984215528725202,0.0009984970092773,69,11815,11348.0,2569.0,2408.0,93,90,91,87
0.6699999999999997,0.9400000000000006,1344.2727174531549,308.8611698194226,2.131880772220385e-06,0.811422773117285,0.7066629220412377,0.9699778875983052,0.9638846806515096,0.0009992122650146,64,12844,11105.0,2787.0,2345.0,89,86,84,83
0.6699999999999997,0.9500000000000006,1445.416159796202,317.0656083525932,2.5455973663004115e-06,0.7827960239316404,0.7367406750616017,0.9623837036031332,0.9576335965405804,0.0019996166229248,60,13021,11124.0,2781.0,2345.0,85,83,82,79
0.6699999999999997,0.9800000000000006,1405.0879594932992,279.30130216542915,3.756278983195136e-06,0.8270041907845083,0.8711186063485565,0.961802538942532,0.9644049959581537,0.001000165939331,54,13594,12160.0,2933.0,2578.0,80,76,75,73
0.6699999999999997,0.9900000000000007,1243.696086492016,255.0528049901301,3.667008209113269e-06,0.8738128121038228,0.899660663804273,0.972451270793555,0.9728430759257314,0.0019972324371337,55,14139,13110.0,3017.0,2791.0,80,77,75,74
0.6799999999999997,0.2,1675.533456718586,345.8519071317472,1.9904318544014904e-05,-5693905.767605631,-2340462.694267516,-995094.2111948016,-2338675.17107943,0.0039830207824707,4,10,3595.0,2.0,771.0,1,70,7,66
0.6799999999999997,0.25000000000000006,33.80520176935299,7.750672013875098,1.0842313077123709e-05,-0.8095082974420087,-0.7077340209937966,-0.7822902009942079,-0.6648383371824484,0.0029990673065185,4,84,7.0,29.0,0.0,94,4,99,4
0.6799999999999997,0.2900000000000001,14.479871085982314,3.87029283991104,1.4156848178043064e-05,-1.2880554545766718,-0.7453442063341551,-1.2810025622748378,-0.7025004735745406,0.003002643585205,4,40,8.0,18.0,1.0,100,4,100,4
0.6799999999999997,0.3000000000000001,9.302217477569528,2.481179155159901,4.62347836059889e-06,0.5229654584956405,0.4522494690094613,0.5420665384430923,0.4890858007348172,0.002997875213623,4,48,70.0,14.0,15.0,86,99,86,98
0.6799999999999997,0.3100000000000001,76.90991754427166,18.295889793429925,1.1207163936069351e-05,-0.7492225082408304,-0.7480913824493882,-0.71198207163117,-0.6973019052986349,0.0029990673065185,4,203,3.0,51.0,0.0,100,4,99,4
0.6799999999999997,0.35000000000000014,9.028311950008522,1.9472202409246535,6.576426891951483e-06,0.4951395758957374,0.6307692307692307,0.4966874638193863,0.6369403245593912,0.0019960403442382,4,51,54.0,15.0,11.0,99,99,98,96
0.6799999999999997,0.37000000000000016,0.5400617248673217,0.338501600193165,7.430137182789517e-06,0.6470588235294117,-0.0486593843098315,0.901060070671378,0.0316901408450702,0.0029985904693603,4,10,5.0,2.0,0.0,1,4,18,4
0.6799999999999997,0.4400000000000002,29.04181611630604,8.024052384342133,9.112293892865578e-06,-0.7252652811909595,-0.5505193430799984,-0.6994941544403166,-0.5171113767399165,0.0025303363800048,4,95,2.0,30.0,0.0,100,4,99,4
0.6799999999999997,0.46000000000000024,90.20682254316095,23.05450968176653,7.846311362154844e-06,-0.4757153092242068,-0.4840038778477944,-0.455724202189611,-0.4568269580796433,0.0029942989349365,4,310,6.0,79.0,1.0,100,4,100,4
0.6799999999999997,0.48000000000000026,3988.6332480562814,845.3056153447304,8.039435062539548e-06,-930.1214227791252,-684.7719756179322,-914.3334980948256,-670.7934750939561,0.0029957294464111,4,507,10035.0,125.0,2259.0,100,59,100,56
0.6799999999999997,0.5100000000000002,4546.673276739452,984.6395649762744,7.660567369938952e-06,-29.10739217639051,-24.689413420563028,-28.428554601618654,-24.05883856932109,0.0029962062835693,4,2994,11991.0,683.0,2758.0,100,49,100,46
0.6799999999999997,0.5200000000000002,197.23302102673716,51.5909391269436,4.136287697260866e-06,-0.4432381608025555,-0.4452406347607511,-0.4188765197568389,-0.4190689036160444,0.0029962062835693,4,668,6.0,172.0,1.0,100,6,99,5
0.6799999999999997,0.5800000000000003,0.0,0.0,0.0,,,1.0,1.0,0.0,99,3142,3142.0,735.0,725.0,100,99,99,99
0.6799999999999997,0.6400000000000003,677.5747862111539,200.0906612695173,1.2912101557029729e-06,0.6607658237069847,0.0128537255437158,0.9767731438812364,0.96015451715241,0.0009982585906982,78,6728,5380.0,1407.0,1114.0,100,96,99,92
0.6799999999999997,0.6500000000000004,59.30956921104722,36.24741370084216,1.9369690651686402e-07,0.9833561040236104,0.8928759336474899,0.9997989342335464,0.9988022193176974,0.0009999275207519,92,4581,4665.0,1138.0,1106.0,100,99,100,99
0.6799999999999997,0.6700000000000004,793.282946579172,206.97524006508604,6.561219543093274e-06,-0.369847200946001,-0.3774316273112674,-0.3506102693222748,-0.3570380365699002,0.0029966831207275,4,2848,8.0,733.0,2.0,100,4,100,4
0.6799999999999997,0.6900000000000004,63.86770180093639,65.88310354964567,3.830229704600027e-07,0.99476653288176,0.8849259352607588,0.9997894483391996,0.99647794358676,0.0,88,5975,5795.0,1426.0,1331.0,100,99,100,99
0.6799999999999997,0.7200000000000004,808.0903672651139,224.82558054337736,1.1386686902931078e-06,0.7579536824445472,0.3580425626210293,0.9759081496592472,0.9632354030740262,0.0019993782043457,76,7994,6559.0,1692.0,1363.0,99,96,93,92
0.6799999999999997,0.7300000000000004,131.2160432264287,37.89656976561335,4.519566367754804e-07,0.992721415291694,0.9834970523453356,0.9993331898008436,0.9990082043868974,0.0009994506835937,80,7899,7792.0,1716.0,1638.0,100,99,100,96
0.6799999999999997,0.7800000000000005,102.99622431051648,75.75325442220655,5.386665101755249e-07,0.9956707016135132,0.9504901649206784,0.9995824125665796,0.9963184982439308,0.001000165939331,82,8099,7796.0,1900.0,1708.0,100,99,100,99
0.6799999999999997,0.8500000000000005,715.4156384328523,220.3067666427235,1.1015007037265483e-06,0.9216133067720932,0.7684377677599287,0.9882874741295642,0.9778989362575008,0.0019857883453369,72,10623,9370.0,2265.0,1970.0,97,94,93,90
0.6799999999999997,0.8600000000000005,966.2803035351596,260.7522770753882,1.4439739871720418e-06,0.8697141888450641,0.6882628171622973,0.9795738961403624,0.9684165794306994,0.0010006427764892,68,10901,9585.0,2385.0,2014.0,93,90,92,87
0.6799999999999997,0.9200000000000006,1191.471967777673,250.80086722338103,2.7546004254108817e-06,0.8300985330946433,0.8225335859720178,0.9725582050118248,0.9712151032458476,0.0009996891021728,60,12637,11720.0,2678.0,2491.0,84,81,81,78
0.6799999999999997,0.9700000000000006,1320.3562545346952,295.7377310313237,1.9794755325203417e-06,0.8497807346063784,0.7772272471146137,0.9745299847234128,0.9707035946513012,0.0010132789611816,64,13772,12122.0,2979.0,2569.0,90,86,85,83
0.6899999999999997,0.22000000000000003,14.603438522028524,3.677068578818368,1.673151771810111e-05,-3.010782991280144,-1.2692307692307692,-3.000109415389666,-1.2070701059325637,0.0029988288879394,4,34,8.0,11.0,0.0,100,4,99,4
0.6899999999999997,0.26000000000000006,1.203294089849471,0.2700308624336608,7.3046954423736736e-06,0.1515768056968466,-0.0786516853932586,0.626454543011475,0.3636363636363635,0.0029995441436767,4,10,6.0,2.0,0.0,1,4,4,4
0.6899999999999997,0.2700000000000001,0.8228507357554792,0.25,3.898282400509042e-06,0.6292775665399237,-0.0666666666666666,0.8437349745167804,-0.0638297872340425,0.0025293827056884,4,10,6.0,1.0,0.0,1,4,9,4
0.6899999999999997,0.2800000000000001,19.9736805988948,5.032188059548914,1.455208129945378e-05,-1.9354734660377424,-1.516156160041401,-1.868288927366737,-1.37228592339595,0.0029995441436767,4,49,3.0,18.0,0.0,100,4,98,4
0.6899999999999997,0.3000000000000001,0.568257570707744,0.338501600193165,5.708606323190554e-06,0.6302186878727634,-0.083076923076923,0.8875630191142867,-0.079489695780176,0.0029973983764648,4,10,4.0,2.0,0.0,1,4,14,4
0.6899999999999997,0.3100000000000001,15.46770829825802,4.560930095203536,7.338779920156281e-06,0.4719736998394556,0.3118514237717658,0.4775269243788012,0.3297285685996126,0.003000259399414,4,93,32.0,26.0,7.0,100,99,100,98
0.6899999999999997,0.3300000000000001,0.3061862178478972,0.25,1.1221572525972848e-06,0.9465048603801622,0.109737248840804,0.978142607344084,0.2949471210340774,0.0029995441436767,4,10,8.0,2.0,1.0,1,4,6,4
0.6899999999999997,0.34000000000000014,132.45750104593296,31.48428840972377,8.828545489408134e-06,-0.7370070560281499,-0.7256401266955199,-0.6960478663756124,-0.6769640150847636,0.0040035247802734,4,371,8.0,94.0,1.0,100,4,99,4
0.6899999999999997,0.38000000000000017,175.94654728070114,41.57185045195848,8.369049378932391e-06,-0.6529810894181951,-0.6701239522444951,-0.6161036968794187,-0.6265243794837285,0.0029995441436767,4,525,5.0,122.0,1.0,100,4,99,4
0.6899999999999997,0.3900000000000002,22.264274447344263,5.732764022121732,5.060398980732073e-06,0.6573216499621343,0.5848684210526316,0.6627190949103379,0.5956470864161771,0.0029993057250976,4,137,71.0,37.0,15.0,100,99,100,98
0.6899999999999997,0.4300000000000002,82.73029725157123,22.69108672291097,2.547989744490483e-06,0.7625810131832941,0.7069169126533854,0.767562064236135,0.7137839140062788,0.0030007362365722,4,682,378.0,165.0,87.0,100,99,99,99
0.6899999999999997,0.45000000000000023,202.3794908910815,51.62848051221341,9.395018206382124e-06,-0.5492158404793688,-0.5349661317344439,-0.5192003027677883,-0.5028080748331327,0.0030014514923095,4,662,3.0,179.0,0.0,100,4,100,4
0.6899999999999997,0.5500000000000003,1976.5997371327692,423.9509479291207,3.570793901948719e-06,-33.49180942002557,-22.690420240755422,-32.96418341480953,-22.31013128284731,0.0019977092742919,4,1407,5178.0,378.0,1078.0,100,94,100,90
0.6899999999999997,0.5600000000000003,5152.404658061774,1114.660864904658,8.32142451625596e-06,-156.72402834990868,-120.72418368786704,-154.1056013671105,-118.49130590291938,0.0029985904693603,4,1655,13937.0,396.0,3257.0,100,48,99,45
0.6899999999999997,0.6200000000000003,854.139253625153,221.16636837457904,6.367887626793887e-06,-0.3964703954396855,-0.4061661554838878,-0.3753478421503486,-0.3837785696852183,0.0025162696838378,4,2940,4.0,740.0,1.0,100,4,100,5
0.6899999999999997,0.6300000000000003,118.86667200811888,64.77488490368559,4.924695829382722e-07,0.977832559081024,0.8435054516972412,0.9991462421174142,0.9955711148841074,0.0009999275207519,86,5658,5334.0,1306.0,1158.0,100,99,100,99
0.6899999999999997,0.6600000000000004,601.9314745051964,163.96299760413424,4.14727966832915e-06,-0.3394040883207658,-0.3403644641127985,-0.3224105814626856,-0.3225729907193575,0.0029973983764648,4,2333,8.0,621.0,1.0,100,4,100,4
0.6899999999999997,0.6700000000000004,117.94824913361032,67.0792932203923,6.906932154488947e-07,0.9853499359279426,0.8742965797357698,0.9992308382473616,0.995456918801346,0.0009999275207519,81,6361,6048.0,1425.0,1259.0,100,99,100,96
0.6899999999999997,0.6900000000000004,398.85362513798754,154.85177244246003,8.221312768454473e-07,0.8438377510981727,0.5011415085277464,0.9911849964787346,0.978242977548138,0.0010030269622802,86,6154,5318.0,1457.0,1171.0,100,99,99,99
0.6899999999999997,0.7300000000000004,178.0612605256966,35.69401210287238,4.963647451122786e-07,0.9771141196312236,0.9782780116148968,0.9985433412900724,0.9990508450242472,0.0009987354278564,84,6944,7066.0,1629.0,1554.0,100,99,99,99
0.6899999999999997,0.7500000000000004,1144.1415122265253,269.4284956824617,2.135603222420232e-06,0.6080784688663953,0.3023850336833471,0.956651973180518,0.945005940556912,0.0010004043579101,65,8731,7445.0,1876.0,1554.0,91,86,87,82
0.6899999999999997,0.7600000000000005,226.20809004100627,111.68952502361176,6.812153141964626e-07,0.9831823339719674,0.9024662732234422,0.9982052843992644,0.9925345222487544,0.0010004043579101,80,8560,7993.0,1909.0,1684.0,100,99,98,97
0.6899999999999997,0.7800000000000005,674.0515029071804,185.88619790460123,1.073311647677984e-06,0.8983756314272726,0.7239284277955131,0.987958392411412,0.9807148055624956,0.0009999275207519,72,9554,8488.0,2003.0,1783.0,95,92,93,89
0.6899999999999997,0.8100000000000005,236.49661109373963,102.64444628396208,4.758998654673495e-07,0.980836942071342,0.9205111832095744,0.9979977010397084,0.993906645285858,0.0009965896606445,83,8397,7906.0,1952.0,1771.0,100,99,100,99
0.6899999999999997,0.8200000000000005,449.297917920414,177.90085521355508,7.046987821193932e-07,0.9553264675323644,0.8288857795279757,0.9943983463872118,0.9848620152991446,0.0009989738464355,79,9844,8742.0,2173.0,1837.0,100,99,100,96
0.6899999999999997,0.8700000000000006,936.644083357648,220.88395646180876,1.951993643183518e-06,0.8644025520675689,0.7704485744453172,0.9817739789179084,0.9765211880716056,0.0019984245300292,64,11288,10648.0,2389.0,2254.0,88,85,87,82
0.6899999999999997,0.8900000000000006,701.8892758516514,214.3278900293764,1.0258265089772753e-06,0.94259207641689,0.8314232561917606,0.9913355166940344,0.9840023949142952,0.0019993782043457,73,11794,10684.0,2548.0,2258.0,97,94,94,91
0.6899999999999997,0.9300000000000006,1234.9730127032185,291.14000068695475,2.521584202477609e-06,0.826552986927471,0.7661631112439173,0.9729450154241432,0.9656454479033224,0.0009989738464355,62,12722,11362.0,2838.0,2407.0,86,83,82,80
0.6899999999999997,0.9600000000000006,1248.695986486169,272.2436691359698,2.45992386811472e-06,0.8551191538164024,0.8260168906543711,0.9744723727291228,0.9717515550196292,0.0009999275207519,61,13452,12553.0,2916.0,2671.0,85,83,82,80
0.6999999999999996,0.2,3.752776749732568,0.2282177322938192,9.479945034476355e-06,-10.948080640706989,-0.019108280254777,-3.5969195199075186,0.1438356164383558,0.0029988288879394,4,10,5.0,2.0,0.0,1,4,6,4
0.6999999999999996,0.21000000000000002,0.7288689868556626,0.2700308624336608,1.1415009255385277e-05,0.7032007759456839,0.045454545454545,0.8755976192799297,0.0489130434782607,0.0040009021759033,4,10,8.0,1.0,1.0,1,4,5,4
0.6999999999999996,0.23000000000000004,13.385315336840842,3.0121282619879697,1.7614767195357317e-05,-1.658440613347587,-1.1568303755674785,-1.6491535030434463,-1.1102362204724407,0.0029983520507812,4,30,7.0,7.0,1.0,79,4,72,4
0.6999999999999996,0.3200000000000001,68.73514991133236,16.341409567924877,1.0603168990188108e-05,-0.8864658335623474,-0.8059456159301175,-0.8407624451570861,-0.7495441194134156,0.0029938220977783,4,186,5.0,45.0,0.0,100,4,96,4
0.6999999999999996,0.38000000000000017,2418.535186412773,500.6601267326968,6.220210544881245e-06,-371.3857682173357,-261.3631667916724,-362.8920833093805,-254.66205803619044,0.0020062923431396,4,450,5466.0,111.0,1172.0,100,77,99,74
0.6999999999999996,0.5200000000000002,476.8773864073098,120.08751149335498,6.870068306019201e-06,-0.498377066545564,-0.4944141136058275,-0.4709909325229156,-0.465841396659064,0.0040004253387451,4,1532,7.0,392.0,0.0,100,4,100,4
0.6999999999999996,0.5400000000000003,61.677926899877775,17.282577932704367,6.241545152313328e-06,-0.4132867709348886,-0.3513599491013202,-0.4000943721880223,-0.3336179724486077,0.0029983520507812,4,237,5.0,67.0,0.0,100,4,99,4
0.6999999999999996,0.5600000000000003,63.40609855000805,10.016652800877813,2.286622715137655e-07,0.9735624248330556,0.9842353963555388,0.9997455236446534,0.9998867286215364,0.0,91,4365,4399.0,997.0,985.0,100,99,100,99
0.6999999999999996,0.6200000000000003,17.808003818508126,30.89700632747451,3.760281430564752e-07,0.9983258102303916,0.9117981648197446,0.9999809923854932,0.9990552927481086,0.0,92,4527,4503.0,1119.0,1053.0,100,99,100,99
0.6999999999999996,0.6400000000000003,242.11660413941047,89.36973760731314,7.717002122862333e-07,0.9466791007162816,0.7329335503784287,0.9969459189679184,0.9919952802586084,0.0009951591491699,80,6440,5833.0,1375.0,1214.0,100,98,99,94
0.6999999999999996,0.6500000000000004,35.52307544243444,35.82674358011841,3.258285061149857e-07,0.9958459780526472,0.9155318177460527,0.9999227640403092,0.9987199149243402,0.0,91,4710,4755.0,1117.0,1116.0,100,99,98,99
0.6999999999999996,0.7200000000000004,332.78273693207103,118.85979135098631,6.239083226350876e-07,0.9546650793435976,0.8404676509462488,0.9958566686556684,0.9904344453075604,0.0009994506835937,80,7891,7238.0,1734.0,1514.0,100,99,99,96
0.6999999999999996,0.7600000000000005,601.5930702910583,188.42917915109527,1.285927404704656e-06,0.9100539870261476,0.6921862833853885,0.989917113703283,0.9798339515814156,0.0009992122650146,73,9160,8261.0,1971.0,1733.0,97,93,93,89
0.6999999999999996,0.8300000000000005,955.0585803456728,239.52825257948965,2.281769050345476e-06,0.8286775408408298,0.6939685973100463,0.9770741522311336,0.9673617578138344,0.0020005702972412,63,10496,9615.0,2244.0,2029.0,87,84,82,81
0.6999999999999996,0.8500000000000005,39.81205847478876,47.5972688292091,3.516444642298228e-07,0.988306051295672,0.7918348829329642,0.9999145942386036,0.9984486822584634,0.0009999275207519,96,4006,3934.0,1078.0,1036.0,100,99,100,99
0.6999999999999996,0.8800000000000006,350.8653587916596,142.53819264897518,6.675106641361823e-07,0.9835786298597988,0.9300601934341278,0.9975756613078156,0.9929280182213294,0.0009975433349609,78,11612,10733.0,2500.0,2271.0,100,99,99,95
0.6999999999999996,0.9000000000000006,609.7696003551189,200.29271682663128,1.0495269701684258e-06,0.9628975699183122,0.8774973742311875,0.993494920409263,0.9859672752948944,0.0009992122650146,71,12275,11565.0,2634.0,2457.0,97,93,92,89
0.7099999999999996,0.21000000000000002,12.963490399322758,3.598321367897352,1.0138064773165073e-05,-1.4827798475162073,-1.360920404408128,-1.4465773243091178,-1.2734339277549154,0.0030016899108886,4,32,5.0,10.0,2.0,85,4,85,4
0.7099999999999996,0.23000000000000004,1533.7003863206137,316.4081784920653,1.6353385812460526e-05,-132929.75773091568,-52164.53807881495,-130761.30955869154,-49207.7297117403,0.0029983520507812,4,14,3306.0,5.0,709.0,52,72,49,68
0.7099999999999996,0.25000000000000006,7.716324686446693,2.7348065135703234,8.292141689611505e-06,0.906764935109288,0.8070908012135188,0.9083853821151788,0.8120300751879699,0.0040016174316406,4,95,75.0,23.0,16.0,100,99,91,98
0.7099999999999996,0.26000000000000006,0.3535533905932738,0.1020620726159657,0.0,0.8093977498345466,0.4893617021276596,0.962048135614662,0.6563573883161513,0.0029966831207275,4,10,5.0,1.0,1.0,1,4,3,4
0.7099999999999996,0.3000000000000001,0.25,0.0,0.0,0.7267552182163187,1.0,0.9836494440810988,1.0,0.0039973258972167,4,11,3.0,1.0,0.0,2,4,2,4
0.7099999999999996,0.34000000000000014,2274.4534325122304,470.1590045754025,1.4565198938948872e-05,-17330294.76444929,-5535847.086956519,-1718649.636766335,-5526236.239583332,0.0043678283691406,4,10,4887.0,1.0,1049.0,1,75,6,71
0.7099999999999996,0.36000000000000015,27.51041469456007,6.653633092779714,1.124898418272295e-05,-0.6552757214693787,-0.6041771514846501,-0.6369431171560558,-0.5663236724946192,0.003981590270996,4,80,4.0,22.0,0.0,100,4,100,4
0.7099999999999996,0.37000000000000016,40.36487231079354,10.29259442511945,5.891948685890076e-06,-0.8139333454537325,-0.6623079437724746,-0.7831144990584258,-0.622333000997009,0.0030007362365722,4,135,7.0,30.0,2.0,100,4,98,4
0.7099999999999996,0.4000000000000002,23.91390808713624,6.242495494591887,1.381543219198211e-05,-0.6924469609074426,-0.6214180907018219,-0.6737544629641428,-0.5820924557745741,0.0029993057250976,4,71,2.0,19.0,0.0,99,4,94,4
0.7099999999999996,0.4300000000000002,102.50096544260774,26.46243406541935,1.0752479606348817e-05,-0.5669677580726435,-0.5633815611770907,-0.5382034281006998,-0.5289267945984364,0.0029997825622558,4,310,2.0,77.0,0.0,100,4,100,4
0.7099999999999996,0.46000000000000024,272.2337766822234,70.03451530019561,8.792961077779114e-06,-0.5408541367380975,-0.5320175560488722,-0.5108393165720462,-0.5000944918333701,0.0029985904693603,4,852,3.0,230.0,0.0,100,4,100,4
0.7099999999999996,0.48000000000000026,4553.710609217498,995.210064718332,1.107486399801344e-05,-83.3438760265829,-65.94383485374658,-81.62011536949167,-64.48899430933857,0.0030016899108886,4,1907,12664.0,499.0,2995.0,100,45,100,42
0.7099999999999996,0.5900000000000003,69.39637701535393,27.17141354964284,4.76177952005702e-07,0.9543433743844462,0.8135488393188471,0.9997113260331996,0.99923757440576,0.0,93,4098,4048.0,927.0,913.0,100,99,98,99
0.7099999999999996,0.6000000000000003,69.21871689962744,34.04295928563022,3.4561139671362506e-07,0.9894218222237806,0.929630255059696,0.9997051853782007,0.9987573702272142,0.0009996891021728,87,5319,5300.0,1212.0,1162.0,100,99,99,99
0.7099999999999996,0.6200000000000003,249.4477901285157,90.33936019255394,1.0909454429916828e-06,0.9332955141211056,0.6520272639529512,0.9965845625438792,0.990616349317676,0.0009996891021728,75,6157,5996.0,1332.0,1252.0,96,92,90,89
0.7099999999999996,0.6500000000000004,536.6978665878969,163.87556254670798,1.2095713889109418e-06,0.8194664693561537,0.3922118087439082,0.9865783291038536,0.9744719968017942,0.0009999275207519,75,6858,6052.0,1462.0,1259.0,96,93,95,89
0.7099999999999996,0.6800000000000004,287.55570888835734,117.86917687479988,7.92312978757582e-07,0.9504208837552746,0.7527439440007574,0.9962852458512388,0.9883647539055244,0.0009994506835937,79,7193,6472.0,1560.0,1349.0,100,98,100,94
0.7099999999999996,0.7000000000000004,344.494354090165,134.18897123087277,1.0163732751834896e-06,0.9538432913938324,0.7779194991817249,0.995524903809948,0.98659619858864,0.0010006427764892,75,8008,7326.0,1717.0,1536.0,100,95,92,91
0.7099999999999996,0.7200000000000004,364.4619596062119,155.89958306551048,1.0944330778968142e-06,0.9459394265275514,0.6930261452360789,0.9949727871362184,0.9822646949502372,0.0019981861114501,75,7973,7228.0,1757.0,1511.0,100,95,96,91
0.7099999999999996,0.7600000000000005,275.5956050084979,50.55257164576299,3.603680747519916e-07,0.9631417920033338,0.9738104864697816,0.9969193084058549,0.9983251875848888,0.0009992122650146,84,7748,8006.0,1789.0,1810.0,100,99,100,99
0.7099999999999996,0.7700000000000005,479.40396327106015,171.90660254917495,1.0062580397596663e-06,0.946926014110805,0.8015217465778965,0.99325492166551,0.9835418184545404,0.0009994506835937,75,9358,8328.0,1991.0,1748.0,99,96,95,92
0.7099999999999996,0.8000000000000005,946.2993859121848,229.77301601556456,2.197227668248989e-06,0.8193122560885617,0.6940102142669353,0.9766047372248592,0.9683885914886172,0.0009999275207519,64,10201,9175.0,2253.0,1933.0,88,85,84,82
0.7099999999999996,0.8500000000000005,1097.3169930942167,251.50314776028816,2.44709267610283e-06,0.8186833417114562,0.7117419815418871,0.9749842053722718,0.9694129566700396,0.0009996891021728,64,11511,10247.0,2473.0,2165.0,88,85,84,81
0.7099999999999996,0.8700000000000006,1297.8128824209512,305.26709616334347,2.415154148116871e-06,0.7581820461488974,0.622835778108731,0.9659536991250728,0.9570896944168836,0.0009994506835937,64,11597,10081.0,2549.0,2125.0,88,85,84,82
0.7099999999999996,0.9300000000000006,1378.6728860862058,300.59664246863207,3.148088603499032e-06,0.7842958273793613,0.7879747658930532,0.9637683117578684,0.9600767304504348,0.0010004043579101,59,12753,11192.0,2795.0,2364.0,84,81,82,77
0.7099999999999996,0.9400000000000006,1119.9099028387018,238.68369186415893,3.265285162610011e-06,0.869272330563322,0.8814474820349778,0.976537070804414,0.975134563571388,0.0019996166229248,58,13205,12545.0,2842.0,2677.0,82,79,79,76
0.7099999999999996,0.9500000000000006,1799.240574365875,394.7850892152168,4.458781839115478e-06,0.71902692537429,0.7494096009940312,0.9364959829754586,0.9292260861454592,0.0019998550415039,55,13679,10730.0,3001.0,2258.0,81,78,76,74
0.7199999999999996,0.22000000000000003,4.973890160963884,1.496523749672331,3.175498787756587e-05,-1.9451656655686884,-1.0576213737414015,-1.620371596275211,-0.9770114942528734,0.0030007362365722,4,12,6.0,5.0,0.0,99,4,99,4
0.7199999999999996,0.23000000000000004,20.207259421636905,4.190763653560053,1.060349137479096e-05,-180.0623556581986,-125.45000000000002,-93.4578313253012,-125.19760479041928,0.0029985904693603,4,10,46.0,3.0,10.0,1,99,11,99
0.7199999999999996,0.25000000000000006,0.5951190357119042,0.0,0.0,0.3775743707093821,1.0,0.8619905828868323,1.0,0.0029990673065185,4,10,3.0,0.0,0.0,1,4,1,4
0.7199999999999996,0.34000000000000014,21.45999184529202,5.430431229040042,9.350665606592572e-06,-0.9474361603867474,-0.6542656797818465,-0.9327965109899355,-0.6120399052478136,0.0040011405944824,4,70,8.0,18.0,1.0,99,4,98,4
0.7199999999999996,0.35000000000000014,74.8879718869014,18.1429508808977,5.676732368991101e-06,-0.5789432394548113,-0.626477439970833,-0.5528598914490976,-0.5900083072902385,0.0029995441436767,4,239,5.0,60.0,1.0,100,4,100,4
0.7199999999999996,0.37000000000000016,3.03623945037278,1.4648663192705789,9.017316106144809e-06,-0.3130563798219585,-0.8727272727272728,-0.200748941712797,-0.809557273366128,0.0040035247802734,4,19,5.0,7.0,0.0,99,4,99,4
0.7199999999999996,0.47000000000000025,282.6746141767952,74.4406223106712,2.4049830651689595e-06,0.3961071990571372,0.3346534492482846,0.4079312576198409,0.3484449043431139,0.0029981136322021,4,1430,470.0,362.0,108.0,100,99,100,99
0.7199999999999996,0.48000000000000026,123.27539461168504,30.759144981614817,6.959445443515437e-06,-0.4769963440802542,-0.4374497089735265,-0.455012502837927,-0.4141189882077347,0.0030200481414794,4,418,7.0,99.0,1.0,100,4,99,4
0.7199999999999996,0.49000000000000027,255.10931072124092,53.00569937909193,2.737787307273806e-06,0.4620817636689833,0.6489876636368737,0.4716954894496614,0.6556147687257474,0.0020067691802978,4,1410,1989.0,365.0,455.0,100,99,99,99
0.7199999999999996,0.5100000000000002,85.55596365342785,26.15399109122736,6.035265367872985e-06,0.8090825783943845,0.732861707818637,0.8121968478330934,0.737436857216702,0.0029828548431396,4,808,447.0,220.0,103.0,100,99,100,99
0.7199999999999996,0.5300000000000002,36.81400322341124,10.106722185423587,7.532279239745675e-06,-0.4496517170876826,-0.4298976839137727,-0.4393703968684461,-0.4057249676020964,0.0029997825622558,4,145,6.0,40.0,0.0,100,4,100,4
0.7199999999999996,0.5500000000000003,482.8182025013832,122.62162329703516,6.95533019294405e-06,-0.4267827559229216,-0.4384357608264382,-0.4045380063698347,-0.4143533215803536,0.0030000209808349,4,1641,10.0,433.0,1.0,100,4,100,4
0.7199999999999996,0.5600000000000003,82.63776376451628,17.45947689174373,3.2608992140284464e-07,0.855824515063583,0.8734562562701076,0.9995780931515624,0.999679574436169,0.0,94,3670,3758.0,861.0,865.0,100,99,100,99
0.7199999999999996,0.6100000000000003,75.63440024221782,51.452040775852616,5.181465599035296e-07,0.9914805504154648,0.8800032083567424,0.9996485460454304,0.9970627458951308,0.0009975433349609,84,5606,5452.0,1253.0,1148.0,100,99,97,98
0.7199999999999996,0.6300000000000003,122.98523659794547,71.67139927254253,7.497118977565143e-07,0.9854902466512288,0.8530607247990301,0.9991610693020868,0.9947902947541096,0.0009994506835937,81,6285,5925.0,1383.0,1234.0,100,99,99,96
0.7199999999999996,0.7000000000000004,44.60801497488988,41.56170112014185,5.101498241788841e-07,0.9933387950694572,0.8971585385706644,0.9998729492766102,0.9983533497950848,0.0009992122650146,92,4662,4567.0,1179.0,1102.0,100,99,100,99
0.7199999999999996,0.7300000000000004,724.4882379283681,210.29076750193224,1.4908735670922918e-06,0.8152086869441862,0.4313253367234657,0.981030530470804,0.9666718017202696,0.0009989738464355,71,8175,7094.0,1736.0,1479.0,95,91,91,88
0.7199999999999996,0.7400000000000004,1062.8490291774883,264.2876107131596,2.1881431105446195e-06,0.6588215721925821,0.2584729955930581,0.9616953462767152,0.9467312278063604,0.002000093460083,66,8714,7447.0,1848.0,1557.0,92,86,89,83
0.7199999999999996,0.7500000000000004,628.6601493122761,205.4154327211079,1.067384956173723e-06,0.8845164036782953,0.6662184679514298,0.9865338660148688,0.9729788504488124,0.0009999275207519,76,8682,7319.0,1909.0,1527.0,100,97,95,93
0.7199999999999996,0.7800000000000005,24.685522072664373,25.78032195299353,1.209483563434204e-07,0.9988500372838552,0.9791523613616836,0.9999687602605002,0.9995125464917722,0.0,92,5405,5405.0,1384.0,1361.0,100,99,100,99
0.7199999999999996,0.8100000000000005,619.5292717204883,191.971255564376,1.1384978713636717e-06,0.9354586846984668,0.7916801910854991,0.991132535516884,0.9830374482519004,0.0009996891021728,73,10304,9272.0,2194.0,1952.0,96,94,94,90
0.7199999999999996,0.8500000000000005,706.4446444798671,215.95022574658265,1.1500191692850465e-06,0.9357685438688864,0.8103498438402266,0.9896042358475868,0.9806667313766152,0.0009996891021728,72,11131,9929.0,2381.0,2097.0,98,93,92,90
0.7199999999999996,0.8600000000000005,475.7580897893382,175.7258091459533,8.806628049700193e-07,0.972946433833044,0.8990546643204893,0.99555772834628,0.9887111631020736,0.0009989738464355,75,11592,10574.0,2539.0,2239.0,99,96,95,93
0.7199999999999996,0.8700000000000006,779.7558512124164,220.297597013676,1.3194166453504249e-06,0.9245146806350516,0.788605236621041,0.9883776463725076,0.9799315552462528,0.0009984970092773,68,11631,11427.0,2487.0,2433.0,93,89,90,86
0.7199999999999996,0.8800000000000006,1082.2138529557878,267.98008047131367,1.9230704930987745e-06,0.8466611859288482,0.702941378456286,0.9779253792549336,0.9697502411063816,0.0009987354278564,66,11777,10485.0,2548.0,2216.0,90,87,88,84
0.7199999999999996,0.9000000000000006,1521.6116057614304,357.6305440823058,1.953244480453521e-06,0.7703399698512107,0.5919960875260813,0.9620852746537044,0.9538200579875572,0.0010030269622802,67,12689,10414.0,2746.0,2194.0,91,89,87,86
0.7199999999999996,0.9300000000000006,1075.4369947745563,254.2243635590952,2.18597052841858e-06,0.8835734745205601,0.8258882128758744,0.9808333505498018,0.9756836508414672,0.0009996891021728,63,13103,12025.0,2870.0,2555.0,88,85,84,81
0.7199999999999996,0.9500000000000006,1233.6808468231084,258.51582508268586,3.717241099864129e-06,0.8583517070115356,0.8831668541781189,0.9711442257423444,0.9706953154867898,0.0019998550415039,56,13486,12749.0,2939.0,2719.0,81,78,77,74
0.7199999999999996,0.9600000000000006,1236.49216536135,274.5307815163902,2.986163801772033e-06,0.8601150071963742,0.8553911485591217,0.9751524262057896,0.9718630513884324,0.0009973049163818,60,13891,12572.0,3069.0,2677.0,83,82,82,78
0.7199999999999996,0.9800000000000006,1660.9099126970243,352.2653220838764,3.652100021595973e-06,0.7774378546980312,0.8007297934523306,0.9556712140242072,0.9533655193882232,0.0010023117065429,58,14605,12028.0,3106.0,2543.0,83,80,79,76
0.7199999999999996,0.9900000000000007,1249.7435148626205,307.929661563462,1.8951782011059264e-06,0.8928290933022599,0.8139657014773308,0.9804703537332125,0.9739560983495448,0.0009999275207519,66,14735,13186.0,3229.0,2808.0,91,88,87,85
0.7299999999999996,0.2,0.7144345083117603,0.2282177322938192,5.885499058268595e-06,0.8198253408916807,0.1111111111111111,0.8991022156329792,0.5093228655544653,0.0029993057250976,4,10,8.0,2.0,1.0,1,4,3,4
0.7299999999999996,0.21000000000000002,0.4894725051862804,0.0,0.0,0.4586908556018633,1.0,0.8878048780487805,1.0,0.0029997825622558,4,10,3.0,0.0,0.0,1,4,1,4
0.7299999999999996,0.24000000000000005,0.2700308624336608,0.0,0.0,0.7716615698267074,1.0,0.9727361246348588,1.0,0.003000259399414,4,10,3.0,1.0,0.0,1,4,3,4
0.7299999999999996,0.3000000000000001,0.3227486121839514,0.0,0.0,0.782608695652174,1.0,0.9622413532698988,1.0,0.0029997825622558,4,10,4.0,0.0,0.0,1,4,1,4
0.7299999999999996,0.35000000000000014,10.436813849702087,2.7003086243366083,1.0091311552756311e-05,-1.1690708106099232,-0.6153846153846154,-1.1631114715032769,-0.5852885225110973,0.0019965171813964,4,41,5.0,13.0,0.0,100,4,100,4
0.7299999999999996,0.4100000000000002,304.09152610686147,74.70392950396473,3.2477900480982143e-06,-0.2656858851926122,-0.3170388290393282,-0.2364722597607818,-0.2839211478369376,0.0029988288879394,4,995,98.0,242.0,21.0,100,99,100,98
0.7299999999999996,0.4200000000000002,66.60682209804038,14.035297764327389,3.8022205240152175e-06,0.7767927246207506,0.8353434077856747,0.7812865358212374,0.8390293446499963,0.0029973983764648,4,564,632.0,140.0,143.0,100,99,100,99
0.7299999999999996,0.47000000000000025,735.3581751999045,177.79593874251833,7.90948611797126e-06,-0.5855084746578032,-0.6067901893515977,-0.550755800728449,-0.569051815413395,0.0029969215393066,4,2141,7.0,525.0,1.0,100,4,100,4
0.7299999999999996,0.5000000000000002,106.11157649694336,28.286849123459003,9.562732933952372e-06,-0.4088280272487141,-0.3927196219672959,-0.3931320921155958,-0.3725452357059742,0.0019974708557128,4,375,6.0,96.0,0.0,100,4,99,4
0.7299999999999996,0.5500000000000003,904.700756235637,227.2840091896773,7.262253742978215e-06,-0.4537612647420481,-0.4672532565038192,-0.4287187638856546,-0.4404358345099539,0.0030000209808349,4,2907,8.0,726.0,1.0,100,4,100,4
0.7299999999999996,0.5600000000000003,1.1726039399558574,0.4894725051862804,1.2109221360225564e-06,0.6818558409279205,0.2330670371656827,0.8061674008810573,0.2672825740681745,0.0029971599578857,4,10,8.0,3.0,2.0,1,4,7,4
0.7299999999999996,0.5700000000000003,1495.4270780727936,317.7437712476307,2.623323678389957e-06,-3.914753470655363,-2.509086537129416,-3.835761463622164,-2.448507684134858,0.0030014514923095,4,2674,5365.0,660.0,1117.0,100,96,100,93
0.7299999999999996,0.6000000000000003,113.67057666784312,56.519127423429694,7.263987675373937e-07,0.9774616849386348,0.8522683702593731,0.9991542249705806,0.9960930410604968,0.0009973049163818,83,5475,5248.0,1229.0,1091.0,100,99,99,96
0.7299999999999996,0.6100000000000003,742.0217595641428,191.38453873462888,6.611956831375146e-06,-0.4115824863607071,-0.4178396914062319,-0.3895259429613069,-0.3946418430985685,0.0024998188018798,4,2512,5.0,626.0,0.0,100,4,100,4
0.7299999999999996,0.6700000000000004,611.9128563365865,172.19701652467734,1.8484920934733144e-06,0.7821350838536032,0.3049902816151368,0.9833051283076866,0.9704798614874326,0.0009999275207519,68,7260,6945.0,1563.0,1454.0,92,87,89,84
0.7299999999999996,0.7000000000000004,59.51097004381256,37.32738047778511,3.663467859038466e-07,0.9915693371514548,0.9395091915370752,0.9998024626870824,0.9988052568822942,0.0009999275207519,91,5174,5090.0,1269.0,1211.0,100,99,100,99
0.7299999999999996,0.7400000000000004,570.0847381711355,176.70793884875096,9.97353029113043e-07,0.9121756227244469,0.7333370624575024,0.9900919691617128,0.9818840055982312,0.0010058879852294,77,8890,7760.0,1885.0,1625.0,99,97,97,93
0.7299999999999996,0.8000000000000005,1037.9596468897182,254.1198817206444,2.2400083311567883e-06,0.7996289135298316,0.6267089755548465,0.9733339579388476,0.9635637342368968,0.0009996891021728,65,10312,9339.0,2215.0,1970.0,91,86,86,82
0.7299999999999996,0.8100000000000005,558.0470817543494,193.80648736679208,8.386377843044914e-07,0.943105110275097,0.814161293279831,0.9925869244603724,0.9839578899301922,0.0009973049163818,78,10260,9140.0,2252.0,1925.0,100,98,97,95
0.7299999999999996,0.8300000000000005,1262.546883939896,273.3826497251274,3.34077043718954e-06,0.7169229394236162,0.7211416476352167,0.9589139985926102,0.9546064790868868,0.0019998550415039,59,10892,9674.0,2332.0,2038.0,83,80,81,76
0.7299999999999996,0.8600000000000005,1087.962526679784,240.76690533107472,2.296454947757383e-06,0.8279332869738705,0.7635971092241495,0.9750565815830442,0.9715979326498694,0.0019998550415039,63,11609,10488.0,2461.0,2220.0,87,84,84,81
0.7299999999999996,0.8800000000000006,1497.2984771680394,332.60336739125177,2.522073963439387e-06,0.7158661545661935,0.6073589702086543,0.9561648803421208,0.94985551070843,0.001000165939331,63,12123,10034.0,2600.0,2112.0,88,85,85,81
0.7299999999999996,0.9000000000000006,995.1594159519844,232.9947480772452,2.56334196167769e-06,0.8822280542625452,0.8401417818883308,0.981612937282944,0.976810320008638,0.0009975433349609,62,12479,11883.0,2743.0,2533.0,85,83,83,80
0.7299999999999996,0.9200000000000006,1622.7578146476449,351.0035968476676,3.2844384684906663e-06,0.7290512064428498,0.7108982567541929,0.9527156745502272,0.948295212997462,0.0019986629486083,60,13063,10772.0,2883.0,2273.0,84,82,83,79
0.7299999999999996,0.9300000000000006,1160.6302342006004,264.33997355984894,2.4424540776288102e-06,0.8709435712691919,0.8195699408741489,0.9786396716102034,0.9744222117075936,0.0010023117065429,63,13531,12327.0,2919.0,2628.0,88,85,83,81
0.7299999999999996,0.9700000000000006,1177.2947698006649,249.49744487669608,3.102061621928533e-06,0.8860726772642795,0.8904240809826639,0.9788657571968148,0.977912424122716,0.0023005008697509,60,14492,13727.0,3051.0,2943.0,84,81,80,78
0.7299999999999996,0.9800000000000006,1142.3484582210456,245.6826204679525,3.281902416318988e-06,0.89689645221479,0.8968942880310671,0.980795587771527,0.979601043881418,0.0021913051605224,60,14530,13738.0,3159.0,2941.0,85,82,81,78
0.7299999999999996,0.9900000000000007,1134.774807063101,219.5491369361578,5.800256259286661e-06,0.9293046228900776,0.953808622147456,0.9753352525415327,0.979273792835953,0.0019969940185546,49,14977,14867.0,3338.0,3208.0,73,70,70,67
0.7399999999999997,0.21000000000000002,7.035623639735144,1.9094065395649331,1.835145498471984e-05,-0.9621498864496596,-0.5671641791044775,-0.9240735941953876,-0.5397474814130483,0.0029950141906738,4,20,7.0,5.0,2.0,88,4,81,4
0.7399999999999997,0.25000000000000006,0.4564354645876384,0.2282177322938192,4.679638853001586e-06,0.7843423565090418,-0.0549450549450545,0.9410029498525072,-0.0526315789473683,0.003009557723999,4,10,5.0,1.0,0.0,1,4,7,4
0.7399999999999997,0.2800000000000001,0.1020620726159657,0.0,0.0,0.9309849029475198,1.0,0.9952024563423528,1.0,0.0029959678649902,4,10,3.0,0.0,0.0,1,4,1,4
0.7399999999999997,0.3000000000000001,0.2886751345948128,0.1443375672974064,1.7017152296913055e-06,0.732962447844228,-0.0212765957446807,0.9715140293405498,0.3127147766323026,0.0029969215393066,4,10,4.0,1.0,0.0,1,4,3,4
0.7399999999999997,0.3200000000000001,48.821101994936576,11.524882501208706,7.703176805266595e-06,-0.7573119410583906,-0.7231299383015832,-0.7311170129062092,-0.6860625790899679,0.0029971599578857,4,140,10.0,35.0,2.0,99,4,99,4
0.7399999999999997,0.3300000000000001,109.12879432120562,25.72369206263621,9.272282500873933e-06,-0.8152300312712035,-0.7703136852244235,-0.7690690902397255,-0.7203338949162084,0.003007173538208,4,329,7.0,77.0,1.0,100,4,97,4
0.7399999999999997,0.38000000000000017,128.33971845587527,31.41158225877837,4.508096543612741e-06,-0.2020888085663557,-0.2617599261147176,-0.175758191167052,-0.2287515566625155,0.0039985179901123,4,446,54.0,101.0,12.0,100,99,99,99
0.7399999999999997,0.4000000000000002,97.13060365645148,22.725490460420577,5.591058858265675e-06,-0.6514277031544402,-0.6264497512954641,-0.6191545856259266,-0.5905739110460497,0.0029973983764648,4,261,8.0,65.0,1.0,100,4,97,4
0.7399999999999997,0.4100000000000002,4118.650870076673,913.075018595588,1.6787696163381398e-05,-219.48051385125308,-194.17209685028385,-214.70383396126752,-189.46840232743543,0.0029962062835693,4,1000,12064.0,246.0,2959.0,100,42,100,40
0.7399999999999997,0.4300000000000002,2208.528679253075,456.49777518625433,4.197161760790832e-06,-245.98006201419324,-179.994187525893,-240.88387651177644,-175.76610049802625,0.0029988288879394,4,569,4697.0,146.0,985.0,100,82,99,78
0.7399999999999997,0.4400000000000002,336.88589190802674,79.69655994248853,4.719307719167905e-06,-3.646429119818831,-3.411686727310726,-3.5697808193056257,-3.3273231307765707,0.0029988288879394,4,593,1593.0,146.0,370.0,100,99,98,99
0.7399999999999997,0.46000000000000024,76.32503138988328,18.72581773915361,6.039849799339739e-06,-0.452024052883109,-0.423839842867094,-0.435791347475837,-0.4032424266677341,0.0030200481414794,4,267,7.0,72.0,2.0,100,4,98,4
0.7399999999999997,0.49000000000000027,330.1383390590476,82.18145573465262,4.584358894490968e-06,-0.5005484899059651,-0.4946997701071256,-0.4737326108877002,-0.4659913627422165,0.0030210018157958,4,1036,7.0,250.0,1.0,100,4,100,5
0.7399999999999997,0.5100000000000002,2266.764197503422,467.94762438404007,2.718975494137581e-06,-13.48046534759915,-8.74446070736958,-13.208003871455428,-8.554778617881887,0.0030000209808349,4,2308,5572.0,587.0,1169.0,100,81,100,77
0.7399999999999997,0.5300000000000002,763.5876736935102,190.34565597880083,6.993067371816817e-06,-0.4139086952925994,-0.4455683407642254,-0.3916684974395732,-0.4203726085863033,0.0029985904693603,4,2504,5.0,607.0,0.0,100,4,100,4
0.7399999999999997,0.5600000000000003,65.83628685357846,39.92701675140113,4.625728473914838e-07,0.9870643396338916,0.8829862066856287,0.999713788379218,0.998096907393536,0.0,88,4816,4727.0,1100.0,1028.0,100,99,99,99
0.7399999999999997,0.5900000000000003,203.35721746408916,89.93564950914391,9.630562905604192e-07,0.942391993209002,0.6673360383148241,0.9973565775871585,0.9901719334547088,0.0009989738464355,81,5767,5191.0,1252.0,1078.0,100,98,100,94
0.7399999999999997,0.6200000000000003,158.3189818057203,64.76457364948834,7.650340896666395e-07,0.9760094525526898,0.8600534502432287,0.998673145736934,0.995806953351914,0.0009999275207519,80,6393,6094.0,1371.0,1274.0,100,97,97,94
0.7399999999999997,0.6400000000000003,438.82469291405096,142.53784422754904,1.3620622316015185e-06,0.8814051102335584,0.487756366160445,0.9907751813908036,0.9796691950849432,0.0009989738464355,73,6833,6268.0,1430.0,1308.0,97,92,95,88
0.7399999999999997,0.6800000000000004,532.2005330769666,156.1158164573601,1.2734482146502527e-06,0.8710634489421428,0.5740109736320854,0.9881296639229706,0.9786144473915837,0.0009996891021728,73,7474,6651.0,1599.0,1389.0,99,92,92,89
0.7399999999999997,0.7100000000000004,88.42528625907863,25.41345608137547,5.55741615589755e-06,-0.3629575381035079,-0.3348775081253077,-0.3501162855093576,-0.3185462878842011,0.0029985904693603,4,346,4.0,97.0,1.0,100,4,100,4
0.7399999999999997,0.7600000000000005,907.3265674496696,265.3268200325241,1.49720888793769e-06,0.7962161007012456,0.4075878257906715,0.9762167225929572,0.9591066552098868,0.001000165939331,72,9147,7695.0,1991.0,1608.0,96,93,94,89
0.7399999999999997,0.7800000000000005,794.724401915532,254.27240969742144,1.1681765041738067e-06,0.880747602094846,0.6552603355083242,0.9835908288580724,0.9688886751114116,0.0009992122650146,76,9946,8330.0,2153.0,1748.0,100,96,96,93
0.7399999999999997,0.8400000000000005,1165.5253965486982,253.21290448948287,3.450757336855405e-06,0.7993997728522133,0.7878661748305094,0.968501645458778,0.9650556916227808,0.0019972324371337,60,11466,10323.0,2476.0,2187.0,83,81,80,78
0.7399999999999997,0.8600000000000005,836.1332394526886,221.7290344223831,1.8847737385649845e-06,0.9117871198418164,0.8009739925567911,0.9866411011351868,0.9789019593368664,0.0019948482513427,66,11596,11001.0,2514.0,2339.0,91,87,85,84
0.7399999999999997,0.8900000000000006,1211.0022112100191,244.07662731199807,4.377398009820306e-06,0.8337781497957053,0.8732793004057127,0.9662837579430316,0.9677278989172666,0.002000093460083,55,12346,11866.0,2694.0,2531.0,79,76,76,73
0.7399999999999997,0.9200000000000006,849.0711100962039,239.93156576407364,1.5067239387508891e-06,0.9364044200417804,0.8334519427968501,0.989128526915058,0.9815023033669892,0.0009992122650146,68,13091,12503.0,2784.0,2669.0,93,89,88,86
0.7399999999999997,0.9400000000000006,1064.399976288899,234.74717909963923,4.1277382212424496e-06,0.893024795739799,0.9010297285180692,0.9797424505499296,0.9772610891571224,0.0009970664978027,58,13643,12884.0,2938.0,2752.0,82,79,77,75
0.7399999999999997,0.9600000000000006,1185.2632324646531,242.90030493915583,3.919544189632557e-06,0.8785859941491356,0.9020039894421824,0.9753251301677416,0.9758795534027946,0.0019998550415039,57,13957,12976.0,3023.0,2772.0,81,78,78,75
0.7399999999999997,0.9800000000000006,1111.6544079556706,240.86543772594084,4.1531270973694745e-06,0.9120478270974532,0.9250229269128518,0.9796927376013806,0.9781165854287772,0.0019996166229248,56,14934,13419.0,3252.0,2868.0,80,78,76,74
0.7399999999999997,0.9900000000000007,997.636596049773,258.10253130619753,2.305112443926928e-06,0.9228672091252388,0.86790107965926,0.9869903396122488,0.9804584270494856,0.0019984245300292,64,14652,13786.0,3244.0,2952.0,88,85,83,82
0.7499999999999997,0.2900000000000001,5.889609494694874,1.8846971463164404,9.52170801868461e-06,0.8948393378773125,0.8186773014290462,0.8959941831701722,0.8246561254659982,0.0029985904693603,4,61,63.0,16.0,13.0,97,99,79,97
0.7499999999999997,0.3000000000000001,29.520296690017645,6.998511746554882,5.206129535142807e-06,0.3875588161750838,0.3167683812845103,0.4064589054080285,0.3433364430118818,0.0029985904693603,4,117,60.0,28.0,13.0,93,99,87,98
0.7499999999999997,0.3200000000000001,66.53719198062589,15.935743367244172,1.0315938956341446e-05,-1.0322850002719606,-1.046427034986412,-0.9805860062125418,-0.967516090632125,0.0040047168731689,4,164,6.0,42.0,1.0,100,4,95,4
0.7499999999999997,0.3900000000000002,89.0243412406592,22.31217903597345,8.191443691555459e-06,-0.0721986734777042,-0.1520042423992853,-0.0558070616505856,-0.1285656127531316,0.0029973983764648,4,320,40.0,78.0,8.0,100,99,97,96
0.7499999999999997,0.4000000000000002,161.17549958559667,41.020574106172624,6.1423519495782295e-06,-0.710697231829645,-0.6715092816787731,-0.66995772934648,-0.6293934353009625,0.0035071372985839,4,501,6.0,142.0,0.0,100,4,99,4
0.7499999999999997,0.4400000000000002,90.68736359971363,24.095080756591518,4.767092658517128e-06,-0.4753932607956672,-0.4218656326134928,-0.4545981732953172,-0.3991187321752625,0.0030000209808349,4,327,7.0,89.0,1.0,100,4,100,4
0.7499999999999997,0.47000000000000025,56.12254077759963,14.96349725164542,8.868453861766904e-06,-0.3981172618113286,-0.3733736478540372,-0.387766296805244,-0.3555536075888297,0.0030000209808349,4,211,6.0,59.0,0.0,100,4,100,4
0.7499999999999997,0.5000000000000002,0.60380736442456,0.2886751345948128,6.8061255667393655e-06,0.2279411764705879,-0.0909090909090912,0.7712418300653595,-0.0869565217391306,0.0029981136322021,4,10,2.0,1.0,0.0,1,4,6,4
0.7499999999999997,0.5500000000000003,262.37796766624035,72.97052772638189,2.077735396049321e-06,0.8780020384201037,0.8471391497388514,0.8801786876321973,0.8500652078824359,0.003000259399414,4,2917,1981.0,706.0,461.0,100,99,99,99
0.7499999999999997,0.5900000000000003,190.34292361794957,71.08495922887927,6.409510497510366e-07,0.9261687420437116,0.6738592671332209,0.9977299708951328,0.994238704236232,0.0010008811950683,86,5284,4911.0,1179.0,1040.0,100,99,97,99
0.7499999999999997,0.6100000000000003,115.21831632456129,38.12424862647568,3.571360270457662e-06,0.9439724330529596,0.9100812186774946,0.9447352542860686,0.9113970764984948,0.0019993782043457,4,2056,1513.0,563.0,363.0,100,99,100,99
0.7499999999999997,0.6200000000000003,186.9991087322789,69.48237186509971,4.822062603157246e-07,0.962494472809464,0.8513643763818431,0.9981006005839214,0.9953904262440776,0.0009970664978027,85,6104,5694.0,1370.0,1222.0,100,99,98,99
0.7499999999999997,0.6600000000000004,0.3227486121839514,0.1443375672974064,5.155587511667058e-07,0.8111723052714398,-0.0212765957446807,0.962819750148721,0.3127147766323022,0.0029993057250976,4,10,4.0,1.0,0.0,1,4,3,4
0.7499999999999997,0.6700000000000004,372.5915036221687,138.67776970201032,9.771250802025153e-07,0.9311182340412923,0.727487530800672,0.9941469238305384,0.9849448958330624,0.0010023117065429,79,7526,6633.0,1644.0,1386.0,100,98,99,94
0.7499999999999997,0.7000000000000004,595.9632307565569,173.88095412349378,1.5070854067468642e-06,0.8691363802313252,0.5730178289702059,0.9874365015810752,0.977073456359974,0.0009996891021728,71,8142,7425.0,1749.0,1558.0,94,90,89,87
0.7499999999999997,0.8100000000000005,1154.9292077872133,245.95634775301085,3.3694519119057665e-06,0.7448269125420925,0.7254295898876393,0.964920410165256,0.9619656289567622,0.0009996891021728,60,10700,9829.0,2284.0,2079.0,85,81,82,77
0.7499999999999997,0.8500000000000005,567.6294213657358,201.2329992819269,1.0884663197236816e-06,0.9572872786991884,0.834041325842282,0.9938059103516425,0.9853178057461094,0.0,75,11388,10268.0,2441.0,2174.0,98,96,93,92
0.7499999999999997,0.8700000000000006,1334.9096953490307,290.7583550865419,2.984624118991098e-06,0.7758920475911749,0.7377105575672842,0.9657485980490956,0.9620642232079843,0.0019993782043457,62,12147,10545.0,2596.0,2231.0,85,84,81,80
0.7499999999999997,0.9000000000000006,657.8735073888732,209.89775836229705,1.2835413873627933e-06,0.9592079331901976,0.8619230402478666,0.993535138624596,0.9864016656964012,0.002000093460083,71,12841,12217.0,2773.0,2610.0,93,92,93,88
0.7499999999999997,0.9100000000000006,1096.549003897554,232.7853088147961,2.8146734745225584e-06,0.8751340409204867,0.87474986777168,0.9792634012801767,0.9781558308791798,0.0020029544830322,61,13341,12332.0,2839.0,2632.0,85,82,81,79
0.7499999999999997,0.9200000000000006,1169.677368789712,276.25228239674647,2.064977239833904e-06,0.874892796184399,0.7839111168259835,0.9796240953794836,0.9744843338187013,0.0009996891021728,66,13326,11906.0,2836.0,2533.0,90,87,87,84
0.7499999999999997,0.9400000000000006,1106.1681497899658,244.6992180557044,3.4748918508198443e-06,0.8794925355118768,0.8872677369499972,0.9788186117354328,0.9761589385708582,0.0009970664978027,59,13555,13499.0,2918.0,2901.0,83,79,78,76
0.7499999999999997,0.9800000000000006,1487.317162015396,317.6061055739835,5.624583765055154e-06,0.8538437190438726,0.8821385112089638,0.9604961868393018,0.9585839959772828,0.0009973049163818,53,14782,12397.0,3229.0,2629.0,76,75,73,72
0.7599999999999997,0.22000000000000003,3.694026709883584,0.338501600193165,9.623419023875018e-06,-6.717704817428663,-0.0038022813688212,-2.8149043361775257,-2.220446049250313e-16,0.0029971599578857,4,10,5.0,2.0,1.0,1,4,11,4
0.7599999999999997,0.25000000000000006,1.0606601717798212,0.2041241452319315,5.66265780545956e-06,0.5129421712782448,-0.0434782608695645,0.7962994398234595,0.3855606758832565,0.0034518241882324,4,10,7.0,1.0,0.0,1,4,2,4
0.7599999999999997,0.3100000000000001,2586.095393719394,547.4233488961415,1.4306852496207183e-05,-13595.944522304751,-10019.427509388091,-13411.45344823084,-9787.581451451006,0.0029971599578857,4,82,6485.0,24.0,1461.0,99,57,97,54
0.7599999999999997,0.34000000000000014,159.94155833720433,38.94788184227738,5.09336714689099e-06,-0.5910625202461937,-0.5829215934951653,-0.5592756135054175,-0.5468531566581571,0.0029988288879394,4,516,6.0,122.0,1.0,100,4,100,4
0.7599999999999997,0.4000000000000002,3075.1989400416574,645.5852883882449,8.210848726410667e-06,-409.6132718261501,-324.5867239576883,-401.0228173053767,-316.43863740458715,0.0029973983764648,4,578,7414.0,130.0,1638.0,100,59,100,55
0.7599999999999997,0.4300000000000002,360.54579575046125,87.24325427599928,8.92217370072723e-06,-0.5285574623664979,-0.5613811421408403,-0.499486387311189,-0.5280238856658297,0.0029971599578857,4,1150,7.0,292.0,1.0,100,4,100,5
0.7599999999999997,0.47000000000000025,347.1833689373192,87.91484990223968,9.091792064245284e-06,-0.407364624457075,-0.4218166057907344,-0.3867187536279479,-0.3987042212389176,0.0029993057250976,4,1212,6.0,317.0,1.0,100,4,100,4
0.7599999999999997,0.49000000000000027,276.37436868614765,68.0246585192948,7.850546062666235e-06,-0.4059605755040814,-0.4550578205872186,-0.3850942593191337,-0.4290458804324695,0.0029971599578857,4,933,2.0,228.0,0.0,100,4,99,4
0.7599999999999997,0.5200000000000002,66.54415827103082,32.04879092883225,5.282243087780658e-07,0.9330261611536136,0.6877090301003345,0.9997071671572152,0.9988050942926748,0.0009996891021728,92,3941,3991.0,932.0,881.0,100,99,100,99
0.7599999999999997,0.5300000000000002,41.45592539070862,11.316470297756275,6.646964174836106e-06,-0.4968360869336348,-0.4829915560916766,-0.4847896469254187,-0.4654905233043271,0.0029973983764648,4,145,12.0,42.0,4.0,100,4,100,4
0.7599999999999997,0.5600000000000003,784.2455039186815,197.61626324773985,6.910705721060819e-06,-0.4663749147070799,-0.4786896355975536,-0.4404068083198005,-0.4510289205470896,0.0030028820037841,4,2570,3.0,636.0,0.0,100,4,99,4
0.7599999999999997,0.5700000000000003,330.5184333476859,111.87706762723792,1.3024341610356084e-06,0.8514297981724542,0.3035362286034534,0.9931585031743726,0.9837824346996406,0.0009994506835937,77,5674,5207.0,1242.0,1083.0,98,93,94,90
0.7599999999999997,0.5800000000000003,122.77655856609329,36.72873534441391,3.187213147445908e-07,0.9617327035687288,0.917787348149352,0.9990202602365804,0.9984918074567388,0.0009984970092773,88,4973,5173.0,1159.0,1153.0,100,99,100,99
0.7599999999999997,0.6100000000000003,5453.324329212717,1173.2882567098902,7.042435078553746e-06,-123.90632096932308,-81.59821287571174,-122.2232687337888,-80.44915949424819,0.0030066967010498,4,2066,14339.0,545.0,3306.0,100,50,100,47
0.7599999999999997,0.6200000000000003,90.95995979393508,67.37475152352803,6.182411990833165e-07,0.9870699283757748,0.8573655117575012,0.9994972957311116,0.9952695539866772,0.0009880065917968,86,5552,5336.0,1288.0,1161.0,100,99,100,99
0.7599999999999997,0.6500000000000004,138.30115880322836,78.26372420423007,7.330741489706341e-07,0.9862051593103704,0.8711410815705956,0.9991262791848012,0.9949152322523408,0.0009994506835937,81,6994,6564.0,1522.0,1373.0,100,99,98,95
0.7599999999999997,0.6800000000000004,285.1351433969513,99.72562358792248,6.813333186928413e-07,0.9610173417019224,0.8543944468081182,0.9966837073903289,0.9924982554853498,0.0010013580322265,80,7608,6903.0,1643.0,1444.0,100,99,97,95
0.7599999999999997,0.7700000000000005,1403.5532996166785,317.8823086649557,2.911763655877715e-06,0.5706726967846241,0.4112940371829031,0.944302221619923,0.9338632724148817,0.0009999275207519,63,9881,8126.0,2079.0,1701.0,89,84,83,80
0.7599999999999997,0.8100000000000005,1287.035108856231,289.7370236216678,2.5303661609289186e-06,0.7177118077903848,0.565838420877272,0.9625165414889706,0.9561850080654304,0.001000165939331,65,10877,9244.0,2289.0,1948.0,90,86,83,82
0.7599999999999997,0.8400000000000005,279.4220970741815,129.93171283408836,8.577290911743229e-07,0.9894970017967676,0.9379667809193176,0.9983713230177172,0.9935888477568268,0.0009996891021728,76,11203,10530.0,2424.0,2232.0,100,97,96,94
0.7599999999999997,0.8700000000000006,1260.1019800000315,295.82335854266046,2.8164608377948466e-06,0.8079894904151809,0.7210935653574461,0.9697988251803592,0.9621507350698904,0.0010020732879638,63,12125,10680.0,2671.0,2262.0,87,85,84,81
0.7599999999999997,0.8900000000000006,867.5932946951584,241.04609258397036,1.8598998612043384e-06,0.9233195894375932,0.8138005277153719,0.9876246445647564,0.979650942666218,0.0020005702972412,68,12520,11449.0,2756.0,2435.0,92,89,89,86
0.7599999999999997,0.9100000000000006,1241.9154661248083,258.95284319736675,3.651918974542537e-06,0.8296871283132031,0.8445635831978936,0.9719469875872676,0.9713845156427512,0.0019986629486083,60,13012,12023.0,2824.0,2560.0,86,81,80,77
0.7699999999999997,0.2,18.96075991796391,4.381542726787754,1.4842531023203563e-05,-1.2892313304807028,-1.0214105361774082,-1.276769339972399,-0.9733179151141378,0.0029988288879394,4,47,9.0,13.0,0.0,100,4,96,4
0.7699999999999997,0.21000000000000002,5.772600511612307,1.6393596310755,1.582005425082014e-05,-5.002345399108749,-1.284028033935817,-4.661946902654868,-1.2241379310344829,0.0029988288879394,4,11,6.0,5.0,0.0,96,4,96,4
0.7699999999999997,0.22000000000000003,4.085033659592048,1.194605932235954,1.826353920590046e-05,-2.482687560859621,-0.7473096851335193,-2.0054029716343997,-0.7187303976916324,0.0029993057250976,4,10,3.0,4.0,0.0,1,4,25,4
0.7699999999999997,0.23000000000000004,0.2886751345948128,0.2282177322938192,6.127046607573969e-06,0.8113485630066323,-0.0549450549450545,0.9715261958997722,0.1134751773049648,0.0029997825622558,4,10,3.0,1.0,0.0,1,4,2,4
0.7699999999999997,0.25000000000000006,63.32209330083774,14.59559008742024,6.547686029331918e-06,-2.720006523275409,-2.367441764733124,-2.6381986186319475,-2.2545645223662785,0.0029995441436767,4,118,297.0,30.0,68.0,98,99,94,99
0.7699999999999997,0.2700000000000001,277.2567439816989,65.48107232882899,1.6719384204271862e-05,-93019.73529411768,-86847.56263736261,-29465.718575307463,-86657.1052631579,0.0029969215393066,4,10,816.0,1.0,186.0,1,99,7,99
0.7699999999999997,0.3100000000000001,19.256492411651717,4.924428900898052,1.4653943413897594e-05,-1.80564543075924,-1.496180136710897,-1.7555638811975611,-1.370406573601735,0.0029959678649902,4,44,4.0,13.0,0.0,94,4,100,4
0.7699999999999997,0.3200000000000001,2.472768354159632,0.6535161308899218,1.067599196129408e-05,-1.302336983167184,-0.451862781261527,-0.5637070779722422,-0.3988399863527807,0.0029985904693603,4,10,4.0,2.0,0.0,1,4,34,4
0.7699999999999997,0.34000000000000014,12.039431741850056,5.990443778775214,3.985374696938906e-06,0.9787346207900092,0.920900498270416,0.9792134122145126,0.9228228424671958,0.0039985179901123,4,318,279.0,81.0,64.0,100,99,95,99
0.7699999999999997,0.35000000000000014,33.84354320496993,8.456383190623914,9.266049653065633e-06,-0.8755884827946965,-0.6863351176524772,-0.8435872398016462,-0.6449457155933189,0.0029988288879394,4,101,5.0,29.0,1.0,100,4,100,4
0.7699999999999997,0.38000000000000017,0.2041241452319315,0.0,0.0,0.8397328881469115,1.0,0.9838709677419356,1.0,0.0030074119567871,4,10,4.0,0.0,0.0,1,4,1,4
0.7699999999999997,0.3900000000000002,92.54041909709868,23.08431105029272,8.870485241443919e-06,-0.5478844496890907,-0.5089155600372752,-0.5234485866168206,-0.478811943696628,0.0049993991851806,4,310,2.0,78.0,0.0,100,4,100,4
0.7699999999999997,0.4400000000000002,4421.605531836447,981.085145387494,1.5799900733916174e-05,-232.6061482714516,-181.52311892101167,-227.67233851582907,-177.39224391671223,0.0039987564086914,4,1146,12978.0,275.0,3165.0,100,40,100,37
0.7699999999999997,0.45000000000000023,213.14834916086025,55.509008277936296,7.260389272189335e-06,-0.5521397885944581,-0.5135286332191735,-0.5228411933439188,-0.4835191702724422,0.0030033588409423,4,702,4.0,180.0,0.0,100,4,98,4
0.7699999999999997,0.48000000000000026,243.3383917853216,63.19785399837561,5.782475054060989e-06,-0.2079213659613621,-0.2570397683231677,-0.189398748192008,-0.2352530016550322,0.0039980411529541,4,892,54.0,223.0,12.0,100,99,99,99
0.7699999999999997,0.49000000000000027,4248.180264831049,909.74647338329,8.360228827021264e-06,-116.60229052774916,-82.42630073221926,-114.67719231906456,-80.97057809051876,0.0039987564086914,4,1550,11002.0,376.0,2509.0,100,51,100,48
0.7699999999999997,0.5400000000000003,370.688941926606,97.5504143165642,8.253922639346697e-06,-0.3632030213212933,-0.3723457851879044,-0.3453052617839716,-0.3522062532241941,0.0039999485015869,4,1313,6.0,344.0,0.0,100,4,100,4
0.7699999999999997,0.5800000000000003,176.05782329353372,67.8259326722246,6.897539815463282e-07,0.9336202566011902,0.6975832688254557,0.9980638600061909,0.9947290519550904,0.0020151138305664,86,5229,4907.0,1138.0,1036.0,100,99,100,98
0.7699999999999997,0.6300000000000003,540.0227177761003,155.9332503715246,1.5193147921141812e-06,0.8279234328518315,0.389468050847824,0.986617222020989,0.976071832625216,0.0009968280792236,72,6982,6369.0,1481.0,1332.0,94,90,90,87
0.7699999999999997,0.6500000000000004,456.4390349133087,139.97089644583923,1.2625306672111653e-06,0.8993763131724009,0.6144748713302062,0.991153724997383,0.98269625559637,0.0009999275207519,73,7365,6792.0,1567.0,1423.0,97,92,93,88
0.7699999999999997,0.6600000000000004,832.9667610415196,206.09039278918365,2.103450596300585e-06,0.6437859776889105,0.1723701860365624,0.9697653660184118,0.9584852093788656,0.0010004043579101,68,7391,6495.0,1589.0,1355.0,93,87,83,83
0.7699999999999997,0.7200000000000004,739.110799673194,208.88227893149028,1.7888606489220817e-06,0.816103957884805,0.4487159998286597,0.9825516340136194,0.9692333139345468,0.0019998550415039,69,8609,8122.0,1854.0,1710.0,92,88,87,84
0.7699999999999997,0.7400000000000004,550.4814022231345,161.63479344377836,1.4715289425179443e-06,0.9146608187753744,0.7211825089240942,0.991135116421036,0.9833775736402524,0.0009984970092773,69,8946,9035.0,1925.0,1915.0,93,89,89,85
0.7699999999999997,0.7700000000000005,283.29004571287004,135.30182309685753,9.936212991157582e-07,0.9832137889992716,0.8931747307584998,0.9977754320245228,0.9907342240056624,0.0009999275207519,76,9686,8999.0,2132.0,1901.0,100,96,99,93
0.7699999999999997,0.8200000000000005,1149.5601332683732,273.65978234038744,2.378901473668092e-06,0.7981855299049541,0.6496879029465745,0.9721240254122424,0.9642459742434356,0.0009996891021728,66,11083,9871.0,2463.0,2088.0,89,87,86,83
0.7699999999999997,0.8600000000000005,881.647759271565,224.06083357619008,2.4224885416504674e-06,0.891839038726224,0.8103819902432131,0.9856198755997088,0.9790270777563403,0.0009996891021728,65,11944,11979.0,2582.0,2564.0,87,85,84,81
0.7699999999999997,0.8800000000000006,1449.2641497524098,332.82177412743494,2.081296000364742e-06,0.7871980911660063,0.651552042980992,0.9658877000265236,0.959848460921686,0.0024516582489013,67,12752,10662.0,2742.0,2255.0,90,88,87,85
0.7699999999999997,0.9300000000000006,1150.6918829659874,242.19482515803952,3.9282251792203386e-06,0.8771457040227616,0.8923650569236814,0.9762151081905296,0.975636219724104,0.0009984970092773,58,13577,12829.0,2934.0,2745.0,82,79,80,76
0.7699999999999997,0.9400000000000006,1476.3374952902875,321.7960145806657,3.56392781641086e-06,0.7976024074183589,0.7941305130942863,0.96409677803117,0.9605423001020136,0.0020008087158203,60,13743,11864.0,3035.0,2517.0,84,82,80,78
0.7699999999999997,0.9600000000000006,1087.4169221140528,214.7807506117188,5.420873957578905e-06,0.9176774129315642,0.945582816118517,0.9767739685121776,0.9794585026494098,0.0020344257354736,52,14230,14026.0,3076.0,3016.0,76,73,72,69
0.7799999999999997,0.2,7.782860442450877,1.9552280344416777,1.5520655935144684e-05,-1.7664677780641074,-0.7110388033606918,-1.734218878570589,-0.6745756524913307,0.0049989223480224,4,19,6.0,7.0,0.0,93,4,80,4
0.7799999999999997,0.21000000000000002,0.3818813079129867,0.2041241452319315,1.701963135627845e-06,0.8574912522532074,-0.0434782608695645,0.9518966465090708,0.1578947368421053,0.004051923751831,4,10,5.0,1.0,0.0,1,4,3,4
0.7799999999999997,0.25000000000000006,0.5863019699779287,0.0,0.0,0.5431867339581831,1.0,0.8416202726051065,1.0,0.0039958953857421,4,10,4.0,0.0,0.0,1,4,1,4
0.7799999999999997,0.2800000000000001,1.5745369689742652,0.5103103630798288,1.0784244032033185e-05,0.4709151537606519,-0.0643015521064303,0.6499999999999999,-0.0313531353135314,0.0029988288879394,4,11,11.0,2.0,2.0,5,4,5,4
0.7799999999999997,0.3100000000000001,61.90222465038447,14.76693942562236,1.126439418057106e-05,-0.6359794270861443,-0.5843599889312769,-0.6075163354565374,-0.5481678091436115,0.0029997825622558,4,160,5.0,44.0,1.0,99,4,99,4
0.7799999999999997,0.3200000000000001,45.62768256953959,10.871407452579447,1.1938435718468631e-05,-0.8279551534644785,-0.8009523809523809,-0.7936792731551834,-0.7520182335900778,0.0029990673065185,4,117,2.0,31.0,0.0,99,4,99,4
0.7799999999999997,0.3300000000000001,85.30991296443808,21.84438333607368,9.170067576408352e-06,-0.6342401211021254,-0.6848674090406672,-0.5987970034652994,-0.6428541457240928,0.0030078887939453,4,237,5.0,65.0,0.0,100,4,99,4
0.7799999999999997,0.38000000000000017,0.338501600193165,0.0,0.0,0.2826086956521737,1.0,0.9283667621776504,1.0,0.0030961036682128,4,10,2.0,0.0,0.0,1,4,1,4
0.7799999999999997,0.4100000000000002,4453.202149624096,1021.9712518380022,2.5344922694065735e-05,-1497.0941455585116,-1264.263235879264,-1462.0718137970068,-1232.4887401895244,0.0030372142791748,4,459,14225.0,122.0,3715.0,100,35,100,33
0.7799999999999997,0.5000000000000002,43.82506547212866,39.473811802026646,7.366790405256736e-07,0.9832375635758228,0.6831441564683699,0.9998532485938196,0.9977481731624516,0.0009989738464355,89,4122,4004.0,944.0,843.0,100,99,100,98
0.7799999999999997,0.5200000000000002,156.72032547396864,38.48701079585163,9.146773268341386e-06,-0.332401579926312,-0.3523800390798519,-0.318056964120684,-0.3345025402471702,0.0040113925933837,4,587,3.0,143.0,0.0,100,4,99,4
0.7799999999999997,0.5300000000000002,156.9215900272065,41.17189575426422,6.700878170414235e-06,-0.47141804918128,-0.4572367868740157,-0.4489231513965306,-0.4310633937550716,0.003026008605957,4,518,6.0,146.0,0.0,100,4,100,4
0.7799999999999997,0.5800000000000003,120.18901780112856,33.09833832687073,3.279131812714356e-07,0.94750182475624,0.9111715463529656,0.9990790807069168,0.9988739712203284,0.0,90,4748,4923.0,1120.0,1131.0,100,99,100,99
0.7799999999999997,0.6100000000000003,63.66317616958802,39.7796011376015,4.337961697867852e-07,0.9911924582601852,0.918579605954278,0.9997484275571428,0.9983736778879738,0.0,88,5207,5280.0,1259.0,1190.0,100,99,100,99
0.7799999999999997,0.6400000000000003,218.9706220782444,90.17168809184696,6.762787496063065e-07,0.9554635348741312,0.813210164039674,0.997596461473595,0.9930042795059948,0.0010006427764892,85,6316,5896.0,1460.0,1274.0,100,99,99,99
0.7799999999999997,0.6500000000000004,792.9142954947905,225.377194942168,1.5756557546468105e-06,0.6780636156639965,0.0846572397906938,0.9724796426265596,0.9553781750823912,0.0009994506835937,75,7303,5928.0,1567.0,1232.0,99,94,95,90
0.7799999999999997,0.8000000000000005,1387.3899836263297,340.4509264686077,1.8943912543314409e-06,0.7050726793879862,0.3908895588118332,0.9582883889333578,0.94661981190192,0.0010015964508056,70,10665,8638.0,2292.0,1811.0,93,91,92,87
0.7799999999999997,0.8200000000000005,707.5643742798248,196.8359088174716,1.8263111837496015e-06,0.921825347753243,0.7837871478711427,0.9896892691715768,0.98250500440982,0.0010066032409667,68,10960,10453.0,2358.0,2222.0,91,88,87,85
0.7799999999999997,0.8700000000000006,1204.5184491922255,283.2546949694254,2.3468235706055115e-06,0.8355737330870492,0.7544932863055807,0.9747033330792588,0.9678992162022764,0.0009994506835937,64,12627,12688.0,2764.0,2729.0,88,84,84,81
0.7799999999999997,0.9300000000000006,1088.504468645338,224.15057051203232,5.849469329869083e-06,0.9082887325204144,0.9329705159621696,0.9770431116680672,0.977700582175712,0.0009965896606445,54,13893,12895.0,3023.0,2756.0,77,75,72,72
0.7799999999999997,0.9500000000000006,1306.7578555429675,268.3015918440413,4.62789742062397e-06,0.8724853871121081,0.9025234074700984,0.9721119623649304,0.9727757617263988,0.0009989738464355,57,14834,12894.0,3153.0,2752.0,81,78,77,75
0.7799999999999997,0.9600000000000006,950.8014885286178,211.20000278520496,1.9028742251601977e-06,0.9339445717031272,0.9065628438553212,0.988684505737887,0.9874009741111716,0.0009994506835937,66,14632,14102.0,3208.0,3031.0,89,87,87,84
0.7799999999999997,0.9800000000000006,1089.4571278087694,235.07212672263967,3.978276370989711e-06,0.9190061337745168,0.929206787107714,0.9824676830116332,0.9813392822475808,0.0019989013671875,58,15200,14986.0,3289.0,3236.0,82,79,77,76
0.7899999999999996,0.2,11.200353417042994,2.688710967483613,1.4015164691262629e-05,-6.388768525797112,-2.1204159055781933,-6.297195763348603,-1.9154763905226024,0.0029964447021484,4,18,7.0,6.0,1.0,54,4,56,4
0.7899999999999996,0.22000000000000003,17.632238466324498,4.484928464684061,9.74128576778068e-06,-2.28378345854321,-1.2514847877573327,-2.249884850458039,-1.170370120601095,0.0049998760223388,4,41,8.0,14.0,0.0,99,4,99,4
0.7899999999999996,0.23000000000000004,38.08091713706486,9.90738361021718,1.144622203491144e-05,-1.1780764386081253,-0.8814368343222956,-1.134988507270141,-0.8215876403451796,0.0030031204223632,4,100,9.0,31.0,0.0,100,4,100,4
0.7899999999999996,0.2700000000000001,4.4907311951024935,1.070436048222094,1.6609497355824524e-05,-2.716599676045353,-0.7789757412398923,-2.273643450176701,-0.7252195734002509,0.0041167736053466,4,10,4.0,3.0,0.0,1,4,77,4
0.7899999999999996,0.3100000000000001,2021.8651815835792,417.70603698454414,7.937875716984502e-06,-887.7061857198531,-649.1480509010133,-860.1774995841051,-626.5079834382057,0.0030057430267333,4,249,4461.0,63.0,956.0,100,68,100,64
0.7899999999999996,0.37000000000000016,0.0,0.0,0.0,1.0,1.0,1.0,1.0,0.0030264854431152,4,10,1.0,1.0,1.0,1,4,5,4
0.7899999999999996,0.4200000000000002,3064.8727882790395,643.6266224812852,5.979897111368434e-06,-99.33460038472884,-71.24607600668404,-97.05306740693185,-69.50411418614826,0.0044834613800048,4,1196,7326.0,311.0,1604.0,100,61,100,58
0.7899999999999996,0.4400000000000002,322.81530129471867,82.22206972583456,4.69907475111465e-06,-0.5044805976616598,-0.508892867106854,-0.4770219600776371,-0.4790965273975447,0.0040023326873779,4,1073,6.0,274.0,1.0,100,4,100,4
0.7899999999999996,0.48000000000000026,59.8799145512639,15.18771433319269,4.971985473282781e-06,0.9093848903800348,0.9209687490659338,0.9106029150574074,0.9221675302436472,0.0029995441436767,4,858,748.0,229.0,173.0,100,99,100,99
0.7899999999999996,0.5300000000000002,17.55942292142123,35.21836642056717,4.583511957907738e-07,0.977199152054952,-0.2039473684210526,0.9999880621790564,0.999219543035043,0.0,97,3373,3395.0,822.0,811.0,100,99,100,99
0.7899999999999996,0.5500000000000003,21.587033144922906,32.46844622090808,3.4705531018521764e-07,0.992501644489127,0.7448841306410082,0.9999758263654744,0.9991021204674628,0.0009994506835937,95,3847,3804.0,918.0,893.0,100,99,100,99
0.7899999999999996,0.5900000000000003,329.31076348544764,110.50982333092192,9.796611514844843e-07,0.8918401290967704,0.5924574919983198,0.994394413470287,0.9877785095465444,0.0009999275207519,81,6197,5583.0,1323.0,1164.0,99,97,100,94
0.7899999999999996,0.6100000000000003,61.8916103245943,18.51640199545103,1.6109985035958125e-07,0.9787527733755944,0.9675428801057174,0.9997620813180388,0.9996776428951928,0.0,93,4309,4412.0,1054.0,1077.0,100,99,100,99
0.7899999999999996,0.6600000000000004,564.9302316805737,182.2712036133702,1.2731242099744711e-06,0.8624989154189546,0.5303003601132483,0.987421930002646,0.9743730788051066,0.0,76,7697,6668.0,1667.0,1395.0,100,95,94,91
0.7899999999999996,0.7000000000000004,208.8216942752836,78.63300833619428,7.116636212126495e-07,0.9832393251359708,0.9365220387942776,0.9984251281875216,0.9960025498032002,0.0022406578063964,80,8220,8001.0,1860.0,1685.0,100,99,99,95
0.7899999999999996,0.7100000000000004,979.4493829443152,233.49391052016756,2.0801846592808625e-06,0.7222216364940586,0.4175794289767792,0.969946629401554,0.9613774193401324,0.0021905899047851,68,8786,7697.0,1869.0,1616.0,91,88,89,84
0.7899999999999996,0.7200000000000004,272.8788009355069,84.09494634043118,7.941094091204535e-07,0.9811363763809492,0.937882705131862,0.9977430157682958,0.9957845617764096,0.0009984970092773,75,8922,8617.0,1920.0,1823.0,97,95,95,91
0.7899999999999996,0.7300000000000004,847.3976339358046,217.37395773183133,2.002840132429076e-06,0.8287299487906539,0.5903680323401643,0.9797124490607952,0.9701051977396348,0.0009984970092773,68,9415,8497.0,1973.0,1791.0,92,88,90,85
0.7899999999999996,0.7400000000000004,772.2125498994576,226.49805820441455,1.4750587194596665e-06,0.8662116184610826,0.609800029539374,0.9836239779463112,0.9718152344152252,0.0009982585906982,73,9399,8105.0,1960.0,1702.0,98,93,95,90
0.7899999999999996,0.7600000000000005,1528.866679708968,337.8876352488413,3.363036553900695e-06,0.4870998583449544,0.3678520395826962,0.9346641639217448,0.9256553345916706,0.0010013580322265,63,9975,7967.0,2118.0,1669.0,86,84,85,80
0.7899999999999996,0.7700000000000005,1131.9040908874488,289.0319214427763,2.0595666127608047e-06,0.7538423826917588,0.4515815336898708,0.9693856128042602,0.9568276179495508,0.0009992122650146,69,10214,8635.0,2197.0,1815.0,92,89,90,85
0.7899999999999996,0.8600000000000005,1271.6517069660963,276.41873878038035,6.012205228828063e-06,0.8304360571858135,0.8639141240438751,0.9583818377282836,0.9549260719791536,0.0020015239715576,53,12135,10434.0,2716.0,2205.0,77,74,72,71
0.7899999999999996,0.8700000000000006,1093.8650909546857,227.50333501261133,3.917571807193216e-06,0.8676511600385376,0.8889956117569252,0.9740187879575792,0.9736655254943116,0.0019998550415039,57,12571,12357.0,2685.0,2648.0,81,78,79,74
0.7899999999999996,0.9000000000000006,1134.728354728298,229.63980278773596,3.819963692047168e-06,0.8763360146167462,0.8997559140771685,0.9767612426121356,0.9778120335369545,0.0009999275207519,59,13280,12595.0,2879.0,2697.0,83,80,81,77
0.7899999999999996,0.9100000000000006,1204.5884497758284,248.95184719584276,5.498416135591159e-06,0.8760717754574371,0.9042804437302314,0.9712037173072918,0.9717477216542793,0.0010356903076171,55,13492,12881.0,2950.0,2760.0,81,76,73,73
0.7899999999999996,0.9400000000000006,1159.0668301123394,225.79664523637192,6.089967154665713e-06,0.9109163888775852,0.9406326992393084,0.9736768935161932,0.9770923781121252,0.0009973049163818,52,14361,13508.0,3097.0,2899.0,76,73,71,70
0.7899999999999996,0.9800000000000006,1189.4492656500972,223.26780133084824,5.5732035473240745e-06,0.9106083053102132,0.9466279276655952,0.9775139102137348,0.982027011266404,0.001997947692871,55,15193,14638.0,3388.0,3153.0,78,76,74,72
0.7899999999999996,0.9900000000000007,975.5131391300604,207.39265063753237,7.827594035802178e-06,0.952460941065544,0.9628091320014452,0.9818582921656348,0.98190985764749,0.0020086765289306,48,15394,14265.0,3392.0,3064.0,72,70,68,66
0.7999999999999996,0.22000000000000003,1.4860462083439174,0.3818813079129867,3.7428847193162274e-06,0.2366950455687659,-0.0803858520900318,0.5715094187080605,-0.0769230769230773,0.0039982795715332,4,10,4.0,2.0,0.0,1,4,10,4
0.7999999999999996,0.23000000000000004,26.50668154761487,6.294011704257733,1.4533306998028898e-05,-1.0830927261292185,-1.3644523888165692,-1.0252214382224891,-1.2612811349811812,0.0029988288879394,4,62,5.0,15.0,0.0,97,4,79,4
0.7999999999999996,0.25000000000000006,0.4448782605013046,0.2282177322938192,3.0444618628943594e-06,0.6081632653061226,-0.0549450549450545,0.9298245614035088,-0.0526315789473688,0.0030016899108886,4,10,2.0,1.0,0.0,1,4,6,4
0.7999999999999996,0.2700000000000001,17.133969670413997,3.5207716957129347,9.172146729347008e-06,-250.63392857142856,-309.43478260869546,-96.77615875659173,-209.99290780141845,0.0050058364868164,4,10,39.0,1.0,8.0,1,99,2,96
0.7999999999999996,0.3000000000000001,1346.2626856412533,285.38661642293835,7.530879960541587e-06,-1017.6952515165964,-816.0083594566353,-997.2298970356824,-791.5968727033123,0.0042817592620849,4,158,2826.0,37.0,588.0,100,88,100,85
0.7999999999999996,0.37000000000000016,0.3227486121839514,0.25,1.3409092627613457e-06,0.8794575590155701,-0.0666666666666666,0.9613765401104633,0.0783410138248846,0.0039982795715332,4,10,3.0,1.0,0.0,1,4,3,4
0.7999999999999996,0.4000000000000002,308.3743835286366,76.73038565870324,9.148904377659949e-06,-0.5827982914143597,-0.5891212789895168,-0.5494158496999162,-0.5525359992473617,0.0041334629058837,4,949,4.0,236.0,0.0,100,4,100,4
0.7999999999999996,0.48000000000000026,40.16878452231285,11.638209341074196,4.566547933505169e-06,0.2749166719774969,0.1514058056827737,0.2846468238391022,0.168250357729745,0.0029993057250976,4,184,47.0,58.0,10.0,100,99,100,97
0.7999999999999996,0.5400000000000003,0.0,0.0,0.0,,,1.0,1.0,0.0009994506835937,99,3018,3018.0,761.0,761.0,100,99,100,99
0.7999999999999996,0.6200000000000003,610.9389494867715,179.01776448162903,1.565748176004035e-06,0.7464529299758943,0.1826506609358301,0.982051528629376,0.9683669699838924,0.0009963512420654,75,6748,5803.0,1442.0,1208.0,98,93,92,89
0.7999999999999996,0.6300000000000003,554.7038749539153,167.79964905273854,1.075723361963828e-06,0.7714346758456907,0.3581697592596097,0.9850392319637776,0.97482961791417,0.0009989738464355,82,6655,5599.0,1460.0,1163.0,100,99,99,96
0.7999999999999996,0.6600000000000004,564.5833400181828,169.85722905095787,1.1767491886876932e-06,0.875567233550198,0.6411907222098302,0.9874593569694315,0.97809048007379,0.0009987354278564,77,7786,6651.0,1635.0,1389.0,100,96,94,93
0.7999999999999996,0.6900000000000004,681.7465315887814,181.3890845668504,1.8499320302134604e-06,0.8342556511258685,0.5371135171894428,0.9850208208604218,0.9764279329647754,0.0021536350250244,70,8444,7771.0,1800.0,1636.0,92,89,88,85
0.7999999999999996,0.7200000000000004,257.38183519997887,111.0464685697757,8.67452397627622e-07,0.9817349446607118,0.903898314284641,0.9979225329730892,0.992923386348872,0.0024902820587158,78,8777,8171.0,1920.0,1721.0,100,98,97,94
0.7999999999999996,0.7300000000000004,829.97812471173,217.68052852747303,2.1551178377041314e-06,0.8239402005874561,0.578004329291066,0.9802727342280296,0.9696751417445896,0.0009987354278564,68,9236,8352.0,1985.0,1759.0,91,88,87,84
0.7999999999999996,0.7700000000000005,925.8772787438504,239.6731843450945,2.6058993562392856e-06,0.811596596998421,0.6069501824222763,0.9786132008866628,0.9675564704257208,0.0009994506835937,66,10091,9436.0,2168.0,1998.0,88,86,86,82
0.7999999999999996,0.7900000000000005,1090.007062063745,228.91056443866435,4.844477981617323e-06,0.8026033534402829,0.8495440403140292,0.9656694279190816,0.964381456926488,0.0022108554840087,57,10765,10275.0,2364.0,2188.0,80,77,77,73
0.7999999999999996,0.8000000000000005,685.7040405670656,192.8120846835073,1.953129496750257e-06,0.9220301824641232,0.7891115959274153,0.9900745381246182,0.9827906362128568,0.0020008087158203,68,10916,10405.0,2340.0,2213.0,91,88,90,85
0.7999999999999996,0.8900000000000006,1063.1267406413342,214.3681153737395,5.458258171002933e-06,0.8967120019676402,0.9277259433152534,0.976134292670489,0.977572185199862,0.0020005702972412,55,13156,12771.0,2822.0,2741.0,78,75,73,72
0.7999999999999996,0.9300000000000006,1115.7863236301116,214.14658531015615,7.268233761912265e-06,0.9221441398716028,0.949400276657551,0.9740400862281894,0.9781543776461706,0.0019974708557128,50,14250,13127.0,3113.0,2812.0,74,71,69,68
0.7999999999999996,0.9400000000000006,1254.4912072984764,277.83180795854446,3.120417868541709e-06,0.8638524250614794,0.8485103784723603,0.9777068263752858,0.9748702283726378,0.0010039806365966,63,14169,12794.0,3089.0,2729.0,87,84,81,81
0.7999999999999996,0.9600000000000006,1360.3855387181563,298.634528136565,4.575532803937412e-06,0.8646205582335112,0.8768009819821027,0.9698294104336032,0.9666426847071872,0.0009975433349609,57,14702,12801.0,3273.0,2727.0,82,79,78,76
0.7999999999999996,0.9900000000000007,1235.956538563307,258.0509723830276,5.820119350169965e-06,0.9155342834220755,0.9374935738315204,0.976204072564966,0.9765744104755186,0.0025146007537841,54,15743,14200.0,3424.0,3046.0,77,75,74,72
0.8099999999999996,0.2,1.1319231422671772,0.25,6.755783771073891e-06,0.6585605644391754,-0.0285714285714282,0.7946543347969081,0.2146596858638744,0.0034956932067871,4,10,7.0,2.0,0.0,1,4,10,4
0.8099999999999996,0.21000000000000002,0.6123724356957945,0.3061862178478972,8.040756264007265e-06,0.3249999999999997,-0.1034482758620689,0.837918148665076,-0.0989010989010987,0.0029988288879394,4,10,3.0,1.0,0.0,1,4,6,4
0.8099999999999996,0.22000000000000003,1.0944937947136415,0.2886751345948128,1.0066476318171198e-05,0.1276864728192164,0.0191570881226054,0.6618740995560259,0.1828396322778346,0.0040028095245361,4,10,6.0,1.0,1.0,1,4,2,4
0.8099999999999996,0.23000000000000004,0.3952847075210474,0.2282177322938192,1.1109085249663446e-06,0.9264668334780166,-0.0549450549450545,0.9650667225599106,0.1134751773049645,0.0039997100830078,4,10,7.0,1.0,0.0,1,4,4,4
0.8099999999999996,0.26000000000000006,1.224744871391589,0.2700308624336608,3.233983070384682e-06,0.2850271528316525,-0.0386398763523954,0.6530036868358273,-0.0370370370370372,0.0029973983764648,4,10,5.0,2.0,0.0,1,4,13,4
0.8099999999999996,0.3200000000000001,1252.9087240630631,266.4181002985095,4.638483145386566e-06,-61.94145843246683,-49.14144444629262,-60.38098175450718,-47.80079720536949,0.0029985904693603,4,563,3013.0,149.0,627.0,100,90,99,87
0.8099999999999996,0.36000000000000015,1.6863421954040052,0.568257570707744,7.660755692616129e-06,-0.3882091212458287,-0.2161830813240703,0.3321100917431197,-0.1814024390243902,0.0065822601318359,4,10,3.0,2.0,0.0,1,4,22,4
0.8099999999999996,0.37000000000000016,0.2886751345948128,0.0,0.0,0.9198664440734556,1.0,0.975169930786182,1.0,0.0030021667480468,4,10,6.0,1.0,0.0,1,4,2,4
0.8099999999999996,0.38000000000000017,158.22705863199673,40.034490338540174,5.047478003997149e-06,-0.2248963003999105,-0.286289735129182,-0.2043527566976699,-0.2621875149708654,0.0030028820037841,4,563,40.0,138.0,8.0,100,99,99,96
0.8099999999999996,0.4200000000000002,108.44223692823752,27.496401279682644,7.791112086890949e-06,-0.6961285974152507,-0.610245632750047,-0.6621674321262088,-0.572949797196729,0.0040032863616943,4,313,9.0,89.0,0.0,100,4,100,4
0.8099999999999996,0.4400000000000002,748.8461610482267,183.00247607614492,4.948967648667774e-06,-0.5618256892106006,-0.5951432449784753,-0.5276096402502315,-0.5575642886576073,0.0042135715484619,4,2217,10.0,536.0,4.0,100,4,100,4
0.8099999999999996,0.45000000000000023,382.8798359146117,97.20532392827052,5.7970916354882605e-06,-0.4490797588085891,-0.4516156763193353,-0.4257510561571447,-0.4260891307436085,0.0050060749053955,4,1306,9.0,324.0,1.0,100,4,99,4
0.8099999999999996,0.46000000000000024,42.06963473417218,10.311300435282966,9.210751753542823e-06,-0.5380986202638165,-0.559751871548797,-0.5204373478889261,-0.5305716963448925,0.0034549236297607,4,125,2.0,32.0,0.0,100,4,99,4
0.8099999999999996,0.5100000000000002,2099.281097185415,434.3070390480296,2.7148568137614902e-06,-7.202132918453426,-4.559509665543738,-7.051029848337537,-4.450952609716746,0.0032434463500976,4,2873,5571.0,707.0,1169.0,100,83,100,79
0.8099999999999996,0.5700000000000003,271.64388452531006,101.27018317352842,1.1564272727493752e-06,0.9052809465785028,0.542671496516575,0.9956886094833955,0.9882091826308296,0.0010018348693847,80,5851,5280.0,1263.0,1098.0,100,96,98,92
0.8099999999999996,0.5900000000000003,545.1563161983075,166.73972641106366,1.493330282573229e-06,0.7393605453152274,0.093252836214162,0.9849373777555008,0.971795703703526,0.0019977092742919,78,6336,5484.0,1392.0,1142.0,97,94,93,91
0.8099999999999996,0.6000000000000003,108.40571940631176,71.70634560483472,7.981063249769154e-07,0.9825199393887324,0.841062951658013,0.9992816141746456,0.9945323211033696,0.0,85,5687,5383.0,1320.0,1151.0,100,99,100,99
0.8099999999999996,0.6200000000000003,124.6396806799504,60.87487166310908,7.332769524190379e-07,0.98936750047598,0.9181026919202612,0.9992798300599318,0.99679736525369,0.0010797977447509,80,6930,6697.0,1481.0,1407.0,100,98,100,94
0.8099999999999996,0.6300000000000003,215.88816549315527,97.5820167858812,9.80015840484077e-07,0.9739702356010564,0.8480166631419759,0.9980381778950402,0.99257909680307,0.0009994506835937,80,7329,6789.0,1603.0,1427.0,100,98,97,94
0.8099999999999996,0.6400000000000003,0.0,0.0,0.0,,,1.0,1.0,0.0,99,3065,3065.0,822.0,822.0,100,99,100,99
0.8099999999999996,0.6800000000000004,159.58435595842928,92.90347439980678,6.700264035608435e-07,0.9885110170064536,0.9164435576255964,0.9989450472880974,0.993988136350436,0.0010004043579101,82,7766,7321.0,1779.0,1565.0,100,99,99,98
0.8099999999999996,0.7300000000000004,817.1200534916408,204.4060872010628,2.180835498525989e-06,0.8169337227497837,0.5875628840512158,0.979933354516452,0.9716334791808148,0.0010063648223876,67,9021,8286.0,1950.0,1744.0,89,87,86,83
0.8099999999999996,0.8000000000000005,1175.3340778027516,275.7466631207388,2.8991265919670333e-06,0.7781367186468153,0.6793534553105463,0.9691486807065162,0.961152494848134,0.0009999275207519,64,11151,9960.0,2410.0,2112.0,88,84,82,81
0.8099999999999996,0.9600000000000006,1001.3559317883226,206.8396953548039,5.496557194295261e-06,0.9402879547007196,0.9570961209827484,0.9823872921093352,0.9831789230155086,0.0010006427764892,53,15118,14206.0,3352.0,3058.0,76,74,72,70
0.8199999999999996,0.23000000000000004,6.645800679125628,2.0615528128088303,2.100136660240434e-05,0.5814963479634139,0.352370244217001,0.5858125156907701,0.3782004389173371,0.003000259399414,4,39,46.0,11.0,10.0,100,99,58,99
0.8199999999999996,0.26000000000000006,0.8779711460710616,0.25,1.7242528880228694e-06,0.6615208690680389,0.1097372488408032,0.8233510777971402,0.1111111111111117,0.0019984245300292,4,10,7.0,2.0,1.0,1,4,13,4
0.8199999999999996,0.2700000000000001,0.8897565210026093,0.2700308624336608,2.0366350481222105e-06,0.5763804215293502,-0.0386398763523954,0.8085594095569159,0.0837696335078529,0.0029995441436767,4,10,5.0,2.0,0.0,1,4,10,4
0.8199999999999996,0.2800000000000001,15.96610994158147,4.130677910464576,1.1277552914857524e-05,-1.635533582604423,-0.9894736842105258,-1.6126206917167365,-0.9298741693765024,0.003507375717163,4,41,8.0,15.0,1.0,93,4,93,4
0.8199999999999996,0.3000000000000001,15.940318378250794,3.977802994954208,1.1343796240582575e-05,-1.4892959534143566,-0.9289144036296773,-1.4775257447152108,-0.8696765299591354,0.0029962062835693,4,34,7.0,11.0,0.0,100,4,100,4
0.8199999999999996,0.3300000000000001,31.38985372165131,8.171979564340576,9.877561568480106e-06,-0.7233784285429068,-0.7763154476894703,-0.7041274073540269,-0.731490659241234,0.0029985904693603,4,88,6.0,23.0,2.0,100,4,98,4
0.8199999999999996,0.36000000000000015,109.8870158389971,27.86444119901444,9.689189568394792e-06,-0.6250267516614068,-0.5825884903934004,-0.5947103076038345,-0.5475589358411965,0.0029990673065185,4,371,6.0,97.0,0.0,100,4,99,4
0.8199999999999996,0.37000000000000016,42.24815084710809,10.870449239413553,8.244898307751638e-06,-0.915681663955743,-0.7609551960777974,-0.8824660325900373,-0.7122217677361515,0.0030014514923095,4,120,8.0,39.0,0.0,100,4,100,4
0.8199999999999996,0.4000000000000002,0.2041241452319315,0.1020620726159657,0.0,0.8822085889570552,-0.0105263157894739,0.9851162790697674,0.4897959183673466,0.0029985904693603,4,10,4.0,1.0,0.0,1,4,3,4
0.8199999999999996,0.4100000000000002,103.45273679318494,26.135464411408496,8.946940922396831e-06,-0.5218496952287517,-0.510878505534236,-0.4983038816295642,-0.4833880624971156,0.0029964447021484,4,324,6.0,87.0,1.0,100,4,100,4
0.8199999999999996,0.4200000000000002,1873.202254829948,386.32449389513647,3.546968166525996e-06,-16.57513944304695,-12.24137927847648,-16.169028384330524,-11.913000990379702,0.0029993057250976,4,1626,4587.0,385.0,963.0,100,80,99,77
0.8199999999999996,0.4300000000000002,449.22560683172696,113.0564018532343,1.0778194175048667e-05,-0.5193643190885708,-0.5174819730059748,-0.4901473234093791,-0.4867081855992534,0.0040030479431152,4,1409,3.0,338.0,0.0,100,4,99,4
0.8199999999999996,0.5200000000000002,827.6079423555576,209.86039506459207,8.044363354055046e-06,-0.4156240918640261,-0.432164780705301,-0.3932796165029038,-0.4081372736116786,0.0039992332458496,4,2849,4.0,669.0,0.0,100,4,99,4
0.8199999999999996,0.5900000000000003,343.2879419832732,115.04878192411348,1.0226973255551982e-06,0.8925286289440821,0.6282551778587053,0.9935168403188244,0.9865188911207288,0.0019948482513427,82,6250,5503.0,1334.0,1145.0,100,99,96,95
0.8199999999999996,0.6200000000000003,297.41765393057153,107.36994154709262,1.0947554133621356e-06,0.950270066877128,0.7694582136295047,0.9959996523917504,0.98983608950094,0.001244306564331,77,7092,6493.0,1498.0,1360.0,98,95,96,91
0.8199999999999996,0.6400000000000003,553.855677149843,167.58425188985234,1.63454827612052e-06,0.8407245516089878,0.451248382846698,0.9871836792416824,0.975445049662804,0.0009996891021728,73,7312,6631.0,1555.0,1387.0,95,91,94,87
0.8199999999999996,0.6700000000000004,182.41374051115977,74.44705257002211,7.596862828676927e-07,0.986950345803208,0.9221865565315348,0.998827362266093,0.9962177360808724,0.001000165939331,78,7979,7646.0,1722.0,1612.0,100,96,96,93
0.8199999999999996,0.6800000000000004,774.5933424409521,216.64016603220543,1.643426938302767e-06,0.8103368389018223,0.4663813697735816,0.9801708456428242,0.9682325483686146,0.00099778175354,74,8429,7191.0,1785.0,1508.0,97,93,96,89
0.8199999999999996,0.6900000000000004,1187.9789680677973,266.9920277033433,3.077321658271178e-06,0.4121709751035762,0.104786338265938,0.948234679347403,0.9387873626102518,0.0010020732879638,65,8375,7003.0,1779.0,1463.0,90,84,84,80
0.8199999999999996,0.7400000000000004,516.3830296720965,153.32807962014002,1.5391871576460423e-06,0.9463252594430408,0.8257208600134873,0.9932467658521787,0.9872398547262548,0.0019996166229248,70,9795,9627.0,2105.0,2051.0,92,90,89,86
0.8199999999999996,0.7900000000000005,1248.3461742368208,261.8370839598268,4.605090312922742e-06,0.7179383917389655,0.7758632531025369,0.9578273418257972,0.956275538522912,0.0019936561584472,59,10874,9464.0,2343.0,2001.0,82,79,78,75
0.8199999999999996,0.8200000000000005,1093.0983366944672,251.86122954390663,3.4033583812552818e-06,0.7931790454713371,0.7460084966252798,0.9724765386348968,0.965846722951826,0.0020015239715576,62,11190,11259.0,2461.0,2411.0,85,82,82,78
0.8199999999999996,0.8300000000000005,1327.3398821668463,289.13447422617475,5.160115005625028e-06,0.7594295422527322,0.793398753063317,0.956272179892964,0.9519109390440196,0.0019977092742919,57,11639,9936.0,2567.0,2097.0,81,78,76,74
0.8199999999999996,0.8600000000000005,1040.6339414030276,225.32529192145117,3.64257941419157e-06,0.8655370023388821,0.8751119555710716,0.9791753562384774,0.977252789194629,0.0032508373260498,61,12557,12206.0,2699.0,2617.0,84,81,81,77
0.8199999999999996,0.8700000000000006,1037.6755820758065,213.89807470764285,5.832197826374704e-06,0.8979904452665904,0.9256123576351648,0.9770396298319348,0.9775359669410956,0.0020010471343994,56,13092,12107.0,2864.0,2590.0,78,76,74,73
0.8199999999999996,0.9100000000000006,1414.0661764978156,319.2704752457332,2.384790013929688e-06,0.8261708018943275,0.7214862828361324,0.9723916526178732,0.9683367934978888,0.0010008811950683,67,13848,11895.0,2958.0,2529.0,90,88,86,84
0.8199999999999996,0.9200000000000006,1038.5879165795818,220.36090903914456,5.029247131620585e-06,0.913040187864378,0.9296594933914836,0.981193671324623,0.9805518544314986,0.001427412033081,57,14088,13886.0,3072.0,2997.0,80,78,76,74
0.8199999999999996,0.9500000000000006,1202.5923041496649,247.38551070968347,4.740554246716895e-06,0.8909713576575659,0.920507108982656,0.9754819217566404,0.9763489578087132,0.0009996891021728,56,14300,13681.0,3082.0,2935.0,80,77,77,73
0.8199999999999996,0.9700000000000006,1152.50582970326,282.85409224545435,1.84884504055198e-06,0.9234755844552928,0.856816644872227,0.9848338568659464,0.9803223097212346,0.0009994506835937,68,15313,13795.0,3353.0,2959.0,93,90,88,86
0.8199999999999996,0.9800000000000006,1248.7065788246653,250.15966901161343,6.527478753093965e-06,0.9256722013941634,0.9486040857515384,0.9731668395637308,0.9761182982184028,0.0022933483123779,50,15813,16112.0,3403.0,3511.0,73,70,70,67
0.8299999999999996,0.21000000000000002,0.2282177322938192,0.0,0.0,0.6657381615598887,1.0,0.9774561522160602,1.0,0.0029783248901367,4,10,2.0,1.0,0.0,1,4,2,4
0.8299999999999996,0.2900000000000001,20.890089356757983,5.722761571129799,1.3353075738104764e-05,-0.9982034262093084,-0.5975609756097562,-0.9807138777625224,-0.5602667937112911,0.0039985179901123,4,75,5.0,24.0,0.0,100,4,100,4
0.8299999999999996,0.3000000000000001,39.41235001028654,9.00925450115972,1.263276345289682e-05,-0.606524530788993,-0.6235588276149464,-0.5895621029292626,-0.5840489201144936,0.0030028820037841,4,115,5.0,28.0,0.0,98,4,98,4
0.8299999999999996,0.3200000000000001,26.77724469271126,6.499198668553943,7.0779899541550464e-06,-1.1093156281920329,-0.9365237289821906,-1.0840624958369616,-0.8848980388693402,0.0029985904693603,4,73,8.0,21.0,1.0,100,4,92,4
0.8299999999999996,0.36000000000000015,2651.049974774146,554.2046572190939,8.051262108052605e-06,-404.1528766876507,-314.08235783365825,-393.8100960653535,-305.0747288109203,0.0029993057250976,4,501,6279.0,119.0,1375.0,100,60,99,57
0.8299999999999996,0.4000000000000002,276.38710775528824,70.27816754393453,1.1492183147521852e-05,-0.4215147502573124,-0.4405460692439789,-0.4004141869807409,-0.4156004093706702,0.0030362606048583,4,928,5.0,228.0,1.0,100,4,100,4
0.8299999999999996,0.4200000000000002,589.8501663558297,143.82802230441743,6.188908745245583e-06,-0.5957206825960824,-0.6058484090423399,-0.5606104565329884,-0.5688824349701558,0.0031986236572265,4,1786,11.0,426.0,1.0,100,4,100,4
0.8299999999999996,0.45000000000000023,319.5838439804699,83.0392728372144,4.156673789682483e-06,-0.4333391572522176,-0.4516190927992847,-0.4093054895825225,-0.4258738999918237,0.0030014514923095,4,1129,10.0,313.0,2.0,100,4,100,5
0.8299999999999996,0.47000000000000025,628.4195619435579,159.02312462867363,8.626101026953835e-06,-0.437421253273536,-0.4454760799923207,-0.4136736766928504,-0.4203098525127426,0.0030062198638916,4,2073,6.0,507.0,2.0,100,4,100,4
0.8299999999999996,0.5200000000000002,507.9557579980104,130.1892852734049,4.969446408653961e-06,-0.4118762545664471,-0.4183796323806199,-0.3904367045490777,-0.3951940281406934,0.0040035247802734,4,1756,7.0,429.0,1.0,100,4,100,4
0.8299999999999996,0.5300000000000002,818.4149759850847,208.1635975220772,2.7595081054832853e-06,-0.3729656649618922,-0.3917781207478465,-0.3495584318748657,-0.3669179156176967,0.0030009746551513,4,2769,55.0,649.0,12.0,100,99,99,99
0.8299999999999996,0.5500000000000003,0.0,17.67766952966369,3.208679367578399e-07,1.0,-4.555555555555555,1.0,0.9998427472190656,0.0,98,3196,3196.0,764.0,789.0,100,99,100,99
0.8299999999999996,0.6500000000000004,402.0833901463464,152.0058863126169,1.0706710147133437e-06,0.9160005291384128,0.6719096985154419,0.99331284878222,0.9829991592725856,0.0,81,7408,6557.0,1645.0,1371.0,100,99,96,96
0.8299999999999996,0.6600000000000004,251.5032305955532,107.37609137978528,7.481359864098262e-07,0.9595611736119888,0.813143012842784,0.9971825069127632,0.9913533584038692,0.0010058879852294,84,7207,6510.0,1649.0,1404.0,100,99,100,99
0.8299999999999996,0.7300000000000004,583.9125219870981,163.23092027349884,1.7011830126000209e-06,0.9203224619171848,0.7594843113509637,0.9910128583487692,0.9846491124857584,0.0010018348693847,70,9395,8887.0,2047.0,1883.0,93,90,89,86
0.8299999999999996,0.8300000000000005,664.4256918572611,194.4294216418904,1.5873496185953977e-06,0.94314884024979,0.8309713603824307,0.9920832406133908,0.985440409508586,0.0014300346374511,70,11612,11216.0,2567.0,2393.0,92,90,88,86
0.8299999999999996,0.8700000000000006,937.8071252030626,189.8032816214876,7.169025390265889e-06,0.927822659814572,0.950832829967422,0.9780125686396106,0.979820514267025,0.0019967555999755,51,12974,12445.0,2832.0,2667.0,74,71,70,67
0.8299999999999996,0.8800000000000006,372.0392208063309,74.35174388124207,6.118777925571584e-07,0.9865008628553028,0.986536647594557,0.997688497847079,0.9984275218025146,0.0009999275207519,78,12663,12898.0,2776.0,2776.0,100,98,98,95
0.8299999999999996,0.9000000000000006,1179.2999070776411,238.51847412726755,6.563701501470456e-06,0.898663688179874,0.9296218905494648,0.96985322220426,0.9721100380585428,0.0009992122650146,52,13822,13429.0,2957.0,2894.0,75,72,72,69
0.8299999999999996,0.9400000000000006,1147.363626609571,235.4085986818097,6.79557563509526e-06,0.9190063044029526,0.9426514619385784,0.9749711796089504,0.9763106694773368,0.0009989738464355,52,14675,13277.0,3208.0,2845.0,76,73,70,69
0.8299999999999996,0.9600000000000006,1017.4836817134668,203.8596200350895,6.1236969841542815e-06,0.9394097280195776,0.957790800549506,0.9820275235727278,0.983684033314683,0.002000093460083,53,15115,14494.0,3282.0,3126.0,76,74,74,70
0.8399999999999996,0.22000000000000003,0.1767766952966369,0.0,0.0,0.8991243432574432,1.0,0.9823643524778084,1.0,0.0029950141906738,4,10,4.0,1.0,0.0,1,4,4,4
0.8399999999999996,0.23000000000000004,1.159202311936963,0.338501600193165,1.151240360013373e-05,0.0872641509433964,-0.083076923076923,0.6441968225948809,-2.220446049250313e-16,0.0029981136322021,4,10,6.0,2.0,0.0,1,4,29,4
0.8399999999999996,0.26000000000000006,0.2041241452319315,0.1020620726159657,0.0,0.7973614775725595,-0.0105263157894739,0.9845177272023532,0.4897959183673467,0.0040326118469238,4,10,3.0,1.0,0.0,1,4,2,4
0.8399999999999996,0.2800000000000001,0.8036375634160796,0.3227486121839514,2.3735413145139385e-06,0.6124747704928706,-0.0389610389610388,0.848821048011509,-0.0373443983402488,0.0039980411529541,4,10,7.0,2.0,0.0,1,4,7,4
0.8399999999999996,0.2900000000000001,43.50526788026173,10.675126853266583,1.0371289515205934e-05,-0.9238916187427224,-0.7866086009798583,-0.8877257206213727,-0.7425626502243508,0.0052640438079833,4,109,6.0,31.0,0.0,97,4,100,4
0.8399999999999996,0.3000000000000001,0.25,0.0,0.0,0.912568306010929,1.0,0.9797972995723762,1.0,0.0045711994171142,4,10,6.0,0.0,0.0,1,4,1,4
0.8399999999999996,0.34000000000000014,77.37759150210523,19.02903483276718,8.541601402371928e-06,-1.1538153595523846,-0.9824398404140298,-1.0821183748667251,-0.9074804489015612,0.0030615329742431,4,219,4.0,54.0,0.0,100,4,97,4
0.8399999999999996,0.4000000000000002,97.47136331593327,25.17832235607977,1.4667779774685564e-05,-0.3821183682878626,-0.3705699001993761,-0.3678914455132378,-0.3519958928506765,0.0029993057250976,4,322,7.0,92.0,2.0,100,4,99,4
0.8399999999999996,0.4100000000000002,252.61507278862044,65.16061885832578,7.420847001290781e-06,-0.4698037059370119,-0.4699417778628758,-0.445844384999261,-0.4431756172939602,0.0039162635803222,4,859,8.0,233.0,2.0,100,4,100,4
0.8399999999999996,0.45000000000000023,322.7535824743081,85.86757003277391,1.036783152326434e-05,-0.4293634025286104,-0.4189037516651324,-0.4072633613433487,-0.3955202056778149,0.0040123462677001,4,1128,5.0,287.0,0.0,100,4,98,4
0.8399999999999996,0.46000000000000024,196.97242298521556,52.44312395347936,4.943674924536486e-06,-0.4099195885518021,-0.4130579876552926,-0.3882156651953088,-0.3896699866031616,0.0030305385589599,4,704,10.0,197.0,1.0,100,4,100,5
0.8399999999999996,0.5300000000000002,41.61196409153929,24.97109440043739,4.678709493460277e-07,0.9903684247825726,0.9153513285222517,0.999881371949412,0.9992863448615412,0.0009996891021728,91,4343,4352.0,1039.0,988.0,100,99,100,99
0.8399999999999996,0.5600000000000003,122.25441855876971,74.89611853379701,9.187852943523808e-07,0.9701848746132712,0.7193478658197268,0.9990879904274113,0.9939626774893404,0.0009996891021728,86,5394,5089.0,1243.0,1074.0,100,99,100,98
0.8399999999999996,0.6300000000000003,372.80987111395,129.65511945156658,9.524509577393874e-07,0.9256764581554716,0.7184299380189765,0.9942385781142012,0.986919115816782,0.0010066032409667,80,7281,6530.0,1613.0,1368.0,99,98,97,94
0.8399999999999996,0.6500000000000004,931.1039991015274,215.42675255010855,3.021560274816947e-06,0.5408768240191912,0.2747464875226034,0.9624609663633336,0.952753273050108,0.0009982585906982,65,7646,6826.0,1602.0,1431.0,89,84,82,80
0.8399999999999996,0.6900000000000004,69.19826587422548,62.17609401262407,6.18154378494758e-07,0.9971832315669776,0.948893839704731,0.999805671428595,0.9975105746229136,0.0009994506835937,85,7348,7225.0,1728.0,1608.0,100,99,100,99
0.8399999999999996,0.7200000000000004,820.8248138305762,227.1808200531022,2.546053525251758e-06,0.8095605188149545,0.4893529082606473,0.980851416501496,0.9675760141800928,0.0010004043579101,68,9114,8497.0,1990.0,1795.0,91,87,88,84
0.8399999999999996,0.7400000000000004,857.795875896989,218.190216527312,2.731416534016006e-06,0.8192948546844974,0.6392590602229127,0.9796930285042582,0.9704333852714596,0.0029962062835693,66,9616,8999.0,2075.0,1906.0,89,86,84,82
0.8399999999999996,0.7500000000000004,937.30642445965,233.4258690968856,2.5965603865094293e-06,0.8156328042478165,0.6217847757619216,0.9780335645007484,0.9690443918163596,0.0009982585906982,67,10068,9106.0,2155.0,1928.0,89,87,88,83
0.8399999999999996,0.8100000000000005,1057.4511283690083,240.00648139396384,3.067816319216303e-06,0.8267635889210189,0.7668388526117546,0.9762149859320834,0.971618089172281,0.0009992122650146,64,11432,10403.0,2511.0,2211.0,87,84,84,81
0.8399999999999996,0.8200000000000005,808.5029117655257,261.6867561290279,1.2458720908450022e-06,0.921870931970078,0.7644322333316546,0.987907051161818,0.9766984398695848,0.0009987354278564,76,11710,10137.0,2549.0,2146.0,100,96,95,93
0.8399999999999996,0.8300000000000005,1078.918625291083,216.50352832639425,5.580162060680043e-06,0.8603970857842786,0.9020538935120516,0.9701896668377752,0.9720854968154068,0.001007080078125,55,11838,11469.0,2539.0,2456.0,79,75,75,72
0.8399999999999996,0.9300000000000006,805.9779073254888,218.3280307982877,1.7523664892011272e-06,0.9547963309419868,0.8960775080415981,0.9921167611662048,0.9875446989642156,0.0009982585906982,69,14570,13918.0,3174.0,3002.0,92,89,91,86
0.8399999999999996,0.9400000000000006,989.1994981088616,191.69021168255296,8.998757717666727e-06,0.9493157512382548,0.9665231199590018,0.9806859206810852,0.983727553162039,0.0020058155059814,49,14861,14001.0,3304.0,3016.0,71,69,68,66
0.8499999999999996,0.2,2.358495283014151,0.568257570707744,1.2187071335049764e-05,-0.6116700201207248,-0.3244325767690252,-0.0780038759689922,-0.2831125827814575,0.0045287609100341,4,10,3.0,2.0,0.0,1,4,39,4
0.8499999999999996,0.23000000000000004,29.07300437404661,6.545513730793023,1.4438245999756482e-05,-1.3724816628783802,-1.282266035478333,-1.3099894667919263,-1.1904340925915076,0.0030000209808349,4,69,1.0,15.0,0.0,99,4,99,4
0.8499999999999996,0.24000000000000005,11.227291896683427,2.5310570914145734,1.211687481052814e-05,-2.721094710947109,-1.2697216669229583,-2.713569365891382,-1.2008302318923565,0.0050244331359863,4,26,7.0,9.0,1.0,97,4,94,4
0.8499999999999996,0.2800000000000001,11.315549773063024,2.8540906315906183,1.35034866159893e-05,-1.3930740636337644,-0.7592800899887515,-1.3887488607191507,-0.7296675587799428,0.0030000209808349,4,31,7.0,12.0,0.0,100,4,100,4
0.8499999999999996,0.3100000000000001,1415.4972808463226,303.51022772442667,1.271388330058085e-05,-2346907.693441789,-1572154.0222222223,-615633.1217513762,-1358427.8786482331,0.003000259399414,4,10,2920.0,1.0,607.0,1,90,4,86
0.8499999999999996,0.3300000000000001,0.9682458365518544,0.2700308624336608,2.882744636045692e-06,0.3979513622744057,-0.0786516853932588,0.7472194135490394,-0.0752688172043012,0.0030043125152587,4,10,5.0,1.0,0.0,1,4,6,4
0.8499999999999996,0.36000000000000015,188.96182925836283,42.661458015403085,4.980005697646369e-06,-0.7212993362464548,-0.2971532280192372,-0.6798756834626691,-0.2638636554999334,0.003002643585205,4,593,1158.0,157.0,272.0,100,99,100,99
0.8499999999999996,0.37000000000000016,228.8167480029962,57.818411859891135,9.333335325367798e-06,-0.6985491162700792,-0.6759237726888854,-0.6575841526908028,-0.6323816918112197,0.0039985179901123,4,674,7.0,175.0,0.0,100,4,99,4
0.8499999999999996,0.38000000000000017,15.2540978100968,3.7693942926328807,7.398386810227868e-06,-1.7941709925573832,-1.5699986261309884,-1.7535760247326304,-1.4381524381524384,0.0048794746398925,4,32,6.0,9.0,1.0,96,4,94,4
0.8499999999999996,0.4200000000000002,663.371258861381,158.75551171534173,6.563839355230979e-06,-0.5349251974562423,-0.5684294050532328,-0.5040805485054698,-0.5339154358045759,0.0059998035430908,4,1977,8.0,464.0,1.0,100,4,99,4
0.8499999999999996,0.45000000000000023,2673.439129894301,570.2157577765338,3.763235744202504e-06,-10.0791301074042,-7.988897505246809,-9.834257973268954,-7.774320912232936,0.0065491199493408,4,2864,6476.0,648.0,1388.0,100,68,97,64
0.8499999999999996,0.46000000000000024,2465.304796487309,511.8896467175974,5.195888146582477e-06,-2212.960389906375,-1375.6835536993617,-2190.3895970734493,-1354.2860784972931,0.002995491027832,4,214,5024.0,60.0,1054.0,100,83,100,79
0.8499999999999996,0.47000000000000025,807.2175654163298,201.6084540638115,6.396726742051258e-06,-0.4658335780704747,-0.4822945782844188,-0.440020951716523,-0.454477994805317,0.0039980411529541,4,2601,9.0,626.0,1.0,100,4,100,4
0.8499999999999996,0.5200000000000002,183.44546760095585,48.13500978151627,4.113202053370145e-06,-0.3885706856034137,-0.41521478102965,-0.3684792089489839,-0.3929494575963903,0.0030019283294677,4,641,5.0,173.0,1.0,100,4,100,4
0.8499999999999996,0.5400000000000003,1291.8773443778116,275.2147078494655,3.845529337710471e-06,-10.445579321025097,-6.277303006293145,-10.30142389682625,-6.176175511921993,0.0042793750762939,4,1655,4012.0,429.0,826.0,100,99,100,95
0.8499999999999996,0.5700000000000003,74.60981838873487,73.17957365276187,8.427714906160483e-07,0.9766189594050864,0.6963129871706379,0.9996661222391908,0.9949754706693136,0.0,92,4586,4425.0,1158.0,1021.0,100,99,100,99
0.8499999999999996,0.6000000000000003,162.20340454023906,75.91698682698681,9.04519396745752e-07,0.9746786658540596,0.8116211249600511,0.9986403129365448,0.9945228908317876,0.0010032653808593,82,6295,5881.0,1357.0,1227.0,100,99,97,95
0.8499999999999996,0.6300000000000003,532.7743913546645,146.0163732257448,9.44641295522107e-06,-0.3344704579666517,-0.3352668844131501,-0.3177845543334345,-0.3177153086117328,0.0030021667480468,4,2021,6.0,550.0,1.0,100,4,99,4
0.8499999999999996,0.6400000000000003,56.706481111068776,55.619241274940094,3.932794852968921e-07,0.9905042435834088,0.8488339421185727,0.9998169782435168,0.9973422777221818,0.0010209083557128,92,4942,4794.0,1289.0,1152.0,100,99,100,99
0.8499999999999996,0.6600000000000004,1017.6737853228476,273.6858296173431,2.489042399621702e-06,0.5633236956967419,-0.0762726043694914,0.9605228950344268,0.9391156015369224,0.0009951591491699,70,7785,6527.0,1702.0,1363.0,93,88,88,85
0.8499999999999996,0.6700000000000004,569.6234003109582,182.4551003298172,1.2257334732248895e-06,0.8973889794209366,0.6698473063457828,0.9891991770164644,0.9791304326516288,0.0009965896606445,78,8458,7293.0,1858.0,1532.0,100,97,96,93
0.8499999999999996,0.6800000000000004,783.3769633239585,213.34440075458585,2.3289477843739985e-06,0.7838751991216082,0.4265985138096405,0.9800992397279952,0.967832026389107,0.0020110607147216,70,8422,7623.0,1850.0,1605.0,93,88,88,85
0.8499999999999996,0.6900000000000004,606.740648288636,170.37563541439,1.6380089077565008e-06,0.8768447039130048,0.6297664950248079,0.9885872785368254,0.9806969759916504,0.0019974708557128,72,8468,7853.0,1849.0,1655.0,93,91,91,87
0.8499999999999996,0.7600000000000005,939.7920962694496,220.9579026349637,3.30902394655713e-06,0.8149515725425858,0.7551328485594208,0.9757812593804568,0.9687144902910912,0.0015039443969726,62,10150,10027.0,2186.0,2136.0,86,82,82,79
0.8499999999999996,0.8000000000000005,938.0895619906393,212.44949864305212,3.289136288470088e-06,0.8573894335003119,0.8333773589410988,0.9796614352794744,0.9757807624393828,0.0019991397857666,62,11130,11057.0,2399.0,2365.0,84,82,82,79
0.8499999999999996,0.8100000000000005,1130.9334324227173,241.0773438427712,4.352298596601608e-06,0.8111410172980291,0.8411576640454064,0.9675223832179304,0.9656513232590508,0.002516746520996,58,11323,11192.0,2449.0,2394.0,82,78,80,75
0.8499999999999996,0.8600000000000005,1241.19455565999,274.25781666162226,4.246966367093932e-06,0.8230074973598616,0.8294645026199614,0.9696943811005546,0.9658816952148004,0.001000165939331,60,12447,11028.0,2714.0,2342.0,83,81,80,78
0.8499999999999996,0.8800000000000006,1123.3351218217863,222.03653863676564,6.890990938284444e-06,0.8925853567199282,0.929947224379258,0.9692018846664006,0.9729249972907412,0.0022060871124267,51,12765,12624.0,2760.0,2710.0,75,72,72,68
0.8499999999999996,0.8900000000000006,1392.687819877938,301.4451555725881,5.663595465973883e-06,0.8427810551184893,0.869647734430945,0.9626565309424464,0.9598134892979436,0.0015084743499755,56,13798,11556.0,2975.0,2458.0,80,77,78,74
0.8499999999999996,0.9100000000000006,1165.5208016721258,251.49427342430164,6.690933656638771e-06,0.9005449364899285,0.9221583910698816,0.9737443038565842,0.9724610248154149,0.0015044212341308,54,14069,12614.0,3125.0,2696.0,77,75,74,72
0.8499999999999996,0.9200000000000006,1172.2561291938005,264.11601668636126,3.391359949463429e-06,0.8838559258770711,0.8613206926132414,0.9801211483515408,0.9768952207184082,0.0029859542846679,63,14251,13285.0,3090.0,2853.0,86,84,84,80
0.8499999999999996,0.9600000000000006,1512.4964091709778,334.64650859419663,7.313877975261198e-06,0.8866609586851094,0.9032888964707972,0.9602684585486212,0.9563045222866308,0.0030078887939453,51,15700,12901.0,3453.0,2749.0,74,73,70,69
0.8499999999999996,0.9700000000000006,942.751640810028,232.8942222340434,1.8496972481196508e-06,0.9459791919580474,0.9042108099940852,0.990313219740609,0.9871166446085072,0.0010046958923339,68,15478,14971.0,3407.0,3239.0,90,88,85,85
0.8599999999999995,0.21000000000000002,14.19543647327079,3.5044614422190468,1.8822652164208064e-05,-1.349702162547889,-0.7836892285871877,-1.3321165419334933,-0.7294744099397106,0.0025026798248291,4,36,3.0,16.0,0.0,99,4,99,4
0.8599999999999995,0.24000000000000005,2413.2887419625804,534.22240998795,4.108929233810572e-05,-6356422.363334912,-3593151.0,-2005740.3632287,-2927112.6752136764,0.0053009986877441,4,10,7074.0,2.0,1726.0,1,42,10,40
0.8599999999999995,0.3300000000000001,1314.329799904372,280.05799250631406,5.3256444658316976e-06,-81.27115968500739,-62.03385984672361,-79.45098491996693,-60.5395215269709,0.0039958953857421,4,550,3107.0,138.0,647.0,100,91,100,87
0.8599999999999995,0.34000000000000014,114.26112272626531,28.34276803701431,4.161993681475028e-06,-0.4848276404374914,-0.5199271419901768,-0.4491512096669525,-0.4769457761836702,0.0040071010589599,4,354,21.0,97.0,4.0,100,98,99,90
0.8599999999999995,0.35000000000000014,163.46983029497116,40.641599172932814,7.199109197876612e-06,-0.5822953010475242,-0.6572091286965671,-0.5483685325085634,-0.6171395353580675,0.0030000209808349,4,536,5.0,130.0,0.0,100,4,99,4
0.8599999999999995,0.37000000000000016,283.2721563855744,70.26905139058968,9.024879596216922e-06,-0.6431479965727482,-0.6364807603627511,-0.605593201176658,-0.5967456802967004,0.0035176277160644,4,832,5.0,214.0,0.0,100,4,100,4
0.8599999999999995,0.38000000000000017,147.84419586172464,36.87718920055233,1.2714714508958774e-05,-0.5453533054916915,-0.5517456427800875,-0.5184816079801329,-0.5189666935664774,0.0030019283294677,4,459,6.0,110.0,0.0,100,4,99,4
0.8599999999999995,0.4000000000000002,30.797727188868983,8.436651191873072,7.117394582848563e-06,-0.4373256139941248,-0.5480436116486522,-0.4229954667180089,-0.5148223359256532,0.0039999485015869,4,112,5.0,35.0,1.0,99,4,99,4
0.8599999999999995,0.4400000000000002,3392.569338827137,713.7008228826231,7.836302620112758e-06,-209.44717172724248,-138.85029296254447,-206.34438023256644,-136.54870239097966,0.0029995441436767,4,959,8159.0,232.0,1804.0,100,60,100,57
0.8599999999999995,0.45000000000000023,346.86466200810946,88.47651524557237,4.939710067196363e-06,-0.4658173546899713,-0.4620834728074474,-0.4412263153552236,-0.4358089389407915,0.0030062198638916,4,1187,7.0,300.0,0.0,100,4,100,4
0.8599999999999995,0.48000000000000026,1945.5820144625104,417.8813502857799,5.613002834806127e-06,-166.77077512412214,-111.15779760862706,-164.23852926961354,-109.27268309878656,0.0025098323822021,4,636,4521.0,164.0,940.0,100,92,100,88
0.8599999999999995,0.49000000000000027,56.08029957123981,13.74772708486752,2.71996109776564e-07,0.8031576147334492,0.6331877729257642,0.9998558479470596,0.9998502722063172,0.0009956359863281,96,3455,3523.0,795.0,808.0,100,99,99,99
0.8599999999999995,0.5000000000000002,468.8867133967436,124.0425834139228,3.320265524952751e-06,0.1757075251770281,0.1111715965958261,0.1883569458287624,0.1262921661582662,0.0045018196105957,4,2073,416.0,522.0,96.0,100,99,100,99
0.8599999999999995,0.5200000000000002,202.88124605295585,66.91696346966141,1.3534134378653729e-06,0.9246846000200544,0.6162615669644425,0.9971820082788664,0.9934669517428796,0.0020008087158203,75,5370,5506.0,1184.0,1157.0,92,91,90,87
0.8599999999999995,0.5400000000000003,64.58779554477249,27.434771124736336,4.3431493504618266e-07,0.9910980188873012,0.9467423521734688,0.9997533016081576,0.9992258770315264,0.0014402866363525,88,5246,5115.0,1162.0,1116.0,100,99,100,99
0.8599999999999995,0.5500000000000003,39.01648003454071,50.21525095597381,8.642721750386463e-07,0.9879283156349288,0.6219671890393523,0.9999099403010304,0.9976135333488482,0.0,93,4173,4119.0,1025.0,942.0,100,99,100,99
0.8599999999999995,0.5600000000000003,509.36322475895537,159.46571979417294,1.499953577871318e-06,0.6995373520996924,-0.1159160557278324,0.9860081466377336,0.9737338813936492,0.0010056495666503,81,5950,5081.0,1269.0,1056.0,100,96,97,93
0.8599999999999995,0.5800000000000003,260.3531538235755,47.49055633677575,5.515572336351284e-07,0.9092946172231168,0.9065783585865318,0.9960116937512734,0.997626238142694,0.001002550125122,83,5794,6113.0,1280.0,1290.0,100,99,98,97
0.8599999999999995,0.5900000000000003,223.0708203891556,86.19929339512117,1.0568530259556494e-06,0.959108218965248,0.781825084612172,0.9973896221764758,0.9923124513960668,0.0010144710540771,78,6465,6011.0,1374.0,1258.0,100,96,96,92
0.8599999999999995,0.6200000000000003,141.53242939845472,45.12601403688501,3.256457340784071e-07,0.9780860134020726,0.9452742655663732,0.998965859239494,0.9982331234595454,0.001009464263916,86,6153,6373.0,1435.0,1424.0,100,99,100,99
0.8599999999999995,0.6300000000000003,447.2200552052399,144.25722910186565,1.546275083992313e-06,0.8926011332321488,0.5343475010732299,0.9920624470146208,0.9823049240757006,0.002000093460083,73,7432,7033.0,1564.0,1480.0,94,91,90,87
0.8599999999999995,0.7000000000000004,1414.6250600799,327.3913884208337,2.9368292047686884e-06,0.4502951540859294,0.0317185381682565,0.9382215746382264,0.9253373747080256,0.0019974708557128,67,8948,7161.0,1945.0,1497.0,89,87,88,83
0.8599999999999995,0.7400000000000004,1115.0531316876727,244.63259821231532,3.997216504898013e-06,0.7121035158285526,0.6793209640219819,0.9657732962666468,0.9613948013403932,0.0010058879852294,63,10134,8885.0,2152.0,1878.0,86,83,84,79
0.8599999999999995,0.7500000000000004,675.1926180199035,198.5630522385414,1.6209249747738872e-06,0.920980190920602,0.765985407269871,0.9894596993436308,0.981060542492927,0.0009994506835937,72,10221,9330.0,2187.0,1977.0,95,92,92,88
0.8599999999999995,0.7600000000000005,1137.2309242189997,249.41857388735107,4.964940754544135e-06,0.7469538563803104,0.7782615012346464,0.9633385422664869,0.9589838870522288,0.0009994506835937,60,10579,9235.0,2301.0,1955.0,83,79,79,76
0.8599999999999995,0.7700000000000005,859.7083707622141,242.31989401302312,1.8365716718881792e-06,0.8877168200890241,0.6797431053446197,0.984225762474386,0.9736442623824072,0.002333641052246,71,10705,9555.0,2291.0,2023.0,94,91,93,87
0.8599999999999995,0.7800000000000005,1025.6840598828055,209.55134798387832,5.582110459973206e-06,0.8289909685127781,0.8792450223721545,0.9692720697095382,0.969943050523308,0.0020577907562255,57,10824,10836.0,2329.0,2320.0,79,76,75,73
0.8599999999999995,0.7900000000000005,804.7383064919203,211.9310600019459,2.0300741301958974e-06,0.9158869485923866,0.8070537981585707,0.9875994368626712,0.9812739338153196,0.0010006427764892,69,11298,10526.0,2452.0,2245.0,93,89,88,86
0.8599999999999995,0.8000000000000005,1300.7598463120614,276.6439348091092,6.440424285686756e-06,0.7736727924453309,0.8285766755663012,0.9522356098856898,0.949988321787954,0.001000165939331,55,11288,9641.0,2445.0,2040.0,78,75,76,72
0.8599999999999995,0.8200000000000005,1077.018559391029,213.09158295735836,4.853810838539946e-06,0.8498958784990531,0.8965300904077008,0.970406346592192,0.9731060094824552,0.0009946823120117,56,11666,11275.0,2585.0,2412.0,80,77,77,73
0.8599999999999995,0.8300000000000005,1080.0659509184304,224.86454255840337,7.362395384221097e-06,0.8861492010403762,0.9183305571784794,0.9682429017359768,0.9689308267733312,0.0020051002502441,52,12130,10915.0,2653.0,2325.0,75,72,72,69
0.8599999999999995,0.8600000000000005,1291.514930532928,287.2754958681923,3.891674094322695e-06,0.8128986034964889,0.8017907537546729,0.9694615556434296,0.965041730498542,0.0022416114807128,62,12761,11031.0,2771.0,2345.0,85,83,81,79
0.8599999999999995,0.8700000000000006,993.1260483071052,207.6968422024504,6.263219465124485e-06,0.9130775912472416,0.9350613202129447,0.9779732165574876,0.97809015367467,0.0020110607147216,54,12928,12412.0,2792.0,2662.0,77,75,74,71
0.8599999999999995,0.9600000000000006,1123.6051400017257,220.2185568156268,7.137912567421885e-06,0.930479083471765,0.9550201323871632,0.9788949814991292,0.9817838460693348,0.002004861831665,53,15346,15119.0,3384.0,3276.0,76,73,72,70
0.8599999999999995,0.9700000000000006,1142.2227103327966,230.70643684128103,7.596980785910415e-06,0.937125534023489,0.9558044329602212,0.9769643783062668,0.979046874513944,0.0020005702972412,50,15619,14191.0,3445.0,3049.0,73,71,70,67
0.8699999999999996,0.22000000000000003,5.84700778176325,1.5645819462932156,1.828103316792871e-05,-1.7784371996225712,-0.6785714285714286,-1.7049970741195568,-0.5987482141642291,0.0030021667480468,4,12,6.0,5.0,1.0,68,4,85,4
0.8699999999999996,0.25000000000000006,15.757603984531828,3.741657386773941,1.987815162122577e-05,-1.0747746930930062,-0.8567810269399034,-1.0657339651484845,-0.7952553964522338,0.0030019283294677,4,34,5.0,10.0,0.0,90,4,100,4
0.8699999999999996,0.2800000000000001,88.88973740914452,20.065777250499583,1.1402164699837878e-05,-1.0356881284563515,-1.020491939405192,-0.976449305525211,-0.9412507112763092,0.0040006637573242,4,203,8.0,53.0,0.0,100,4,98,4
0.8699999999999996,0.2900000000000001,2701.8647919847263,586.6887750332369,1.907961627446782e-05,-565.9430145529738,-510.194959764232,-550.0554351164851,-493.3384148165879,0.0025026798248291,4,413,7474.0,94.0,1761.0,100,45,100,42
0.8699999999999996,0.3300000000000001,0.5863019699779287,0.2041241452319315,1.859363364833681e-06,0.5122401847575058,-0.0434782608695645,0.8896468699839486,0.4764397905759162,0.0045130252838134,4,10,3.0,2.0,0.0,1,4,3,4
0.8699999999999996,0.34000000000000014,459.6613336649784,107.86440175825696,6.194502473187348e-06,-554.4362857181976,-394.84339871307856,-542.8953122792002,-380.03578263643215,0.0035052299499511,4,80,1424.0,23.0,324.0,100,99,99,99
0.8699999999999996,0.45000000000000023,592.1097167473835,151.48342868666086,5.655781311312783e-06,-0.4223507463129239,-0.433641223463644,-0.3999615170282424,-0.4094844574569911,0.0029969215393066,4,1943,8.0,490.0,1.0,100,4,100,5
0.8699999999999996,0.49000000000000027,376.9483137646327,85.18472574352752,3.891322290952088e-06,-3.2751311038475155,-2.1015576955077884,-3.2137953781471227,-2.0531873316949865,0.0040020942687988,4,813,1780.0,220.0,414.0,100,99,100,99
0.8699999999999996,0.5200000000000002,15.016657417681207,9.72111104761179,3.408515472234153e-07,0.9940877271177996,0.9680385566618048,0.999989008289996,0.9999255977891396,0.0,96,3567,3594.0,846.0,847.0,100,99,100,99
0.8699999999999996,0.5300000000000002,23.39413846000135,21.76497842209557,3.4134877844289334e-07,0.9954462232537572,0.9148670852649492,0.9999662474709932,0.9995142763347468,0.0,93,4082,4058.0,955.0,936.0,100,99,100,99
0.8699999999999996,0.5400000000000003,0.4208127057650866,0.2041241452319315,1.890598559127996e-06,0.5276410998552823,0.1560439560439565,0.8997405048360462,0.3855606758832564,0.0037705898284912,4,10,3.0,1.0,1.0,1,4,3,4
0.8699999999999996,0.5500000000000003,440.30882019652654,148.46692753414334,1.56522519233158e-06,0.7160050898962964,-0.2944055145098636,0.9885424068017158,0.9740859768875336,0.0010027885437011,79,5751,4986.0,1221.0,1035.0,100,94,97,90
0.8699999999999996,0.6000000000000003,413.1397112994968,139.83505320649454,1.2301956382855756e-06,0.8791341841699312,0.5722628364407927,0.9916178019055492,0.9823493338305797,0.0020089149475097,81,6774,5819.0,1464.0,1214.0,100,98,97,95
0.8699999999999996,0.6100000000000003,635.4908676425987,181.3223254712053,2.1404624607117727e-06,0.735769851451076,0.1698832334582075,0.9817916584569332,0.9679953433258958,0.0010004043579101,72,6942,6257.0,1515.0,1310.0,92,89,90,86
0.8699999999999996,0.6200000000000003,92.28509338749384,56.18581808469246,4.1632937089071053e-07,0.9909317040208296,0.9153574881541702,0.9995406965845406,0.9972118767522832,0.0009937286376953,87,5991,5850.0,1376.0,1327.0,100,99,99,99
0.8699999999999996,0.6400000000000003,146.9933761486515,58.90402541869542,6.805404565072916e-07,0.9901297733357528,0.956484505459222,0.9991177128028148,0.9974873253115702,0.0010056495666503,81,7520,7334.0,1664.0,1547.0,100,99,97,96
0.8699999999999996,0.6600000000000004,707.0190379332087,212.102050909462,1.6055504736966242e-06,0.8152526401575606,0.4561224043320101,0.982031775777086,0.9676688745319024,0.0020086765289306,75,7987,6816.0,1692.0,1426.0,98,94,98,90
0.8699999999999996,0.6800000000000004,875.5458119082062,227.2289594219892,2.674417233022148e-06,0.7086640314114541,0.3413031476057144,0.9743038263331594,0.9612340352013192,0.0023810863494873,68,8442,7614.0,1807.0,1603.0,91,86,87,83
0.8699999999999996,0.6900000000000004,351.0475395156616,133.56271934937533,1.125779988736696e-06,0.9666705875042634,0.8502395406192983,0.9960771441793416,0.9891728579468676,0.0015392303466796,76,8733,8114.0,1911.0,1714.0,98,95,97,92
0.8699999999999996,0.7000000000000004,1167.1090988629337,257.46146392306053,3.833549508171472e-06,0.5880086812699596,0.5457907275850201,0.9543641197591488,0.94788543386992,0.0010015964508056,63,9211,7718.0,1936.0,1623.0,86,83,83,79
0.8699999999999996,0.7700000000000005,994.0923833661872,232.0021551624036,3.139080660757465e-06,0.8177046637612857,0.7291074375260698,0.9762312840408044,0.9699262511220108,0.0021882057189941,64,10711,10085.0,2307.0,2145.0,87,84,85,80
0.8699999999999996,0.7800000000000005,986.2732307602624,226.99483946305287,3.137566475830091e-06,0.8300173248174252,0.7628800893792608,0.9784553261692454,0.973598347728694,0.001516580581665,65,11088,10386.0,2387.0,2215.0,88,84,85,81
0.8699999999999996,0.8000000000000005,1093.5892873523244,262.5574446948817,2.8433392679512766e-06,0.823524390883114,0.718411579313624,0.9758770316445332,0.9690039556696116,0.0020053386688232,66,11432,10130.0,2530.0,2150.0,89,86,84,83
0.8699999999999996,0.8100000000000005,574.2727020881598,209.99242410577145,9.847994720214251e-07,0.9599881644657706,0.8628191572481348,0.9935481094276234,0.9850636578095974,0.0010051727294921,78,11707,10399.0,2574.0,2211.0,100,98,98,95
0.8699999999999996,0.8500000000000005,1218.263518291507,260.99172748993755,5.532795202968214e-06,0.8475077075846942,0.8801156656649731,0.9672405784745124,0.965439001318298,0.0020098686218261,56,12559,11043.0,2741.0,2347.0,80,77,77,74
0.8799999999999996,0.2,0.3818813079129867,0.2886751345948128,2.369563490182457e-06,0.8505171838505172,-0.0491803278688525,0.951982439292084,0.3437243642329782,0.0030047893524169,4,10,4.0,2.0,0.0,1,4,4,4
0.8799999999999996,0.23000000000000004,41.88749813488506,10.343576911945563,1.4389579159366275e-05,-0.9534337566847826,-0.8132260372091482,-0.9198504222262138,-0.759805634941848,0.0040087699890136,4,109,8.0,38.0,0.0,100,4,97,4
0.8799999999999996,0.25000000000000006,88.80972169006424,21.183228428798728,1.23704642599691e-05,-1.0403581960849042,-0.9620745149242402,-0.979631626542659,-0.8939347309590928,0.0039999485015869,4,245,7.0,62.0,0.0,100,4,96,4
0.8799999999999996,0.2800000000000001,16.05718945934603,3.8051500189436247,1.2807298562737546e-05,-2.290983351130353,-1.6679996001199644,-2.2189600282985498,-1.5009446013782184,0.0035245418548583,4,30,2.0,9.0,1.0,80,4,75,4
0.8799999999999996,0.2900000000000001,20.786363719195013,4.808846015417836,1.726484349659049e-05,-1.3193573339049234,-0.9946838381191272,-1.2969060793060825,-0.9369023522021356,0.0029928684234619,4,48,6.0,12.0,0.0,100,4,90,4
0.8799999999999996,0.3000000000000001,1345.8527152887125,285.11132694089866,7.65516901505488e-06,-871.5928884168093,-597.3284824679592,-854.1683544380369,-582.5937447417288,0.0029985904693603,4,198,2826.0,51.0,588.0,100,88,100,85
0.8799999999999996,0.36000000000000015,57.80615956222428,15.283092509916528,7.008641614335085e-06,-0.8102301543728392,-0.735158389241187,-0.7760990875808547,-0.6901958389960885,0.0034129619598388,4,171,8.0,47.0,0.0,100,4,98,4
0.8799999999999996,0.38000000000000017,0.9736101204623268,0.3227486121839514,5.557002302592791e-06,0.2655737704918033,0.0153846153846153,0.7385883772370802,0.0909090909090906,0.0030083656311035,4,10,6.0,2.0,1.0,1,4,24,4
0.8799999999999996,0.4200000000000002,3314.615426724997,706.9322810566795,7.454199948556969e-06,-33.02172566180729,-25.248694081113268,-32.329228982192646,-24.677968681645485,0.0029981136322021,4,2205,8183.0,536.0,1821.0,100,55,100,52
0.8799999999999996,0.4300000000000002,150.0598838797365,41.144815388251935,5.589761606204202e-06,0.5451387901651314,0.4641385600689783,0.552640728117065,0.4739802821095423,0.0031042098999023,4,883,329.0,242.0,74.0,100,99,100,99
0.8799999999999996,0.46000000000000024,376.9287067868405,99.14026259127353,9.334596749518257e-06,-0.4110874710313024,-0.4183671441790881,-0.3900450948946461,-0.395233018422924,0.0035138130187988,4,1287,6.0,339.0,1.0,100,4,100,4
0.8799999999999996,0.47000000000000025,962.6819687293756,236.1032392478624,8.600670986562638e-06,-0.4850629456690554,-0.5072524047492262,-0.4574983173179385,-0.477598835233,0.0035135746002197,4,2983,6.0,704.0,2.0,100,4,100,4
0.8799999999999996,0.49000000000000027,0.478713553878169,0.25,2.598684367677884e-06,0.8510893322992314,-0.0666666666666666,0.9525237920542092,0.1847826086956523,0.0025084018707275,4,10,7.0,1.0,0.0,1,4,3,4
0.8799999999999996,0.5000000000000002,35.76310948449533,29.80412243777217,3.9638520922997067e-07,0.986541352414658,0.7309722479757711,0.9999216224339386,0.9990847963944052,0.001504898071289,93,4032,4103.0,952.0,942.0,100,99,100,99
0.8799999999999996,0.5200000000000002,331.4088927090924,88.44501587615513,5.328185219742406e-06,-0.3710034743814085,-0.3742338810283967,-0.3531206780669382,-0.3548160419418871,0.0045328140258789,4,1256,9.0,320.0,2.0,100,4,99,4
0.8799999999999996,0.5700000000000003,267.4599213411413,104.59422728311722,1.257922918899477e-06,0.9303883971105024,0.622660476795099,0.9960765469789812,0.9883022551105362,0.0009973049163818,79,6125,5590.0,1348.0,1167.0,100,96,97,92
0.8799999999999996,0.6200000000000003,836.8309046414114,220.98315672366425,1.992229248485484e-06,0.666117681021346,0.0465796846269906,0.9722571042371144,0.9589221023778828,0.0010068416595458,73,7462,6344.0,1598.0,1326.0,95,91,95,87
0.8799999999999996,0.6300000000000003,583.8530755190927,168.56688020915698,2.0752364359118125e-06,0.8091139970646345,0.4059034501783196,0.9861300743606374,0.9749938273570344,0.0010998249053955,71,7350,6861.0,1616.0,1442.0,91,89,89,85
0.8799999999999996,0.6500000000000004,690.1761346020257,186.6022162161377,2.324006039137183e-06,0.7970556888134344,0.4928976343228901,0.9827093492135196,0.9721362562325996,0.0009994506835937,69,7935,7306.0,1744.0,1539.0,91,87,86,84
0.8799999999999996,0.6800000000000004,907.7633793787764,222.30153078248316,3.023924786558593e-06,0.7118460178007944,0.5017873445580072,0.9721995708011788,0.9617090001899442,0.0024163722991943,66,8693,7747.0,1878.0,1631.0,88,85,86,81
0.8799999999999996,0.7100000000000004,981.044414314226,263.96157729054863,1.977597666122794e-06,0.7850902166057129,0.4370361725687007,0.973829693401848,0.960582351846768,0.001000165939331,72,9327,7909.0,2033.0,1664.0,94,92,92,88
0.8799999999999996,0.7200000000000004,1153.96560003347,256.71526497800494,2.7730742480752224e-06,0.7069670927660716,0.5439341792580948,0.9644209413456069,0.9595279020392607,0.0,67,9689,8229.0,2092.0,1733.0,87,87,87,83
0.8799999999999996,0.7600000000000005,736.3433981506183,210.14391893810927,1.9626000960618084e-06,0.9061128704373872,0.7364172909491016,0.988005079509166,0.9790150848707476,0.0010004043579101,70,10458,9646.0,2278.0,2049.0,92,90,90,86
0.8799999999999996,0.8900000000000006,1130.6046513043457,212.15670950444888,8.992335034014127e-06,0.9193119193283326,0.950426804261488,0.97297269550825,0.9782082939200754,0.0023064613342285,51,14097,12864.0,3063.0,2764.0,75,71,71,68
0.8799999999999996,0.9700000000000006,1102.710912050641,218.37297350074152,6.828499362545164e-06,0.935563438792036,0.957675843860021,0.981759055147264,0.9840413987895033,0.0010061264038085,55,16010,16038.0,3496.0,3495.0,77,75,74,72
0.8799999999999996,0.9800000000000006,1116.9848879908805,222.45696212975668,8.474342242718414e-06,0.9443742606790586,0.9615012179883138,0.9790768294213564,0.9815056774076076,0.0009992122650146,50,16077,15108.0,3572.0,3266.0,73,70,68,67
0.8899999999999996,0.21000000000000002,9.319558287100664,2.240721609958125,1.8221864017813493e-05,-3.2881985181851787,-1.388109000825764,-3.2658562665316007,-1.287069988137604,0.0030088424682617,4,20,4.0,6.0,0.0,91,4,91,4
0.8899999999999996,0.22000000000000003,24.52252366023258,5.5537149728807655,2.03226346840754e-05,-1.7968154511982433,-1.464611783066719,-1.6996113083458355,-1.3415259062440694,0.0040009021759033,4,52,2.0,15.0,0.0,99,4,98,4
0.8899999999999996,0.24000000000000005,0.2041241452319315,0.0,0.0,0.9327613377692172,1.0,0.9847885609978704,1.0,0.0030221939086914,4,10,5.0,1.0,0.0,1,4,4,4
0.8899999999999996,0.26000000000000006,1217.7247354184772,258.5402732973466,1.5181089559144185e-05,-1196669.590542907,-1353901.7692307686,-392602.0475192367,-1137753.4326241133,0.0030317306518554,4,10,2449.0,1.0,509.0,1,88,4,84
0.8899999999999996,0.2700000000000001,0.4564354645876384,0.1443375672974064,0.0,0.9061721155255829,0.6571428571428573,0.9533799533799534,0.7037037037037037,0.0035042762756347,4,10,7.0,2.0,2.0,1,4,5,4
0.8899999999999996,0.2800000000000001,16.059135510149147,3.9303837810914426,1.441279616600494e-05,-1.6423095394795355,-1.0029544591229476,-1.613535958551629,-0.9256989261274366,0.0034379959106445,4,40,5.0,13.0,0.0,100,4,97,4
0.8899999999999996,0.2900000000000001,31.09561866244182,8.049974120041215,1.4734932224714364e-05,-0.6541465427517987,-0.63238441459048,-0.640187473219689,-0.5921113582212165,0.0055487155914306,4,90,7.0,25.0,0.0,99,4,99,4
0.8899999999999996,0.3200000000000001,215.78671472080944,54.63877591357015,5.565975306292161e-06,-0.558650223519644,-0.5584970676015057,-0.5253490200266342,-0.5234075920870702,0.0029985904693603,4,684,10.0,177.0,1.0,100,4,98,4
0.8899999999999996,0.3300000000000001,107.73196871557364,25.79021939935112,6.542636865301277e-06,-0.6264452531334335,-0.6165116096926015,-0.5966124777496356,-0.5809987976555275,0.0036897659301757,4,318,7.0,84.0,0.0,100,4,98,4
0.8899999999999996,0.36000000000000015,87.02813242471272,22.114757516192665,1.2320255424396852e-05,-0.473950855905215,-0.462633909274641,-0.4540898198553635,-0.4370652648010837,0.0035109519958496,4,290,3.0,73.0,0.0,100,4,100,4
0.8899999999999996,0.38000000000000017,0.75,0.2700308624336608,3.5124776391499165e-06,0.8353658536585366,0.3107692307692308,0.9041941664892484,0.3130520117762515,0.0030276775360107,4,10,8.0,2.0,2.0,1,4,5,4
0.8899999999999996,0.4100000000000002,1.4142135623730951,13.435028842544405,8.606269405353759e-07,0.9969242599000384,0.82373046875,0.9999999471808836,0.999914051671716,0.0009994506835937,98,3106,3104.0,743.0,743.0,100,99,99,98
0.8899999999999996,0.45000000000000023,667.364632029098,167.79240646306576,8.60692308057342e-06,-0.4458870627608182,-0.4500609252596423,-0.4216141338513413,-0.4244179311771618,0.003005027770996,4,2143,5.0,524.0,0.0,100,4,100,4
0.8899999999999996,0.46000000000000024,101.9219472603096,32.64646484179668,2.930821797523535e-06,0.9790115076182008,0.9632716700026592,0.9793913797671367,0.9639922875165234,0.0035078525543212,4,2652,2200.0,636.0,489.0,100,99,100,99
0.8899999999999996,0.5000000000000002,80.53984521134038,47.53156845718433,7.437339089769295e-07,0.9780043667718152,0.8218759495957972,0.9995549479138264,0.99729089437854,0.0011630058288574,88,4767,4609.0,1088.0,989.0,100,99,100,99
0.8899999999999996,0.5200000000000002,3140.063217582835,661.675445995492,6.0865126359392e-06,-19.297281482245584,-12.92944521165743,-18.977813952963185,-12.694715020242349,0.0044548511505126,4,2805,7475.0,733.0,1604.0,100,73,100,69
0.8899999999999996,0.5300000000000002,79.43460922581002,71.00100602908988,1.0700848083671016e-06,0.9849823211387844,0.7356381623868509,0.9995759663783742,0.9940928905021136,0.0010073184967041,86,5070,4876.0,1205.0,1029.0,100,99,99,98
0.8899999999999996,0.5600000000000003,130.28649749138023,69.6162953009464,8.715231290146096e-07,0.9186464636347772,0.6530669191144459,0.9990557431478496,0.9956547817456686,0.0009970664978027,93,4533,4279.0,1091.0,987.0,100,99,100,99
0.8899999999999996,0.6700000000000004,1130.6199425737434,270.5242385376283,2.9134415652190154e-06,0.5033743382051554,0.1262130547887217,0.9546718448934928,0.9411996040703074,0.0010015964508056,67,8310,6886.0,1792.0,1439.0,88,86,86,82
0.8899999999999996,0.6900000000000004,684.6450529178229,189.46543620183476,2.6666778674534223e-06,0.8587914752009984,0.646921631916523,0.9852238120275272,0.9748618250905854,0.0009996891021728,67,8764,8428.0,1908.0,1785.0,89,86,86,83
0.8899999999999996,0.7000000000000004,637.1411669847324,170.8418371867188,1.997475515065008e-06,0.8826929412436759,0.6905255926151608,0.9884237677489724,0.9817595138633716,0.0010008811950683,70,9035,8520.0,1947.0,1805.0,92,89,88,85
0.8899999999999996,0.7200000000000004,698.1283352033444,201.805642243668,1.9314434910541493e-06,0.8909427118244448,0.6667410957626129,0.9874030502314652,0.9776213995700858,0.0010654926300048,71,9521,8717.0,2057.0,1844.0,95,90,90,87
0.8899999999999996,0.8000000000000005,1221.153499123289,268.8769528789585,4.302431433932488e-06,0.7717110431821939,0.773046526496095,0.9673308248251814,0.9633210530843566,0.0019996166229248,62,11537,10153.0,2539.0,2153.0,86,82,80,79
0.8899999999999996,0.8100000000000005,1015.3903190399246,210.8471548948971,5.587771164998271e-06,0.8730839445943387,0.9074762137885528,0.9736234611004084,0.9737765137802712,0.0024077892303466,56,11709,10748.0,2530.0,2292.0,80,76,73,73
0.8899999999999996,0.8300000000000005,967.439723004518,237.24503341978087,2.5780563106141146e-06,0.8905983904448197,0.8035662049885497,0.9830427396116695,0.9772361968518576,0.0020077228546142,66,12140,11419.0,2632.0,2443.0,90,86,87,83
0.8899999999999996,0.8600000000000005,1024.370433834502,206.0331688507136,5.208787855833824e-06,0.8968244121042641,0.9302953838244208,0.9793722575815744,0.9808686513521856,0.0009968280792236,58,13239,12473.0,2870.0,2681.0,81,78,75,74
0.8899999999999996,0.9100000000000006,1009.824279268428,211.86853234966253,4.607980031544619e-06,0.9205176592975424,0.9378779415332348,0.9843591314351512,0.9842983927762804,0.0020065307617187,60,14569,13640.0,3286.0,2938.0,83,80,79,77
0.8899999999999996,0.9400000000000006,1050.9942337188843,215.4285224288141,1.235898728142792e-05,0.9521821541313464,0.9636303365572508,0.9751204608576752,0.9773337291488468,0.0019996166229248,42,15025,14723.0,3261.0,3188.0,65,62,64,59
0.8899999999999996,0.9500000000000006,1184.0196770935358,237.45906702132535,7.0135269294550486e-06,0.925214191505746,0.9486736081448204,0.9765044036544576,0.9787101259149394,0.0020170211791992,53,15429,14168.0,3369.0,3054.0,76,73,73,70
0.8899999999999996,0.9800000000000006,1197.9683409144557,234.00111288909147,7.805357844940871e-06,0.9323840525380191,0.9564398050587334,0.977165892239526,0.9807095564420452,0.0020103454589843,52,16105,16146.0,3493.0,3517.0,75,72,72,69
0.8899999999999996,0.9900000000000007,1014.2354477527696,203.40583763158983,7.005642738583012e-06,0.9514396921945902,0.967999687260664,0.9851347406794756,0.9868065271941934,0.0009984970092773,54,16370,15616.0,3675.0,3384.0,78,74,73,71
0.8999999999999996,0.25000000000000006,39.0669830760793,9.303897032964198,1.7504162518374382e-05,-0.8324981447975117,-0.7741404616821597,-0.79960754951322,-0.7247140523723636,0.0029983520507812,4,90,4.0,23.0,0.0,99,4,88,4
0.8999999999999996,0.26000000000000006,73.34990343097483,18.18596070232933,1.1866108303535188e-05,-0.5370516111328862,-0.5197030396553743,-0.516539707971708,-0.4914709003457866,0.0050017833709716,4,216,8.0,55.0,1.0,100,4,99,4
0.8999999999999996,0.3000000000000001,54.55902766728894,13.699528580696978,1.3755437437972558e-05,-0.7132943107677452,-0.7230430832496533,-0.6869693685792699,-0.6771061099832352,0.0031757354736328,4,184,9.0,42.0,1.0,100,4,99,4
0.8999999999999996,0.3200000000000001,107.1767912532062,25.793652319902275,5.700514842946007e-06,-0.6703030273960575,-0.7060590706592464,-0.6326629174735923,-0.6605292686807593,0.0033493041992187,4,298,5.0,76.0,1.0,100,4,100,4
0.8999999999999996,0.34000000000000014,0.7071067811865476,0.25,1.747549196844912e-06,0.6416796267496111,-0.0666666666666666,0.8946074126119796,0.2673992673992676,0.0030007362365722,4,11,5.0,1.0,0.0,2,4,2,4
0.8999999999999996,0.35000000000000014,25.456662520186477,7.131210743391803,1.3584257154492855e-05,-0.486423249753916,-0.4189797994477546,-0.4781512227678814,-0.3955908248907995,0.0036401748657226,4,80,4.0,25.0,0.0,100,4,98,4
0.8999999999999996,0.36000000000000015,87.29678783704854,20.54821565651545,4.119208724765523e-06,-0.1539794899070024,-0.1782372453343788,-0.1273074137839962,-0.1476425393891622,0.0040004253387451,4,288,47.0,76.0,10.0,100,99,98,98
0.8999999999999996,0.38000000000000017,106.71359644706322,26.538494054235,9.6530183135999e-06,-0.451117001096144,-0.4580821858724835,-0.4321134249845859,-0.4318460589714226,0.003002643585205,4,351,6.0,84.0,0.0,100,4,100,4
0.8999999999999996,0.4400000000000002,0.0,0.0,0.0,1.0,1.0,1.0,1.0,0.0029995441436767,4,10,1.0,0.0,0.0,1,4,1,4
0.8999999999999996,0.48000000000000026,38.532453853861945,23.843238035132728,3.533052522280004e-07,0.941770370933228,0.2589816700610998,0.9999298543955988,0.9995469875319316,0.0009996891021728,96,3525,3512.0,827.0,812.0,100,99,99,99
0.8999999999999996,0.5600000000000003,553.5212532304228,175.560161683596,2.267195330793588e-06,0.6317646816878824,-0.4515123940183327,0.9821915420367776,0.9618000055588448,0.0009996891021728,73,5964,5406.0,1295.0,1127.0,93,89,89,85
0.8999999999999996,0.6100000000000003,862.4392561729987,200.86584636342263,3.4090775844280914e-06,0.5177311897403556,0.3169364237529952,0.9661020942949572,0.956593249194335,0.0019958019256591,66,7404,6591.0,1548.0,1385.0,87,83,86,80
0.8999999999999996,0.6200000000000003,718.4345083980465,200.11300378964447,2.1989235603983454e-06,0.74009971468526,0.2301512555258142,0.9793034397593292,0.9652980051778944,0.0010046958923339,72,7456,6628.0,1623.0,1390.0,94,90,91,86
0.8999999999999996,0.6500000000000004,421.3294435474454,147.57566507753546,1.5545447912279197e-06,0.9327473946544306,0.6817926999652038,0.9937172681303994,0.9842926287989904,0.0009996891021728,74,7965,7440.0,1702.0,1569.0,97,92,92,89
0.8999999999999996,0.7200000000000004,703.9299207544266,192.9701185848904,2.203932637085326e-06,0.8989762240327969,0.7294169725909714,0.9880644360172596,0.980448923753649,0.0009987354278564,70,9904,9182.0,2114.0,1950.0,92,89,87,86
0.8999999999999996,0.7300000000000004,1091.5584852994675,227.03787155880232,5.477421463923004e-06,0.744993603810294,0.813816667433897,0.9625930031800785,0.9619244887087182,0.001000165939331,59,10073,9093.0,2243.0,1927.0,81,78,78,75
0.8999999999999996,0.7400000000000004,1042.6419504518822,228.59807293012867,4.331676246468053e-06,0.7701281001534609,0.7629857745522571,0.9703732534213148,0.9663016335187224,0.0020012855529785,62,10372,9256.0,2194.0,1963.0,84,81,81,78
0.8999999999999996,0.7500000000000004,769.8002032613244,190.64133247294205,2.6338089854526675e-06,0.8834014323291175,0.8020127492728444,0.9859117350672074,0.9803606565284302,0.0010023117065429,66,10407,9963.0,2270.0,2125.0,88,86,85,82
0.8999999999999996,0.8000000000000005,1001.7464966139192,192.78254250749,6.698781848288567e-06,0.886578416185079,0.9270823426400296,0.9725273682419072,0.9760926199537242,0.0019989013671875,54,11719,10930.0,2522.0,2333.0,77,74,73,70
0.8999999999999996,0.8900000000000006,1107.8867050468257,237.3863270971665,5.501191520006129e-06,0.8979441946789692,0.9187528172361544,0.9791848567875844,0.9781552248345462,0.0019989013671875,59,14125,12762.0,3076.0,2735.0,82,79,78,75
0.8999999999999996,0.9600000000000006,967.6048557457456,209.5850709396648,8.758300422241559e-06,0.9573372156244488,0.9652409318979612,0.9829999640120356,0.9824452675592542,0.001997947692871,49,15784,14292.0,3421.0,3075.0,71,70,67,66
0.9099999999999996,0.2,115.90055004183544,26.41002808278199,1.5124257613635056e-05,-8169.403379091868,-7886.195092024539,-3265.7815072830904,-5149.692307692309,0.0029985904693603,4,10,308.0,2.0,70.0,1,99,2,99
0.9099999999999996,0.22000000000000003,52.47390224355976,12.45031793436082,1.560019670188987e-05,-0.9942192334496088,-0.9486356865762036,-0.9405422671038384,-0.8811111462250736,0.0043351650238037,4,151,5.0,38.0,1.0,99,4,98,4
0.9099999999999996,0.23000000000000004,0.3818813079129867,0.0,0.0,0.8771480804387569,1.0,0.9617601267378656,1.0,0.0029950141906738,4,10,6.0,2.0,2.0,1,4,4,4
0.9099999999999996,0.25000000000000006,36.196512262923896,8.86883588753338,1.1572113689412804e-05,-1.2104853857053417,-0.9860599684376644,-1.153994380482151,-0.9213936019705034,0.0029993057250976,4,89,5.0,25.0,1.0,100,4,100,4
0.9099999999999996,0.2800000000000001,1.3501543121683042,0.4677071733467426,7.764861002710574e-06,0.2855927878890968,-0.0862068965517244,0.5425554161438726,-0.080246913580247,0.0029962062835693,4,10,6.0,2.0,1.0,1,4,13,4
0.9099999999999996,0.3100000000000001,73.6984282962217,17.1300175131259,1.2894745540774748e-05,-0.6076075294233718,-0.6231877098895295,-0.582839881032319,-0.588907765511733,0.0036675930023193,4,209,7.0,52.0,1.0,99,4,98,4
0.9099999999999996,0.3300000000000001,114.22168686374756,29.041636776646502,6.4942132094313926e-06,-0.5456118223034099,-0.5513302885225642,-0.515167901642833,-0.515857265885348,0.003002643585205,4,360,10.0,88.0,2.0,100,4,100,4
0.9099999999999996,0.34000000000000014,73.14704083784478,18.165328696906823,9.735226284344494e-06,-0.80733732571568,-0.7742802733281058,-0.7682931363455094,-0.725114415852885,0.0030007362365722,4,199,4.0,54.0,0.0,100,4,100,4
0.9099999999999996,0.37000000000000016,0.1767766952966369,0.0,0.0,0.908133971291866,1.0,0.9831043027708944,1.0,0.0041506290435791,4,10,4.0,0.0,0.0,1,4,1,4
0.9099999999999996,0.38000000000000017,123.01465021153643,29.53405520186259,1.006276034882119e-05,-0.6087123776020975,-0.6210066683322877,-0.577047880093339,-0.582731392505742,0.0029990673065185,4,346,4.0,84.0,2.0,100,4,100,4
0.9099999999999996,0.4300000000000002,709.4572382579987,174.30534749876915,3.426120748545437e-06,-0.0523999597375601,-0.0995474806610565,-0.0311787559754384,-0.0753809288621181,0.0029995441436767,4,2512,407.0,602.0,93.0,100,99,99,99
0.9099999999999996,0.5000000000000002,4460.652952250003,961.534049925777,1.1304945779332384e-05,-79.9408274466925,-54.115700019651946,-78.71423729208767,-53.22557387785823,0.0030016899108886,4,2039,11763.0,520.0,2711.0,100,51,100,48
0.9099999999999996,0.5300000000000002,55.25395913416522,28.50789364369104,5.587247293060873e-07,0.9871557030024944,0.8968954453591532,0.9998035491783636,0.9991029482296854,0.0009973049163818,90,4632,4568.0,1062.0,1020.0,100,99,100,99
0.9099999999999996,0.5900000000000003,136.62601021279465,73.00799043027186,6.30768694726432e-07,0.9716639796641828,0.781828972815885,0.999012635141085,0.9953537526024892,0.0,88,5676,5469.0,1338.0,1220.0,100,99,99,99
0.9099999999999996,0.6000000000000003,297.7389396610329,110.61989832196514,1.1364329827960088e-06,0.9414283156297194,0.7076793636953789,0.9960235802938138,0.9894190135846798,0.001004934310913,79,6811,6263.0,1498.0,1313.0,100,96,95,93
0.9099999999999996,0.6100000000000003,482.7678300982552,169.9143575125095,1.2180681170729332e-06,0.8600784479877417,0.5815363406614157,0.9892992450580692,0.9764998319034074,0.0,82,7157,6013.0,1557.0,1257.0,100,99,98,96
0.9099999999999996,0.6300000000000003,811.0263691327006,201.49108452449488,3.5687606290018057e-06,0.6573848392161346,0.4825418074996848,0.9710171766372444,0.9589632492678316,0.0010983943939208,65,7638,7074.0,1674.0,1489.0,85,83,85,80
0.9099999999999996,0.6400000000000003,492.9533084235405,144.09446306404104,1.7414907154689662e-06,0.900502670294227,0.663428939000253,0.991554157430895,0.9843692087941436,0.0019974708557128,72,8031,7651.0,1705.0,1619.0,93,90,90,86
0.9099999999999996,0.6900000000000004,900.6662291048776,216.989775104727,2.664306002540531e-06,0.7585199827998997,0.5478938737080759,0.9758962317533886,0.9681961829842378,0.0020010471343994,68,9092,8102.0,1927.0,1710.0,91,87,86,83
0.9099999999999996,0.7300000000000004,227.86369530129988,107.74696789659136,9.029002285652648e-07,0.988851246153517,0.9265515881803374,0.9986507350791978,0.9945093664377996,0.0010087490081787,78,9735,9108.0,2124.0,1932.0,100,97,95,94
0.9099999999999996,0.7800000000000005,416.11572909468345,155.1633010734175,8.801424519879756e-07,0.974910743011392,0.9068824125835112,0.9964166646173632,0.9914923822416054,0.0012543201446533,80,11254,10235.0,2451.0,2179.0,100,99,100,96
0.9099999999999996,0.8000000000000005,988.4161404320888,199.84538467970123,6.899792267073374e-06,0.8904822098807114,0.926833141745936,0.9743704938841504,0.9759143018235056,0.0009999275207519,55,11878,11485.0,2579.0,2465.0,77,74,72,71
0.9099999999999996,0.8100000000000005,1273.6672586332295,264.5514172726209,5.413143955930965e-06,0.808612524229804,0.8544006053133525,0.9628029058765768,0.962571025566131,0.0010075569152832,58,12180,10362.0,2602.0,2200.0,82,78,77,75
0.9099999999999996,0.8400000000000005,1050.5260586963086,239.1884248121187,4.313469379295888e-06,0.8787668078049358,0.8834087912004164,0.9791954038866424,0.9753473935427994,0.0019969940185546,61,12904,11605.0,2809.0,2480.0,84,81,80,78
0.9099999999999996,0.8800000000000006,1275.4384362035885,281.76513430353816,6.4134900047738606e-06,0.8656971841604497,0.8891788608615014,0.9684269677263512,0.965128661275804,0.0010006427764892,56,13699,11890.0,3070.0,2535.0,80,77,75,74
0.9099999999999996,0.8900000000000006,1089.4053041300408,229.68669784440428,8.128978434147851e-06,0.9218511979548668,0.942741545074718,0.9755261552618352,0.9757185256694568,0.0020408630371093,52,14189,12603.0,3110.0,2702.0,75,72,70,69
0.9099999999999996,0.9100000000000006,1238.5335968750444,231.3764863407096,9.689672858691571e-06,0.9105132227916,0.947278736478524,0.9671863061250052,0.9745855982801204,0.0030133724212646,49,14217,14728.0,3122.0,3201.0,71,69,70,65
0.9099999999999996,0.9300000000000006,1279.1791338238193,294.02930256903096,4.8047500592707095e-06,0.8799748914444703,0.8818569429119971,0.9770176111422012,0.9725513387289252,0.0024652481079101,61,15004,13184.0,3316.0,2823.0,83,82,81,78
0.9099999999999996,0.9400000000000006,964.406584382334,194.0623611110614,1.0044239551962374e-05,0.9537681617320334,0.9673764328099762,0.982772108762886,0.9844916910354576,0.0031683444976806,50,15310,14683.0,3377.0,3178.0,72,70,69,67
0.9099999999999996,0.9500000000000006,783.2652594534412,227.0204836573123,1.7559362452631584e-06,0.9664640843654216,0.9145708590966022,0.9933979139333974,0.9884963637476316,0.0,70,15498,14719.0,3393.0,3180.0,94,91,88,87
0.9199999999999996,0.26000000000000006,5.627314338711377,1.7108720973039842,1.5756758858835897e-05,-0.9289850091214338,-0.801763291477424,-0.8539298433917162,-0.7585581075161154,0.0031721591949462,4,21,8.0,6.0,1.0,100,4,96,4
0.9199999999999996,0.35000000000000014,18.504503956244456,4.307212942650192,6.939487601915626e-06,0.7130435257038623,0.7052254824377654,0.7154328425577144,0.7095772645146141,0.0040075778961181,4,142,84.0,33.0,18.0,100,99,100,98
0.9199999999999996,0.36000000000000015,36.96662345954794,9.358596760910972,1.4344549626520949e-05,-0.492491296730301,-0.4699729013083131,-0.4808638084367032,-0.4497076618291351,0.003000259399414,4,122,4.0,31.0,0.0,99,4,95,4
0.9199999999999996,0.4400000000000002,394.726012570745,102.11059159884768,4.058000247684198e-06,-0.4031056998919486,-0.4267246465251617,-0.381558383134704,-0.4031984481463564,0.0052270889282226,4,1365,5.0,338.0,0.0,100,4,100,4
0.9199999999999996,0.47000000000000025,337.7553614830212,117.54125815398206,2.0170587142750444e-06,0.1666764131638497,-6.912913727618014,0.9905278718993612,0.9760602136255966,0.0019996166229248,81,4351,3946.0,913.0,817.0,99,92,92,88
0.9199999999999996,0.5000000000000002,46.41659186110071,27.777688888746667,2.557744732518612e-07,0.9912350022222696,0.9018495433383368,0.9998574007526778,0.999131454918338,0.001000165939331,90,4560,4610.0,1045.0,1038.0,100,99,100,99
0.9199999999999996,0.5200000000000002,110.6398059771738,55.06813960903346,2.6189452803694365e-07,0.8189610974355266,0.2323864435381802,0.9992730448818862,0.9971540533937686,0.0,94,3916,4103.0,968.0,981.0,100,99,99,99
0.9199999999999996,0.5400000000000003,38.64259308069271,31.74376579214676,4.479682538146618e-07,0.996771608847054,0.9457696240529568,0.9999087352902126,0.998942263430087,0.0009975433349609,88,5261,5220.0,1210.0,1161.0,100,99,99,99
0.9199999999999996,0.5500000000000003,12.42309676905615,17.568911937472585,1.722843734461455e-07,0.9987010864724328,0.9018313853330152,0.9999909089393716,0.9997207143557952,0.0013701915740966,94,4092,4102.0,973.0,978.0,100,99,100,99
0.9199999999999996,0.5600000000000003,240.6785051830405,101.47659828748696,8.213977367657768e-07,0.923479420304202,0.6913380398326875,0.9967766338335008,0.9900475410253232,0.001192569732666,86,5906,5341.0,1338.0,1142.0,100,99,100,98
0.9199999999999996,0.5900000000000003,568.4987121483089,158.12167557205524,2.15400447489511e-06,0.7769808143715042,0.3283543713584804,0.985197689292322,0.9749212167133512,0.0030105113983154,72,6865,6326.0,1472.0,1328.0,92,89,89,86
0.9199999999999996,0.6100000000000003,568.8718320415616,162.93675796693083,2.805868247189359e-06,0.7770126881527999,0.3838999209861853,0.9861969528170628,0.9744286644264276,0.0012366771697998,69,7322,7180.0,1604.0,1517.0,88,86,86,83
0.9199999999999996,0.6600000000000004,999.5320476531576,224.681043767763,3.375746497680104e-06,0.6233804123030839,0.4872392313142916,0.963638445291666,0.9566079886554082,0.0020112991333007,65,8521,7546.0,1829.0,1591.0,87,84,84,80
0.9199999999999996,0.6800000000000004,1119.5517725538964,245.73603724321757,3.240988777047583e-06,0.621487515803092,0.4709639744472487,0.9590079734118252,0.9537089975843454,0.0020005702972412,65,8936,7847.0,1914.0,1655.0,89,84,85,81
0.9199999999999996,0.7300000000000004,707.4874664271553,188.61006753553104,2.6000447661530708e-06,0.8839335284604537,0.7696570214154311,0.9876697278971536,0.9800769418677392,0.0020058155059814,67,10022,10170.0,2178.0,2181.0,90,85,82,82
0.9199999999999996,0.8100000000000005,1027.3990270919887,214.24696233451064,7.5703171656037054e-06,0.8869360882191628,0.9200271296132984,0.9721515600911992,0.9723375742545564,0.0023829936981201,54,11972,10849.0,2590.0,2313.0,76,74,73,71
0.9199999999999996,0.8500000000000005,996.37522215947,216.10883317851165,3.478396332489773e-06,0.8910062778777451,0.8968074432780011,0.9838612638201882,0.9827887082529668,0.0026793479919433,64,13131,12732.0,2943.0,2745.0,87,83,82,80
0.9199999999999996,0.8600000000000005,1011.0234532773824,207.33274074447428,1.0835203209392802e-05,0.9348038205779606,0.9526282633660336,0.9743129388528716,0.976045347566045,0.0049691200256347,48,13455,12450.0,2903.0,2674.0,71,68,69,65
0.9199999999999996,0.9300000000000006,1012.1917783100351,205.0813325029279,8.900872213310067e-06,0.9510290442524651,0.964692611745692,0.980499771249449,0.982198884127778,0.0030024051666259,49,15372,14150.0,3318.0,3051.0,73,70,70,66
0.9199999999999996,0.9600000000000006,1038.667954641906,200.3371657980616,1.0597498770747618e-05,0.9543074240716588,0.9705368606771164,0.982220636339004,0.9853191846673334,0.0019998550415039,50,16321,15118.0,3576.0,3277.0,73,71,69,67
0.9199999999999996,0.9800000000000006,967.34345938816,210.4680873421757,4.003462083988639e-06,0.947308890753516,0.9535979273142792,0.9893670808519838,0.9887001696519008,0.0020027160644531,62,16592,15616.0,3781.0,3389.0,84,82,81,79
0.9199999999999996,0.9900000000000007,1098.2892970433609,212.148909966561,9.170068776351742e-06,0.9520272706956932,0.969233451226348,0.9811811508215896,0.9846945947269836,0.0029973983764648,50,16695,16673.0,3753.0,3643.0,73,70,69,67
0.9299999999999996,0.23000000000000004,85.25562053808143,19.643701280563192,1.7422371329325392e-05,-117.7639850221264,-110.5923183130413,-117.20755244376154,-106.62660158633317,0.006000280380249,4,30,262.0,7.0,59.0,98,99,77,99
0.9299999999999996,0.24000000000000005,39.62309406562457,10.120111988840176,1.6852929943536992e-05,-0.921606959581643,-0.7582391380479407,-0.8908486807943476,-0.7099754947572001,0.004617691040039,4,125,6.0,36.0,0.0,100,4,100,4
0.9299999999999996,0.2700000000000001,0.5400617248673217,0.0,0.0,0.5371900826446281,1.0,0.9224183314399712,1.0,0.0042276382446289,4,11,7.0,1.0,1.0,2,4,2,4
0.9299999999999996,0.3100000000000001,76.27328879321603,19.313747262852264,9.651847209935984e-06,-0.2072958811578014,-0.2794159679878047,-0.1849252337257603,-0.2517722662356365,0.0043303966522216,4,303,28.0,68.0,5.0,100,98,99,85
0.9299999999999996,0.38000000000000017,204.7062682235207,50.96536814347562,7.10193453996893e-06,-0.56665772685402,-0.576652270059063,-0.5363147111784043,-0.5422129277665311,0.0039997100830078,4,654,10.0,159.0,2.0,100,4,100,4
0.9299999999999996,0.4300000000000002,3553.2787206559897,763.3427105501172,8.034597628093539e-06,-29.66843533829702,-22.277764649156342,-29.133009355259773,-21.843658702323395,0.0036971569061279,4,2525,8999.0,598.0,2027.0,100,57,100,54
0.9299999999999996,0.46000000000000024,25.15286597321797,37.02701716314724,5.532322062725127e-07,0.9561385940316444,-5.175675675675675,0.9999759279663544,0.9991483484698156,0.0,97,3449,3442.0,829.0,808.0,100,99,99,99
0.9299999999999996,0.5100000000000002,57.56879942005623,19.97915580465468,1.7792038887714102e-07,0.9628425756625878,0.9067615704543832,0.9997990165439524,0.9996182744987284,0.0009989738464355,94,3910,4016.0,929.0,955.0,100,99,99,99
0.9299999999999996,0.5300000000000002,36.345563690772494,10.246950765959598,2.433358021018772e-07,0.9612768951163744,0.9399892838006788,0.999932933919463,0.9999179820868817,0.0010032653808593,96,3544,3606.0,890.0,874.0,100,99,100,99
0.9299999999999996,0.5400000000000003,47.73538170651479,22.181073012818835,3.237904621149996e-07,0.933695870055803,0.7673392181588903,0.9999016360562236,0.999678485013717,0.0,97,3571,3501.0,878.0,854.0,100,99,100,99
0.9299999999999996,0.6000000000000003,810.4766371156819,206.931272948624,2.467305189220642e-06,0.6785049343041787,0.2570535189240068,0.9730745584225272,0.961444034238758,0.0019981861114501,71,7433,6442.0,1642.0,1351.0,92,89,89,85
0.9299999999999996,0.6500000000000004,812.4279968095634,189.69075711097085,3.666558444751036e-06,0.7003324052616684,0.6569172078480183,0.9741914659430434,0.967063397474255,0.002007246017456,64,8212,8291.0,1770.0,1762.0,86,82,81,78
0.9299999999999996,0.6600000000000004,562.0392433906294,174.88843004316485,1.829830446838397e-06,0.9036235139407592,0.6554434778706495,0.9902618428799542,0.9804511023562262,0.001000165939331,73,8684,7947.0,1895.0,1682.0,94,91,92,88
0.9299999999999996,0.6700000000000004,1265.130184848731,263.7410832129856,4.912977174254647e-06,0.4629482132159078,0.5321331640164919,0.938756797115951,0.9357224684557862,0.002000093460083,61,8789,7234.0,1854.0,1517.0,83,80,78,76
0.9299999999999996,0.6800000000000004,729.3153378813348,208.81224035994137,2.0467191765092438e-06,0.8589385502624514,0.5612875909568866,0.9839127142517954,0.971954329853653,0.0010251998901367,71,8774,7985.0,1867.0,1686.0,95,90,90,87
0.9299999999999996,0.7100000000000004,612.4286024537458,180.9451240874826,1.8801464509945572e-06,0.9148820991687896,0.7273715424901249,0.9902858449461828,0.98217055808372,0.0009999275207519,71,9503,9570.0,2052.0,2043.0,93,90,87,86
0.9299999999999996,0.7300000000000004,314.5099708103551,102.46250639815185,9.30830533831624e-07,0.981510153251931,0.9404360656557728,0.9975159815033958,0.9952593226731988,0.0020010471343994,77,9966,9759.0,2230.0,2083.0,100,96,97,93
0.9299999999999996,0.7500000000000004,746.2668380334122,215.3789608438892,2.466864308416602e-06,0.9001568877765973,0.7292278643873997,0.9878935535440052,0.9782588966818324,0.001997947692871,69,10458,10079.0,2282.0,2151.0,92,88,89,85
0.9299999999999996,0.9000000000000006,551.0732625892321,183.7806663752565,1.3684180976186311e-06,0.9804965701166284,0.9322811833313712,0.9963760251234264,0.9920088534403576,0.0010020732879638,73,14453,13702.0,3216.0,2959.0,95,93,93,90
0.9299999999999996,0.9500000000000006,1135.0580696284096,247.28663241556055,1.2694208359722754e-05,0.951043714348142,0.9577767107207964,0.9748835352751848,0.9739695547458108,0.0019993782043457,44,15993,14059.0,3561.0,3022.0,67,65,63,62
0.9299999999999996,0.9900000000000007,962.9457509282488,190.83994502038772,9.7007688205866e-06,0.9660024603687456,0.977336907742608,0.9849330219949636,0.9873781153876168,0.0009996891021728,48,16751,16407.0,3766.0,3573.0,70,68,66,65
0.9399999999999996,0.2,6.144950501563594,1.5645819462932156,2.453681312784812e-05,-1.762628307413847,-0.9557867360208064,-1.675296496653112,-0.8837675350701404,0.0029995441436767,4,13,2.0,5.0,0.0,68,4,67,4
0.9399999999999996,0.21000000000000002,8.11377429642539,1.661450169781407,1.1863930780590963e-05,-2.2179908772674235,-0.6812053925455988,-2.195405088379242,-0.6468833509415204,0.0029971599578857,4,18,8.0,6.0,1.0,80,4,78,4
0.9399999999999996,0.23000000000000004,12.292867173012704,3.4034296427770228,1.571240204704932e-05,-2.197751632546221,-1.3803598902936651,-2.185383291174818,-1.2928307800160828,0.0029993057250976,4,31,8.0,10.0,1.0,99,4,99,4
0.9399999999999996,0.24000000000000005,8.751190395216717,2.247683993210196,1.914078902695209e-05,-1.6793409763875182,-0.866057472646387,-1.6525811432942232,-0.8301886792452831,0.0029995441436767,4,22,3.0,6.0,0.0,99,4,95,4
0.9399999999999996,0.25000000000000006,0.82915619758885,0.2282177322938192,5.891293208292415e-06,-0.1123595505617982,-0.0549450549450545,0.7624104539400267,0.1134751773049648,0.0030219554901123,4,10,1.0,1.0,0.0,1,7,2,4
0.9399999999999996,0.26000000000000006,0.8416254115301732,0.2886751345948128,3.88546610444069e-06,0.3000964940495336,-0.0491803278688525,0.7606560839111611,-0.0471204188481675,0.0030004978179931,4,10,3.0,2.0,0.0,1,4,10,4
0.9399999999999996,0.2700000000000001,5.742749051340017,1.3693063937629153,1.2745166113869133e-05,-2.5977272727272727,-0.82760444209413,-2.396849920604266,-0.782178217821782,0.0029993057250976,4,13,7.0,5.0,1.0,96,4,67,4
0.9399999999999996,0.2800000000000001,964.3987710399332,202.15974500379644,1.982975399760835e-05,-581195.0227827502,-582139.1421947448,-232976.3483978708,-513530.6753926701,0.0024518966674804,4,10,1884.0,2.0,392.0,1,85,6,82
0.9399999999999996,0.3300000000000001,8.37531093950149,2.742413778650722,9.488441203963166e-06,0.7098381780862437,0.6152390045685927,0.710499446492482,0.6210590402611649,0.0043842792510986,4,72,39.0,20.0,8.0,100,99,99,96
0.9399999999999996,0.4000000000000002,345.30730576787204,86.23387530431414,9.054949911401948e-06,-0.4600317819913218,-0.4798356194247128,-0.4354216145363656,-0.4525185427899079,0.0020081996917724,4,1084,6.0,264.0,1.0,100,4,100,4
0.9399999999999996,0.4200000000000002,432.2380348257197,107.29544491729366,9.646376046438169e-06,-0.5118249317364458,-0.5331119318601198,-0.4829514266655266,-0.5013474242037801,0.0020043849945068,4,1350,4.0,327.0,0.0,100,4,100,4
0.9399999999999996,0.4300000000000002,3223.5450674813487,672.9030622979807,8.113603528080861e-06,-2130.011821160882,-1326.8549303519062,-2104.49138181273,-1307.3511618107393,0.0030038356781005,4,288,7492.0,80.0,1642.0,100,61,100,57
0.9399999999999996,0.4400000000000002,619.9245165743971,159.14259198383485,1.0823916054292598e-05,-0.4422754725068967,-0.4625884592155191,-0.418373502555313,-0.4363069184225645,0.0029990673065185,4,2033,4.0,495.0,1.0,100,4,100,4
0.9399999999999996,0.46000000000000024,191.6255818943902,67.70591487522275,1.1816908223733188e-06,0.7355704332116514,-0.3548353215894326,0.9972582998469044,0.993500853427844,0.0009973049163818,89,4156,3743.0,878.0,775.0,100,99,98,96
0.9399999999999996,0.47000000000000025,936.3641229956075,231.6474287575841,8.50199841053564e-06,-0.462222363116497,-0.4918649069433396,-0.4363174662096114,-0.4630794102249005,0.0035099983215332,4,2966,3.0,708.0,0.0,100,4,100,4
0.9399999999999996,0.49000000000000027,63.96961084070397,54.67784438569855,1.1518595297759427e-06,0.9721934383222356,0.5400477876375129,0.9997204792771348,0.9965608971371516,0.0009994506835937,91,4268,4087.0,1022.0,896.0,100,99,100,99
0.9399999999999996,0.5000000000000002,44.44097208657794,39.14290059086918,2.8876743011705466e-07,0.9809630246246356,0.7952470043209052,0.9998788786790362,0.99852907323865,0.0009999275207519,94,3970,3898.0,985.0,919.0,100,99,100,99
0.9399999999999996,0.5200000000000002,25.90366769397724,37.66392741830608,2.2165995796099482e-07,0.9950237393619356,0.6261415832105246,0.999960359055987,0.9986156836766104,0.0010008811950683,93,4241,4278.0,1016.0,1004.0,100,99,99,99
0.9399999999999996,0.5500000000000003,828.1234811306825,233.2655854028479,2.2679767152125604e-06,0.3960658853306621,-0.7568726987558811,0.9626144240398578,0.939465573221335,0.0010006427764892,76,6211,4983.0,1339.0,1035.0,97,92,95,88
0.9399999999999996,0.5700000000000003,760.5911443665965,213.0143448482076,2.584761823428634e-06,0.5258748318214533,-0.573334109573091,0.9716623563987794,0.9525259082732904,0.0009994506835937,73,6611,5660.0,1427.0,1182.0,94,89,93,86
0.9399999999999996,0.5900000000000003,464.7182738757688,143.57666683434067,1.7255630152712812e-06,0.8754675531005869,0.5296605522538982,0.9902562407918002,0.9803944185972012,0.0009994506835937,73,7117,6764.0,1502.0,1428.0,95,90,92,87
0.9399999999999996,0.6000000000000003,459.9292388638765,155.34385821690628,1.3764243483793658e-06,0.853939397395352,0.3964234208052901,0.990930792478833,0.980002485059186,0.0009999275207519,79,6971,6109.0,1478.0,1278.0,100,96,95,92
0.9399999999999996,0.6100000000000003,997.029147624141,242.6913490610881,3.340202063728469e-06,0.4372327526557246,0.0005573969766869,0.9553050084399254,0.939457446074733,0.0011770725250244,67,7386,6277.0,1583.0,1312.0,90,85,86,81
0.9399999999999996,0.6200000000000003,163.47190125523102,87.33949564773087,7.05278596329439e-07,0.9834649654107732,0.8892597590455458,0.9988089972432432,0.9942488635617796,0.0009984970092773,84,7047,6645.0,1634.0,1432.0,100,99,100,98
0.9399999999999996,0.6300000000000003,472.9609618441795,147.38566997603843,1.6545405783966442e-06,0.915741442167929,0.6454873560388799,0.992233090706088,0.9836661359707016,0.001000165939331,72,8136,8043.0,1748.0,1710.0,93,90,93,86
0.9399999999999996,0.6600000000000004,919.6123064192036,206.521398976702,3.231627439913742e-06,0.7231201517083501,0.5967881493804404,0.971971020144131,0.9672357890018766,0.0009992122650146,66,8780,7958.0,1914.0,1682.0,88,85,85,81
0.9399999999999996,0.7300000000000004,1030.4865510596892,204.9673559893785,7.540994194446313e-06,0.8341863950743811,0.8953760576572782,0.9617283473343806,0.9649302166225824,0.0020039081573486,53,10139,10080.0,2209.0,2155.0,75,72,71,69
0.9399999999999996,0.7400000000000004,996.062013573312,198.5083912466897,6.175975215771616e-06,0.8250625369870377,0.8831956595837138,0.968614513921003,0.9707981400172364,0.0019984245300292,57,10405,9790.0,2286.0,2087.0,79,76,74,73
0.9399999999999996,0.7500000000000004,909.5074402025438,206.4347289031022,3.97420028009199e-06,0.8490087314149712,0.8364026308097434,0.9797237709915048,0.975636360992614,0.0015139579772949,63,10737,10654.0,2317.0,2284.0,85,82,81,78
0.9399999999999996,0.7800000000000005,1492.1073234542755,343.1589839058481,3.434672876451256e-06,0.6585208063959554,0.539113349036217,0.9544601699774458,0.9455676464612752,0.0009992122650146,66,11352,9295.0,2498.0,1962.0,88,86,86,82
0.9399999999999996,0.7900000000000005,1030.3489237932483,212.782585216527,5.565659980199321e-06,0.8551789618160542,0.8923643643436433,0.9735678752862172,0.9736293816290308,0.0009973049163818,58,11487,10923.0,2480.0,2338.0,80,78,75,74
0.9399999999999996,0.8300000000000005,980.6177290028886,189.6742058051808,8.276921520397349e-06,0.9079322081717728,0.9450223811412096,0.9765159837999045,0.9801305387143124,0.0019989013671875,54,12419,12150.0,2761.0,2615.0,76,73,71,70
0.9399999999999996,0.8400000000000005,1041.090467587773,216.23273513665976,8.394432027673633e-06,0.9094675558786344,0.934804406313411,0.9743451589892672,0.9749171921126522,0.0019989013671875,53,12816,11810.0,2823.0,2530.0,75,73,74,70
0.9399999999999996,0.8500000000000005,1136.4118780273898,226.4323970521502,8.419212435605204e-06,0.890217524238947,0.9281968541023404,0.971339110802344,0.9741803006331876,0.0019986629486083,54,13164,12263.0,2826.0,2630.0,77,74,76,71
0.9399999999999996,0.8900000000000006,1275.890575991829,263.9742050890218,6.380420601301748e-06,0.8867448731113716,0.9176969890629628,0.9732470986971404,0.9736952688014276,0.0019946098327636,58,14675,12747.0,3218.0,2732.0,80,78,75,75
0.9399999999999996,0.9100000000000006,966.6466191295088,209.9251500593747,1.0412406839463056e-05,0.9539714015377088,0.9625178351625712,0.981319619800345,0.9807046572011974,0.00390625,49,15029,13694.0,3304.0,2953.0,72,70,67,66
0.9399999999999996,0.9700000000000006,962.2998839585644,191.61686309461967,7.859600479730618e-06,0.9549018460782812,0.9703446640403618,0.9865488957977292,0.9881578605828172,0.0009992122650146,55,16427,15427.0,3650.0,3347.0,77,75,72,72
0.9399999999999996,0.9800000000000006,1071.7234673534915,226.3148880905288,6.030236942841689e-06,0.941739437643923,0.9566245009947278,0.9854084817558108,0.985338163862039,0.0020020008087158,58,16676,15310.0,3732.0,3314.0,80,78,77,75
0.9499999999999995,0.23000000000000004,0.3227486121839514,0.1020620726159657,0.0,0.9390088945362136,-0.0105263157894739,0.9764017368321692,0.6563573883161513,0.0040028095245361,4,10,8.0,1.0,0.0,1,4,2,4
0.9499999999999995,0.25000000000000006,26.04223332716813,6.259159954285666,1.638771697424351e-05,-1.0295996926832705,-0.8791787024748223,-1.0083446849674749,-0.8263398905458625,0.0030016899108886,4,62,8.0,19.0,0.0,100,4,99,4
0.9499999999999995,0.26000000000000006,23.09626593196398,6.48315123994497,6.8685148259378335e-06,0.2074467913602259,0.0721271657192954,0.2322425160136879,0.1051230871590155,0.0029983520507812,4,99,39.0,26.0,8.0,97,99,93,96
0.9499999999999995,0.2800000000000001,88.06892423929492,21.357570866869043,8.717947918139498e-06,-0.7297298343723695,-0.730248730663611,-0.6913090891670826,-0.6827997422192127,0.0039989948272705,4,267,6.0,74.0,0.0,100,4,100,4
0.9499999999999995,0.2900000000000001,63.80259268504168,16.00390577327922,1.3060880414760898e-05,-0.8110607086941983,-0.7199266692509243,-0.7713075410134473,-0.6739341332652542,0.0039985179901123,4,189,5.0,55.0,0.0,100,4,99,4
0.9499999999999995,0.36000000000000015,193.55441741277824,47.93843708340938,8.624554741466168e-06,-0.7432354279687483,-0.6816350849756732,-0.6992641770208192,-0.6384020765554559,0.0030000209808349,4,584,8.0,152.0,1.0,100,4,99,4
0.9499999999999995,0.4000000000000002,91.19627413807356,24.570688838532792,1.1459193949071706e-05,-0.4599026148293919,-0.4372210057110441,-0.4407159642449509,-0.4133799086766896,0.0029997825622558,4,358,6.0,90.0,0.0,100,4,99,4
0.9499999999999995,0.4200000000000002,333.9864019188007,86.28942335728831,7.90994764050746e-06,-0.4187455808004319,-0.42716317236996,-0.3960024654892211,-0.4029351092831423,0.0029990673065185,4,1151,10.0,317.0,1.0,100,4,100,5
0.9499999999999995,0.45000000000000023,667.8667141852981,168.68023249134242,6.367696717948048e-06,-0.4497224855961457,-0.4558126805743783,-0.4253402037382636,-0.4301496140409195,0.0030000209808349,4,2171,9.0,547.0,1.0,100,4,100,4
0.9499999999999995,0.48000000000000026,77.40800992145451,38.88444419044716,9.85839598816789e-07,0.9582597375601896,0.6567038116775196,0.9996045286453104,0.9981961515731314,0.0009996891021728,90,4299,4187.0,975.0,893.0,100,99,100,99
0.9499999999999995,0.49000000000000027,50.25790627211944,18.886881312548287,4.234738365342998e-07,0.9656606074865408,0.8929219044818545,0.9998466248179232,0.9996216847082936,0.0,93,3959,4036.0,913.0,924.0,100,99,99,99
0.9499999999999995,0.5000000000000002,0.0,0.0,0.0,,,1.0,1.0,0.0,99,3071,3071.0,765.0,765.0,100,99,100,99
0.9499999999999995,0.5500000000000003,106.761416251378,69.55956679949448,7.903617300731347e-07,0.9841025343667744,0.7961805881888198,0.9993799513497724,0.9953287419389518,0.0009996891021728,85,5893,5625.0,1302.0,1187.0,100,99,98,97
0.9499999999999995,0.5800000000000003,244.76094459696796,86.43864876315456,1.327397058227576e-06,0.9568928599520884,0.7741891136887352,0.997224168608878,0.9927579954898708,0.0009994506835937,75,6677,6733.0,1439.0,1421.0,95,92,91,88
0.9499999999999995,0.6000000000000003,921.879618632498,217.46767001096967,3.1634212967551606e-06,0.435228027866043,-0.1085962704646903,0.9603115055411394,0.9491341881388335,0.0019965171813964,68,7127,6182.0,1526.0,1294.0,89,85,85,82
0.9499999999999995,0.6100000000000003,278.6051994182039,108.08396207182108,1.2001190030402476e-06,0.9566233684034834,0.781402444302404,0.9967419718048862,0.9906418567417712,0.0009996891021728,79,7260,6627.0,1548.0,1393.0,100,97,97,93
0.9499999999999995,0.6300000000000003,642.2285544329466,169.65401224541594,2.7793496254315694e-06,0.8035675593411067,0.5657393804547384,0.9848654488872916,0.9763051280327204,0.0010032653808593,69,8048,7629.0,1717.0,1616.0,89,86,84,83
0.9499999999999995,0.6500000000000004,953.1695928465576,229.27375459361795,3.452587952365844e-06,0.6449003102464068,0.437219374641103,0.9682418964279794,0.9583451902061524,0.0019984245300292,67,8455,7544.0,1821.0,1590.0,90,85,85,81
0.9499999999999995,0.6800000000000004,1191.930707218675,246.1578816587084,4.131620567274053e-06,0.5404687284545616,0.5682122332499859,0.9520306359101012,0.950473175422356,0.0009992122650146,63,8981,7750.0,1957.0,1633.0,86,82,80,78
0.9499999999999995,0.6900000000000004,1135.747274614767,236.89524894847293,4.862159637012032e-06,0.6486863841154697,0.7272603938570321,0.9561340257684736,0.9546041081686778,0.0020003318786621,61,9408,8129.0,2038.0,1716.0,83,80,82,76
0.9499999999999995,0.7100000000000004,366.3136385915515,148.61741608450998,1.0480079211385314e-06,0.9735643398334712,0.8819720430437088,0.996410445659732,0.9893562478318576,0.0009999275207519,78,9733,8853.0,2160.0,1878.0,99,98,97,94
0.9499999999999995,0.7500000000000004,1012.261054205122,193.1994390670272,5.523316826888344e-06,0.8325466793218226,0.895481862602227,0.969643620356232,0.9738841054429208,0.0009987354278564,57,10762,9879.0,2296.0,2103.0,80,77,74,73
0.9499999999999995,0.8000000000000005,1119.780025774013,213.5140869032356,8.701014250533992e-06,0.8935177879338344,0.9351353110546444,0.965440764501892,0.9716258795362566,0.002000093460083,51,12334,12307.0,2667.0,2659.0,74,70,70,67
0.9499999999999995,0.8400000000000005,1087.944969721749,251.7539615236613,3.5996636249941878e-06,0.8631868906050999,0.8340664802594077,0.9805804746846858,0.9764983340398828,0.0009999275207519,65,12778,11730.0,2809.0,2510.0,87,85,81,81
0.9499999999999995,0.8500000000000005,1055.8749514234526,207.1065678214542,7.708023870383292e-06,0.9143552456154512,0.9445152473871624,0.9759014378253802,0.9789106672288208,0.0019986629486083,54,13387,13109.0,2924.0,2836.0,75,73,72,70
0.9499999999999995,0.9600000000000006,989.553836796345,185.42400390588537,8.700454767500416e-06,0.9590156300247014,0.9755302105248675,0.9844360698648806,0.98803201234951,0.0019958019256591,51,16441,16282.0,3625.0,3557.0,74,71,70,68
0.9499999999999995,0.9700000000000006,1186.866272003315,267.4349052973986,5.362301337997474e-06,0.9275931559275624,0.9356228036421024,0.981526326562038,0.9789916021910128,0.0009968280792236,58,16486,14656.0,3601.0,3158.0,81,79,78,76
0.9499999999999995,0.9800000000000006,1073.2069171210749,208.50654248936547,7.829587713030971e-06,0.9512989629301472,0.968914539655099,0.9840183185753704,0.9866745041033478,0.0010082721710205,54,17286,16424.0,3786.0,3584.0,77,74,74,71
0.9599999999999995,0.22000000000000003,238.94825974116932,57.22761571129799,1.5180297837342492e-05,-58316.54760057628,-37032.61963190184,-24317.922756111617,-30852.778213935228,0.0029997825622558,4,10,735.0,2.0,172.0,1,99,21,99
0.9599999999999995,0.25000000000000006,339.4801018960218,80.31662602890304,1.3218124244157673e-05,-438345.6578621544,-106160.08571428568,-56573.38637758234,-91743.14814814816,0.0029942989349365,4,10,1003.0,2.0,230.0,1,99,7,99
0.9599999999999995,0.26000000000000006,43.34623205462423,11.545652139802815,1.515066832466126e-05,-0.7797958136536467,-0.7159139160167161,-0.7469609732323901,-0.67395706340029,0.002997875213623,4,146,6.0,40.0,1.0,100,4,100,4
0.9599999999999995,0.3100000000000001,13.394650673558704,3.400367627183861,1.8667962696308023e-05,-1.2839462517680342,-0.8431202975006489,-1.2590304163808557,-0.792751469733187,0.0019972324371337,4,31,3.0,10.0,1.0,98,4,97,4
0.9599999999999995,0.3300000000000001,0.1443375672974064,0.0,0.0,0.8945054945054945,1.0,0.9903526120302928,1.0,0.0029971599578857,4,10,3.0,0.0,0.0,1,4,1,4
0.9599999999999995,0.34000000000000014,3.513367330638799,0.3227486121839514,5.959934078005997e-06,-3.335365853658536,0.0153846153846153,-1.503221445319927,0.0909090909090907,0.0030004978179931,4,10,5.0,2.0,1.0,1,4,6,4
0.9599999999999995,0.38000000000000017,98.73628596755432,24.23753975413621,1.0425976803134608e-05,-0.5693373130323964,-0.5598845216349064,-0.5429709216035119,-0.5289721460618986,0.0029993057250976,4,317,7.0,77.0,0.0,100,4,98,4
0.9599999999999995,0.4400000000000002,838.3754379751354,208.24717385037104,9.289134929837088e-06,-0.4687416772119259,-0.4990602171386251,-0.4426265050976463,-0.4700786755076029,0.0029985904693603,4,2633,5.0,656.0,1.0,100,4,100,5
0.9599999999999995,0.48000000000000026,27.964262908219126,47.05316142407437,1.6731792637347936e-07,0.9793197411318184,0.0679307557591269,0.9999593923239538,0.9980488938907156,0.0,95,3771,3788.0,909.0,876.0,100,99,100,99
0.9599999999999995,0.5200000000000002,584.7446201833184,156.0266403534986,3.7694944904743353e-06,-0.2799895760052846,-0.2993956610760135,-0.2625638794654998,-0.2808296646887891,0.0040004253387451,4,2137,47.0,561.0,10.0,100,99,100,97
0.9599999999999995,0.5500000000000003,25.204874811942915,38.3275357934736,3.896374347381724e-07,0.997076564355967,0.8542304576751721,0.999963363503247,0.9986974676845158,0.0009975433349609,93,4486,4450.0,1087.0,1068.0,100,99,100,99
0.9599999999999995,0.5600000000000003,613.3389843124431,170.63874309535126,2.9243147813083435e-06,0.5349417391374464,-0.2906877842205064,0.9781373349102014,0.961862760054068,0.00099778175354,69,6160,5770.0,1306.0,1208.0,92,85,87,82
0.9599999999999995,0.5700000000000003,337.96988031479964,129.48080938888202,1.8195104589034817e-06,0.8851711409947389,0.217684454092577,0.9943667526889014,0.9827918078056144,0.001000165939331,75,6340,6102.0,1393.0,1281.0,95,91,90,88
0.9599999999999995,0.6500000000000004,1224.295828573335,297.1731180119856,2.688594423868149e-06,0.4841722970763983,-0.1204158161876813,0.9517354568290896,0.9378490319349524,0.0009980201721191,71,8415,6815.0,1808.0,1426.0,94,89,88,85
0.9599999999999995,0.6700000000000004,215.15552514402228,73.76110085946385,3.5239185477637e-07,0.9543212116600086,0.8884003843127538,0.9977278347767188,0.9962313317137196,0.0009975433349609,90,6153,6579.0,1506.0,1671.0,100,99,100,99
0.9599999999999995,0.7000000000000004,1020.9620113262924,240.4800556030731,3.665118092399752e-06,0.7356844611467304,0.6206887820547247,0.9695962553404172,0.9614675488262066,0.001000165939331,65,9605,8385.0,2086.0,1773.0,87,84,85,81
0.9599999999999995,0.7200000000000004,836.8913395929691,202.77778125679487,3.5742272078236363e-06,0.8439069509448607,0.7760338458728904,0.9814819183052688,0.97515486124666,0.0009996891021728,65,10067,9760.0,2184.0,2084.0,87,84,84,81
0.9599999999999995,0.7300000000000004,1207.171023903565,250.44346382253332,6.32628452367233e-06,0.7366864457490225,0.8049061228031937,0.9546191421132691,0.9539138092059508,0.002000093460083,58,10392,8821.0,2257.0,1865.0,80,77,77,74
0.9599999999999995,0.7400000000000004,1000.7445700299576,232.18431375860763,4.0467602490197884e-06,0.7949648278428385,0.7413339774600114,0.9747947615633769,0.9685513198218644,0.0009994506835937,64,10358,9597.0,2241.0,2042.0,86,83,82,80
0.9599999999999995,0.8100000000000005,945.5663166012783,198.36273018708107,6.528796214379432e-06,0.9042415390938172,0.9312504106857978,0.9783474417753708,0.9784864695978636,0.0020017623901367,56,12096,11475.0,2701.0,2459.0,78,76,74,73
0.9599999999999995,0.8200000000000005,1219.7236087811789,253.19454431864693,6.874108411025525e-06,0.8502950893296928,0.8916275777388263,0.9663944951024231,0.9666690270043546,0.0010011196136474,56,12579,11079.0,2740.0,2364.0,79,77,77,73
0.9599999999999995,0.8400000000000005,1041.930710394486,221.93651297042965,3.938156481682011e-06,0.8893447522742899,0.8972702491370933,0.9807573901853388,0.9800621216521184,0.0019974708557128,62,13035,12512.0,2840.0,2695.0,84,82,81,79
0.9599999999999995,0.8800000000000006,1010.078792306158,195.39671184541464,9.162292412261828e-06,0.9356248173186816,0.958686869395608,0.9791470873103564,0.9823415900690384,0.0019998550415039,52,14097,13322.0,3098.0,2871.0,74,72,72,69
0.9599999999999995,0.9700000000000006,1020.0726689800094,195.40372408072315,1.0387961140699224e-05,0.9606892206465968,0.9752595376383684,0.9825033357471512,0.9862223219151248,0.0009973049163818,48,16470,16410.0,3683.0,3584.0,70,68,67,65
0.9699999999999995,0.2,35.73207592625987,8.780304664417972,1.640687386984877e-05,-1.1326400709888271,-1.2118947997609086,-1.068123852223405,-1.122308759936224,0.0040116310119628,4,85,5.0,25.0,1.0,98,4,90,4
0.9699999999999995,0.21000000000000002,6.219090233573826,2.005201569252661,1.415450844351209e-05,-0.4393564956146727,-1.145561924613514,-0.4330872164606258,-1.0712599270229664,0.0029973983764648,4,20,5.0,6.0,1.0,85,4,91,4
0.9699999999999995,0.22000000000000003,22.462468697807907,5.1020829079896375,1.4526557320295654e-05,-1.6742626443871256,-1.189244682113101,-1.6303571166750563,-1.1007767577927972,0.0029973983764648,4,49,7.0,15.0,0.0,95,4,95,4
0.9699999999999995,0.23000000000000004,85.84645935234215,21.958056607996983,1.284979970380932e-05,-0.7808262078471295,-0.7202053924817435,-0.738153200155742,-0.6736239796794634,0.0025033950805664,4,251,4.0,65.0,1.0,100,4,98,4
0.9699999999999995,0.2800000000000001,1.567907310185565,0.3818813079129867,1.0711945901216792e-05,0.4790167176397546,0.1515151515151515,0.5931034482758621,0.1545893719806762,0.0029983520507812,4,10,6.0,2.0,2.0,1,4,5,4
0.9699999999999995,0.3000000000000001,295.3637940461446,70.425862318706,1.1973473406001864e-05,-0.6655713342067164,-0.6959623923664227,-0.6260186941540471,-0.6510080597693206,0.0029971599578857,4,813,7.0,199.0,0.0,100,4,99,4
0.9699999999999995,0.3100000000000001,0.7216878364870323,0.3061862178478972,4.658304585421821e-06,0.0963855421686743,-0.0601226993865029,0.8211475175275433,0.0384615384615382,0.0030000209808349,4,10,2.0,2.0,0.0,1,4,21,4
0.9699999999999995,0.3200000000000001,1478.8978511603384,313.23023015560506,8.199757672984495e-06,-5530.883063687264,-3763.5343725019984,-5484.763008826482,-3690.081554516633,0.0029962062835693,4,83,3015.0,24.0,627.0,99,88,99,84
0.9699999999999995,0.38000000000000017,364.0966275134482,90.84997936158268,8.140819199240368e-06,-0.5034624664421148,-0.5208523940713479,-0.4762007440505897,-0.4903799817488141,0.0029973983764648,4,1203,7.0,308.0,1.0,100,4,100,4
0.9699999999999995,0.4000000000000002,0.478713553878169,0.2282177322938192,2.2105929297620397e-06,0.7066259202667036,0.1111111111111111,0.9369175627240144,0.3206521739130433,0.0029971599578857,4,10,5.0,1.0,1.0,1,4,2,4
0.9699999999999995,0.4400000000000002,20.428737928059416,5.507570547286102,3.000708686598101e-07,0.987459140370149,0.9704801038062284,0.999974831740726,0.9999663179740482,0.0,94,3580,3578.0,787.0,793.0,100,99,99,99
0.9699999999999995,0.49000000000000027,59.80663285400151,58.00574684172825,7.574916392832839e-07,0.9875532085569058,0.6346779666128812,0.9997661985901798,0.9961394675814066,0.0010008811950683,88,4843,4686.0,1141.0,996.0,100,99,100,98
0.9699999999999995,0.5200000000000002,282.8504347195751,100.84954922530576,1.2351805155209195e-06,0.8926383632485081,0.4715502573020261,0.9954531807668716,0.98866275862163,0.0009980201721191,81,5757,5227.0,1236.0,1094.0,100,96,93,93
0.9699999999999995,0.5300000000000002,48.84541943724099,32.802438933713454,3.301567054678901e-07,0.9888994057718786,0.8620929967097293,0.9998561125838274,0.9989329094537622,0.001000165939331,92,4509,4579.0,1018.0,1075.0,100,99,100,99
0.9699999999999995,0.5800000000000003,800.0976629576356,176.85350480598953,4.582737415520372e-06,0.5049493511066758,0.5896259887840166,0.9635330645457358,0.957362998005626,0.0019984245300292,63,6893,6362.0,1444.0,1337.0,86,80,78,76
0.9699999999999995,0.5900000000000003,361.114407611515,119.37561920902635,1.7216464834985084e-06,0.9296933401956268,0.692824158153007,0.994632665220504,0.9875931871268376,0.0010032653808593,74,7265,7158.0,1555.0,1517.0,94,91,92,88
0.9699999999999995,0.6000000000000003,281.6930182339263,108.42990121853322,1.401835110440175e-06,0.9557725505398288,0.7385185466090439,0.99684221066527,0.990656266557698,0.0010008811950683,77,7302,6881.0,1559.0,1450.0,98,94,93,90
0.9699999999999995,0.6400000000000003,1153.1284556779085,262.55296384449633,3.5889748027520748e-06,0.4612765905714241,0.1744668692865533,0.950584137866686,0.9403757588537932,0.0019989013671875,66,8176,6940.0,1774.0,1457.0,87,85,85,81
0.9699999999999995,0.6700000000000004,883.3906785273948,220.83093766567907,3.293616351536933e-06,0.7744642240100608,0.5815932659987413,0.9758951846120932,0.966064089313812,0.0009996891021728,67,9037,8011.0,1932.0,1692.0,88,86,88,83
0.9699999999999995,0.6900000000000004,1011.0500761140648,212.42688033104352,4.916571056976968e-06,0.7226470033107492,0.7854866312643369,0.9656062858511472,0.9642743614709324,0.0019984245300292,61,9478,8633.0,2038.0,1833.0,83,80,82,76
0.9699999999999995,0.7000000000000004,965.0712561317764,221.33624939019288,3.41910305775999e-06,0.7668913748000603,0.6646313225798515,0.9743620476818876,0.9688086803085952,0.0009989738464355,66,9624,8724.0,2045.0,1848.0,89,85,85,81
0.9699999999999995,0.7200000000000004,763.4265540628488,219.5300623510641,2.165625073563393e-06,0.8931844366918517,0.6958907230091855,0.9864363355202328,0.9763859351776516,0.0014097690582275,71,10085,9245.0,2181.0,1966.0,95,90,89,87
0.9699999999999995,0.7400000000000004,656.6052847792196,180.5416330102284,2.506082020890085e-06,0.924538266429946,0.8219830379821369,0.9905815775777956,0.9840684331530896,0.0009999275207519,68,10620,10449.0,2394.0,2240.0,89,87,86,84
0.9699999999999995,0.7800000000000005,1204.4459525572656,273.1102534258203,5.37611901550723e-06,0.7856689846045068,0.7833788931548187,0.9678477203217531,0.9621535730967344,0.0019986629486083,62,11537,10073.0,2473.0,2139.0,84,82,80,78
0.9699999999999995,0.8100000000000005,865.9327341081407,182.8216343871808,9.872003280703188e-06,0.9416981514226866,0.955963380372607,0.9776433186766949,0.9781454831672306,0.0020065307617187,48,12151,11722.0,2668.0,2515.0,70,68,68,64
0.9699999999999995,0.8200000000000005,1102.6825852079692,234.0797419286756,6.746952989242341e-06,0.8826433703329627,0.9132569341559648,0.97364661551426,0.9730322025302064,0.0009975433349609,57,12721,11603.0,2782.0,2486.0,80,77,76,73
0.9699999999999995,0.8700000000000006,1000.591452998652,187.2535900236473,6.370110957464252e-06,0.9265183755616068,0.9574679072939204,0.98213014883087,0.9858157742745994,0.0009996891021728,57,14167,14050.0,3098.0,3057.0,79,76,76,73
0.9699999999999995,0.8900000000000006,1103.9664653066864,210.42038667970075,8.954040560030765e-06,0.9241199156298872,0.9536742364656792,0.9777409938264588,0.9817409109875058,0.0019996166229248,54,14657,14190.0,3209.0,3075.0,76,74,72,70
0.9699999999999995,0.9000000000000006,914.29526594713,180.63337639170305,1.0146298027810717e-05,0.9541159752629352,0.9693966156015528,0.9843089534045522,0.9863142468802176,0.0010004043579101,52,14807,14058.0,3253.0,3042.0,73,72,72,69
0.9699999999999995,0.9200000000000006,979.728644774309,201.56485632259367,8.223341046293442e-06,0.9475011855748958,0.9634727357390102,0.9837910751244344,0.9847409016126822,0.0019984245300292,54,15255,14285.0,3397.0,3087.0,76,74,74,70
0.9699999999999995,0.9500000000000006,956.9249428005552,209.0013801941913,1.0766230712840302e-05,0.963848156156688,0.9699297657834092,0.98393086818702,0.9833694280700274,0.0010027885437011,48,16147,14957.0,3685.0,3241.0,70,69,68,65
0.9699999999999995,0.9600000000000006,1016.793559606444,201.65883495221755,1.069318752493702e-05,0.9563682654522436,0.9706250170823,0.9833733732265064,0.9855508743416757,0.0019996166229248,51,16508,15371.0,3583.0,3334.0,74,71,70,68
0.9699999999999995,0.9800000000000006,1015.1523598581102,203.91751504266736,1.009961052492338e-05,0.9625802896119028,0.9738380036137076,0.983916731600198,0.9858549966730608,0.0019986629486083,49,17170,15908.0,3751.0,3459.0,71,69,70,66
0.9799999999999995,0.22000000000000003,8.38214869032199,2.0,1.958151726730849e-05,-1.0322960312602985,-0.8465237427369265,-1.002077767883645,-0.7964071856287431,0.0033824443817138,4,22,3.0,6.0,0.0,100,4,92,4
0.9799999999999995,0.26000000000000006,346.47441584240147,79.04007422398674,5.620486699836409e-06,-22.75316383132268,-18.227962979722868,-22.065339567204926,-17.600150601475498,0.0034918785095214,4,291,1235.0,70.0,275.0,100,99,98,99
0.9799999999999995,0.2700000000000001,23.52547378198081,4.877670208887299,9.074484525463296e-06,-615.0860007247252,-310.45454545454555,-187.8699299704951,-309.3260869565218,0.0039997100830078,4,10,53.0,1.0,11.0,1,99,5,97
0.9799999999999995,0.3100000000000001,109.21318983224204,28.015806550350582,8.2818799088017e-06,0.1823088049130964,0.1042596155977495,0.1951472123322486,0.1213701816251637,0.0020008087158203,4,453,96.0,105.0,21.0,100,99,100,99
0.9799999999999995,0.35000000000000014,206.0560451673282,50.977527728728994,1.235973870497779e-05,-0.5123533467198571,-0.5181180979025553,-0.4861734798849639,-0.4877923688887298,0.0039970874786376,4,661,4.0,165.0,1.0,100,4,99,4
0.9799999999999995,0.4000000000000002,365.157571581548,92.60140837661883,9.29615970819794e-06,-0.4731399855647467,-0.4795322711465004,-0.4479350636470169,-0.4524521397715717,0.0040321350097656,4,1203,7.0,299.0,1.0,100,4,100,4
0.9799999999999995,0.4200000000000002,160.27096196753797,43.18902252501979,1.2562461145023522e-05,-0.4239747427009868,-0.4132340411398785,-0.4045534779050037,-0.3916544101218013,0.0045294761657714,4,589,6.0,163.0,0.0,100,4,100,4
0.9799999999999995,0.5000000000000002,495.08637714376,134.04181561487945,3.766726680272736e-06,-0.2313076876664415,-0.2662110581934085,-0.2145574433614361,-0.2476544705440069,0.0029988288879394,4,1890,69.0,499.0,15.0,100,99,100,99
0.9799999999999995,0.5500000000000003,289.49141226947955,111.91266436129756,1.294182918043428e-06,0.910672653433591,0.5445877371602185,0.9955784006697964,0.9877533022976712,0.0009999275207519,82,6148,5490.0,1337.0,1147.0,100,98,97,94
0.9799999999999995,0.5700000000000003,942.6277272911424,233.59366429764316,3.3459055322849272e-06,0.1379992052130478,-0.5746672858280704,0.9528159656035348,0.933721627675808,0.0009992122650146,69,6556,5590.0,1394.0,1166.0,90,85,89,81
0.9799999999999995,0.5800000000000003,99.74703297960944,41.72106253229332,5.536250099793116e-07,0.992689105581284,0.9570335708138464,0.9995604214915996,0.9986172385813252,0.001002550125122,83,6864,6662.0,1483.0,1406.0,100,99,99,96
0.9799999999999995,0.5900000000000003,237.81058639177525,97.94449959032922,9.18366345166951e-07,0.95993204401389,0.8193684899281075,0.9973708562660292,0.9923025211011172,0.0,84,6702,6225.0,1531.0,1320.0,100,99,99,97
0.9799999999999995,0.6000000000000003,539.6560412495563,166.53603213719245,2.339923018405925e-06,0.8255438535692287,0.4020103433734994,0.9880097837125416,0.975559787976532,0.0019960403442382,72,7298,6803.0,1584.0,1434.0,92,89,90,85
0.9799999999999995,0.6100000000000003,325.3493388769867,121.43801837848108,1.813574283803824e-06,0.9473249091087586,0.6824349323988965,0.9960651598897088,0.9885413533430132,0.0010030269622802,74,7492,7491.0,1651.0,1588.0,94,91,89,88
0.9799999999999995,0.6700000000000004,996.2603073494396,226.95040364424491,3.9458676107020165e-06,0.6705660754357103,0.6088688212743907,0.9676788054060518,0.9607335389653576,0.0019986629486083,65,8967,8105.0,1945.0,1714.0,87,83,81,80
0.9799999999999995,0.6800000000000004,413.23851959137846,139.2063483013882,1.502360694398238e-06,0.9604624831622462,0.83894694763513,0.9952651085714004,0.98896353891614,0.0,73,9130,8793.0,1999.0,1870.0,95,92,92,88
0.9799999999999995,0.7200000000000004,873.2622224114067,212.33992188056024,3.124006286549996e-06,0.8415926396021509,0.7336445712935817,0.9814492940966676,0.9752575391695538,0.001000165939331,67,10219,9466.0,2222.0,2015.0,89,86,84,83
0.9799999999999995,0.7400000000000004,1033.5602938156928,225.89425465406217,6.793571374071098e-06,0.8205786676797251,0.853202628640874,0.9685814962394264,0.965132176978521,0.0019996166229248,58,10622,9476.0,2327.0,2014.0,80,78,77,74
0.9799999999999995,0.7600000000000005,1516.1131684458398,323.99519089167086,6.9494160164339184e-06,0.6831930630903243,0.7534148745147166,0.9363586113552864,0.9321199249609876,0.0019986629486083,57,11221,8855.0,2449.0,1866.0,79,77,77,74
0.9799999999999995,0.8700000000000006,998.867935301716,200.46277980452265,7.781531449851827e-06,0.9314140965814452,0.9550042017197258,0.9802392617757616,0.9822887451878078,0.0020232200622558,54,13863,13551.0,3029.0,2929.0,77,74,73,71
0.9799999999999995,0.8900000000000006,940.3148268979972,200.72375623176612,4.154193638615762e-06,0.9313338691427164,0.9405617190927632,0.9870580780713024,0.9866946925598246,0.0012323856353759,62,14548,14168.0,3159.0,3073.0,85,82,80,79
0.9799999999999995,0.9800000000000006,909.810889441017,193.70272443759137,1.179413502284212e-05,0.9717894349714806,0.977106377349098,0.9857336102330392,0.9859970729513188,0.0020241737365722,45,16781,15564.0,3750.0,3376.0,68,65,63,62
0.9799999999999995,0.9900000000000007,872.3508137829025,190.7210508328046,1.288582269691466e-05,0.9747174378240756,0.9789218496579798,0.9883708005528404,0.9880185597393808,0.0023138523101806,48,17381,16239.0,3886.0,3537.0,71,68,66,65
0.9899999999999995,0.25000000000000006,75.92540198554543,18.705224314791487,1.377739431563467e-05,-0.9013706166427436,-0.7901254375324425,-0.850029125669953,-0.7352818250810707,0.0030045509338378,4,200,3.0,55.0,0.0,100,4,97,4
0.9899999999999995,0.34000000000000014,358.85502237440306,83.6088362555059,4.120067437029273e-06,-6.414911476887014,-5.952741359860228,-6.259500395134313,-5.790661886193104,0.0048844814300537,4,496,1506.0,131.0,340.0,100,99,100,99
0.9899999999999995,0.3900000000000002,424.952141913259,108.81516246982004,4.932615357769006e-06,-0.3093499391872369,-0.3488282338687942,-0.2865152297129218,-0.3231097025650931,0.0040013790130615,4,1467,64.0,360.0,14.0,100,99,99,99
0.9899999999999995,0.4000000000000002,600.0337056504965,147.8296809958451,1.0283651188575193e-05,-0.5092580303302301,-0.528513742160627,-0.4808814081908188,-0.4975762030528783,0.0029983520507812,4,1871,8.0,464.0,0.0,100,4,100,4
0.9899999999999995,0.45000000000000023,1836.7574009650807,381.9264354340157,3.5554563210381e-06,-5.266350324018887,-3.5014515508786905,-5.154210936972542,-3.413337535980963,0.003171682357788,4,2827,4915.0,704.0,1032.0,100,82,100,78
0.9899999999999995,0.49000000000000027,94.37226817238208,50.61002865045622,8.762319720166445e-07,0.9443680117433944,0.7003867439667211,0.9994259367750212,0.9972261194087112,0.0,92,4196,4045.0,984.0,902.0,100,99,100,99
0.9899999999999995,0.5000000000000002,531.6654454008961,140.5685998009513,9.006379358501892e-06,-0.3506382651335717,-0.3534376144563411,-0.3330285657704159,-0.3346986662427713,0.0030000209808349,4,1894,6.0,504.0,1.0,100,4,100,4
0.9899999999999995,0.5300000000000002,69.40461079784254,53.94956492461784,3.597522940166355e-07,0.9836998670345428,0.73488153982484,0.9997183371184944,0.9971948023807832,0.0,91,4842,4949.0,1193.0,1164.0,100,99,100,99
0.9899999999999995,0.5500000000000003,178.38535066908756,100.52307639984409,1.2826152525249642e-06,0.9648283274472252,0.6745259652305742,0.998260352430074,0.9900491578865708,0.0010056495666503,82,6104,5605.0,1349.0,1171.0,100,98,100,94
0.9899999999999995,0.6000000000000003,700.0547862158387,192.0944019466972,2.374430091560689e-06,0.7464811854127147,0.2714128382937397,0.9815291929748547,0.9703563361748164,0.0019993782043457,73,7578,6703.0,1716.0,1411.0,92,90,89,86
0.9899999999999995,0.6100000000000003,743.4310002777078,217.90314960710333,1.7730330093269223e-06,0.7659305872709014,0.3127657992223304,0.9784500674672242,0.9640446697738334,0.0009984970092773,77,7595,6314.0,1631.0,1321.0,98,95,94,91
0.9899999999999995,0.6200000000000003,959.7984163354304,262.9411372658654,1.9940992302040537e-06,0.6808666825407346,0.1743270965349179,0.9669349984462282,0.9507521504760684,0.0026295185089111,76,7994,6433.0,1716.0,1346.0,99,94,94,90
0.9899999999999995,0.6300000000000003,586.3932443651078,185.5688950627632,2.024724764053402e-06,0.8578150191469347,0.462053111470813,0.9877824235773008,0.9745627868268644,0.0014724731445312,73,7850,7209.0,1687.0,1518.0,97,91,93,88
0.9899999999999995,0.6700000000000004,725.1791158051919,185.44987530327435,2.8014496602568684e-06,0.8390940193128602,0.6782662623506477,0.9837985935487475,0.976262049739432,0.0056872367858886,68,9013,8495.0,1963.0,1807.0,90,86,85,83
0.9899999999999995,0.7000000000000004,1050.4845058208602,244.61819353036807,3.4418751289731807e-06,0.727700195728447,0.5991980276037459,0.970667145026196,0.9638527451726348,0.0020005702972412,67,9783,8561.0,2102.0,1812.0,89,86,86,82
0.9899999999999995,0.7500000000000004,976.8484042460472,203.58757928475003,5.933399278134952e-06,0.8510719685164082,0.8901675373293084,0.974466335619256,0.9742104341954092,0.0009999275207519,59,10932,10340.0,2340.0,2211.0,80,78,76,75
0.9899999999999995,0.7900000000000005,1062.546961053696,216.06537076645216,7.4945559496206706e-06,0.8800016745996895,0.919818126246348,0.970575098537751,0.972409035386168,0.0019998550415039,55,11979,10921.0,2637.0,2337.0,78,75,73,71
0.9899999999999995,0.8000000000000005,1017.8484388377498,210.66983119986065,8.476114490366276e-06,0.90256160688411,0.9314111673408716,0.9747682909905624,0.9754611158168572,0.002000093460083,55,12418,11175.0,2709.0,2393.0,76,75,74,71
0.9899999999999995,0.8200000000000005,1134.7670465782835,243.49794660325168,8.537867374832245e-06,0.8976010553148829,0.9219251123788368,0.9676897017133708,0.966574758629618,0.0009987354278564,52,12820,11043.0,2847.0,2354.0,73,72,70,69
0.9899999999999995,0.9100000000000006,1015.9605345151492,206.3852819737508,1.1864423173136285e-05,0.9521454715691924,0.965390073209836,0.9794215724418516,0.981357103586518,0.0025129318237304,48,15274,14000.0,3299.0,3027.0,71,68,66,65
0.9899999999999995,0.9400000000000006,945.6340750636944,190.8840629549677,1.0022585367167033e-05,0.9623028265707804,0.9733907340839754,0.984176212797688,0.9858730956687062,0.0019962787628173,49,15997,14948.0,3457.0,3241.0,71,69,68,66
0.9899999999999995,0.9500000000000006,1020.8500629690092,216.78506857587496,1.0233261018921988e-05,0.950542969782886,0.9633123307144948,0.9833085529005072,0.983419751240197,0.0019943714141845,53,16018,14637.0,3499.0,3163.0,75,73,71,69
