beta,alpha,rmse_I,rmse_Inc,rmse_Beta,r2,r2_Inc,r2_full,r2_Inc_full,time_predict,fraq_people,actual_peak_I,predicted_peak_I,actual_peak_Inc,predicted_peak_inc,actual_peak_day,predicted_peak_day,actual_peak_day_Inc,predicted_peak_day_inc
0.1,0.2800000000000001,0.5,0.1443375672974064,6.449944757502939e-06,0.5711094564408041,0.3118279569892472,0.9087591240875912,0.4791666666666667,0.1329376697540283,4,10,5.0,1.0,1.0,1,4,4,4
0.1,0.3200000000000001,0.3061862178478972,0.0,5.375791057465519e-06,0.7583216783216783,1.0,0.9553482833895616,1.0,0.0040011405944824,4,10,4.0,0.0,0.0,1,4,1,4
0.1,0.34000000000000014,1.0801234497346437,0.3679900360969936,6.698370676176706e-06,0.3127077473791868,-0.1073646850044367,0.6872469352992097,-0.1026293469041557,0.0047693252563476,4,10,4.0,2.0,0.0,1,4,16,4
0.1,0.35000000000000014,0.3679900360969936,0.1020620726159657,5.382821111831723e-06,0.8419252691576948,-0.0105263157894739,0.9558108705258508,-0.0101010101010103,0.0029985904693603,4,10,5.0,1.0,0.0,1,4,8,4
0.1,0.37000000000000016,0.2041241452319315,0.0,5.375791057465519e-06,0.717439293598234,1.0,0.981070465193318,1.0,0.0029983520507812,4,10,3.0,0.0,0.0,1,4,1,4
0.1,0.3900000000000002,2.449489742783178,0.3679900360969936,5.367537301205261e-06,-1.5044612527741283,-0.9289026275115913,-0.2307692307692308,-0.7015706806282722,0.0030004978179931,4,10,8.0,2.0,1.0,1,4,6,4
0.1,0.4300000000000002,3.24037034920393,0.5400617248673217,5.375791057465519e-06,-6.32425068119891,0.0,-1.98083747338538,0.0,0.0035133361816406,4,10,9.0,0.0,2.0,1,98,1,97
0.1,0.46000000000000024,5.620831788979279,1.1273124382057236,5.375791057465519e-06,-71.66483653606186,0.0,-9.440260232005782,0.0,0.0019998550415039,4,10,18.0,0.0,4.0,1,99,1,98
0.1,0.49000000000000027,4.379164684427081,0.8720187306856813,5.375791057465519e-06,-196.25,0.0,-11.732554118542076,0.0,0.0025112628936767,4,10,15.0,0.0,3.0,1,99,1,96
0.1,0.5000000000000002,15.407993055553993,3.6199677714955785,7.1867784704437694e-06,-229.23634641692092,-106.15882874889088,-98.18186169981284,-99.1592356687898,0.0021672248840332,4,10,53.0,2.0,13.0,1,99,8,99
0.1,0.5100000000000002,3.3819373146171707,0.7144345083117603,5.375791057465519e-06,-376.8064516129032,0.0,-4.597471451876018,0.0,0.0019996166229248,4,10,12.0,0.0,3.0,1,99,1,98
0.1,0.5300000000000002,52.91768371726034,13.400481956506887,5.566747294457992e-06,-1204.7275275649406,-2029.6061349693252,-618.9312794022691,-1840.7735042735048,0.002000093460083,4,10,192.0,2.0,50.0,1,99,8,99
0.1,0.5700000000000003,131.7528462690655,34.601150029057315,5.306853662180419e-06,-3746.015247687084,-7301.289874255461,-2387.450789009761,-7277.974034198857,0.0019993782043457,4,10,506.0,2.0,136.0,1,99,7,99
0.1,0.6100000000000003,154.95301707291793,42.046601130967375,5.368067322208782e-06,-8730.068181818182,-86664.53191489361,-4802.688729576527,-86590.83673469393,0.0019993782043457,4,10,631.0,1.0,174.0,1,99,7,99
0.1,0.6400000000000003,376.1607452273562,103.02573505359392,5.458123683402982e-06,-41636.200676905406,-33964.76666666667,-23765.01406676464,-33136.333333333336,0.0019996166229248,4,10,1551.0,2.0,429.0,1,99,14,99
0.1,0.6500000000000004,394.79935568589775,108.76120631916513,5.681103504414051e-06,-112937.59202767514,-94960.72822299648,-54809.20879120879,-94316.60797342192,0.0019960403442382,4,10,1646.0,1.0,457.0,1,99,6,99
0.1,0.6700000000000004,204.25726731257325,57.66209037718514,5.375791057465519e-06,-471779.39754601225,0.0,-18308.572571428565,0.0,0.0019986629486083,4,10,889.0,0.0,254.0,1,99,1,99
0.1,0.7000000000000004,664.4566859472482,186.6803473409382,5.375791057465519e-06,-980217.9274873524,0.0,-170244.2522493573,-3379349.505050506,0.0015094280242919,4,10,2858.0,1.0,804.0,1,99,2,99
0.1,0.7100000000000004,786.7460610535863,220.9745696152991,5.3499491904263576e-06,-451048.3922669407,-1612956.247311828,-202531.66641671504,-1610877.6941580751,0.0020012855529785,4,10,3382.0,1.0,948.0,1,99,11,99
0.1,0.7700000000000005,2684.5343598409518,697.2549225952681,5.076075994651983e-06,-2235439.5810642526,-1666848.4642857143,-1344040.9116075763,-1493974.19206146,0.0019991397857666,4,10,9947.0,3.0,2417.0,1,99,24,99
0.1,0.7900000000000005,2066.2849891169417,569.0384433410453,5.375791057465519e-06,-15923925.416835282,0.0,-2218538.815967523,0.0,0.0020005702972412,4,10,8576.0,0.0,2277.0,1,99,1,99
0.1,0.8100000000000005,3674.8382943448455,919.0137376557544,5.38536342143187e-06,-9097724.63508772,-14414271.0,-3310247.960780308,-14375935.170212766,0.0020020008087158,4,10,12429.0,1.0,2767.0,1,99,8,99
0.1,0.8300000000000005,4738.045361090372,1099.340559911562,5.384102295514707e-06,-8212879.177206145,-14224767.490421455,-3986810.989418381,-14166148.938949935,0.0023519992828369,4,10,12874.0,1.0,2780.0,1,96,7,93
0.1,0.8500000000000005,4344.231547648367,1072.8646961523154,5.375791057465519e-06,-40570924.30160952,-111662864.8526316,-6314680.896762053,-56377402.571428604,0.002000093460083,4,10,14161.0,1.0,3085.0,1,99,3,97
0.1,0.8900000000000006,5723.015005222334,1303.431816398541,5.364455800331155e-06,-37325426.63843206,-56119641.83870968,-10740489.083689157,-56047322.71134019,0.0019998550415039,4,10,15090.0,1.0,3285.0,1,95,6,92
0.1,0.9100000000000006,4043.0055458470497,1079.7630237695678,5.440006790913191e-06,-16740054.30214468,-7718982.862068965,-7630838.374635283,-7310597.693664272,0.0019993782043457,4,10,15783.0,2.0,3814.0,1,99,16,99
0.1,0.9300000000000006,6589.487611276514,1442.0617004541334,5.375791057465519e-06,-48335683.71554536,0.0,-15478255.69303033,0.0,0.0020036697387695,4,10,16268.0,0.0,3551.0,1,91,1,88
0.1,0.9500000000000006,7017.056046697931,1481.1302834884805,5.266648949328548e-06,-14935565.612381922,-10893087.137931038,-9107102.98813194,-10472386.071108898,0.0020089149475097,4,10,16334.0,2.0,3559.0,1,85,10,82
0.1,0.9900000000000007,7560.762907934622,1592.538389123896,5.444056663872724e-06,-24949510.795415804,-28679043.476073623,-12283945.350307776,-28610238.482961237,0.0020005702972412,4,10,17799.0,2.0,3909.0,1,84,14,80
0.11,0.2,0.2282177322938192,0.1020620726159657,5.6972711340321154e-06,0.7115384615384617,-0.0105263157894739,0.9642115811323456,-0.0101010101010103,0.0019996166229248,4,10,2.0,1.0,0.0,1,4,7,4
0.11,0.24000000000000005,0.3952847075210474,0.408248290463863,6.846180010633205e-06,0.8912715191784959,-0.0434782608695649,0.955621301775148,0.0117356392835088,0.0019991397857666,4,10,5.0,3.0,0.0,1,4,10,4
0.11,0.2700000000000001,0.8100925873009825,0.2700308624336608,7.3373448382601e-06,0.7115467162684218,0.0454545454545455,0.8476936466492603,0.1452991452991457,0.0019998550415039,4,10,7.0,1.0,1.0,1,4,4,4
0.11,0.2800000000000001,0.25,0.0,5.375791057465519e-06,0.9140811455847256,1.0,0.9807692307692308,1.0,0.0019981861114501,4,10,5.0,1.0,0.0,1,4,3,4
0.11,0.3000000000000001,0.3227486121839514,0.0,5.375791057465519e-06,0.7999583246509689,1.0,0.964659315804354,1.0,0.002002477645874,4,10,5.0,0.0,0.0,1,4,1,4
0.11,0.3100000000000001,1.0307764064044151,0.3227486121839514,6.54969696727579e-06,0.5641025641025641,-0.116279069767442,0.7617713004484304,-0.0214504596527067,0.0025122165679931,4,10,7.0,1.0,0.0,1,4,4,4
0.11,0.3300000000000001,0.4677071733467426,0.1020620726159657,5.378761012843186e-06,0.7599714251696631,-0.0105263157894739,0.9353348729792148,0.796334012219959,0.002000093460083,4,10,6.0,2.0,0.0,1,4,4,4
0.11,0.35000000000000014,0.8477912478906585,0.0,5.375791057465519e-06,0.5686376660588695,1.0,0.871448532836516,1.0,0.0019996166229248,4,11,8.0,1.0,0.0,3,4,3,4
0.11,0.36000000000000015,0.6614378277661477,0.25,6.395807221348478e-06,0.5875613747954174,-0.0285714285714282,0.8843962456304533,0.111111111111111,0.0030205249786376,4,10,5.0,2.0,0.0,1,4,22,4
0.11,0.4000000000000002,1.2950225223266711,0.0,5.375791057465519e-06,-1.7838616714697395,1.0,0.4887428154075767,1.0,0.0030000209808349,4,10,5.0,0.0,0.0,1,4,1,4
0.11,0.4100000000000002,2.432419919887737,0.3952847075210474,5.394853458610254e-06,-3.330712413628783,-2.789473684210527,-0.4941077441077444,-2.054989816700614,0.0029995441436767,4,10,6.0,2.0,1.0,1,4,10,89
0.11,0.4200000000000002,2.111476576553321,0.4330127018922193,6.4799780242102544e-06,-2.371184771906793,-0.9285714285714284,-0.4659542403068917,-0.9230769230769236,0.0029997825622558,4,10,6.0,2.0,1.0,1,99,16,92
0.11,0.46000000000000024,7.051890999346676,1.479019945774904,5.375791057465519e-06,-61.48179959100205,-211.2105263157895,-13.517698576815464,-211.12121212121215,0.0029988288879394,4,10,22.0,1.0,5.0,1,99,6,98
0.11,0.47000000000000025,8.870597499605086,1.9498931594662647,6.31061332101111e-06,-121.02322059565876,-55.24398073836276,-25.074350212281253,-55.06758832565283,0.0020005702972412,4,10,28.0,1.0,7.0,1,99,13,99
0.11,0.48000000000000026,5.2855936279664935,1.0944937947136415,5.375791057465519e-06,-120.049365303244,0.0,-11.229264511422192,0.0,0.0020017623901367,4,10,18.0,0.0,4.0,1,99,1,98
0.11,0.49000000000000027,9.03119593409422,2.002602473449653,5.375791057465519e-06,-220.60377358490555,-388.05263157894746,-38.5075432665624,-387.88888888888897,0.0030000209808349,4,10,31.0,1.0,7.0,1,99,5,98
0.11,0.5000000000000002,14.252558249895584,3.352548781648573,5.633532333242117e-06,-275.9782512205948,-271.5894736842106,-53.98815700428607,-183.7602739726028,0.0019993782043457,4,10,49.0,2.0,12.0,1,99,11,99
0.11,0.6100000000000003,154.93429386893874,42.007687788467166,5.375791057465519e-06,-47068.51489361702,-171188.22105263162,-10245.07620826108,-86430.63265306127,0.002000093460083,4,10,631.0,1.0,174.0,1,99,3,99
0.11,0.6200000000000003,223.47781396222163,60.7692013550724,5.3631776435000434e-06,-49682.56476683938,-121983.688172043,-13961.153819272547,-121826.49140893469,0.0029995441436767,4,10,914.0,1.0,252.0,1,99,8,99
0.11,0.6400000000000003,376.1386324659212,103.02229734382746,5.620691400823027e-06,-34839.80205215904,-35184.208633093534,-23466.596240237755,-34294.018512285424,0.0020003318786621,4,10,1551.0,3.0,429.0,1,99,24,99
0.11,0.7100000000000004,786.7460213330179,220.97452247563143,5.374846187212683e-06,-921404.4414472616,-4736997.736842106,-216201.3468199678,-4735004.050505051,0.0019993782043457,4,10,3382.0,1.0,948.0,1,99,8,99
0.11,0.7200000000000004,1287.164964498853,353.0760216771076,5.551725413523158e-06,-970816.0295015264,-665251.5952518818,-531519.4852292474,-637931.6759061834,0.0019969940185546,4,10,5312.0,2.0,1434.0,1,99,11,99
0.11,0.7500000000000004,1465.8364044405955,406.5993625999267,5.4708528333861326e-06,-1721330.8303198894,-1562683.2584615385,-690082.7409253622,-1442818.2727272732,0.0019993782043457,4,10,6166.0,2.0,1676.0,1,99,29,99
0.11,0.8200000000000005,3980.676600518644,980.729856832825,5.362826296299362e-06,-18293217.7899286,-31771450.52688172,-5256557.536922492,-31730507.934707902,0.0014469623565673,4,10,12927.0,1.0,2813.0,1,99,10,97
0.11,0.8400000000000005,4751.794222536718,1116.6082758365471,5.165340127321883e-06,-6175785.242469208,-4036050.355110643,-4603079.503705591,-3975228.093324477,0.001394510269165,4,10,13390.0,2.0,2894.0,1,97,5,94
0.11,0.8900000000000006,5859.245683461879,1312.8308670261629,5.433325759360828e-06,-34465389.410457514,-29414823.71111111,-11850536.406062352,-25416034.17665131,0.0019974708557128,4,10,14917.0,1.0,3245.0,1,93,4,90
0.11,0.9100000000000006,5745.997413961305,1343.7873328147327,5.341605287811477e-06,-19239957.113689534,-18573575.642857134,-10753095.359750308,-18520659.47008548,0.0029993057250976,4,10,16162.0,2.0,3545.0,1,96,13,93
0.11,0.9600000000000006,6943.649474219831,1534.182148437184,5.375791057465519e-06,-254929829.2237521,0.0,-26334601.469276283,0.0,0.0019991397857666,4,10,17648.0,0.0,3878.0,1,92,1,89
0.11,0.9700000000000006,6906.653474639509,1559.4995357752864,5.375791057465519e-06,-277538106.45454544,0.0,-27462540.367316328,0.0,0.0019996166229248,4,10,18304.0,0.0,4046.0,1,94,1,90
0.12,0.2700000000000001,0.5,0.1020620726159657,5.375791057465519e-06,0.8273251892378026,0.4893617021276596,0.9401122894572675,0.4897959183673466,0.0020077228546142,4,10,6.0,1.0,1.0,1,4,5,4
0.12,0.2800000000000001,0.3227486121839514,0.0,5.375791057465519e-06,0.5158850226928895,1.0,0.9371227364185112,1.0,0.001000165939331,4,10,2.0,0.0,0.0,1,4,1,4
0.12,0.2900000000000001,0.1020620726159657,0.0,5.375791057465519e-06,0.9687398241615108,1.0,0.9965635738831616,1.0,0.0020027160644531,4,10,4.0,0.0,0.0,1,4,1,4
0.12,0.3200000000000001,0.7971302695712079,0.2886751345948128,7.582480901135486e-06,0.312595375044019,0.0191570881226054,0.7211556043152313,0.0231990231990237,0.0019998550415039,4,10,4.0,1.0,1.0,1,4,5,4
0.12,0.36000000000000015,0.6535161308899218,0.1020620726159657,5.375791057465519e-06,0.5649386536973584,-0.0105263157894739,0.8652158190604556,-0.0101010101010103,0.0019996166229248,4,10,5.0,1.0,0.0,1,4,6,4
0.12,0.37000000000000016,1.1547005383792517,0.25,5.397124799744409e-06,0.1312217194570143,-0.0285714285714282,0.6623047699451245,-0.0273972602739729,0.0019998550415039,4,10,6.0,2.0,0.0,1,4,7,4
0.12,0.38000000000000017,0.7637626158259734,0.0,5.375791057465519e-06,0.1144786690825233,1.0,0.8385422673278746,1.0,0.003000259399414,4,10,5.0,1.0,0.0,1,4,4,4
0.12,0.3900000000000002,1.928406077567689,0.3535533905932738,5.571688364462379e-06,-0.3697841726618704,-0.2857142857142856,0.3288969095420708,-0.2820512820512824,0.0020074844360351,4,10,8.0,2.0,1.0,1,4,14,4
0.12,0.4100000000000002,2.888555002072836,0.5204164998665332,5.8156078421736775e-06,-3.4751207588896,-1.56,-1.184049079754601,-1.3636363636363642,0.0021700859069824,4,10,7.0,2.0,1.0,1,97,9,4
0.12,0.4300000000000002,2.817356917396161,0.4677071733467426,5.3971649250221765e-06,-9.84858371644668,-9.723404255319148,-1.9706444193208843,-6.216494845360822,0.0019986629486083,4,10,8.0,1.0,2.0,1,98,3,99
0.12,0.4400000000000002,3.4806010017428504,0.6123724356957945,5.376235687701217e-06,-12.929881472239554,-35.37894736842106,-3.2602293124290247,-35.363636363636374,0.001997947692871,4,10,10.0,1.0,2.0,1,98,8,95
0.12,0.45000000000000023,4.567776629097939,0.9013878188659972,5.946392892008196e-06,-44.88117394416607,-25.83870967741936,-7.291935750952144,-25.8041237113402,0.0020036697387695,4,10,14.0,1.0,3.0,1,99,12,97
0.12,0.48000000000000026,10.87667611604452,2.453738644055909,5.369565225415359e-06,-62.09444444444444,-583.0842105263159,-26.97290640394089,-293.89795918367366,0.0019958019256591,4,10,36.0,1.0,9.0,1,99,4,99
0.12,0.5600000000000003,55.29362907846316,14.378079380315947,5.375791057465519e-06,-5590.757094661637,-20053.9052631579,-1116.0656517602283,-20045.46464646465,0.0019996166229248,4,10,212.0,1.0,57.0,1,99,11,99
0.12,0.5800000000000003,66.00986353063709,17.51160329610056,5.558823586557664e-06,-4373.38954248366,-6210.305494505491,-1555.4109242446796,-5218.68085106383,0.0019998550415039,4,10,261.0,1.0,71.0,1,99,4,99
0.12,0.5900000000000003,122.75216393204644,32.82132817747224,5.934564690535578e-06,-19615.83175589772,-21818.428571428565,-4965.821178409561,-15884.560675883256,0.0019993782043457,4,10,488.0,1.0,133.0,1,99,2,99
0.12,0.6800000000000004,467.8365210377089,131.20681829335953,5.500382091268092e-06,-224747.215264624,-293805.5777777778,-85957.1778759614,-293024.1773049645,0.0029985904693603,4,10,2006.0,1.0,566.0,1,99,5,99
0.12,0.7000000000000004,1171.1783907316028,318.7271233620802,5.362985036691485e-06,-793695.7233000565,-2057637.6813186803,-329658.6409973964,-2053125.3157894744,0.0020003318786621,4,10,4767.0,1.0,1280.0,1,99,10,99
0.12,0.7600000000000005,2207.337210871959,587.9552757225672,5.363833917077865e-06,-4167373.75415313,-3704524.581395349,-1636670.702998705,-3389822.799795709,0.0020174980163574,4,10,8620.0,1.0,2193.0,1,99,4,99
0.12,0.7700000000000005,2692.8496503858755,698.9398072557226,5.401267528458008e-06,-2721060.239087947,-6395128.727272729,-1568019.017569151,-5726203.884004884,0.001997947692871,4,10,9965.0,1.0,2418.0,1,99,4,99
0.12,0.8100000000000005,3674.531326407492,918.9313426475344,5.301701287388041e-06,-5151352.502235469,-5419435.791086349,-2652089.6905370844,-5133991.526915767,0.0030004978179931,4,10,12428.0,2.0,2767.0,1,99,15,99
0.12,0.8700000000000006,4956.81343581741,1187.2607873097356,5.454281378208877e-06,-14471598.336358411,-10220899.582218727,-6792764.654878468,-10166825.821938394,0.0020031929016113,4,10,14750.0,2.0,3211.0,1,98,46,95
0.12,0.8800000000000006,5245.852925565743,1238.193416837612,5.375647375078898e-06,-67164949.8474576,-148729062.07368425,-13759485.458333338,-75091734.71428576,0.0018057823181152,4,10,15021.0,1.0,3272.0,1,97,4,94
0.12,0.9000000000000006,5783.329217998055,1328.4502954570787,5.375791057465519e-06,-56924579.11301939,0.0,-11761975.984504923,-171130199.00000003,0.0019989013671875,4,10,15589.0,1.0,3407.0,1,95,3,92
0.12,0.9100000000000006,6383.400736154149,1379.2848803818592,4.890234166185399e-06,-7967659.411100738,-3702018.682432433,-5628796.737999307,-3638830.858936043,0.0029773712158203,4,10,15249.0,4.0,3318.0,1,90,20,86
0.12,0.9300000000000006,6737.987763729366,1425.763311645146,4.8462535724766265e-06,-17306865.951687623,-5346544.150684931,-10819296.96941714,-5268597.75809935,0.0029969215393066,4,10,15623.0,2.0,3396.0,1,86,6,83
0.12,0.9900000000000007,7569.727771277511,1603.0823304912738,4.302426460613494e-06,-12274456.26574158,-3247934.9824465173,-10812529.1995086,-3191148.967662656,0.0019984245300292,4,10,18027.0,4.0,3960.0,1,85,27,82
0.13,0.2,0.338501600193165,0.1020620726159657,5.375791057465519e-06,0.9244635193133048,-0.0105263157894739,0.9715578539107952,-0.0101010101010103,0.0019991397857666,4,10,6.0,1.0,0.0,1,4,10,4
0.13,0.25000000000000006,0.2700308624336608,0.1767766952966369,5.69599668392099e-06,0.8879813302217037,0.2173913043478266,0.972758405977584,0.2187500000000002,0.002138614654541,4,10,4.0,1.0,1.0,1,4,5,4
0.13,0.2700000000000001,0.9071475440448852,0.3061862178478972,5.48412420113828e-06,0.7263180686370034,-0.0601226993865031,0.8318397581898296,-0.0575793184488842,0.0009973049163818,4,10,6.0,2.0,0.0,1,4,15,4
0.13,0.2800000000000001,0.3818813079129867,0.0,5.375791057465519e-06,0.9089924160346696,1.0,0.9642592734420872,1.0,0.001997947692871,4,10,7.0,0.0,0.0,1,4,1,4
0.13,0.3100000000000001,0.408248290463863,0.2282177322938192,7.319099214972277e-06,0.872636815920398,-0.0549450549450545,0.9529010037973564,-0.0526315789473683,0.0013394355773925,4,10,6.0,1.0,0.0,1,4,8,4
0.13,0.3200000000000001,0.5590169943749475,0.2041241452319315,8.183235123046447e-06,0.6496350364963503,-0.0434782608695645,0.876928126025599,-0.0416666666666665,0.0019993782043457,4,10,4.0,1.0,0.0,1,4,12,4
0.13,0.34000000000000014,0.4208127057650866,0.0,5.375791057465519e-06,0.782051282051282,1.0,0.9563867723646066,1.0,0.0020017623901367,4,10,6.0,1.0,0.0,1,4,4,4
0.13,0.37000000000000016,1.839950180484968,0.5590169943749475,8.23572240683143e-06,-0.6484387383103503,-0.25,0.0533337217092423,-0.2376237623762376,0.0019991397857666,4,10,3.0,2.0,0.0,1,4,9,4
0.13,0.3900000000000002,0.1443375672974064,0.0,5.375791057465519e-06,0.3118279569892472,1.0,0.9888709587669022,1.0,0.0019972324371337,4,10,1.0,0.0,0.0,1,4,1,4
0.13,0.4300000000000002,1.4754942674688143,0.1767766952966369,5.375791057465519e-06,-12.630434782608695,0.0,0.1829234919269714,0.0,0.0020012855529785,4,10,4.0,0.0,1.0,1,96,1,97
0.13,0.45000000000000023,4.388669122486528,0.82915619758885,5.375791057465519e-06,-29.19288994726995,0.0,-6.03148767873441,0.0,0.002000093460083,4,10,13.0,0.0,3.0,1,98,1,98
0.13,0.48000000000000026,9.05883546599672,2.0077973005261263,5.375791057465519e-06,-119.75490978764174,0.0,-28.07440212577503,0.0,0.001997947692871,4,10,30.0,0.0,7.0,1,99,1,98
0.13,0.5200000000000002,26.855516193139916,6.649718039135193,5.846856790565249e-06,-367.281914893617,-403.2857142857143,-163.30622463750925,-374.33156498673753,0.0029995441436767,4,10,96.0,1.0,25.0,1,99,4,99
0.13,0.5900000000000003,218.2416951455427,58.0294465479955,5.359419490284833e-06,-17417.765714285713,-57469.57777777778,-8078.062124531772,-57316.73049645389,0.0019991397857666,4,10,855.0,1.0,231.0,1,99,7,99
0.13,0.6600000000000004,254.35334674424868,71.1583474840912,5.398729857662697e-06,-172520.66666666666,-248218.74468085103,-22769.962419798358,-248007.6734693879,0.0019981861114501,4,10,1089.0,1.0,308.0,1,99,11,99
0.13,0.6700000000000004,639.1996867828811,176.03698711729115,6.087431572603432e-06,-254300.25102991823,-364743.33716475096,-99806.42258072725,-363240.26984126976,0.0035154819488525,4,10,2659.0,1.0,733.0,1,99,5,99
0.13,0.7000000000000004,356.90220999595954,102.03640077606292,5.635454985969092e-06,-100266.04748889653,-111570.75813953488,-45405.41639746018,-111054.22222222222,0.0049998760223388,4,10,1580.0,1.0,456.0,1,99,8,99
0.13,0.7100000000000004,1106.5435015548794,304.75281992132574,5.375791057465519e-06,-1984248.2365043077,-4552814.829787234,-468478.127974174,-3063892.8144329884,0.0019984245300292,4,10,4599.0,1.0,1253.0,1,99,4,99
0.13,0.7200000000000004,509.5075338828007,146.3367264223168,5.375791057465519e-06,-5079520.222929936,0.0,-133561.3613269735,0.0,0.0029988288879394,4,10,2271.0,0.0,655.0,1,99,1,99
0.13,0.7300000000000004,868.9449481507253,246.2838597702524,5.534385617222081e-06,-626907.2897297298,-763664.7049180327,-289666.0036764706,-762165.3612565452,0.002004861831665,4,10,3789.0,2.0,1070.0,1,99,8,99
0.13,0.7500000000000004,2130.537019059592,565.8126622390135,5.3655589906571904e-06,-2201859.9669982637,-15693865.04255319,-1001382.5072157364,-10561449.515463913,0.0019991397857666,4,10,8271.0,1.0,2101.0,1,99,4,99
0.13,0.7600000000000005,2206.376389203196,587.7755913895484,5.12678402820124e-06,-1749302.2261083168,-755383.3473309609,-1385769.6381212194,-737679.0266903911,0.0019998550415039,4,10,8620.0,2.0,2193.0,1,99,9,99
0.13,0.7700000000000005,2692.529984744831,698.8943351227471,5.438774445999028e-06,-4746617.2506393865,-6394296.636363639,-2177363.851082467,-4262864.090909092,0.0019989013671875,4,10,9964.0,2.0,2418.0,1,99,4,99
0.13,0.8300000000000005,4620.049972673456,1085.415751759051,5.615946085132753e-06,-5080428.90413223,-4039292.785714286,-3684183.7713910695,-4004964.509915014,0.0019989013671875,4,10,12994.0,2.0,2804.0,1,97,8,94
0.13,0.8700000000000006,5214.2241532977205,1218.086990599057,5.375791057465519e-06,-28528501.62188319,0.0,-9288471.661921708,0.0,0.002000093460083,4,10,14515.0,0.0,3160.0,1,96,1,93
0.13,0.8800000000000006,5735.873428657865,1282.6973207528997,5.281943292958356e-06,-7349620.830275119,-9897648.629242824,-4599823.395607595,-9429849.268656716,0.0019998550415039,4,10,14496.0,2.0,3146.0,1,93,13,90
0.13,0.9500000000000006,6735.498599615077,1501.4443150679947,5.375791057465519e-06,-405530291.7332688,-218694226.87368423,-17629639.4347474,-218602183.8484849,0.0019993782043457,4,10,17333.0,1.0,3808.0,1,93,5,90
0.13,0.9800000000000006,7400.142337454283,1551.8822274633685,5.0103773692258815e-06,-3509550.7131651416,-3135363.7599943485,-3171186.083406222,-3097540.412111468,0.0020003318786621,4,14,17196.0,5.0,3763.0,15,82,11,79
0.13,0.9900000000000007,7570.822278931573,1602.8792582932335,5.305575780899792e-06,-20070544.894904826,-13734308.271461718,-11774764.3549036,-13672133.368070956,0.0019996166229248,4,10,18023.0,2.0,3959.0,1,85,5,82
0.13999999999999999,0.21000000000000002,2.0966242709015206,0.4564354645876384,1.3330822093791463e-05,-0.8870877585243153,-0.16012084592145,-0.1638489754267909,-0.1111111111111111,0.0019996166229248,4,10,3.0,2.0,1.0,1,4,48,4
0.13999999999999999,0.22000000000000003,1.2950225223266711,0.2282177322938192,5.626917928658511e-06,0.2937305794187531,-0.0549450549450545,0.5724452942426174,0.1134751773049645,0.0034854412078857,4,10,4.0,1.0,0.0,1,4,4,4
0.13999999999999999,0.23000000000000004,0.478713553878169,0.0,5.375791057465519e-06,0.8487864251449846,1.0,0.9428927421866888,1.0,0.0019998550415039,4,10,6.0,1.0,0.0,1,4,3,4
0.13999999999999999,0.24000000000000005,0.3679900360969936,0.1443375672974064,5.47593588545478e-06,0.7203674658301592,-0.0212765957446807,0.9359574363269126,-0.0204081632653068,0.0020017623901367,4,10,3.0,1.0,0.0,1,4,9,4
0.13999999999999999,0.25000000000000006,0.7288689868556626,0.3227486121839514,7.840203373070655e-06,0.8015242419328685,-0.0714285714285714,0.8943902590544822,-0.0683760683760685,0.0020027160644531,4,10,6.0,2.0,0.0,1,4,6,4
0.13999999999999999,0.3200000000000001,0.8599903100229289,0.3061862178478972,9.0916580288058e-06,0.5477406940481722,-0.0601226993865031,0.8075411346940988,-0.0575793184488839,0.0020020008087158,4,10,6.0,2.0,0.0,1,4,26,4
0.13999999999999999,0.3300000000000001,1.3768926368215255,0.3952847075210474,6.460858932440059e-06,0.0610490111779881,-0.0917361637604248,0.5052196607220529,-0.0877447425670772,0.002000093460083,4,10,4.0,2.0,0.0,1,4,16,4
0.13999999999999999,0.34000000000000014,0.3227486121839514,0.1020620726159657,5.375791057465519e-06,0.8659966499162479,-0.0105263157894739,0.9645390070921986,0.8287671232876712,0.002000093460083,4,10,4.0,2.0,0.0,1,4,4,4
0.13999999999999999,0.36000000000000015,2.557668208870468,0.6454972243679028,7.178898311679363e-06,-1.76702772168166,-0.43070044709389,-0.8904843613594631,-0.4064697609001408,0.0019996166229248,4,10,5.0,2.0,0.0,1,4,63,4
0.13999999999999999,0.3900000000000002,1.0358169078880044,0.1020620726159657,5.463484275504903e-06,-0.7809798270893364,0.4893617021276596,0.5862789203084833,0.6563573883161513,0.0019974708557128,4,10,5.0,1.0,1.0,1,4,3,4
0.13999999999999999,0.4400000000000002,2.8975564417856186,0.4894725051862804,5.375791057465519e-06,-12.008742434431737,-22.2421052631579,-1.7160909856781803,-6.903780068728519,0.002000093460083,4,10,9.0,1.0,2.0,1,99,2,98
0.13999999999999999,0.46000000000000024,4.420595736624948,0.8720187306856813,6.019580680594028e-06,-32.90361445783134,-18.043478260869552,-7.911690656025842,-18.01041666666666,0.0020003318786621,4,10,14.0,1.0,3.0,1,99,5,97
0.13999999999999999,0.47000000000000025,10.3440804327886,2.3048861143232218,5.375791057465519e-06,-69.76512378902045,-259.4255319148936,-30.498574100763552,-259.2040816326532,0.0019998550415039,4,10,33.0,1.0,8.0,1,99,5,99
0.13999999999999999,0.49000000000000027,15.96610994158147,3.709503560675831,5.360120630625714e-06,-97.29757322175728,-154.6024539877301,-49.75177834463592,-140.1324786324787,0.0019989013671875,4,10,54.0,2.0,13.0,1,99,5,99
0.13999999999999999,0.5100000000000002,10.665364503850771,2.5020824660004046,5.386129919599228e-06,-189.22318998366904,-606.3263157894738,-40.87919463087249,-606.0707070707072,0.0019996166229248,4,10,38.0,1.0,9.0,1,99,13,98
0.13999999999999999,0.5400000000000003,49.765596382775655,12.637576244412273,5.5933255049054304e-06,-1250.6165825839005,-1508.6123076923077,-605.4559738802164,-1110.820159535895,0.002997875213623,4,10,184.0,2.0,48.0,1,99,4,99
0.13999999999999999,0.6700000000000004,396.92018771620405,110.94682472548128,5.382773720853458e-06,-270883.4358208955,-603411.5957446812,-61320.687479727545,-602898.4897959186,0.00199556350708,4,10,1695.0,1.0,478.0,1,99,6,99
0.13999999999999999,0.7100000000000004,623.8149097822741,176.875957005656,5.390550708310318e-06,-933947.1,-783486.8260869561,-145411.49464793116,-782126.6041666664,0.002000093460083,4,10,2724.0,1.0,774.0,1,99,6,99
0.13999999999999999,0.7300000000000004,1939.9253260972012,513.2432111095089,5.051377611363032e-06,-1112907.081632653,-1043258.8882681564,-712803.407702628,-995988.9566758568,0.0019989013671875,4,10,7478.0,2.0,1903.0,1,99,43,99
0.13999999999999999,0.7600000000000005,2400.6925302920404,630.8948258228149,5.441556614688948e-06,-2739146.013769273,-6550407.285714285,-1185360.13634416,-5001401.486910995,0.0020022392272949,4,10,9121.0,2.0,2269.0,1,99,11,99
0.13999999999999999,0.7800000000000005,2985.3806377216515,765.1567717903741,5.375791057465519e-06,-7115790.166941001,-28700235.08510638,-1987731.9360654217,-28675830.122449,0.0019989013671875,4,10,10735.0,1.0,2537.0,1,99,6,99
0.13999999999999999,0.8000000000000005,2342.5805971549125,638.8952949558063,5.366810419446026e-06,-10163683.565916397,-10222426.217391295,-1767843.463087248,-10204678.947916664,0.0019986629486083,4,10,9554.0,1.0,2490.0,1,99,7,99
0.13999999999999999,0.8100000000000005,3675.1362092104832,919.0316858429492,5.37451420931878e-06,-31441541.47436221,-27899679.68817204,-5006509.33244527,-27863726.49140894,0.002009630203247,4,10,12429.0,1.0,2767.0,1,99,8,99
0.13999999999999999,0.8700000000000006,5207.9764424390405,1217.3629585775425,4.835707963972415e-06,-3213628.451782524,-1779292.8030224077,-3036901.445794795,-1749714.4962489232,0.0019986629486083,4,12,14516.0,4.0,3161.0,33,96,37,93
0.13999999999999999,0.9300000000000006,6649.813358909657,1440.7944567726054,5.326036910896183e-06,-17530505.439540587,-8092803.54822335,-11189333.721526666,-8048678.806138935,0.0019993782043457,4,10,16115.0,2.0,3522.0,1,90,5,87
0.14999999999999997,0.21000000000000002,0.2041241452319315,0.0,5.375791057465519e-06,0.9554730983302412,1.0,0.9882280231907944,1.0,0.002000093460083,4,10,6.0,0.0,0.0,1,4,1,4
0.14999999999999997,0.2800000000000001,0.2041241452319315,0.0,5.375791057465519e-06,0.8459069020866774,1.0,0.9797979797979798,1.0,0.0019967555999755,4,10,4.0,0.0,0.0,1,4,1,4
0.14999999999999997,0.3000000000000001,0.6846531968814576,0.3061862178478972,5.907229514106504e-06,0.5403766358123205,-0.0601226993865031,0.8178137651821862,-0.0575793184488839,0.0039606094360351,4,10,3.0,2.0,0.0,1,4,15,4
0.14999999999999997,0.34000000000000014,0.924211375534118,0.2886751345948128,6.078675065031911e-06,0.7740982007059432,-0.0909090909090908,0.8655980069167856,0.0231990231990237,0.0030014514923095,4,10,8.0,1.0,0.0,1,4,3,4
0.14999999999999997,0.35000000000000014,0.1767766952966369,0.0,5.375791057465519e-06,0.8675862068965517,1.0,0.9848630102426964,1.0,0.0020010471343994,4,10,3.0,0.0,0.0,1,4,1,4
0.14999999999999997,0.36000000000000015,0.6535161308899218,0.1020620726159657,5.9127615242943695e-06,0.7220142665442475,-0.0105263157894739,0.8976918278228322,0.4897959183673467,0.0029981136322021,4,10,6.0,1.0,0.0,1,4,4,4
0.14999999999999997,0.38000000000000017,1.084934713857628,0.1443375672974064,5.844467448308526e-06,-0.6764024107556792,-0.0212765957446807,0.5971623115040462,-0.0204081632653065,0.0030012130737304,4,10,5.0,1.0,0.0,1,4,18,4
0.14999999999999997,0.4000000000000002,2.313907229485804,0.3679900360969936,5.443781579344722e-06,-2.6207807455239225,-2.3913043478260847,-0.4076021470040523,-2.3854166666666656,0.0020005702972412,4,10,6.0,1.0,1.0,1,4,6,91
0.14999999999999997,0.4100000000000002,2.118863689181853,0.3535533905932738,5.417983110330257e-06,-1.1163111861285868,-2.1304347826086936,-0.118434710400664,-2.125,0.0030000209808349,4,10,5.0,1.0,1.0,1,4,6,92
0.14999999999999997,0.4200000000000002,2.367312118556965,0.5303300858899106,6.15956699839922e-06,-0.7896049896049897,-0.466893039049236,-0.2189595794816023,-0.4091858037578286,0.0029995441436767,4,10,4.0,2.0,1.0,1,4,21,96
0.14999999999999997,0.45000000000000023,9.386381979584396,2.091650066335189,5.813188117723701e-06,-13.76117585034632,-18.09090909090909,-9.830953631020222,-17.46153846153846,0.0019977092742919,4,10,28.0,2.0,7.0,1,99,10,99
0.14999999999999997,0.46000000000000024,3.262795325075316,0.5863019699779287,5.375791057465519e-06,-42.97669206633797,0.0,-4.448923011303052,0.0,0.0020003318786621,4,10,10.0,0.0,2.0,1,98,1,95
0.14999999999999997,0.49000000000000027,11.391242981635791,2.6060826285186485,5.665217527284328e-06,-52.87053470877065,-54.53859804791483,-31.6236119840771,-50.91082802547768,0.0020031929016113,4,10,38.0,2.0,9.0,1,99,15,98
0.14999999999999997,0.5200000000000002,8.832940242825904,2.0615528128088303,5.375791057465519e-06,-421.2196124486202,0.0,-38.62124418112568,0.0,0.0020010471343994,4,10,32.0,0.0,8.0,1,99,1,99
0.14999999999999997,0.5400000000000003,35.994212497752095,9.141822393082611,5.577209259687212e-06,-1094.924368976595,-894.5906976744185,-422.1051843788272,-637.7738853503183,0.0019996166229248,4,10,134.0,2.0,35.0,1,99,4,99
0.14999999999999997,0.5500000000000003,34.838765525393306,8.901076713896284,6.010412732956421e-06,-1664.5485407980946,-1351.1777777777777,-379.04827293779977,-1347.5815602836883,0.002288818359375,4,10,132.0,1.0,35.0,1,99,13,99
0.14999999999999997,0.5700000000000003,42.10861451848857,10.997158723961386,5.375791057465519e-06,-15018.499999999996,-11731.210526315792,-923.5614035087716,-5922.469387755105,0.0029988288879394,4,10,164.0,1.0,44.0,1,99,3,99
0.14999999999999997,0.5800000000000003,163.46677159798156,43.254696276820624,5.419547563012105e-06,-4538.015537738457,-5082.386792452831,-3762.796290862139,-4928.006586169044,0.0030035972595214,4,10,636.0,3.0,171.0,1,99,19,99
0.14999999999999997,0.5900000000000003,174.51599735649833,47.08182150965133,3.5964192557283925e-06,-2731.5923906694184,-1528.2378172018864,-2718.6755469563923,-1466.2021511307223,0.0019998550415039,4,16,707.0,6.0,192.0,66,99,65,99
0.14999999999999997,0.6300000000000003,390.00491449895,105.7933323355809,5.375791057465519e-06,-125348.98909058391,-1085763.042105263,-34150.85704930301,-369227.1786941579,0.0019991397857666,4,10,1584.0,1.0,434.0,1,99,3,99
0.14999999999999997,0.6500000000000004,273.9743563121678,76.06398074428307,5.375791057465519e-06,-351508.60975609755,-561275.6315789474,-34677.988401751776,-561039.4040404041,0.0029940605163574,4,10,1158.0,1.0,325.0,1,99,9,99
0.14999999999999997,0.6600000000000004,324.31613948943914,90.38741846444486,5.375791057465519e-06,-178746.5035957956,0.0,-37293.079409048936,-792230.3131313133,0.0020029544830322,4,10,1379.0,1.0,388.0,1,99,2,99
0.14999999999999997,0.6700000000000004,644.9914808868925,177.61334409328597,5.3710705713502144e-06,-432192.11464321945,-1546448.7021276597,-101231.78243897494,-1040708.2783505152,0.0019948482513427,4,10,2681.0,1.0,739.0,1,99,3,99
0.14999999999999997,0.7200000000000004,1814.2805277391185,480.1598692102455,5.143170751956036e-06,-502783.6703903208,-558563.9463722397,-392544.1595671995,-546361.2809182917,0.0035202503204345,4,10,7000.0,3.0,1789.0,1,99,29,99
0.14999999999999997,0.7300000000000004,1803.665304664366,481.7904757257038,5.375791057465519e-06,-1466305.540030322,-11378918.829787234,-683401.3042079699,-11369242.877551029,0.0030004978179931,4,10,7086.0,1.0,1830.0,1,99,8,99
0.14999999999999997,0.7700000000000005,2228.6816684234354,597.815450201816,5.020758541724693e-06,-1059851.1580884906,-660975.2408187839,-825843.0741959509,-650402.7535545023,0.0019996166229248,4,10,8819.0,3.0,2261.0,1,99,21,99
0.14999999999999997,0.8200000000000005,3386.121698381498,874.7231764487932,5.9073778336216205e-06,-15009799.93181818,-2512124.4349839683,-5647316.9159612125,-2499267.492684587,0.0019998550415039,4,10,12372.0,3.0,2915.0,1,99,9,99
0.14999999999999997,0.8500000000000005,4857.715256210132,1144.7728895942637,5.375791057465519e-06,-32439380.780429576,-127132775.75789475,-7285020.099176743,-64187997.46938779,0.002000093460083,4,10,13807.0,1.0,2991.0,1,97,3,94
0.14999999999999997,0.8800000000000006,5738.256018636383,1282.734603298749,5.301190158221469e-06,-13064429.728431204,-6981619.950276244,-8698774.10388288,-6867789.173913046,0.002004861831665,4,10,14494.0,2.0,3146.0,1,93,69,90
0.14999999999999997,0.8900000000000006,6015.186350673879,1319.1894646903454,5.28665811961066e-06,-13784365.679178204,-12892478.04823151,-8243583.621226503,-12851156.000000004,0.0019996166229248,4,10,14650.0,2.0,3175.0,1,92,14,88
0.14999999999999997,0.9100000000000006,6409.281286898191,1377.453905006141,4.972375510908717e-06,-2546721.4044936257,-1786497.4944830409,-2426813.224615385,-1767743.6525621118,0.002000093460083,4,14,15160.0,5.0,3300.0,11,89,11,86
0.14999999999999997,0.9200000000000006,6552.082842342324,1407.5862651184118,5.3239757788646896e-06,-20152858.652811736,-13626605.304477608,-10851416.35959346,-13547343.230769228,0.002000093460083,4,10,15558.0,2.0,3392.0,1,89,28,86
0.14999999999999997,0.9300000000000006,6740.049595669407,1422.812831740938,5.049599052514956e-06,-5382498.041898616,-5047844.454545454,-4573122.8003858905,-4912588.737108191,0.0020041465759277,4,10,15535.0,2.0,3375.0,1,85,6,82
0.14999999999999997,0.9600000000000006,7108.989528377668,1528.5951134402246,4.67372494536493e-06,-18720837.424695525,-5728685.735833999,-14762725.031523855,-5316753.918227067,0.0020008087158203,4,10,17204.0,2.0,3780.0,1,89,3,86
0.14999999999999997,0.9800000000000006,7432.3818923512,1571.5902773942069,5.23916513067944e-06,-19684281.96299733,-9628832.137055838,-12966254.54903543,-9576332.441033926,0.0020005702972412,4,10,17588.0,3.0,3854.0,1,85,41,82
0.14999999999999997,0.9900000000000007,7555.484584199966,1591.6806794758384,3.899728117430208e-06,-6782503.940709322,-1439205.749922949,-6646202.23687785,-1371669.7969093674,0.001997947692871,4,18,17798.0,5.0,3909.0,52,84,30,80
0.15999999999999998,0.25000000000000006,0.67700320038633,0.1020620726159657,5.375791057465519e-06,0.5726426547956296,-0.0105263157894739,0.8900989109801178,0.4897959183673466,0.0031986236572265,4,10,7.0,1.0,0.0,1,4,4,4
0.15999999999999998,0.26000000000000006,1.2289901003127188,0.408248290463863,7.667547119004256e-06,0.4230769230769231,-0.1034482758620689,0.6197319766069602,-0.0989010989010987,0.0019996166229248,4,10,4.0,2.0,0.0,1,4,16,4
0.15999999999999998,0.2700000000000001,0.1443375672974064,0.0,5.375791057465519e-06,0.3118279569892472,1.0,0.9844466910335172,1.0,0.0040020942687988,4,10,1.0,0.0,0.0,1,4,1,4
0.15999999999999998,0.3100000000000001,2.4916527312876755,0.7216878364870323,7.075185633176283e-06,-0.742902400389911,-0.2711864406779662,-0.2501310959622442,-0.2465719272001993,0.0020008087158203,4,10,5.0,3.0,0.0,1,4,17,4
0.15999999999999998,0.36000000000000015,0.924211375534118,0.3061862178478972,6.8198191431370245e-06,0.2807017543859649,0.0357142857142859,0.7142757587372383,0.0384615384615384,0.002000093460083,4,10,6.0,2.0,1.0,1,4,38,4
0.15999999999999998,0.37000000000000016,0.7839536550927825,0.0,5.375791057465519e-06,0.4017743979721165,1.0,0.8155039244504206,1.0,0.0020015239715576,4,10,6.0,1.0,1.0,1,4,2,4
0.15999999999999998,0.4000000000000002,0.4208127057650866,0.1020620726159657,5.375791057465519e-06,-4.849462365591398,-0.0105263157894739,0.916256157635468,-0.0101010101010103,0.0019998550415039,4,10,1.0,1.0,0.0,1,4,9,4
0.15999999999999998,0.4100000000000002,3.4895677860350176,0.5590169943749475,5.384489499908422e-06,-3.6511936339522553,-6.826086956521734,-1.0963345527580517,-5.315789473684211,0.002995491027832,4,10,10.0,1.0,2.0,1,4,2,98
0.15999999999999998,0.4300000000000002,2.273030282830976,0.5303300858899106,5.920784774179592e-06,-3.442205429610971,-0.8620689655172413,-0.8802835588915423,-0.854395604395604,0.0019993782043457,4,10,6.0,2.0,1.0,1,97,19,89
0.15999999999999998,0.45000000000000023,2.5228125838701003,0.4208127057650866,5.375791057465519e-06,-27.105414470531866,0.0,-2.3071718538565618,0.0,0.0030000209808349,4,10,8.0,0.0,2.0,1,99,1,99
0.15999999999999998,0.46000000000000024,5.841660722773962,1.2374368670764582,6.179863819339478e-06,-35.67164179104477,-17.022988505747126,-10.752466367713003,-15.333333333333336,0.0020062923431396,4,10,18.0,1.0,4.0,1,99,3,97
0.15999999999999998,0.49000000000000027,8.022104877565905,2.053959590644373,5.8554734459728015e-06,-10.591900555077787,-4.436241610738255,-9.182117840955913,-4.328947368421052,0.0029981136322021,4,10,34.0,4.0,8.0,1,99,60,98
0.15999999999999998,0.5100000000000002,14.731626975094548,3.556098048891978,6.522244007385119e-06,-77.52010050251255,-41.24139180862631,-61.20775730793345,-40.41931081542136,0.0019991397857666,4,10,53.0,2.0,13.0,1,99,32,99
0.15999999999999998,0.5800000000000003,97.97134997879056,25.932805800118636,5.375791057465519e-06,-11669.015831134568,0.0,-3044.9984793891117,0.0,0.0019993782043457,4,10,385.0,0.0,104.0,1,99,1,99
0.15999999999999998,0.6700000000000004,204.22832402322,57.6471848112869,5.375791057465519e-06,-254394.8067504964,0.0,-30197.989365713835,-322248.494949495,0.0019996166229248,4,10,889.0,1.0,254.0,1,99,2,99
0.15999999999999998,0.7000000000000004,664.4557061359822,186.68045893986869,5.656940258018221e-06,-831739.9582992641,-438761.0983606557,-190275.69135802463,-393131.9024676852,0.0020015239715576,4,10,2858.0,2.0,804.0,1,99,13,99
0.15999999999999998,0.7300000000000004,1940.5751161060475,513.3943111780652,5.354612602061308e-06,-926008.3838149364,-1492072.3366093363,-579181.3819670292,-1488415.2941176468,0.0039899349212646,4,10,7480.0,3.0,1903.0,1,99,6,99
0.15999999999999998,0.7400000000000004,1888.7194487932825,505.8179843909599,5.309562981910358e-06,-1489212.572023918,-3349332.0909090918,-900751.4421999526,-3337196.826086957,0.0022873878479003,4,10,7454.0,1.0,1926.0,1,99,9,99
0.15999999999999998,0.7500000000000004,456.44387433359935,133.9357355226752,5.375791057465519e-06,-2232639.409302326,0.0,-143889.1942446043,0.0,0.0020003318786621,4,10,2101.0,0.0,620.0,1,99,1,99
0.15999999999999998,0.7800000000000005,2196.8901457514894,595.3628357984734,5.438500814959483e-06,-5134412.401362113,-3798458.125581396,-1996755.2747802103,-3780872.6666666665,0.0030009746551513,4,10,8860.0,1.0,2301.0,1,99,6,99
0.15999999999999998,0.8300000000000005,3252.7549621436287,856.0649009177595,5.375791057465519e-06,-103293540.52542377,0.0,-4532236.851947704,0.0,0.0020062923431396,4,10,12365.0,0.0,3001.0,1,99,1,99
0.15999999999999998,0.8400000000000005,4021.7538967781206,1009.01309043375,5.759926394857735e-06,-13546366.921483098,-4548170.571497818,-6060939.79784535,-4501994.025333948,0.001997947692871,4,10,13688.0,2.0,3035.0,1,99,87,98
0.15999999999999998,0.8700000000000006,5600.042841167973,1251.8234866252776,5.3090702243813775e-06,-14440078.043117668,-8679111.846153848,-6422625.267733334,-8306898.834345662,0.0030007362365722,4,11,14089.0,2.0,3052.0,2,93,12,90
0.15999999999999998,0.8800000000000006,4243.884677538965,1089.0561806368546,5.375791057465519e-06,-76315077.04689655,0.0,-8724018.814319592,0.0,0.002000093460083,4,10,15218.0,0.0,3448.0,1,99,1,99
0.15999999999999998,0.8900000000000006,5728.402945156995,1303.8721499185929,5.250060576104832e-06,-12222419.740573091,-9798598.804878049,-6878168.495633191,-9358251.75229358,0.0029990673065185,4,10,15081.0,2.0,3282.0,1,95,14,91
0.15999999999999998,0.9000000000000006,6067.198959878438,1346.5196650377347,4.907319548083342e-06,-2872096.495441038,-1741315.1483951644,-2719095.60290542,-1693839.599455041,0.0019996166229248,4,14,15212.0,4.0,3306.0,80,93,80,90
0.15999999999999998,0.9300000000000006,6589.312718650304,1441.9883371870014,5.371007364036925e-06,-99268143.88514018,-101931427.9361702,-16224466.875909856,-101844751.55102047,0.0019998550415039,4,10,16268.0,1.0,3551.0,1,91,5,88
0.15999999999999998,0.9400000000000006,6864.80839514719,1462.1583967147108,4.689315814450693e-06,-8349535.2405413715,-4284180.896934116,-7016760.61768127,-4189406.817922025,0.0029966831207275,4,10,16190.0,3.0,3530.0,1,87,52,84
0.15999999999999998,0.9500000000000006,7002.68362025707,1492.9928764621304,5.235961972975371e-06,-9352861.537086096,-8283353.658064517,-6808902.0460376935,-8230255.230769231,0.0019996166229248,4,10,16613.0,2.0,3629.0,1,87,12,84
0.15999999999999998,0.9800000000000006,7319.824823581276,1594.177733451742,3.511260827224675e-06,-8172247.373764957,-2159863.1445960896,-7896442.302783281,-2025693.5699103288,0.0019996166229248,4,12,18266.0,4.0,4035.0,68,90,44,87
0.16999999999999998,0.21000000000000002,0.2282177322938192,0.1020620726159657,5.375791057465519e-06,0.4805194805194805,-0.0105263157894739,0.97772233113527,0.4897959183673466,0.0039970874786376,4,10,2.0,1.0,0.0,1,4,4,4
0.16999999999999998,0.24000000000000005,0.6692657668420421,0.2041241452319315,7.88753116893424e-06,0.1340465701699181,-0.0434782608695645,0.829066624264589,-0.0416666666666663,0.0020017623901367,4,10,3.0,1.0,0.0,1,4,12,4
0.16999999999999998,0.25000000000000006,0.3679900360969936,0.0,5.375791057465519e-06,0.8773102634683445,1.0,0.9599692070823712,1.0,0.0029971599578857,4,10,5.0,1.0,0.0,1,4,4,4
0.16999999999999998,0.3000000000000001,0.67700320038633,0.2700308624336608,7.058869412539481e-06,0.6834295136026382,0.0454545454545453,0.870527306967985,0.0489130434782607,0.0037682056427001,4,10,7.0,1.0,1.0,1,4,5,4
0.16999999999999998,0.36000000000000015,0.3679900360969936,0.0,5.375791057465519e-06,-0.0871080139372819,1.0,0.9459773936170212,1.0,0.0024261474609375,4,10,1.0,1.0,0.0,1,4,3,4
0.16999999999999998,0.37000000000000016,1.0206207261596576,0.25,5.953152191060526e-06,0.0506329113924048,-0.0666666666666666,0.7276985077878226,-0.0638297872340425,0.0031526088714599,4,10,5.0,1.0,0.0,1,4,6,4
0.16999999999999998,0.4400000000000002,5.706356105256663,1.274754878398196,6.039135007759214e-06,-10.41570298234936,-4.475685557586839,-6.057867286807705,-4.426086956521739,0.0030353069305419,4,10,17.0,2.0,4.0,1,99,18,99
0.16999999999999998,0.45000000000000023,3.444500447573397,0.6291528696058958,5.375791057465519e-06,-25.701831501831503,0.0,-4.529126213592235,0.0,0.0030601024627685,4,10,11.0,0.0,2.0,1,99,1,94
0.16999999999999998,0.46000000000000024,10.237288866361704,2.445233458520202,7.291572766064523e-06,-38.264035123379,-12.6972408650261,-23.032581693101477,-12.398692810457522,0.0025112628936767,4,10,34.0,3.0,8.0,1,99,67,98
0.16999999999999998,0.49000000000000027,16.894587397546392,3.948892249732829,5.902223216719945e-06,-448.5037593984964,-314.8505494505493,-103.28544243577544,-228.9539170506913,0.0020005702972412,4,10,57.0,1.0,14.0,1,99,2,99
0.16999999999999998,0.5200000000000002,54.87685076605617,13.698007762688215,5.657065656272868e-06,-927.8696408849024,-1642.77186311787,-465.7134831460673,-1526.8201865988117,0.0034263134002685,4,10,195.0,2.0,50.0,1,99,5,99
0.16999999999999998,0.5800000000000003,84.14861605120629,22.32781337256293,5.4433440625114495e-06,-13113.630225080376,-10096.723076923072,-2526.0446096654277,-10074.578947368424,0.0019998550415039,4,10,331.0,1.0,90.0,1,99,5,99
0.16999999999999998,0.5900000000000003,41.03821897532429,10.93303480283494,5.375791057465519e-06,-27715.05714285713,0.0,-938.108968401487,0.0,0.002007246017456,4,10,165.0,0.0,45.0,1,99,1,99
0.16999999999999998,0.6100000000000003,239.18986530926983,64.57118165249882,5.964696819735285e-06,-18088.19555372581,-20803.29669734704,-10690.502988067195,-20012.3,0.0020053386688232,4,10,963.0,2.0,264.0,1,99,12,99
0.16999999999999998,0.6400000000000003,332.2439960581179,91.2295068312148,5.373752270477108e-06,-140376.81813164073,-274920.63440860214,-36426.29022721804,-274566.35395189,0.0022947788238525,4,10,1377.0,1.0,382.0,1,99,6,99
0.16999999999999998,0.6500000000000004,330.1467634502369,91.33261100687604,5.375791057465519e-06,-155617.1713400465,0.0,-31056.852245406782,0.0,0.0029985904693603,4,10,1386.0,0.0,387.0,1,99,1,99
0.16999999999999998,0.7100000000000004,1585.298838153236,422.8283856956626,4.598258125194077e-06,-247238.50572160547,-215917.215699122,-226813.21722085905,-210049.7771386612,0.0010068416595458,4,10,6212.0,4.0,1612.0,1,99,57,99
0.16999999999999998,0.7300000000000004,1086.0192744989995,303.89922603279746,5.263110463031229e-06,-418337.8892737559,-611451.0689655172,-289550.0305851064,-608931.3489010987,0.0020155906677246,4,10,4637.0,2.0,1285.0,1,99,14,99
0.16999999999999998,0.8000000000000005,4142.381714766679,980.8398346570148,5.345306212462652e-06,-6441298.780538473,-6524077.834437086,-3285980.3728032554,-3962096.425997427,0.0020718574523925,4,10,11919.0,3.0,2559.0,1,98,4,95
0.16999999999999998,0.8200000000000005,3978.049594074547,980.1871738771802,3.761175817590917e-06,-4531648.657521051,-1332092.833609147,-3971629.3965909393,-1291063.137737962,0.0028183460235595,4,10,12927.0,4.0,2813.0,1,99,78,97
0.16999999999999998,0.8400000000000005,4019.380562246709,1008.5246443857152,3.815426663427449e-06,-1236284.6357114387,-678866.0312862109,-1223083.705529794,-642391.8157894737,0.0016481876373291,4,16,13687.0,6.0,3035.0,52,99,58,98
0.16999999999999998,0.8500000000000005,3897.6810199570377,997.3231829502412,5.364854264785652e-06,-19340890.02693742,-19462264.27388535,-5766572.342295677,-19447400.018329937,0.0030562877655029,4,10,13908.0,2.0,3176.0,1,99,9,99
0.16999999999999998,0.8600000000000005,4221.206635351239,1064.075444732813,4.682974429203687e-06,-2702521.605226779,-1380456.2541341446,-2519602.782533767,-1322503.3070933204,0.0019993782043457,4,12,14518.0,3.0,3225.0,93,99,65,98
0.16999999999999998,0.8700000000000006,5386.349719623052,1235.4253358324277,5.409151155829872e-06,-24045109.30503597,-38223252.82608693,-8370322.897821187,-38156893.01041666,0.0020079612731933,4,10,14357.0,1.0,3119.0,1,95,8,92
0.16999999999999998,0.9600000000000006,7150.765358220988,1509.7948674130091,3.7107901446551194e-06,-6464631.230026339,-1691984.5567010313,-6387437.99233582,-1617249.2549700688,0.0020029544830322,4,14,16738.0,4.0,3653.0,39,85,38,82
0.17999999999999997,0.2,0.2282177322938192,0.0,5.375791057465519e-06,0.7743300423131171,1.0,0.9734663553385692,1.0,0.0020244121551513,4,10,3.0,0.0,0.0,1,4,1,4
0.17999999999999997,0.21000000000000002,1.1319231422671772,0.2700308624336608,8.44584357881255e-06,0.0067294751009423,-0.0786516853932586,0.5666572717023675,-0.0752688172043014,0.0019998550415039,4,10,6.0,1.0,0.0,1,4,8,4
0.17999999999999997,0.22000000000000003,0.2041241452319315,0.0,5.375791057465519e-06,0.9163763066202092,1.0,0.9794355046013058,1.0,0.0015041828155517,4,10,4.0,1.0,1.0,1,4,5,4
0.17999999999999997,0.3200000000000001,1.1547005383792517,0.408248290463863,6.952641192730795e-06,0.1321421004308216,-0.2000000000000001,0.6997842199080588,-0.1339475549255844,0.0020003318786621,4,10,6.0,1.0,0.0,1,4,3,4
0.17999999999999997,0.3300000000000001,1.4433756729740643,0.3818813079129867,5.956374065377604e-06,0.2424242424242424,-0.1200000000000001,0.5380955680269752,-0.1146496815286621,0.0020003318786621,4,10,6.0,2.0,0.0,1,4,30,4
0.17999999999999997,0.34000000000000014,1.3956778520370188,0.4677071733467426,8.162971400976573e-06,0.1172305271439811,-0.1673422119281991,0.5551432105814063,-0.1194029850746269,0.0019981861114501,4,10,5.0,2.0,0.0,1,4,36,4
0.17999999999999997,0.35000000000000014,0.3952847075210474,0.2282177322938192,5.462426184463063e-06,0.8645470792963973,-0.019108280254777,0.943086963120352,0.2592592592592592,0.0020244121551513,4,10,5.0,2.0,0.0,1,4,9,4
0.17999999999999997,0.4200000000000002,3.044804317740852,0.4564354645876384,5.375791057465519e-06,-9.92164131407388,-4.052631578947369,-1.5537287308829018,-2.4246575342465766,0.0017282962799072,4,10,8.0,2.0,2.0,1,98,5,4
0.17999999999999997,0.5200000000000002,37.37102821705606,9.33575117491892,5.608148650397556e-06,-1687.443919716647,-2181.695652173912,-436.6321974148061,-1760.473684210527,0.0020222663879394,4,10,133.0,1.0,34.0,1,99,4,99
0.17999999999999997,0.5600000000000003,107.56892170448984,28.038478025741696,6.751895156794707e-06,-3606.056149370856,-1283.8405745699592,-2899.0182748538014,-1256.85,0.0029988288879394,4,10,411.0,3.0,110.0,1,99,5,99
0.17999999999999997,0.5700000000000003,94.07654241804028,24.794572658816552,5.842670274605417e-06,-2762.144008943392,-2632.9972105997213,-1772.7745302713988,-2611.571934484284,0.0020010471343994,4,10,364.0,2.0,98.0,1,99,22,99
0.17999999999999997,0.6100000000000003,183.5064996578232,49.70779197805243,6.880125427870899e-06,-18301.986553432413,-11623.036753445636,-10288.203984849932,-11519.301117047107,0.0025122165679931,4,10,744.0,2.0,205.0,1,99,13,99
0.17999999999999997,0.6300000000000003,355.2627988545944,96.6659303132874,5.411203441005832e-06,-39089.15405296412,-38599.21873599282,-27396.609895079608,-38350.98802907223,0.0020122528076171,4,10,1449.0,2.0,398.0,1,99,10,99
0.17999999999999997,0.7100000000000004,1106.5428896643216,304.75281992132574,5.528155255879169e-06,-602831.038463593,-1585053.4,-339540.77763655793,-1369573.654377881,0.002002477645874,4,10,4599.0,1.0,1253.0,1,99,3,99
0.17999999999999997,0.7300000000000004,1086.0201281514078,303.8990546491823,5.539251230596854e-06,-1088821.643293599,-1576184.7777777778,-397632.7594381036,-1571992.7943262411,0.0020005702972412,4,10,4637.0,1.0,1285.0,1,99,11,99
0.17999999999999997,0.7600000000000005,2403.4168125816213,631.4875873021311,4.069250582224819e-06,-2024159.3212167304,-631463.7587628866,-1727739.491026919,-611639.0543217766,0.0021989345550537,4,10,9133.0,3.0,2271.0,1,99,29,99
0.17999999999999997,0.8100000000000005,3885.4515945704434,954.3746698318572,5.048398738484168e-06,-1545509.6073781147,-1048359.008992132,-1413054.7242307242,-1024003.8834758168,0.0032505989074707,4,11,12521.0,3.0,2719.0,43,99,11,97
0.17999999999999997,0.8500000000000005,3895.702754050502,996.8364856718812,4.098212104114625e-06,-3228087.61521418,-868529.191198786,-2906272.55329038,-841508.9329569514,0.0030004978179931,4,10,13908.0,5.0,3176.0,1,99,50,99
0.17999999999999997,0.8600000000000005,5271.821112646938,1206.1055785737278,5.36121083086823e-06,-22241399.98367488,-24826719.71111111,-7739060.328498914,-24760691.19858156,0.002028465270996,4,10,13936.0,1.0,3021.0,1,95,5,92
0.17999999999999997,0.9000000000000006,6148.010409033424,1349.2134591432643,4.022248957364315e-06,-15685637.635446684,-2395286.556824672,-12966733.816323614,-2284095.0397333675,0.0010285377502441,4,10,15065.0,3.0,3271.0,1,92,9,88
0.17999999999999997,0.9100000000000006,6177.529130344105,1376.542464383137,3.732770097722663e-06,-2286272.6281763758,-1153212.639569438,-2259504.209110701,-1102468.3272727274,0.0029985904693603,4,18,15681.0,5.0,3419.0,63,93,53,90
0.17999999999999997,0.9200000000000006,5554.248556848172,1338.6305229910654,3.932910700455554e-06,-1609629.3792652478,-1138062.6989869757,-1563236.457178901,-1069077.6215897086,0.0020129680633544,4,21,16822.0,6.0,3698.0,31,98,31,95
0.18999999999999995,0.21000000000000002,0.4208127057650866,0.1443375672974064,5.937972973612344e-06,0.5902585990459451,0.3118279569892472,0.920184046199352,0.3127147766323026,0.0030033588409423,4,10,3.0,1.0,1.0,1,4,5,4
0.18999999999999995,0.24000000000000005,1.141088661469096,0.2700308624336608,6.8053247755652095e-06,0.51519069166128,-0.0786516853932586,0.754014483627204,-0.075268817204301,0.0030012130737304,4,10,7.0,1.0,0.0,1,4,9,4
0.18999999999999995,0.3000000000000001,0.3061862178478972,0.0,5.375791057465519e-06,0.6892086330935252,1.0,0.9593330622204148,1.0,0.0019998550415039,4,10,4.0,0.0,0.0,1,4,1,4
0.18999999999999995,0.3300000000000001,0.568257570707744,0.0,5.375791057465519e-06,0.8015867724514967,1.0,0.937404086907358,1.0,0.0020771026611328,4,10,8.0,1.0,0.0,1,4,2,4
0.18999999999999995,0.34000000000000014,0.408248290463863,0.1020620726159657,5.377965507873179e-06,0.8504527309901665,-0.0105263157894739,0.9566101694915254,-0.0101010101010103,0.0035111904144287,4,10,6.0,1.0,0.0,1,4,10,4
0.18999999999999995,0.36000000000000015,0.338501600193165,0.1020620726159657,5.375791057465519e-06,0.7238493723849373,-0.0105263157894739,0.9483179853411012,-0.0101010101010103,0.002511978149414,4,10,3.0,1.0,0.0,1,4,9,4
0.18999999999999995,0.37000000000000016,0.7637626158259734,0.0,5.375791057465519e-06,0.3845449341728679,1.0,0.8534453429640678,1.0,0.0019986629486083,4,10,6.0,1.0,1.0,1,4,3,4
0.18999999999999995,0.4200000000000002,3.939648884524271,0.8354140689901426,6.322900522041306e-06,-2.402554770570185,-2.283307810107197,-1.265436134466558,-2.1663516068052924,0.001511812210083,4,10,11.0,2.0,2.0,1,99,25,94
0.18999999999999995,0.4300000000000002,3.24037034920393,0.5863019699779287,5.459757222463974e-06,-5.8184892897407,-5.962637362637359,-1.514280012970492,-4.8510638297872335,0.0020010471343994,4,10,9.0,1.0,2.0,1,98,3,97
0.18999999999999995,0.46000000000000024,8.7112236032986,1.922996793202388,5.997735146177287e-06,-24.435897435897434,-11.460694698354663,-17.295286169918885,-11.347826086956522,0.0029988288879394,4,10,27.0,3.0,6.0,1,99,16,98
0.18999999999999995,0.47000000000000025,7.494442385305705,1.689427911059441,6.450245724276718e-06,-15.852194296132309,-9.749489170412753,-11.069390039171797,-9.442073170731708,0.0049982070922851,4,10,24.0,2.0,6.0,1,99,11,99
0.18999999999999995,0.48000000000000026,7.080636741612061,1.5844294451526286,6.775991705606109e-06,-82.94767441860466,-31.863636363636367,-19.617717614804658,-31.744565217391305,0.003000259399414,4,10,24.0,1.0,6.0,1,99,15,99
0.18999999999999995,0.5100000000000002,18.560430580493904,4.533440562457319,5.833975454874864e-06,-151.43019012867293,-117.45403377110694,-79.63934066469973,-112.13073394495414,0.0024092197418212,4,10,65.0,2.0,17.0,1,99,20,99
0.18999999999999995,0.5200000000000002,27.685360150568144,6.899577281737386,5.980127377902643e-06,-312.796455066412,-559.3065134099617,-165.83747505895158,-556.9975579975577,0.003396987915039,4,10,99.0,1.0,26.0,1,99,6,99
0.18999999999999995,0.5500000000000003,72.70130099707066,18.77803459719183,5.81489455946606e-06,-2669.557894736842,-2424.1462686567165,-1310.4315990798896,-2410.0398860398864,0.0040140151977539,4,10,273.0,2.0,72.0,1,99,13,99
0.18999999999999995,0.5600000000000003,111.30279646082572,29.1072012853635,4.718826113391866e-06,-564.290976788402,-835.4289234065345,-555.0621858562245,-816.9203539823005,0.003000259399414,4,16,423.0,4.0,113.0,35,99,35,99
0.18999999999999995,0.6300000000000003,431.4862275708616,116.82808773293064,5.109160849932296e-06,-29456.96762065,-42783.81632653061,-21949.91741992533,-42266.258064516136,0.0046334266662597,4,10,1743.0,2.0,476.0,1,99,6,99
0.18999999999999995,0.6400000000000003,277.8331146269885,76.52225983333216,5.504378141143961e-06,-81468.8195144297,-118604.99560439556,-26224.789212910528,-118344.89473684212,0.0029594898223876,4,10,1159.0,1.0,323.0,1,99,14,99
0.18999999999999995,0.6500000000000004,330.10355067261344,91.332097771448,4.998737387564823e-06,-19140.74199451052,-29703.692426584224,-15418.140970461647,-29396.54038179149,0.0038237571716308,4,10,1386.0,2.0,387.0,1,99,15,99
0.18999999999999995,0.7300000000000004,1803.6650072375785,481.7904324842216,5.364560588359188e-06,-1547354.488026424,-5813141.782608692,-661892.6842997627,-5803049.520833331,0.0032618045806884,4,10,7086.0,1.0,1830.0,1,99,7,99
0.18999999999999995,0.7600000000000005,2578.1940788725224,668.77637798445,3.731024457253871e-06,-481815.00773931714,-262360.7307618866,-480424.32373667415,-246494.99288133648,0.0020055770874023,4,18,9543.0,5.0,2321.0,88,99,95,99
0.18999999999999995,0.7900000000000005,3618.755073398861,889.369603520756,3.8153417062049625e-06,-4605146.41862861,-785606.9249919172,-4215252.738599786,-755109.5409705647,0.0028574466705322,4,10,11703.0,4.0,2554.0,1,99,79,98
0.18999999999999995,0.8200000000000005,4472.484299860649,1052.1982791993153,6.2028795819921465e-06,-2741325.364025696,-4428483.875,-2202707.356370227,-4294287.363636363,0.0019934177398681,4,10,12622.0,2.0,2716.0,1,98,24,94
0.18999999999999995,0.8300000000000005,4034.1572126860233,1000.4505963981096,5.3528684051684025e-06,-13037646.376912383,-16471976.257142851,-5044539.841432311,-14235041.074074076,0.0034973621368408,4,10,13325.0,2.0,2916.0,1,99,9,98
0.18999999999999995,0.8600000000000005,5630.8051026622,1225.8468798820948,3.210566477160385e-06,-1469740.1806933186,-452932.2967032967,-1466425.1365169294,-428589.4364360201,0.0030078887939453,4,26,13366.0,10.0,2877.0,100,91,99,87
0.18999999999999995,0.8700000000000006,5763.965990314308,1258.0805195813184,4.549909166176137e-06,-8098442.95598815,-3823531.615465269,-5209880.210081837,-3257837.614922813,0.0025258064270019,4,12,13797.0,3.0,2976.0,3,91,3,88
0.18999999999999995,0.8900000000000006,5859.243939423129,1312.8306765979637,5.616934931745727e-06,-5606606.875248087,-3521169.635335846,-4331327.272726079,-3491417.885840895,0.0020017623901367,4,10,14917.0,4.0,3245.0,1,93,15,90
0.18999999999999995,0.9400000000000006,6820.953976228936,1469.3065186792487,5.698359949824053e-06,-13844058.39403332,-7156858.326618708,-8995668.094278062,-7107362.4430727,0.0019457340240478,4,10,16422.0,3.0,3598.0,1,89,18,86
0.18999999999999995,0.9800000000000006,7420.495149275192,1561.9289756579842,4.2370413481429765e-06,-4427389.542383528,-1320153.8648934297,-4276137.646162806,-1295731.9128630706,0.0019986629486083,4,15,17380.0,6.0,3810.0,33,84,25,80
0.18999999999999995,0.9900000000000007,7520.9927924000385,1578.3239726051177,3.2604948176525013e-06,-821942.4171002592,-468339.2301101592,-790772.306694005,-426961.971559158,0.0019998550415039,4,38,17594.0,10.0,3856.0,97,82,83,79
0.19999999999999996,0.2,0.338501600193165,0.0,5.375791057465519e-06,0.8915254237288136,1.0,0.9699281008228764,1.0,0.002000093460083,4,10,6.0,1.0,0.0,1,4,3,4
0.19999999999999996,0.25000000000000006,0.3679900360969936,0.0,5.375791057465519e-06,0.9300918664575398,1.0,0.971985173691923,1.0,0.0021204948425292,4,10,8.0,2.0,2.0,1,4,5,4
0.19999999999999996,0.2700000000000001,0.2700308624336608,0.1020620726159657,5.375791057465519e-06,0.7765957446808511,-0.0105263157894739,0.966078697421981,-0.0101010101010103,0.0024545192718505,4,10,3.0,1.0,0.0,1,4,9,4
0.19999999999999996,0.2800000000000001,0.6454972243679028,0.2282177322938192,7.015339148577649e-06,0.5038759689922481,-0.0549450549450545,0.8665732679542346,-0.0526315789473683,0.0020103454589843,4,10,6.0,1.0,0.0,1,4,7,4
0.19999999999999996,0.2900000000000001,0.3535533905932738,0.1020620726159657,5.822426860335376e-06,0.682819383259912,-0.0105263157894739,0.9389747762408462,-0.0101010101010103,0.0020003318786621,4,10,3.0,1.0,0.0,1,4,8,4
0.19999999999999996,0.3000000000000001,1.9039432764659767,0.3952847075210474,5.581091670570596e-06,-0.0403911432219488,-0.1851851851851851,0.2854209445585215,-0.1764705882352941,0.0020065307617187,4,10,4.0,1.0,0.0,1,4,8,4
0.19999999999999996,0.3100000000000001,0.4448782605013046,0.2282177322938192,6.314966204059279e-06,0.8239212279177527,-0.0549450549450545,0.9449530652451036,0.1134751773049645,0.0015075206756591,4,10,6.0,1.0,0.0,1,4,4,4
0.19999999999999996,0.3200000000000001,0.3061862178478972,0.1020620726159657,5.378430803697587e-06,0.9391720642072656,0.4893617021276593,0.9740064695009242,0.4897959183673467,0.0015068054199218,4,10,7.0,1.0,1.0,1,4,5,4
0.19999999999999996,0.48000000000000026,15.286840746210448,3.50743258428916,5.636033467202401e-06,-122.44036223992669,-174.23338485316842,-53.18317070814414,-95.88269073010656,0.0019993782043457,4,10,50.0,2.0,12.0,1,99,4,99
0.19999999999999996,0.49000000000000027,16.393596310755,3.885067566980013,5.455093305532425e-06,-124.8792437487294,-256.6,-62.39222093908939,-221.5806451612903,0.0019998550415039,4,10,55.0,1.0,14.0,1,99,4,99
0.19999999999999996,0.5300000000000002,29.01005572785639,7.2197645390968255,5.636992495775749e-06,-1478.029748283753,-1304.391304347825,-291.9475325428768,-1302.1249999999998,0.0020058155059814,4,10,106.0,1.0,27.0,1,99,5,99
0.19999999999999996,0.5400000000000003,34.94459901043364,8.86413654377383,5.375791057465519e-06,-2590.270550310846,0.0,-487.0636163037596,-7618.19191919192,0.0023219585418701,4,10,130.0,1.0,34.0,1,99,3,99
0.19999999999999996,0.5800000000000003,101.97318887825368,27.060118255469614,5.827404327125407e-06,-2528.439227175548,-2022.51304347826,-1816.130843162953,-1989.8241291418872,0.0021467208862304,4,10,401.0,2.0,109.0,1,99,8,99
0.19999999999999996,0.6200000000000003,322.8013449992632,87.38587795900816,5.396414124242078e-06,-16043.00180436054,-12391.33386159535,-13465.248451887352,-12144.195493704445,0.0020132064819335,4,10,1305.0,3.0,357.0,1,99,22,99
0.19999999999999996,0.6400000000000003,272.2230817730194,75.65753432408434,3.350178642248435e-06,-2405.70476297873,-1649.386685020648,-2309.529067879182,-1586.6744387622437,0.0012578964233398,4,27,1158.0,10.0,323.0,71,99,71,99
0.19999999999999996,0.6700000000000004,306.4164003715641,86.06955762637565,5.518985061272527e-06,-13181.704672527005,-14414.506756756758,-11858.917105263155,-14222.3,0.0023303031921386,4,10,1320.0,4.0,375.0,1,99,24,99
0.19999999999999996,0.6800000000000004,360.3692695231749,101.64039961222768,5.375791057465519e-06,-584396.0468749999,0.0,-62197.84753542207,0.0,0.0035541057586669,4,10,1562.0,0.0,444.0,1,99,1,99
0.19999999999999996,0.7200000000000004,1287.3921435405764,353.1511715965275,5.478379722334677e-06,-2057434.4181034488,-2526109.6637362624,-554383.456445993,-2520569.9473684216,0.0033469200134277,4,10,5313.0,1.0,1434.0,1,99,7,99
0.19999999999999996,0.7600000000000005,3011.57216520707,754.592204991102,5.332927249411375e-06,-3044329.1503496505,-5382231.812307692,-1669116.4430641823,-4636411.383375742,0.0019996166229248,4,10,10270.0,2.0,2352.0,1,99,6,99
0.19999999999999996,0.8100000000000005,4055.162536559622,980.8903905805854,4.752348863361588e-06,-9099432.618252777,-2309149.3,-5052671.34348995,-2255028.5898437486,0.002206802368164,4,10,12492.0,2.0,2688.0,1,99,5,96
0.19999999999999996,0.8400000000000005,4574.233002646454,1093.8347443360294,5.310063011211055e-06,-6418317.70909333,-3394921.571428572,-3834868.558410812,-3045916.4489525314,0.0030062198638916,4,10,13545.0,4.0,2933.0,1,98,22,95
0.19999999999999996,0.8500000000000005,4637.2713971059175,1116.1652963383156,5.359200897863174e-06,-30252403.193558224,-31199789.52173911,-8236559.23380147,-31145623.21874999,0.0024285316467285,4,10,13995.0,1.0,3035.0,1,99,7,95
0.19999999999999996,0.8600000000000005,5125.316583717861,1191.1669610792044,4.377120065176836e-06,-4497962.820076919,-2058948.1998110532,-4107451.485503941,-1986760.3477246207,0.0019991397857666,4,11,14080.0,3.0,3057.0,76,96,67,93
0.19999999999999996,0.9700000000000006,7269.362211248889,1556.3334448846963,5.413746528932788e-06,-109316916.1824916,-47394380.4522293,-17559059.565574057,-39816554.47945207,0.0041368007659912,4,10,17536.0,2.0,3853.0,1,88,12,85
0.19999999999999996,0.9900000000000007,7547.70186050032,1593.5619562267836,3.4110705571475515e-06,-521551.16949852975,-289889.9521874845,-489474.88103095046,-267707.65764736885,0.0020020008087158,4,47,17904.0,13.0,3933.0,92,84,94,81
0.20999999999999996,0.21000000000000002,0.2700308624336608,0.1443375672974064,5.796013544058553e-06,0.8242677824267783,-0.0212765957446807,0.9671114452170644,-0.0204081632653068,0.0020818710327148,4,10,3.0,1.0,0.0,1,4,6,4
0.20999999999999996,0.2900000000000001,0.8779711460710616,0.3952847075210474,7.226560182535398e-06,0.682729668170247,-0.0746268656716417,0.8412391924652978,-0.0169491525423728,0.0019965171813964,4,10,6.0,2.0,1.0,1,4,15,4
0.20999999999999996,0.3300000000000001,3.2096858620951263,0.8354140689901426,1.146062748819951e-05,-5.006452837350541,-0.5230878522377456,-2.622179900380897,-0.490213523131672,0.0020003318786621,4,10,5.0,3.0,0.0,1,4,66,4
0.20999999999999996,0.36000000000000015,0.9895285072531598,0.1767766952966369,5.3788135091982725e-06,0.389238578680203,-0.032258064516129,0.7511318207090095,0.2187500000000002,0.001997947692871,4,10,5.0,1.0,0.0,1,4,3,4
0.20999999999999996,0.4300000000000002,2.8192049706728786,0.5204164998665332,5.87804680113313e-06,-3.0390405293631098,-1.3132530120481922,-1.142295597484277,-1.1594684385382057,0.0029990673065185,4,10,8.0,1.0,1.0,1,99,3,4
0.20999999999999996,0.4400000000000002,4.408798022137099,0.8416254115301732,5.376326655151288e-06,-8.036319612590798,-13.34725274725274,-3.8336959900528456,-9.445468509984645,0.0030009746551513,4,10,13.0,1.0,3.0,1,99,3,98
0.20999999999999996,0.47000000000000025,6.79996936267608,1.600781059358212,9.413453037969689e-06,-14.825311942959004,-5.851174934725848,-10.507154707590209,-5.6938775510204085,0.0025241374969482,4,10,23.0,2.0,5.0,1,99,19,97
0.20999999999999996,0.5100000000000002,14.268628175126016,3.426307536303963,5.375791057465519e-06,-366.1140676971238,0.0,-63.935712149905314,-574.0000000000003,0.0019993782043457,4,10,50.0,1.0,13.0,1,99,2,99
0.20999999999999996,0.5500000000000003,51.88247938048708,13.367794008985426,5.427491304471228e-06,-640.6354654320667,-489.7270560190702,-454.50404540727294,-485.8047673098752,0.0019969940185546,4,10,196.0,3.0,52.0,1,99,20,99
0.20999999999999996,0.6100000000000003,272.4131360024084,73.36836284575708,5.286861426009863e-06,-4785.097316211205,-6806.871552079045,-4329.7594575043,-6547.726397161321,0.0020613670349121,4,13,1092.0,5.0,298.0,13,99,12,99
0.20999999999999996,0.6500000000000004,854.5988276671108,228.4877595189729,3.4263133425262506e-06,-69971.6137724551,-31423.240350075117,-68779.95962172344,-30390.35892304893,0.0031769275665283,4,17,3375.0,5.0,897.0,66,99,63,99
0.20999999999999996,0.6600000000000004,541.3622189286332,148.93675251595894,5.377758538243679e-06,-240554.86462415385,-732725.7096774194,-75194.13844344667,-731781.4742268043,0.001509666442871,4,10,2248.0,1.0,621.0,1,99,7,99
0.20999999999999996,0.6700000000000004,717.7525978125518,196.8438467415225,5.623556312606809e-06,-96593.1484375,-72712.69578497251,-73952.20224299065,-68641.92304853293,0.0025062561035156,4,11,2969.0,2.0,813.0,2,99,2,99
0.20999999999999996,0.7100000000000004,951.9896215733309,264.76284592694145,4.62757540110513e-06,-169351.89750400453,-72652.59244264508,-154875.25854457414,-71589.84042553189,0.0020627975463867,4,11,4028.0,4.0,1113.0,67,99,35,99
0.20999999999999996,0.7200000000000004,1437.359956946531,390.4335597554766,5.533077137787588e-06,-1591065.2321383806,-1794216.0727969347,-626535.359615871,-1786822.32112332,0.0020766258239746,4,10,5828.0,1.0,1550.0,1,99,5,99
0.20999999999999996,0.7700000000000005,2476.9749443625788,653.1609280389226,5.224372308932067e-06,-1542553.870362287,-1171549.2169249102,-1052929.635156152,-1162185.2372304203,0.0020699501037597,4,10,9474.0,3.0,2361.0,1,99,25,99
0.20999999999999996,0.8000000000000005,1781.7752178889832,502.5597808553061,4.862297461722717e-06,-1120875.7764624755,-418340.3601725378,-842473.0186864218,-410954.3898305085,0.0030643939971923,4,10,7710.0,4.0,2118.0,1,99,96,99
0.20999999999999996,0.8400000000000005,5075.279661834738,1150.5355274827457,5.346310991892912e-06,-5607813.442029671,-5535168.742286753,-4088982.0673832186,-4842920.951219513,0.0019993782043457,4,10,13051.0,2.0,2812.0,1,95,4,92
0.20999999999999996,0.8700000000000006,5389.405942835135,1235.6163104567156,5.356937139428818e-06,-17111040.81641523,-21747304.2488408,-5898226.088313062,-19184262.87434555,0.0020065307617187,4,11,14353.0,2.0,3118.0,2,95,8,92
0.20999999999999996,0.9200000000000006,6246.212244732803,1404.63821706279,5.3081590244164885e-06,-16647241.13232094,-9844745.360584734,-10886686.80083711,-9808845.090108754,0.0020029544830322,4,10,16175.0,3.0,3541.0,1,93,13,90
0.20999999999999996,0.9700000000000006,7285.773269558741,1544.1341020131638,3.976723612820623e-06,-2075315.987532188,-856224.4812967582,-2058490.5110116487,-813307.7407617965,0.0019991397857666,4,19,17271.0,7.0,3782.0,78,86,78,83
0.21999999999999995,0.2,0.5590169943749475,0.2282177322938192,7.591119167362924e-06,0.6715328467153284,-0.0549450549450545,0.8820940103757271,-0.0526315789473683,0.0009994506835937,4,10,4.0,1.0,0.0,1,4,6,4
0.21999999999999995,0.24000000000000005,2.6120713364429133,0.60380736442456,9.399370909733175e-06,-1.4037616116824032,-0.2770809578107183,-0.7762711864406779,-0.2630819198845182,0.0030696392059326,4,10,2.0,2.0,0.0,1,4,66,4
0.21999999999999995,0.25000000000000006,1.3919410907075054,0.25,6.30783260129582e-06,0.4612437015357691,-0.0666666666666666,0.6509729597868308,-0.0638297872340425,0.0024287700653076,4,10,5.0,1.0,0.0,1,4,7,4
0.21999999999999995,0.2700000000000001,0.5303300858899106,0.0,5.375791057465519e-06,0.7994428969359332,1.0,0.9319967761434615,1.0,0.0020003318786621,4,10,8.0,1.0,1.0,1,4,3,4
0.21999999999999995,0.2900000000000001,0.2041241452319315,0.1443375672974064,5.407153668300273e-06,0.9621413782904468,-0.0212765957446807,0.9861969012043204,0.4791666666666668,0.0019996166229248,4,10,6.0,1.0,0.0,1,4,2,4
0.21999999999999995,0.3000000000000001,0.7144345083117603,0.3061862178478972,1.04967926761917e-05,0.2754158964879852,-0.1034482758620689,0.8443208895949166,-2.220446049250313e-16,0.0021095275878906,4,10,4.0,1.0,0.0,1,4,2,4
0.21999999999999995,0.37000000000000016,0.699702317656111,0.0,5.375791057465519e-06,0.5292153589315526,1.0,0.8497202238209433,1.0,0.0019998550415039,4,10,6.0,0.0,0.0,1,4,1,4
0.21999999999999995,0.38000000000000017,0.568257570707744,0.0,5.375791057465519e-06,0.3058082575227432,1.0,0.8846511627906977,1.0,0.0020127296447753,4,10,4.0,0.0,0.0,1,4,1,4
0.21999999999999995,0.4100000000000002,1.6551686721701004,0.4564354645876384,8.611154097450821e-06,-1.211826544021025,-0.2030075187969924,-0.059458588462778,-0.1933174224343676,0.0019974708557128,4,10,3.0,2.0,0.0,1,4,21,4
0.21999999999999995,0.4200000000000002,3.008668033089283,1.0992421631894098,6.893846071026367e-06,-2.0554884078672675,-0.6347621843805047,-1.507864130905313,-0.5980162556826008,0.0019998550415039,4,10,4.0,4.0,1.0,1,4,59,96
0.21999999999999995,0.5400000000000003,34.94295947206914,8.86413654377383,5.375791057465519e-06,-1605.6293546544837,0.0,-373.68674082598113,-7618.19191919192,0.002303123474121,4,10,130.0,1.0,34.0,1,99,3,99
0.21999999999999995,0.5600000000000003,63.6778186131822,16.79998759920177,4.440905424554306e-06,-1314.5078677790686,-487.2898441899755,-1136.5756158859117,-472.3577917540182,0.0010023117065429,4,10,252.0,3.0,67.0,1,99,25,99
0.21999999999999995,0.5700000000000003,104.83747342116432,27.732163937685545,5.239769289787244e-06,-4067.609254498714,-1507.0374468085108,-3064.08831048106,-1446.6666666666663,0.0019996166229248,4,10,412.0,3.0,111.0,1,99,26,99
0.21999999999999995,0.6200000000000003,219.29173396034184,59.7029103143222,5.198252206487448e-06,-5638.372117880593,-3422.28636932055,-5284.942795639828,-3328.953289217595,0.0019989013671875,4,13,914.0,4.0,252.0,98,99,99,99
0.21999999999999995,0.6500000000000004,268.1689066614547,74.41543018756258,6.102090698900663e-06,-54809.17267614953,-22304.524475524475,-25702.853456941804,-21618.154127694183,0.0019996166229248,4,10,1135.0,2.0,319.0,1,99,62,99
0.21999999999999995,0.6900000000000004,798.022738815547,221.27956487966375,3.8100886474068784e-06,-26558.988994279924,-22189.11487018096,-25986.846172811176,-20968.869735902925,0.002000093460083,4,17,3367.0,6.0,929.0,82,99,84,99
0.21999999999999995,0.7000000000000004,1287.87035935299,347.7386320931282,5.375791057465519e-06,-1215565.6271172955,-2366068.197452229,-452913.3417908749,-1719780.777777778,0.0019996166229248,4,10,5167.0,2.0,1371.0,1,99,7,99
0.21999999999999995,0.7800000000000005,2510.0879404415296,666.1277405022754,4.587561874083256e-06,-3355821.121944172,-659151.2166344294,-2646937.781672574,-641144.5749548466,0.002000093460083,4,10,9724.0,3.0,2440.0,1,99,13,99
0.21999999999999995,0.8000000000000005,4033.72781214846,965.292297053074,3.776556347292822e-06,-2902074.979485592,-849224.6170886077,-2780815.018942159,-803626.3919683765,0.0019989013671875,4,12,12033.0,5.0,2579.0,37,99,37,96
0.21999999999999995,0.8200000000000005,4471.091077923076,1051.9266302440806,5.266091924195929e-06,-2452134.9795559817,-1919795.957831326,-2023280.6955013664,-1685099.9676395934,0.0019998550415039,4,10,12621.0,4.0,2716.0,1,98,23,94
0.21999999999999995,0.8400000000000005,4874.965743469384,1130.1754565110675,4.395073425401629e-06,-1158325.0448054832,-567057.3900958621,-1153420.6056622851,-546947.8826441857,0.0034084320068359,4,19,13263.0,8.0,2868.0,93,96,71,93
0.21999999999999995,0.8500000000000005,4851.815437716759,1143.411757818095,4.705958931942465e-06,-912470.9535658406,-571470.749573136,-896054.0563045202,-536272.6412579047,0.0020010471343994,4,21,13807.0,6.0,2991.0,60,97,94,94
0.21999999999999995,0.8700000000000006,5669.395097436174,1255.4803031774998,5.371180726537297e-06,-11304419.994657304,-10840702.713432835,-6378047.148990262,-9800397.704663211,0.0020022392272949,4,10,13975.0,2.0,3019.0,1,93,11,89
0.21999999999999995,0.9200000000000006,6585.289710629037,1402.1969406672754,5.8035632052542565e-06,-17257282.558011997,-10492237.619571509,-8623621.286436323,-9734449.799381122,0.0020005702972412,4,10,15371.0,2.0,3339.0,1,87,6,84
0.21999999999999995,0.9300000000000006,6730.782554954761,1428.140329968779,4.3834893092485615e-06,-5612080.911930748,-2490302.8600953897,-5162109.414119714,-2447500.7624999997,0.0019996166229248,4,14,15686.0,4.0,3411.0,78,87,78,83
0.21999999999999995,0.9400000000000006,6872.337549613912,1453.8831158601895,4.405198746363582e-06,-3448006.538388416,-1364279.458855662,-3407499.617019518,-1295469.5503064352,0.0019996166229248,4,18,16011.0,5.0,3485.0,93,86,25,83
0.21999999999999995,0.9800000000000006,7380.001995116036,1553.5627770010883,3.3204428169306943e-06,-56887.260707770925,-46532.51121636293,-55089.09802052921,-44534.37069641567,0.0019998550415039,4,112,17371.0,28.0,3810.0,98,83,98,80
0.21999999999999995,0.9900000000000007,7558.326968483171,1592.09555303694,4.3407616854294345e-06,-7624165.955514365,-2699065.919930676,-7135555.577629164,-2607841.160540134,0.0029973983764648,4,12,17798.0,4.0,3909.0,38,84,24,80
0.22999999999999995,0.21000000000000002,0.25,0.0,5.375791057465519e-06,0.9304263799975844,1.0,0.982823280180928,1.0,0.0031080245971679,4,10,5.0,0.0,0.0,1,4,1,4
0.22999999999999995,0.22000000000000003,0.816496580927726,0.2700308624336608,8.656837924241868e-06,0.3036382182930975,-0.0786516853932586,0.7681159420289855,-0.0752688172043014,0.0010004043579101,4,10,5.0,1.0,0.0,1,4,11,4
0.22999999999999995,0.24000000000000005,0.5103103630798288,0.1020620726159657,5.375791057465519e-06,0.81094919259551,-0.0105263157894739,0.9355271301836188,0.6563573883161511,0.0020933151245117,4,10,5.0,1.0,0.0,1,4,2,4
0.22999999999999995,0.26000000000000006,1.773649721149397,0.6208193510729725,1.4983446330480962e-05,-1.7582532584911053,-0.3708992666923969,-0.262752968723867,-0.3508579773640017,0.0035290718078613,4,10,3.0,2.0,0.0,1,4,25,4
0.22999999999999995,0.2700000000000001,1.3189326492787012,0.2886751345948128,9.100193919051228e-06,0.394927536231884,-0.0909090909090912,0.6468672686134783,-0.0869565217391306,0.0020010471343994,4,10,4.0,1.0,0.0,1,4,6,4
0.22999999999999995,0.2900000000000001,0.4894725051862804,0.1767766952966369,5.510765484275412e-06,0.7692066478519912,-0.032258064516129,0.928801386825161,0.2187500000000002,0.0026757717132568,4,10,5.0,1.0,0.0,1,4,4,4
0.22999999999999995,0.3200000000000001,0.3679900360969936,0.1020620726159657,5.383959363695476e-06,0.8984292341499146,-0.0105263157894739,0.96573446848889,0.8287671232876712,0.0020101070404052,4,10,6.0,2.0,0.0,1,4,4,4
0.22999999999999995,0.35000000000000014,0.8720187306856813,0.3227486121839514,7.129363180500301e-06,0.3496055684454759,-0.1162790697674416,0.7041540020263424,-0.0214504596527065,0.0024161338806152,4,10,3.0,1.0,0.0,1,4,4,4
0.22999999999999995,0.36000000000000015,1.346291201783626,0.4564354645876384,7.131004436449863e-06,-0.3119698397737982,-0.1538461538461542,0.3837654058648532,-0.104362230811706,0.0010006427764892,4,10,4.0,2.0,0.0,1,4,48,4
0.22999999999999995,0.37000000000000016,0.1767766952966369,0.0,5.375791057465519e-06,0.3885350318471338,1.0,0.9865927779764032,1.0,0.0020051002502441,4,10,2.0,0.0,0.0,1,4,1,4
0.22999999999999995,0.4100000000000002,2.005201569252661,0.25,5.375791057465519e-06,-4.690417690417689,0.0,-0.2574928329424026,-5.060606060606062,0.0020027160644531,4,10,6.0,1.0,1.0,1,4,2,94
0.22999999999999995,0.5300000000000002,34.49350784326426,8.764274071479052,5.464855848145562e-06,-290.5040408336878,-109.12818917237088,-259.0009105187681,-105.86956521739135,0.002000093460083,4,10,129.0,3.0,34.0,1,99,26,99
0.22999999999999995,0.5400000000000003,49.23106658063247,13.075103568742136,3.92121827704861e-06,-82.57109986194202,-59.82273008029647,-81.97848818133836,-57.87713004484305,0.0029997825622558,4,20,213.0,8.0,56.0,88,99,86,99
0.22999999999999995,0.5500000000000003,51.81497531280572,13.34049286945576,6.100175043747157e-06,-1014.099076923077,-927.2173174872664,-661.9967845659164,-918.0424959655728,0.0019998550415039,4,10,196.0,2.0,52.0,1,99,5,99
0.22999999999999995,0.5800000000000003,160.82217146069547,42.69611613874655,4.713615879414841e-06,-5111.509104948202,-2383.047679863772,-4018.038831965555,-2332.386666666667,0.0020005702972412,4,10,636.0,4.0,171.0,1,99,99,99
0.22999999999999995,0.5900000000000003,238.11558380332855,63.18664481781995,5.318773246322219e-06,-8395.751972489596,-30661.8,-6269.860599078341,-18470.566265060235,0.0029993057250976,4,11,930.0,3.0,251.0,8,99,4,99
0.22999999999999995,0.6300000000000003,266.00097900822345,73.09696756136103,3.514084221088917e-06,-3899.818912710566,-2254.628418304246,-3762.748995705776,-2168.446794112672,0.0019996166229248,4,20,1117.0,7.0,309.0,33,99,86,99
0.22999999999999995,0.6400000000000003,517.2993773757448,140.39078643795207,5.648853726971367e-06,-124327.95341802784,-52802.32093023254,-65169.273218498674,-51485.231292517,0.0020027160644531,4,10,2098.0,2.0,572.0,1,99,7,99
0.22999999999999995,0.6600000000000004,730.3357318726779,199.0294680861773,3.311586215080776e-06,-24144.09890908734,-14006.248283006558,-23585.55479603493,-13078.35339638865,0.0020015239715576,4,24,2997.0,8.0,813.0,89,99,89,99
0.22999999999999995,0.6700000000000004,104.50368813268426,29.590081389997334,5.375791057465519e-06,-1059452.978947369,0.0,-6909.6716762243805,0.0,0.0011932849884033,4,10,459.0,0.0,132.0,1,99,1,99
0.22999999999999995,0.7000000000000004,817.938726566157,227.70842101248687,5.5294639736715e-06,-212786.23688569848,-214189.93142088747,-139016.92424242423,-212812.5100470285,0.0025265216827392,4,10,3464.0,2.0,961.0,1,99,7,99
0.22999999999999995,0.7200000000000004,1107.3886324743148,307.22128289991025,5.375791057465519e-06,-1696182.2687978388,0.0,-381989.7200103831,0.0,0.0030012130737304,4,10,4661.0,0.0,1279.0,1,99,1,99
0.22999999999999995,0.7400000000000004,1265.3376114039024,352.75958231728686,5.372817901776022e-06,-968782.8329722276,-1137729.9523809524,-514901.7168269069,-1131265.571969697,0.0020186901092529,4,10,5369.0,1.0,1475.0,1,99,8,99
0.22999999999999995,0.7500000000000004,2600.112481541264,666.9179109905506,3.4638209880688118e-06,-53275.832364801776,-50321.72480848556,-51837.51641698535,-47457.43883028976,0.0024418830871582,4,45,9399.0,13.0,2250.0,76,99,80,99
0.22999999999999995,0.7700000000000005,3039.217132955459,767.8050018288063,5.06168121692804e-06,-1424475.6506024096,-1166892.8969072164,-1131675.8530808105,-1097639.6904577194,0.0031442642211914,4,10,10571.0,4.0,2446.0,1,99,16,99
0.22999999999999995,0.8100000000000005,3408.9138543921385,870.7040374509202,5.776474762712866e-06,-23491184.09146743,-25042596.849462364,-3081729.917127072,-3931930.388438684,0.0020010471343994,4,10,12143.0,4.0,2814.0,1,99,3,99
0.22999999999999995,0.8300000000000005,4725.895772672803,1096.7120368021256,3.252983511923481e-06,-441985.66790925385,-284662.46995377506,-438801.5684633631,-269503.7614601811,0.0035126209259033,4,28,12875.0,8.0,2780.0,89,97,83,93
0.22999999999999995,0.8800000000000006,4876.915525377353,1190.3765554436966,5.154549060519948e-06,-21241994.858513422,-5135287.361777429,-8453196.897153012,-5085294.289719626,0.0035147666931152,4,10,15319.0,3.0,3340.0,1,99,34,96
0.22999999999999995,0.8900000000000006,5521.831182150236,1285.1745909278889,5.3625619144387815e-06,-46841397.61176861,-54558511.86021505,-14569206.515803097,-54488204.49828177,0.002385139465332,4,10,15304.0,1.0,3342.0,1,96,5,93
0.22999999999999995,0.9200000000000006,6383.875149709879,1410.314422685003,5.296900039291937e-06,-14437346.35806266,-4546254.476190476,-9298562.86215092,-4415880.822386679,0.0025117397308349,4,10,15985.0,4.0,3486.0,1,92,20,89
0.22999999999999995,0.9500000000000006,7007.530106814858,1483.0225681020502,3.86979366092151e-06,-1452067.6994349668,-715822.7152140132,-1444547.7382752292,-683493.1245022821,0.0035521984100341,4,22,16421.0,8.0,3581.0,97,86,86,83
0.22999999999999995,0.9700000000000006,7279.545897867989,1534.240016126334,4.271530664198892e-06,-893473.59952177,-519889.54108850384,-892022.793442048,-506450.67529527785,0.0030031204223632,4,26,17056.0,8.0,3731.0,100,84,61,81
0.22999999999999995,0.9900000000000007,7568.039231696675,1609.2482037429777,5.375791057465519e-06,-92816669.89150696,-251226197.5684211,-21069974.89668915,-251120462.6363637,0.0035083293914794,4,10,18163.0,1.0,3998.0,1,86,5,83
0.23999999999999994,0.21000000000000002,0.7288689868556626,0.1767766952966369,5.413660940458902e-06,0.778220692154376,-0.032258064516129,0.8996142036060153,0.2187500000000002,0.0015037059783935,4,10,6.0,1.0,0.0,1,4,3,4
0.23999999999999994,0.2800000000000001,0.3952847075210474,0.1443375672974064,5.439136859364757e-06,0.8473120559855795,-0.0212765957446807,0.9484606926882904,-0.0204081632653068,0.0029993057250976,4,10,6.0,1.0,0.0,1,4,9,4
0.23999999999999994,0.2900000000000001,0.4208127057650866,0.0,5.375791057465519e-06,0.7646719538572457,1.0,0.9307704837921486,1.0,0.0020704269409179,4,10,4.0,0.0,0.0,1,4,1,4
0.23999999999999994,0.4200000000000002,1.3919410907075054,0.2886751345948128,6.689208770414983e-06,-0.8670012547051442,0.0191570881226054,0.3588638792182274,0.1111111111111111,0.0019969940185546,4,10,3.0,1.0,1.0,1,4,3,4
0.23999999999999994,0.4400000000000002,5.449579494480897,1.1086778913041726,5.405961346075811e-06,-5.070801171147192,-4.7560975609756095,-3.237829803047193,-4.739299610894943,0.0019996166229248,4,10,15.0,3.0,3.0,1,99,11,95
0.23999999999999994,0.49000000000000027,6.698102965268101,1.4469796128487782,5.375791057465519e-06,-100.56521739130434,0.0,-14.664096595868497,0.0,0.0019996166229248,4,10,23.0,0.0,5.0,1,99,1,97
0.23999999999999994,0.5300000000000002,44.30657870640281,11.208255885729947,5.449711559341712e-06,-591.645199331739,-463.5906902086678,-444.9523415130504,-455.1270801815431,0.002514362335205,4,10,166.0,2.0,43.0,1,99,27,99
0.23999999999999994,0.5800000000000003,133.23592796239308,35.33205579451423,5.5112512169240834e-06,-5724.308976377953,-3870.074024226112,-3508.708377955351,-3845.020539152759,0.002000093460083,4,10,521.0,3.0,141.0,1,99,12,99
0.23999999999999994,0.6100000000000003,350.43640947158065,93.92949483522202,5.113381443374206e-06,-13462.92005710207,-17113.38939170701,-11385.380977216317,-16128.956198819278,0.0020604133605957,4,11,1390.0,4.0,376.0,26,99,21,99
0.23999999999999994,0.6300000000000003,393.6196212716028,106.86605713072166,4.488824679739685e-06,-17397.276126768287,-14054.820512820514,-16038.83026172477,-13676.070858283434,0.0026655197143554,4,11,1599.0,3.0,438.0,25,99,19,99
0.23999999999999994,0.6800000000000004,937.3456317353453,255.160896951969,3.131706621899761e-06,-41882.91094926756,-19064.41942043721,-40900.76753839366,-18234.68198395332,0.0025944709777832,4,26,3845.0,8.0,1038.0,100,99,80,99
0.23999999999999994,0.7000000000000004,523.4923192687103,148.37554408774153,5.473736127560384e-06,-37395.778322351376,-32765.96124031008,-34844.35629139073,-32021.257575757583,0.0030086040496826,4,10,2289.0,4.0,651.0,1,99,57,99
0.23999999999999994,0.7200000000000004,1574.7507507803682,423.84265211278586,7.494975792864339e-06,-1576694.7411521217,-845116.9908116385,-641008.80909556,-727358.2998734709,0.0025064945220947,4,10,6276.0,2.0,1646.0,1,99,3,99
0.23999999999999994,0.7300000000000004,858.6552531429596,243.5159132377184,5.460617465231758e-06,-1143336.3690055527,-697966.816091954,-326549.0761245675,-632532.3333333334,0.002000093460083,4,10,3748.0,1.0,1059.0,1,99,2,99
0.23999999999999994,0.7400000000000004,2171.4155641155685,570.0555071657496,3.029890582047274e-06,-86787.47225512145,-69300.43700104131,-81709.07014896274,-61318.85257985258,0.0019991397857666,4,36,8268.0,10.0,2066.0,100,99,95,99
0.23999999999999994,0.7500000000000004,1948.6728630232765,523.9871877409472,5.372199659120773e-06,-9290191.65834882,-5372331.636942675,-1556612.3865664632,-3904888.9259259263,0.0019998550415039,4,10,7750.0,2.0,2009.0,1,99,9,99
0.23999999999999994,0.7600000000000005,1963.5167986931,531.91256722009,4.531552821572582e-06,-895649.4747548588,-560027.3298969072,-795336.4355337805,-526790.5826221878,0.0020413398742675,4,10,7920.0,3.0,2068.0,1,99,76,99
0.23999999999999994,0.8100000000000005,3878.351362585224,952.619704857785,3.566178259490552e-06,-623353.6234739167,-357179.2403587444,-620538.1027073485,-347139.9507491233,0.0019986629486083,4,26,12521.0,8.0,2719.0,97,99,97,97
0.23999999999999994,0.8300000000000005,4620.377934803241,1085.4125847651974,5.5723645396791565e-06,-5394481.604589948,-4349982.307692308,-3969853.441732527,-4228020.158878504,0.0030062198638916,4,10,12993.0,2.0,2803.0,1,97,5,94
0.23999999999999994,0.8600000000000005,4634.5259578695495,1128.182263089613,3.474341793356574e-06,-175688.87627707588,-149011.06488903565,-167810.69654418068,-138855.699168144,0.002002477645874,4,39,14498.0,12.0,3149.0,87,99,60,96
0.23999999999999994,0.8800000000000006,5737.431560957104,1282.5424944226995,5.606855288478595e-06,-8075313.160136286,-3790831.444111028,-6103128.855733019,-3720825.201696512,0.0024418830871582,4,10,14494.0,3.0,3146.0,1,93,97,90
0.23999999999999994,0.9200000000000006,5556.879602498751,1339.2401841467172,5.375791057465519e-06,-388770549.557377,0.0,-13953941.044812651,0.0,0.0019986629486083,4,10,16822.0,0.0,3698.0,1,98,1,95
0.23999999999999994,0.9300000000000006,6730.251344210705,1427.8853391174891,3.830253887127931e-06,-3094242.251660342,-1608878.3465193938,-3082339.8538660016,-1508052.2244394792,0.0019986629486083,4,20,15686.0,5.0,3411.0,100,87,43,83
0.23999999999999994,0.9400000000000006,6845.450926375607,1452.5728036831752,3.2245647323254957e-06,-150450.68516262452,-107713.98326566108,-143508.077264172,-101431.62959698742,0.0029985904693603,4,67,16082.0,17.0,3506.0,100,87,99,83
0.23999999999999994,0.9500000000000006,6980.039660077155,1464.664064868346,3.1971873563517587e-06,-144242.0479795765,-101474.3269448907,-142442.13651264296,-99057.7392977393,0.0024175643920898,4,84,16086.0,23.0,3503.0,100,83,100,80
0.23999999999999994,0.9700000000000006,7274.859498213694,1530.7432460790628,3.598535616743045e-06,-704537.7467412407,-428677.9031066997,-701582.431123312,-414261.9631675874,0.003692626953125,4,36,16978.0,10.0,3713.0,96,84,100,80
0.23999999999999994,0.9900000000000007,7570.9782427427,1603.3445609880616,5.363039617780711e-06,-57676433.29020636,-50300844.4522293,-15632647.605113631,-50262427.3095723,0.0019981861114501,4,10,18027.0,2.0,3960.0,1,85,6,82
0.24999999999999992,0.21000000000000002,0.6614378277661477,0.25,7.85029767974967e-06,0.752197160592465,-0.0666666666666666,0.9054458677592924,-0.0638297872340425,0.0023703575134277,4,10,7.0,1.0,0.0,1,4,8,4
0.24999999999999992,0.23000000000000004,2.118863689181853,0.5863019699779287,1.400093885517905e-05,-1.738137780424856,-0.36140954018049,-0.4101557387776469,-0.3420089467263116,0.0019974708557128,4,10,2.0,2.0,0.0,1,4,51,4
0.24999999999999992,0.24000000000000005,0.4564354645876384,0.1443375672974064,5.48490871743929e-06,0.7848498431196773,-0.0212765957446807,0.9312123817712812,0.3127147766323023,0.0033795833587646,4,10,5.0,1.0,0.0,1,4,3,4
0.24999999999999992,0.2900000000000001,3.7444403231101617,0.9298297335175584,9.140800281253052e-06,-6.637330811513683,-1.128773710927064,-4.340422155213457,-1.0524233432245302,0.0030138492584228,4,10,4.0,2.0,0.0,1,4,13,4
0.24999999999999992,0.3000000000000001,0.7430231041719587,0.338501600193165,6.012822852703397e-06,0.6072861994442729,-0.0038022813688209,0.800293907080146,-2.220446049250313e-16,0.0025088787078857,4,10,4.0,2.0,1.0,1,4,13,4
0.24999999999999992,0.3200000000000001,0.75,0.2041241452319315,5.4220815880859525e-06,0.6223501129161508,-0.0434782608695645,0.8464993319878337,0.1578947368421051,0.0030000209808349,4,10,6.0,1.0,0.0,1,4,4,4
0.24999999999999992,0.35000000000000014,0.7905694150420949,0.3061862178478972,5.404714733394609e-06,0.6904557179707653,-0.0601226993865031,0.8507870980577453,-0.0575793184488839,0.002626895904541,4,10,6.0,2.0,0.0,1,4,8,4
0.24999999999999992,0.3900000000000002,1.5444794160708866,0.3679900360969936,6.17946831369528e-06,-0.218152601540422,-0.1566265060240959,0.2972010802848022,-0.0797342192691028,0.0019996166229248,4,10,4.0,1.0,0.0,1,4,4,4
0.24999999999999992,0.4000000000000002,0.9789450103725608,0.0,5.375791057465519e-06,-0.2392310930265184,1.0,0.6210092687950566,1.0,0.0019996166229248,4,10,4.0,0.0,0.0,1,4,1,4
0.24999999999999992,0.4100000000000002,0.4208127057650866,0.0,5.375791057465519e-06,-1.2295081967213113,1.0,0.9094588836812952,1.0,0.002000093460083,4,10,2.0,0.0,0.0,1,4,1,4
0.24999999999999992,0.4300000000000002,2.796947741139735,0.5103103630798288,6.378127616059261e-06,-9.200339558573852,-3.4444444444444446,-1.0286879710418968,-1.453385672227673,0.0010044574737548,4,11,8.0,2.0,2.0,2,98,2,99
0.24999999999999992,0.4400000000000002,5.142753801871782,0.962851667357612,5.388707038047621e-06,-26.64791288566244,-29.623655913978496,-6.428537991164162,-29.584192439862534,0.0019996166229248,4,10,15.0,1.0,3.0,1,99,5,96
0.24999999999999992,0.45000000000000023,6.753856922776299,1.3768926368215255,5.383123083365923e-06,-63.01461854728187,-61.623655913978496,-13.08446174133994,-61.54295532646046,0.0019996166229248,4,10,20.0,1.0,5.0,1,99,6,99
0.24999999999999992,0.46000000000000024,4.43118682371514,0.8539125638299665,5.375791057465519e-06,-55.70949545596992,0.0,-6.777686086813005,0.0,0.0019996166229248,4,10,14.0,0.0,3.0,1,99,1,97
0.24999999999999992,0.5500000000000003,26.12031457186788,6.695769808866889,5.623192152935619e-06,-1091.391938846421,-1121.7826086956516,-261.4539188972592,-905.1052631578948,0.0019998550415039,4,10,99.0,1.0,26.0,1,99,3,99
0.24999999999999992,0.6200000000000003,146.0522880112918,40.31012589908397,4.3246415125767785e-06,-1106.8244738102617,-837.8492045709163,-1100.1405004006,-807.6206002799232,0.001000165939331,4,17,617.0,5.0,172.0,69,99,67,99
0.24999999999999992,0.6400000000000003,766.2000731423441,204.8048359617842,2.8676428059987683e-06,-31528.13758238684,-11913.84749106152,-29983.679925088847,-11273.280434539138,0.0020020008087158,4,26,3028.0,9.0,805.0,56,99,66,99
0.24999999999999992,0.7300000000000004,1795.272454949387,479.9638983819512,2.9758319490512558e-06,-188897.764824095,-73593.25291181364,-183016.94403137368,-68485.8012758973,0.0019998550415039,4,21,7083.0,8.0,1830.0,63,99,96,99
0.24999999999999992,0.8000000000000005,3095.015438168281,801.495561694927,5.184704696469203e-06,-816812.2411547003,-462523.4975,-793739.1377572158,-445076.4610277137,0.0019981861114501,4,13,11399.0,6.0,2721.0,89,99,95,99
0.24999999999999992,0.8100000000000005,3673.9034305036735,918.8133311505662,5.977947560749373e-06,-3328166.061643836,-1234969.24,-2629661.863521056,-1180723.388111888,0.002000093460083,4,10,12427.0,4.0,2767.0,1,99,22,99
0.24999999999999992,0.8300000000000005,4469.391936410366,1065.8496659551322,5.498450093149685e-06,-18098099.55210381,-8971467.092544988,-5242903.01082677,-6906864.674477514,0.0019984245300292,4,10,13132.0,2.0,2837.0,1,98,3,95
0.24999999999999992,0.8800000000000006,5621.450099284881,1273.5621835688537,3.5887845855337376e-06,-1091393.4568062238,-563669.9233379841,-1087787.2262876322,-543464.2228543507,0.002000093460083,4,21,14634.0,9.0,3179.0,100,94,100,91
0.24999999999999992,0.9200000000000006,6469.649604113039,1411.2494021256484,5.4042654795862416e-06,-26464616.80021953,-49877213.26086954,-12692159.636785751,-49790620.87499999,0.0010030269622802,4,10,15807.0,1.0,3444.0,1,91,6,87
0.24999999999999992,0.9700000000000006,7250.881554162915,1526.141983619698,3.4496276632842965e-06,-85576.18196572171,-75251.93458468161,-82455.80480622951,-71485.4162875385,0.0019972324371337,4,100,16977.0,29.0,3713.0,95,84,92,80
0.24999999999999992,0.9800000000000006,7341.132026267021,1546.2434754645424,3.065327976073447e-06,-12922.928144236112,-10399.813234949814,-12495.331196818192,-9984.600145135357,0.0010004043579101,4,228,17399.0,59.0,3811.0,100,84,99,80
0.2599999999999999,0.21000000000000002,0.7071067811865476,0.1443375672974064,5.382315643073197e-06,0.765555838209107,-0.0212765957446807,0.8962364080503253,-0.0204081632653068,0.0019991397857666,4,10,6.0,1.0,0.0,1,4,6,4
0.2599999999999999,0.2700000000000001,0.6208193510729725,0.2700308624336608,5.4882930439882485e-06,0.782991202346041,0.081967213114754,0.9011197519976484,0.0837696335078534,0.0020003318786621,4,10,6.0,2.0,1.0,1,4,12,4
0.2599999999999999,0.34000000000000014,1.0257111354242645,0.408248290463863,7.521425734782518e-06,-0.0774530503389268,-0.1034482758620689,0.5613273106323836,-0.0450685826257351,0.0020036697387695,4,10,2.0,2.0,0.0,1,4,11,4
0.2599999999999999,0.35000000000000014,0.6208193510729725,0.1767766952966369,5.958756846568012e-06,0.6308843396030344,-0.032258064516129,0.8981810176394507,0.3684210526315787,0.0010042190551757,4,10,6.0,1.0,0.0,1,4,2,4
0.2599999999999999,0.37000000000000016,1.0752906583803283,0.2886751345948128,5.877140717375491e-06,0.08003108003108,0.0191570881226054,0.592675498146857,0.0231990231990237,0.0019998550415039,4,10,4.0,1.0,1.0,1,4,5,4
0.2599999999999999,0.38000000000000017,2.549509756796392,0.8955910525085282,9.265555558899047e-06,-1.261210931601993,-0.6129173030765873,-0.4884075946951622,-0.5172413793103443,0.0019996166229248,4,10,5.0,3.0,0.0,1,4,52,4
0.2599999999999999,0.4200000000000002,3.120830551845668,0.5496210815947049,5.874479622610801e-06,-8.181669394435355,-4.155555555555556,-2.3373786407767,-4.141843971631205,0.0019998550415039,4,10,8.0,1.0,2.0,1,97,5,98
0.2599999999999999,0.45000000000000023,9.1195760135363,2.0866640042581523,6.301684705679751e-06,-27.37914691943128,-11.48149300155521,-18.92264504054897,-11.225797016671535,0.0019993782043457,4,10,32.0,2.0,7.0,1,99,5,98
0.2599999999999999,0.5000000000000002,18.295035756547,4.408798022137099,7.905510419621243e-06,-175.80243021722933,-63.367948257276325,-98.65264855476988,-62.49098332766249,0.0019993782043457,4,10,65.0,2.0,16.0,1,99,11,99
0.2599999999999999,0.5500000000000003,64.23281222760426,16.56804152578089,5.380379439654512e-06,-2175.399290252418,-2822.428571428571,-949.3839140032632,-1480.2816188870147,0.001000165939331,4,10,242.0,3.0,64.0,1,99,3,99
0.2599999999999999,0.5700000000000003,135.04937368730495,36.25991243784243,4.4204581791401605e-06,-190.5239466919473,-205.0192807957154,-188.8763279240356,-197.84836549822765,0.002000093460083,4,36,571.0,12.0,153.0,99,99,94,99
0.2599999999999999,0.5900000000000003,120.30897722115336,32.17465358528874,5.662679772432406e-06,-6558.534225019667,-7949.4,-3629.3801436969297,-7465.56649135988,0.0019998550415039,4,10,478.0,2.0,130.0,1,99,19,99
0.2599999999999999,0.6000000000000003,105.5968650891998,28.43156989451456,5.481885409622942e-06,-6454.077386934673,-3881.121938509639,-2874.7441435632927,-3737.053949903661,0.0020003318786621,4,10,427.0,2.0,117.0,1,99,11,99
0.2599999999999999,0.6100000000000003,268.6599655388449,72.518173009713,3.3610610226453287e-06,-6439.686289697909,-2879.9301551447425,-6210.992576920318,-2705.841456222187,0.0019998550415039,4,21,1091.0,6.0,298.0,31,99,27,99
0.2599999999999999,0.6200000000000003,322.9082848374545,87.38283822734684,5.267486011730804e-06,-14506.973186786645,-25728.860329067644,-11635.844185586908,-24671.93840457758,0.0025615692138671,4,10,1304.0,3.0,357.0,1,99,10,99
0.2599999999999999,0.6300000000000003,186.73792352742208,51.30495021600417,6.949560802004552e-06,-22954.115428571426,-19085.02360346184,-11745.450752657986,-18984.048835462057,0.0019972324371337,4,10,777.0,2.0,217.0,1,99,17,99
0.2599999999999999,0.6800000000000004,926.1074451703756,252.7133793120842,3.008169509321727e-06,-17896.399506845966,-16222.465475895146,-17661.35994946061,-15451.927536231884,0.0019996166229248,4,26,3807.0,9.0,1029.0,72,99,87,99
0.2599999999999999,0.7000000000000004,798.5770483073836,222.6396331518717,4.19802589563114e-06,-58093.22331171913,-48726.72608,-57053.3772832327,-45496.342002103454,0.0020010471343994,4,14,3404.0,4.0,946.0,89,99,53,99
0.2599999999999999,0.7500000000000004,1479.005278754384,409.9735636802288,4.410408900609592e-06,-319465.28042596346,-173053.38766618253,-306066.29970412905,-165593.40681444993,0.0020017623901367,4,13,6222.0,4.0,1689.0,31,99,43,99
0.2599999999999999,0.7900000000000005,3747.392543489406,909.9718917362228,3.325303274598634e-06,-4252893.589859025,-505550.3841669427,-4161387.08494876,-473169.7678571429,0.0019991397857666,4,12,11718.0,6.0,2524.0,47,99,35,97
0.2599999999999999,0.8000000000000005,2760.653036420912,732.1668255368216,3.381390586495634e-06,-334233.43563668546,-190718.7764051884,-330943.5654189755,-184618.02421524664,0.0020022392272949,4,22,10697.0,7.0,2661.0,96,99,96,99
0.2599999999999999,0.8400000000000005,5072.036104958244,1149.871972040076,3.787971611698284e-06,-4314509.584047606,-1108573.0873362443,-3885789.2070614896,-1063435.1008713138,0.002000093460083,4,12,13053.0,5.0,2813.0,71,95,72,92
0.2599999999999999,0.8500000000000005,3865.660786010588,989.7065116319416,4.406177178005943e-06,-22158.830102202053,-24016.38642005199,-21882.718004886367,-23396.376455278565,0.0019993782043457,4,100,13907.0,31.0,3176.0,100,99,100,99
0.2599999999999999,0.9000000000000006,6216.081378837743,1343.566154090176,3.3054400112090987e-06,-132151.06949184812,-106824.35599576205,-129607.22371363404,-101520.57950544525,0.0020027160644531,4,64,14853.0,19.0,3225.0,99,90,98,87
0.2599999999999999,0.9100000000000006,6423.190743152243,1368.4811912603452,3.1719108475756658e-06,-317302.2775631702,-205077.23220332945,-303571.3472829003,-189222.47307153916,0.0020103454589843,4,51,14992.0,12.0,3251.0,99,88,97,85
0.2599999999999999,0.9200000000000006,6555.21686489725,1401.1521821344031,3.883775873683618e-06,-260383.46951054735,-204304.6500637993,-258661.79132616307,-197269.0509739478,0.0010030269622802,4,43,15463.0,12.0,3365.0,96,88,96,85
0.2599999999999999,0.9400000000000006,6801.6421439360265,1465.1406786835637,3.426033199735778e-06,-295608.2591992722,-242113.3849910049,-289279.6610775697,-231504.76525568432,0.0020027160644531,4,47,16421.0,12.0,3598.0,97,89,97,86
0.2599999999999999,0.9700000000000006,7166.606672471754,1504.8780473845711,2.84478475554735e-06,-7190.612794303401,-5997.990414762438,-6953.560848167466,-5780.853185127032,0.0020360946655273,4,327,16848.0,85.0,3687.0,100,83,100,79
0.2699999999999999,0.2,1.984313483298443,0.5863019699779287,1.32728572994729e-05,-1.5076359615783297,-0.2988929889298892,-0.3302364864864866,-0.2835472578763127,0.0019996166229248,4,10,5.0,2.0,0.0,1,4,9,4
0.2699999999999999,0.22000000000000003,0.3535533905932738,0.2282177322938192,6.343238926288912e-06,0.825136612021858,-0.0549450549450545,0.9643959173985284,-0.0526315789473688,0.0019986629486083,4,10,4.0,1.0,0.0,1,4,7,4
0.2699999999999999,0.3000000000000001,0.9185586535436918,0.1767766952966369,5.385289196386348e-06,0.8534268265098394,-0.032258064516129,0.9084497490844976,0.714557564224548,0.0020015239715576,4,12,11.0,2.0,0.0,4,4,3,4
0.2699999999999999,0.3100000000000001,1.1858541225631425,0.3535533905932738,5.572295199645629e-06,0.7355479829412126,-0.0221827861579417,0.8079221444425474,0.0445859872611464,0.0019998550415039,4,10,9.0,2.0,1.0,1,4,15,4
0.2699999999999999,0.3200000000000001,0.2700308624336608,0.0,5.375791057465519e-06,0.8842775960048218,1.0,0.9707063943756276,1.0,0.0009994506835937,4,10,4.0,0.0,0.0,1,4,1,4
0.2699999999999999,0.3300000000000001,0.1020620726159657,0.0,5.375791057465519e-06,0.4893617021276596,1.0,0.9939653611731338,1.0,0.0020012855529785,4,10,1.0,1.0,0.0,1,4,2,4
0.2699999999999999,0.34000000000000014,0.3818813079129867,0.0,5.375791057465519e-06,0.3975795607350965,1.0,0.9316239316239316,1.0,0.0019996166229248,4,10,2.0,1.0,0.0,1,4,3,4
0.2699999999999999,0.35000000000000014,0.5400617248673217,0.3227486121839514,8.643536990730707e-06,0.6578411405295317,-0.116279069767442,0.9151617985698705,-0.1111111111111111,0.0019998550415039,4,10,5.0,1.0,0.0,1,4,7,4
0.2699999999999999,0.3900000000000002,1.2950225223266711,0.0,5.375791057465519e-06,0.1055555555555555,1.0,0.6124124316907003,1.0,0.0019986629486083,4,10,6.0,1.0,0.0,1,4,3,4
0.2699999999999999,0.4300000000000002,1.4825372395547662,0.1767766952966369,5.375791057465519e-06,-14.486238532110091,-2.0315789473684216,0.1735537190082643,-2.030303030303031,0.0019984245300292,4,10,4.0,1.0,1.0,1,96,5,4
0.2699999999999999,0.45000000000000023,5.741842038927926,1.181453906563152,5.927935772884137e-06,-20.434920634920637,-19.648475120385235,-8.884755926168836,-19.583717357910917,0.0020012855529785,4,10,17.0,1.0,4.0,1,99,6,98
0.2699999999999999,0.5300000000000002,46.50235209105019,11.734031702701335,5.392891417791536e-06,-505.1412571428572,-792.5759849906192,-317.30754841380565,-656.2849328692191,0.0019996166229248,4,10,169.0,2.0,44.0,1,99,4,99
0.2699999999999999,0.5700000000000003,37.71935842508459,10.289051624582964,5.671662343160684e-06,-104.70238699847638,-108.72199730094466,-101.23047214155264,-106.44264721429326,0.0020012855529785,4,15,164.0,4.0,44.0,92,99,73,99
0.2699999999999999,0.5800000000000003,115.6614582160655,30.66434547374741,5.301862760045735e-06,-3339.044213263979,-4369.057488653555,-2417.362081952396,-3743.048112816257,0.0019972324371337,4,10,453.0,2.0,123.0,1,99,4,99
0.2699999999999999,0.6000000000000003,265.2728155440483,70.91977568586447,5.157070182469549e-06,-9390.317886932346,-9657.87226505522,-7927.976525821598,-9468.366542459307,0.002000093460083,4,10,1049.0,3.0,284.0,1,99,38,99
0.2699999999999999,0.6500000000000004,380.5300990066357,106.10843510296436,3.3165140361220304e-06,-1710.2560114895364,-2490.426815213216,-1640.458656826568,-2251.926463231616,0.0020036697387695,4,36,1645.0,12.0,457.0,100,99,73,99
0.2699999999999999,0.6600000000000004,502.66277421680365,139.9698628276816,2.7314019287177118e-06,-276.2133860679589,-341.0888056930224,-264.762079772317,-324.2279530139253,0.002000093460083,4,107,2247.0,32.0,621.0,100,99,100,99
0.2699999999999999,0.6700000000000004,299.4192990885301,84.158889904751,5.374815480349688e-06,-269042.3292087267,-347202.914893617,-41675.35465594888,-346907.6734693879,0.0020027160644531,4,10,1291.0,1.0,367.0,1,99,8,99
0.2699999999999999,0.7000000000000004,921.0711099493532,255.14352578499813,4.346223855331674e-06,-11821.301371602936,-13295.952148762162,-11753.781801701944,-12884.4206185567,0.0020027160644531,4,32,3896.0,10.0,1070.0,100,99,92,99
0.2699999999999999,0.7100000000000004,1218.5759277396985,333.67730169531563,5.161485399287761e-06,-9727.928260911294,-11418.542735042734,-9609.59023482243,-10872.099772135416,0.002002477645874,4,50,5057.0,12.0,1361.0,99,99,91,99
0.2699999999999999,0.7200000000000004,1259.602843326684,347.1292986770204,3.29895172786805e-06,-6101.49100303954,-8983.83385787911,-6049.78853876709,-8745.582385676265,0.002664566040039,4,56,5286.0,15.0,1428.0,100,99,87,99
0.2699999999999999,0.7400000000000004,1262.4976072584586,352.4751025486292,4.4878992892019895e-06,-20787.619869319155,-25276.8134934652,-20624.364111204715,-24595.141552040583,0.0020003318786621,4,35,5399.0,10.0,1482.0,100,99,92,99
0.2699999999999999,0.7600000000000005,2829.647611305455,718.5900764112087,2.874504147617514e-06,-4343.213605510498,-5916.130223623105,-4195.336765847913,-5635.835360417728,0.0019996166229248,4,151,10097.0,37.0,2356.0,99,99,97,99
0.2699999999999999,0.7900000000000005,3740.858471549901,908.2693134931584,2.999766451085269e-06,-212323.2062049834,-135204.9929931888,-200271.2304710793,-121063.42154824508,0.0019993782043457,4,33,11718.0,10.0,2524.0,67,99,56,97
0.2699999999999999,0.8000000000000005,3369.208651523381,854.7018242248774,5.288710979998534e-06,-1872556.472900408,-1150448.1045796308,-1577998.1398659118,-1139204.003248863,0.0020010471343994,4,10,11816.0,5.0,2716.0,1,99,25,99
0.2699999999999999,0.8100000000000005,3410.259575897413,870.9510546427585,5.375791057465519e-06,-28384767.372881345,-73587890.53684212,-5208375.357529391,-37153749.51020411,0.0019984245300292,4,10,12146.0,1.0,2814.0,1,99,4,99
0.2699999999999999,0.8300000000000005,4574.803141256463,1074.7011745519465,2.767166572626252e-06,-20412.93887842744,-18554.004900089425,-19808.5823769522,-17802.31456849434,0.0019943714141845,4,123,12995.0,29.0,2804.0,100,97,94,94
0.2699999999999999,0.8500000000000005,5123.067604188269,1172.111040672626,3.3014370830436152e-06,-379428.6865285096,-265820.6076084903,-370147.75605811086,-251695.66412213744,0.0019950866699218,4,33,13535.0,10.0,2929.0,98,95,96,92
0.2699999999999999,0.8600000000000005,5057.623126281752,1177.11061767788,2.9006504941934147e-06,-10333.367744935686,-11097.82964707723,-9971.131414762462,-10612.383723333209,0.0019958019256591,4,182,14082.0,46.0,3058.0,100,96,96,93
0.2699999999999999,0.8900000000000006,5954.588795976315,1317.4676861944913,5.7150797303294455e-06,-7012443.240262667,-4998875.78,-5448393.176870748,-4935698.82227488,0.0019977092742919,4,10,14772.0,2.0,3205.0,1,92,9,89
0.2699999999999999,0.9000000000000006,6286.3066801647,1345.5267749410762,5.22500342531754e-06,-5785366.632857299,-3487673.802675585,-4424442.180863968,-3435509.1996442,0.0019998550415039,4,10,14671.0,4.0,3184.0,1,88,9,85
0.2699999999999999,0.9300000000000006,6724.990381034013,1431.6443234092746,4.754564066657783e-06,-14247073.60878482,-4982632.605908731,-10853032.646635337,-4828517.404907974,0.0019993782043457,4,10,15777.0,2.0,3433.0,1,87,26,84
0.2699999999999999,0.9600000000000006,7098.317276386707,1489.5867505788308,2.9763495626019543e-06,-60288.44028337018,-43837.90113621747,-57929.90906325437,-41647.44608769952,0.002000093460083,4,122,16467.0,29.0,3592.0,99,83,97,79
0.2699999999999999,0.9800000000000006,7431.310728655701,1577.1133539635,5.375791057465519e-06,-92351274.30538924,-241292974.49473688,-20497758.03959171,-121826278.08163272,0.0020003318786621,4,10,17716.0,1.0,3889.0,1,86,4,83
0.2799999999999999,0.23000000000000004,1.20761472884912,0.3679900360969936,6.48183415888305e-06,0.376391982182628,-0.069408740359897,0.6739940387481371,-4.440892098500626e-16,0.0019998550415039,4,10,5.0,2.0,0.0,1,4,12,4
0.2799999999999999,0.26000000000000006,1.3919410907075054,0.4677071733467426,1.104289156185484e-05,-0.3959815495270111,-0.1275167785234898,0.3473684210526314,-0.1194029850746269,0.0019998550415039,4,10,3.0,2.0,1.0,1,4,20,4
0.2799999999999999,0.2800000000000001,1.6801537628046626,0.5773502691896257,6.594825111664998e-06,0.341417107561451,-0.1497005988023951,0.562133428123637,-0.1428571428571432,0.0019989013671875,4,10,5.0,3.0,0.0,1,4,13,4
0.2799999999999999,0.3100000000000001,2.39791576165636,0.6291528696058958,6.002695896000187e-06,0.0612078586993107,-0.2274562584118435,0.2301255230125523,-0.2163892445582589,0.0019998550415039,4,10,4.0,2.0,0.0,1,4,12,4
0.2799999999999999,0.3200000000000001,0.338501600193165,0.0,5.375791057465519e-06,0.8542845315302883,1.0,0.9634357133359924,1.0,0.0019996166229248,4,10,5.0,1.0,0.0,1,4,3,4
0.2799999999999999,0.34000000000000014,1.070436048222094,0.25,6.00112815024946e-06,0.4498853927901647,0.0754414125200642,0.7222222222222222,0.1847826086956521,0.0019996166229248,4,10,7.0,1.0,1.0,1,4,3,4
0.2799999999999999,0.45000000000000023,7.996744129123218,1.7199806200458578,5.750763338586334e-06,-8.798882681564246,-8.519553072625698,-6.551045510455102,-8.11424903722721,0.002000093460083,4,10,24.0,3.0,5.0,1,99,10,97
0.2799999999999999,0.47000000000000025,4.183300132670378,0.82915619758885,5.434624251656441e-06,-76.27839003354094,-32.702127659574465,-7.094045095394103,-10.301369863013702,0.0019991397857666,4,10,14.0,2.0,3.0,1,99,4,97
0.2799999999999999,0.48000000000000026,11.19616749904478,2.539274830865432,5.382993405703472e-06,-136.79389312977102,-211.989247311828,-38.159155250398605,-160.19791666666663,0.0019996166229248,4,10,37.0,1.0,9.0,1,99,3,99
0.2799999999999999,0.5100000000000002,7.732507139774697,1.773649721149397,5.375791057465519e-06,-1496.391304347825,-304.1789473684211,-30.860568383658965,-304.05050505050514,0.002298355102539,4,10,28.0,1.0,7.0,1,99,9,99
0.2799999999999999,0.5700000000000003,104.94666304048611,28.104529587476343,4.159444115898296e-06,-587.7963988839325,-364.2113184828417,-577.218736840954,-337.573852473656,0.002000093460083,4,20,425.0,6.0,114.0,67,99,29,99
0.2799999999999999,0.6000000000000003,126.75682098674874,34.12171840143264,5.4723572174287855e-06,-4476.387518142235,-8441.259638080253,-3140.210492016943,-8396.595792637116,0.002000093460083,4,10,511.0,2.0,140.0,1,99,11,99
0.2799999999999999,0.6300000000000003,429.3084555421661,116.55591469333504,2.9176807364614488e-06,-19611.29221656448,-7080.958934328864,-19480.993855911205,-6690.226720024626,0.0019996166229248,4,17,1756.0,7.0,479.0,86,99,80,99
0.2799999999999999,0.6500000000000004,617.5548980320157,167.70696169211342,5.3725945638636025e-06,-86347.84198113208,-196515.8764215315,-40888.3431912351,-144002.2,0.0020003318786621,4,13,2507.0,2.0,682.0,3,99,3,99
0.2799999999999999,0.6700000000000004,799.1537711854959,218.13047987385897,3.4840002359010043e-06,-54096.13647058823,-25878.69971671388,-53612.35478680611,-24374.724424995995,0.002000093460083,4,16,3279.0,5.0,891.0,31,99,27,99
0.2799999999999999,0.6800000000000004,673.2162155776305,186.3971175116897,5.375791057465519e-06,-1036959.3257199606,-1703188.6170212775,-203312.67757009357,-1701740.3265306128,0.0020003318786621,4,10,2825.0,1.0,783.0,1,99,5,99
0.2799999999999999,0.7000000000000004,1363.4226921611655,366.3118264084121,5.770002637087375e-06,-19925.745257868657,-18534.095070369764,-19878.851616676413,-17828.09302293394,0.0019977092742919,4,33,5455.0,13.0,1435.0,100,99,92,99
0.2799999999999999,0.7600000000000005,3107.234066121616,772.0187889013237,3.286096407511733e-06,-128164.39005784607,-127906.41207153504,-120912.63709892036,-116590.43963321448,0.002000093460083,4,39,10390.0,10.0,2337.0,91,99,87,99
0.2799999999999999,0.7800000000000005,3137.3642865734714,792.1785296993769,3.0297667007287004e-06,-18161.726421025403,-14467.843162321533,-17427.726192891532,-13763.664419946304,0.0019986629486083,4,98,11014.0,29.0,2534.0,100,99,98,99
0.2799999999999999,0.7900000000000005,3278.884955603556,829.348137595626,5.340449840429752e-06,-3115001.944668007,-2678044.525982256,-2020761.2300538423,-2595539.880503144,0.002000093460083,4,10,11424.0,3.0,2624.0,1,99,19,99
0.2799999999999999,0.8100000000000005,2630.2130399297826,709.8338273849732,5.375791057465519e-06,-41106690.28046422,0.0,-3640264.188555141,0.0,0.0019991397857666,4,10,10516.0,0.0,2684.0,1,99,1,99
0.2799999999999999,0.8400000000000005,4749.985219275249,1116.1665142352192,4.2013524325616925e-06,-3465635.1926032105,-1415551.7022561957,-2950934.3133514985,-1388107.844011142,0.0019967555999755,4,11,13390.0,4.0,2894.0,73,97,72,94
0.2799999999999999,0.8700000000000006,5375.498419720414,1233.5133807205607,4.024841344256693e-06,-1196645.8580364245,-737722.7626262626,-1187611.924535168,-716025.0049019608,0.0020029544830322,4,21,14359.0,5.0,3120.0,99,95,85,92
0.2799999999999999,0.8900000000000006,5848.033000861628,1309.6330235031492,3.7746405764342874e-06,-304897.8705423477,-208379.69812141583,-301680.4579650164,-201286.66625916868,0.0019998550415039,4,39,14914.0,12.0,3244.0,99,93,84,90
0.2799999999999999,0.9100000000000006,6334.730922001871,1369.6644662106116,3.048668521816089e-06,-39371.33806834847,-33845.18723131015,-37891.76385885559,-32307.7518119322,0.0019996166229248,4,132,15260.0,33.0,3320.0,100,90,97,87
0.2799999999999999,0.9200000000000006,6262.116597545114,1405.4750939036,5.3527291732648616e-06,-63280892.89879183,-40010812.1164835,-13030195.292963209,-39923069.10526316,0.001997947692871,4,10,16165.0,1.0,3538.0,1,93,5,90
0.2799999999999999,0.9300000000000006,6449.40434588084,1434.2495351809137,3.990471606215347e-06,-123193.82693718647,-97195.94768953124,-121534.05756712108,-94793.11205622012,0.0019993782043457,4,70,16471.0,17.0,3603.0,99,93,93,90
0.2799999999999999,0.9400000000000006,6820.806140497617,1469.3000211268404,5.370066579909592e-06,-53169594.89285714,-105829216.8723404,-14465573.267206475,-105739226.04081638,0.0020155906677246,4,10,16422.0,1.0,3598.0,1,89,6,86
0.2799999999999999,0.9500000000000006,6803.605764286563,1487.7561334103111,3.0337143612356367e-06,-15214.392104921602,-11349.28208580846,-14893.585971302704,-11044.208243667235,0.0019960403442382,4,236,17092.0,65.0,3745.0,100,91,100,88
0.2899999999999999,0.2,2.4409697526461347,0.6123724356957945,1.3568715938040509e-05,-1.6364509314384486,-0.4210526315789473,-0.715708329583971,-0.3975155279503108,0.0019989013671875,4,10,4.0,2.0,0.0,1,4,19,4
0.2899999999999999,0.3300000000000001,1.159202311936963,0.4208127057650866,7.147659892824267e-06,0.4481037479388564,-0.0652741514360311,0.6865584604917874,-0.0598503740648379,0.0019962787628173,4,10,7.0,2.0,1.0,1,4,16,4
0.2899999999999999,0.35000000000000014,0.7905694150420949,0.25,5.5181204456956505e-06,0.6544898326435127,-0.0666666666666666,0.8514263074484945,0.1847826086956521,0.002002477645874,4,10,5.0,1.0,0.0,1,4,3,4
0.2899999999999999,0.36000000000000015,3.911787741344529,1.0358169078880044,5.845447595444691e-06,-0.6620780690175372,-0.4439252336448596,-0.5324591326844639,-0.4179515418502209,0.0020003318786621,4,12,5.0,4.0,1.0,58,4,50,4
0.2899999999999999,0.3900000000000002,3.20806275915336,1.084934713857628,1.1408354094487123e-05,0.2430025140668024,-0.2372262773722626,0.3030277378029855,-0.2224145391605367,0.0020003318786621,4,17,9.0,4.0,1.0,97,4,26,4
0.2899999999999999,0.4300000000000002,5.165994579942956,0.9682458365518544,5.375791057465519e-06,-11.10632014176019,-44.95744680851063,-4.430382161554928,-44.9183673469388,0.0019996166229248,4,10,14.0,1.0,3.0,1,98,5,96
0.2899999999999999,0.4400000000000002,8.462540004829124,2.436698586202241,3.838990412870517e-06,-1.912634212860604,-1.3045822102425877,-1.849150435142976,-1.1590909090909092,0.0019996166229248,4,24,11.0,7.0,2.0,89,98,68,93
0.2899999999999999,0.45000000000000023,5.860354084865521,1.274754878398196,6.000299273709219e-06,-8.095433776832667,-5.1807676434172505,-5.554671968190856,-5.000000000000002,0.0020008087158203,4,10,17.0,3.0,4.0,1,99,9,98
0.2899999999999999,0.5000000000000002,27.390311547455365,6.651284337128683,5.5540715637480844e-06,-145.3861788617886,-126.7693513005327,-92.51199054778694,-119.79067121729234,0.0020005702972412,4,10,94.0,3.0,24.0,1,99,6,99
0.2899999999999999,0.5300000000000002,49.382647087143205,12.578917547494564,5.157920085200858e-06,-1236.6540558400793,-407.8141295206056,-775.3297519564929,-396.7481015972767,0.0020003318786621,4,10,185.0,2.0,48.0,1,99,16,99
0.2899999999999999,0.5400000000000003,65.4220273812014,16.72541728428123,5.230810866597187e-06,-768.5057354662503,-879.7926204304752,-551.5307944704427,-845.8937243771683,0.0030004978179931,4,10,241.0,2.0,63.0,1,99,6,99
0.2899999999999999,0.5700000000000003,53.44262889616616,14.0356688476182,5.533571798565241e-06,-673.5240499192782,-652.0762589928055,-538.1968692847732,-645.7852257181942,0.0020003318786621,4,10,208.0,3.0,56.0,1,99,22,99
0.2899999999999999,0.5800000000000003,111.42724644358758,30.93390130584889,2.969089126262056e-06,-63.6268364879725,-83.362634524322,-60.23652740295029,-77.17063208414174,0.0029995441436767,4,49,512.0,14.0,138.0,88,99,88,99
0.2899999999999999,0.5900000000000003,235.8239544660381,62.60690856447074,5.729296673424408e-06,-6848.8834850246585,-5394.558476474981,-5283.987972559618,-5164.897858319602,0.0031232833862304,4,11,922.0,5.0,248.0,4,99,15,99
0.2899999999999999,0.6100000000000003,158.06373978029666,42.78641236810272,6.523247646975657e-06,-24749.49854885521,-9016.381079636556,-8136.32994062765,-8682.053359683794,0.0023510456085205,4,10,643.0,2.0,177.0,1,99,26,99
0.2899999999999999,0.6200000000000003,329.6454692797501,89.17918525829518,6.155026253288039e-06,-10647.920760495088,-12743.596765779865,-9554.604510355312,-12566.588477366256,0.0030019283294677,4,11,1330.0,4.0,364.0,13,99,21,99
0.2899999999999999,0.6500000000000004,329.9138145031214,91.26095824611969,5.380627536140386e-06,-100509.84569138274,-275110.22580645164,-35837.04362738372,-208213.0625,0.0020103454589843,4,10,1385.0,1.0,387.0,1,99,3,99
0.2899999999999999,0.6600000000000004,609.4232074948683,166.90656692692872,5.822787506867011e-06,-62359.695392351554,-26371.6249614792,-60418.376048533326,-24828.161637730947,0.0020003318786621,4,11,2518.0,4.0,691.0,52,99,19,99
0.2899999999999999,0.6900000000000004,677.7070947319351,188.91651043957663,5.378779875448919e-06,-762388.7925072043,-893786.9130434776,-141813.48972371424,-892235.1979166664,0.0020008087158203,4,10,2878.0,1.0,803.0,1,99,5,99
0.2899999999999999,0.7500000000000004,1430.8188506353042,398.7581503869232,3.274371680033699e-06,-1382.7593864439984,-1921.3970814142176,-1356.3986110331236,-1870.453686812217,0.0020020008087158,4,116,6193.0,34.0,1683.0,93,99,97,99
0.2899999999999999,0.7800000000000005,3146.122673228112,795.2382177163436,3.0961061387205425e-06,-61093.76563639615,-57635.80411392405,-59229.2713686868,-54905.591240017726,0.0019996166229248,4,53,11005.0,15.0,2534.0,96,99,91,99
0.2899999999999999,0.8000000000000005,3749.142626988202,920.3911645780468,3.94902761420467e-06,-121161.5940954854,-103740.37213474188,-120874.71624748396,-101203.02956842052,0.0020027160644531,4,48,12115.0,12.0,2634.0,97,99,94,98
0.2899999999999999,0.8200000000000005,3710.604396804291,934.5235417045416,3.7887560000699832e-06,-239367.73102084856,-237534.36914177783,-238728.2471215063,-231531.0979812764,0.0009994506835937,4,28,12791.0,8.0,2871.0,93,99,90,99
0.2899999999999999,0.8600000000000005,5121.800675177627,1189.5319589023238,2.956782475772986e-06,-866057.1808906975,-327617.1682242991,-856651.5318393337,-311441.3216250917,0.0019984245300292,4,32,14077.0,10.0,3056.0,100,96,98,93
0.2899999999999999,0.9300000000000006,6662.328151317176,1432.9422819267122,2.986680277773173e-06,-121201.79138611635,-96780.672832908,-119268.5997816762,-93724.1868616748,0.0019996166229248,4,69,15987.0,18.0,3494.0,92,89,91,86
0.2899999999999999,0.9500000000000006,6949.935643437043,1475.1946411123745,2.775670360564184e-06,-16876.117572478448,-12703.67376316023,-16555.683862293732,-12368.021662870578,0.0010008811950683,4,210,16507.0,52.0,3603.0,100,87,99,83
0.2899999999999999,0.9900000000000007,7384.256776102567,1548.8692548920972,2.914343100645847e-06,-3264.064286359565,-2636.469769386061,-3182.704569481709,-2560.4759942969968,0.0020005702972412,4,477,17549.0,120.0,3846.0,100,81,98,78
0.29999999999999993,0.2,2.875905654456233,0.9071475440448852,1.1484680968703036e-05,-2.693739096724172,-0.5219747140276942,-1.435881703276476,-0.4916918429003016,0.0019998550415039,4,10,6.0,4.0,0.0,1,4,74,4
0.29999999999999993,0.26000000000000006,0.8838834764831844,0.5,1.3455592406238694e-05,-0.294033069734005,-0.0929791271347251,0.6336996336996337,-0.0549450549450545,0.0030009746551513,4,10,2.0,3.0,0.0,1,4,35,4
0.29999999999999993,0.2800000000000001,0.5303300858899106,0.2041241452319315,7.295107588065202e-06,0.7786129142466689,0.1560439560439565,0.9325067493250676,0.3855606758832565,0.0020027160644531,4,10,7.0,1.0,1.0,1,4,2,4
0.29999999999999993,0.3100000000000001,0.82915619758885,0.2886751345948128,5.819513869581195e-06,0.6886180459996069,0.269961977186312,0.8617482561427763,0.3214588634435966,0.002000093460083,4,10,8.0,2.0,2.0,1,4,5,4
0.29999999999999993,0.3200000000000001,0.6454972243679028,0.3535533905932738,9.0311090424459e-06,0.7669337217771304,-0.0588235294117642,0.9090309522185076,-0.0563380281690142,0.0019998550415039,4,10,8.0,2.0,0.0,1,4,17,4
0.29999999999999993,0.35000000000000014,1.3189326492787012,0.5863019699779287,8.633657537203158e-06,-0.2105104198127456,-0.2774193548387096,0.4244554728425695,-0.1379310344827586,0.0020003318786621,4,10,5.0,2.0,1.0,1,4,3,4
0.29999999999999993,0.36000000000000015,3.122498999199199,0.5773502691896257,6.106329625517176e-06,-0.3806158195562663,-0.2080220212347618,-0.2171809776460032,-0.1962616822429905,0.0019998550415039,4,10,2.0,3.0,1.0,1,4,21,4
0.29999999999999993,0.37000000000000016,0.5773502691896257,0.1020620726159657,5.375791057465519e-06,0.434878587196468,-0.0105263157894739,0.889575209634563,-0.0101010101010103,0.0020027160644531,4,10,4.0,1.0,0.0,1,4,14,4
0.29999999999999993,0.38000000000000017,0.3535533905932738,0.0,5.375791057465519e-06,0.1718188353702376,1.0,0.9331066391660628,1.0,0.002000093460083,4,10,3.0,0.0,0.0,1,4,1,4
0.29999999999999993,0.4000000000000002,8.042206372217349,2.541325113662817,1.1006517049243431e-05,-1.3831883316274314,-1.179341657207718,-1.3782437996744237,-1.0805369127516775,0.001997947692871,4,19,8.0,7.0,1.0,97,4,79,85
0.29999999999999993,0.4300000000000002,3.569255291140343,1.0944937947136415,7.996334182991656e-06,0.5843670348343246,0.4592211609110948,0.590831685619557,0.4694348327566321,0.0019993782043457,4,21,24.0,6.0,5.0,95,99,100,97
0.29999999999999993,0.5000000000000002,18.27937134221707,4.389855730355308,5.417719678974678e-06,-529.2896504219044,-481.6086956521736,-121.04002434941404,-388.4736842105264,0.002000093460083,4,10,63.0,1.0,16.0,1,99,2,99
0.29999999999999993,0.5200000000000002,27.65957489429896,6.871590063442376,5.414107225459977e-06,-458.1508205261789,-311.62068965517244,-216.17082113604775,-281.6059850374066,0.0020003318786621,4,10,99.0,2.0,26.0,1,99,13,99
0.29999999999999993,0.5400000000000003,41.77107751383326,10.622303579418794,6.375961213427782e-06,-888.052247470559,-1030.6190476190477,-435.6150557814618,-1024.7575757575758,0.0020020008087158,4,10,155.0,1.0,41.0,1,99,9,99
0.29999999999999993,0.6300000000000003,489.2447304263992,132.70255743579324,3.1504853660099245e-06,-2079.799952459244,-1503.402821679845,-1693.023521675313,-1304.701486773508,0.0020003318786621,4,58,2042.0,18.0,553.0,100,99,100,99
0.29999999999999993,0.6900000000000004,764.2324580911229,212.9250406050605,4.562702552638976e-06,-740.9763617573867,-983.1399660825324,-727.8375655342495,-956.6674184498596,0.002000093460083,4,105,3341.0,28.0,922.0,100,99,100,99
0.29999999999999993,0.7000000000000004,1723.62016068893,451.0688232779266,5.812933192802433e-06,-402549.9855179004,-598694.969348659,-315503.2037258285,-453820.003717472,0.0019998550415039,4,13,6504.0,3.0,1645.0,6,99,4,99
0.29999999999999993,0.7200000000000004,1408.2226423462544,384.5740744642051,2.9580020715114875e-06,-2764.0544770976576,-4194.988683624811,-2692.0164267198547,-4036.506256113929,0.002000093460083,4,103,5849.0,29.0,1555.0,99,99,99,99
0.29999999999999993,0.7400000000000004,1888.1561414732985,505.67678453402095,5.577359837423108e-06,-1599311.2757009345,-798580.5791257201,-815197.2350419207,-777821.0849176169,0.0019998550415039,4,10,7452.0,2.0,1926.0,1,99,12,99
0.29999999999999993,0.7600000000000005,2385.296843424315,627.2566344142298,3.292858678261206e-06,-21701.38155594405,-25349.564613104398,-21484.114530390587,-24509.892277741725,0.0019998550415039,4,57,9134.0,15.0,2271.0,99,99,97,99
0.29999999999999993,0.7700000000000005,3129.9077479083417,783.1914676501526,2.57600130722382e-06,-6809.494753228978,-8424.14143318524,-6491.08291226758,-7902.81678979469,0.0020003318786621,4,129,10741.0,33.0,2432.0,100,99,94,99
0.29999999999999993,0.8200000000000005,3699.036886193035,932.1093574075236,3.3203799750202067e-06,-52022.38911918466,-70209.77394689768,-51149.71130925842,-66992.9550200803,0.0019998550415039,4,69,12791.0,15.0,2871.0,100,99,92,99
0.29999999999999993,0.8500000000000005,5249.518227894822,1176.5581866897476,2.843364148582192e-06,-15446.335601283696,-14618.823612460808,-15124.13253929154,-14205.048581498497,0.0019996166229248,4,153,13324.0,39.0,2871.0,100,94,99,90
0.29999999999999993,0.8600000000000005,5525.875499072523,1200.83565521404,2.550232343239097e-06,-4381.940073234619,-3280.89129369126,-4236.613502671988,-3161.438936354914,0.0019998550415039,4,323,13365.0,84.0,2877.0,100,91,99,87
0.29999999999999993,0.8900000000000006,6088.949977897119,1310.3549495270356,3.139774933558925e-06,-62113.3619558841,-39689.95660723781,-61347.90857190036,-38928.49749538872,0.0019981861114501,4,107,14377.0,30.0,3121.0,100,89,98,86
0.29999999999999993,0.9000000000000006,6180.408785866568,1326.5143194038026,2.580769496272214e-06,-9114.07666781114,-6257.700765084011,-8807.767232044893,-6034.216306132627,0.0019998550415039,4,254,14762.0,62.0,3208.0,100,89,97,86
0.29999999999999993,0.9100000000000006,6301.091424143651,1371.234032116084,3.1142200590554296e-06,-37873.56689909373,-31063.84676322059,-37105.09821263682,-30110.825721987934,0.002000093460083,4,139,15361.0,31.0,3345.0,100,91,98,87
0.29999999999999993,0.9200000000000006,6349.955345151387,1401.7831166945905,3.8088894493036353e-06,-40528.86392886509,-34610.77961641008,-39929.7611663409,-33843.22849207716,0.002002477645874,4,122,15978.0,28.0,3484.0,100,92,96,89
0.29999999999999993,0.9700000000000006,7178.858201198618,1506.633858418605,2.7771336650637944e-06,-6723.860804762062,-5057.737847498043,-6576.880196542807,-4926.473948793926,0.0019998550415039,4,323,16844.0,80.0,3687.0,98,82,98,79
0.30999999999999994,0.23000000000000004,0.2886751345948128,0.1020620726159657,5.688172843430746e-06,0.9252263654950832,0.7961783439490446,0.974826143050442,0.8287671232876712,0.0020010471343994,4,10,6.0,2.0,2.0,1,4,5,4
0.30999999999999994,0.34000000000000014,0.478713553878169,0.2700308624336608,6.646139177978958e-06,0.7226890756302521,-0.0786516853932586,0.9208034846466756,0.0489130434782607,0.002000093460083,4,10,4.0,1.0,0.0,1,4,4,4
0.30999999999999994,0.35000000000000014,0.6922186552431729,0.2282177322938192,6.47982519514305e-06,0.3082706766917293,-0.0549450549450545,0.8061607180481227,-0.0526315789473685,0.0019998550415039,4,10,4.0,1.0,0.0,1,4,7,4
0.30999999999999994,0.3900000000000002,1.8819316317727024,0.4564354645876384,5.660349821319589e-06,0.0979189121963353,-0.0810810810810811,0.3995478948855606,-0.0357327809425167,0.0020017623901367,4,10,5.0,2.0,0.0,1,4,7,4
0.30999999999999994,0.4200000000000002,3.514849451493857,1.2624381172952597,9.151018294233144e-06,0.3313129889350905,-0.2024559967253376,0.3564839934888768,-0.1765610581359582,0.0019984245300292,4,15,7.0,6.0,1.0,84,98,82,86
0.30999999999999994,0.4300000000000002,5.517963090368281,1.1770372409854613,5.596790344871487e-06,-6.168791354776076,-4.0366863905325445,-3.9528941304053142,-4.00188040616773,0.0019996166229248,4,10,15.0,3.0,3.0,1,99,12,95
0.30999999999999994,0.46000000000000024,14.563081175813494,3.2611986548915826,5.348878537448949e-06,-78.02959728287239,-108.39285714285714,-35.01245224281872,-85.598812553011,0.0019996166229248,4,10,45.0,2.0,11.0,1,99,7,99
0.30999999999999994,0.5800000000000003,129.90966412601233,34.69690187898625,6.956474035414917e-06,-759.8700688791486,-568.4370765756518,-747.7814910500948,-555.4103798565307,0.0019998550415039,4,17,528.0,7.0,143.0,92,99,78,99
0.30999999999999994,0.6000000000000003,139.38753680536388,38.0542376089707,3.4596176982525267e-06,-188.7437340782218,-196.82577116345257,-187.84079716835947,-191.83960549860592,0.0019989013671875,4,39,615.0,14.0,168.0,98,99,96,99
0.30999999999999994,0.6100000000000003,123.64140858412551,33.99647653311541,4.360136478805322e-06,-658.0024510262504,-547.6215812516095,-629.1968867418143,-531.9410634516547,0.0015041828155517,4,19,527.0,6.0,146.0,81,99,73,99
0.30999999999999994,0.6600000000000004,601.3363849931806,165.3002634097518,3.1576879574516245e-06,-3576.5807349564307,-3842.459393458386,-3506.8802227961887,-3696.452920613441,0.0020003318786621,4,50,2536.0,12.0,696.0,100,99,98,99
0.30999999999999994,0.6800000000000004,766.9445058151209,211.56620811619865,3.430613605832606e-06,-4198.975138975514,-5070.747218294708,-4061.5438503089294,-4732.196378216427,0.0019998550415039,4,44,3247.0,13.0,890.0,87,99,97,99
0.30999999999999994,0.6900000000000004,757.0884195389598,212.3714562192073,2.691286346309064e-06,-299.06589726800433,-447.0917967044517,-290.0058753770213,-431.2477947137021,0.002000093460083,4,147,3393.0,38.0,935.0,96,99,95,99
0.30999999999999994,0.7000000000000004,938.1377552985844,259.1591973736092,5.367593514413839e-06,-793408.3866771004,-1105318.1428571425,-282658.78053594736,-955213.0740740742,0.0020017623901367,4,10,3922.0,2.0,1077.0,1,99,5,99
0.30999999999999994,0.7200000000000004,2291.766083449618,584.1155172566467,3.0271425770914118e-06,-99902.81883477671,-62211.6838533526,-99166.34409295813,-60196.993052875325,0.002007246017456,4,29,8200.0,12.0,1971.0,97,99,88,99
0.30999999999999994,0.7700000000000005,3203.6328532360467,792.9955600968605,2.4885460841632557e-06,-2225.586234686255,-2377.201159101756,-2150.2857834539955,-2286.998896342201,0.0020108222961425,4,258,10844.0,67.0,2409.0,100,99,97,99
0.30999999999999994,0.7800000000000005,2470.325819856563,656.8950322032687,2.70659632799628e-06,-5459.89746045343,-6826.978984526843,-5363.971882569721,-6643.552517948686,0.0020003318786621,4,123,9724.0,34.0,2440.0,97,99,97,99
0.30999999999999994,0.8000000000000005,3089.5884181796773,800.6033011631499,3.3009106862434115e-06,-151717.50241792505,-144050.97629672982,-148877.897217944,-135835.77785381573,0.0020010471343994,4,35,11401.0,9.0,2721.0,94,99,92,99
0.30999999999999994,0.8100000000000005,4362.91742988565,1018.9662551658256,2.6950426510269643e-06,-17794.48918050694,-16714.872965739884,-17303.899263822055,-16164.98262347566,0.0019965171813964,4,120,12170.0,33.0,2613.0,99,97,91,94
0.30999999999999994,0.8300000000000005,5007.560579596949,1121.6706615208702,2.9916292477402803e-06,-116867.80493251773,-81526.35487227805,-114828.60113605412,-78114.83763961738,0.002000093460083,4,56,12539.0,18.0,2692.0,100,94,84,91
0.30999999999999994,0.8400000000000005,5096.429724571899,1145.2895967468955,2.8979724394865862e-06,-24546.30584185956,-20474.688717851437,-23813.97668229585,-19687.275099714032,0.0040023326873779,4,132,12965.0,31.0,2791.0,100,94,99,91
0.30999999999999994,0.8500000000000005,5099.884915980948,1152.707731640303,2.8818172539533537e-06,-2563.953259131348,-2248.11565596911,-2500.4025902430653,-2184.4405641227368,0.0020005702972412,4,394,13413.0,100.0,2897.0,100,94,99,91
0.30999999999999994,0.8700000000000006,5810.916195510825,1239.0849404231064,2.7123816489667377e-06,-13113.28181966329,-10340.955280607172,-12779.219987528906,-10024.945307270778,0.0019996166229248,4,209,13430.0,54.0,2894.0,100,88,100,85
0.30999999999999994,0.8800000000000006,5933.016056884559,1278.4652460730665,2.793982881997487e-06,-36772.41746688647,-25514.28670447385,-36130.50230457909,-24862.79532734568,0.0020003318786621,4,126,13997.0,34.0,3031.0,100,90,100,86
0.30999999999999994,0.9400000000000006,6762.566483037339,1447.1262110933287,2.7360576049762918e-06,-10219.34448839476,-6791.435261279455,-9979.637804915978,-6615.673073555917,0.001997947692871,4,264,16308.0,80.0,3565.0,100,88,100,85
0.30999999999999994,0.9500000000000006,7016.199973840303,1485.1165989578058,5.391111358659323e-06,-25731755.79564404,-13452378.362011908,-9664405.14122988,-12231936.954939345,0.0019996166229248,4,11,16427.0,3.0,3583.0,2,86,7,83
0.30999999999999994,0.9600000000000006,7125.815639718025,1504.163340254863,3.939280836614877e-06,-68066.32366468442,-47438.37974450272,-67407.32069529383,-46452.68462927,0.0020003318786621,4,115,16734.0,29.0,3652.0,100,85,100,82
0.30999999999999994,0.9800000000000006,7243.037277275328,1524.7343006242104,2.662254803630368e-06,-1822.087052057184,-1383.659997358058,-1782.346374513265,-1349.196383931842,0.0020008087158203,4,665,17390.0,156.0,3811.0,100,84,96,80
0.3199999999999999,0.2,0.4330127018922193,0.0,5.375791057465519e-06,0.8387909319899245,1.0,0.94109176593795,1.0,0.0020229816436767,4,10,5.0,1.0,0.0,1,4,4,4
0.3199999999999999,0.25000000000000006,0.8955910525085282,0.3952847075210474,1.0989339593377737e-05,0.4099145844974853,-0.1329661683713612,0.761602526394006,-0.1269722013523668,0.002000093460083,4,10,4.0,2.0,0.0,1,4,30,4
0.3199999999999999,0.2800000000000001,0.3818813079129867,0.1443375672974064,5.403471556529406e-06,0.9015745148297326,0.3118279569892472,0.964445347419748,0.3127147766323026,0.003000259399414,4,10,6.0,1.0,1.0,1,4,5,4
0.3199999999999999,0.3000000000000001,0.338501600193165,0.2282177322938192,7.53158143586108e-06,0.8097982708933716,-0.0549450549450545,0.9607409258003498,0.1134751773049643,0.0020005702972412,4,10,5.0,1.0,0.0,1,4,3,4
0.3199999999999999,0.3300000000000001,8.662058069535208,1.9816869917656856,5.969100392927945e-06,-5.707744839360545,-1.5868058037309698,-5.415497661990648,-1.4324149945157751,0.0020179748535156,4,15,3.0,5.0,0.0,74,4,59,4
0.3199999999999999,0.35000000000000014,0.2282177322938192,0.1443375672974064,5.480290951472794e-06,0.918905220476432,0.3118279569892472,0.974587039390089,0.3127147766323022,0.0019984245300292,4,10,4.0,1.0,1.0,1,4,5,4
0.3199999999999999,0.4200000000000002,3.8837267325770144,0.9464847243000456,5.4985884739965e-06,-2.2252436194895595,-1.1589958158995812,-1.2423191278493548,-1.118748460211875,0.0020008087158203,4,10,10.0,3.0,2.0,1,99,12,95
0.3199999999999999,0.4300000000000002,5.160951139728671,1.0257111354242645,5.421407237994142e-06,-8.562229753418254,-7.603371783496009,-4.510775862068965,-5.596995427824951,0.001997947692871,4,10,14.0,2.0,3.0,1,98,3,96
0.3199999999999999,0.46000000000000024,8.435416409401494,2.0766559657295187,1.0783918373436866e-05,-22.71875,-7.391891891891893,-16.852289358143423,-6.906799083269672,0.002000093460083,4,10,33.0,3.0,8.0,1,99,83,99
0.3199999999999999,0.49000000000000027,19.13003746293596,4.557502971291772,5.773852429577519e-06,-177.03378378378383,-306.2616372391653,-81.46174068162615,-269.9239130434783,0.0019998550415039,4,10,64.0,1.0,16.0,1,99,4,99
0.3199999999999999,0.5000000000000002,23.968077728512142,5.794214068074001,7.95995406815592e-06,-245.24669767441856,-155.26666666666668,-114.61635220125788,-154.25048169556842,0.0019972324371337,4,10,82.0,2.0,21.0,1,99,18,99
0.3199999999999999,0.5100000000000002,4.209364560120684,0.9071475440448852,6.1262884340162345e-06,-26.700763358778627,-8.30552147239264,-6.23953013278856,-8.28319623971798,0.0020005702972412,4,10,15.0,2.0,3.0,1,99,12,96
0.3199999999999999,0.5500000000000003,30.78250314708016,8.032486124067276,6.524220423655407e-06,-92.45821917808216,-59.72549019607843,-86.856749630574,-58.7242310288304,0.0019998550415039,4,12,132.0,5.0,35.0,98,99,98,99
0.3199999999999999,0.6100000000000003,247.09946546549497,69.51153980934869,2.330604912986921e-06,-30.63860935418173,-48.07598173193912,-29.581258560180505,-46.14104670933018,0.0010030269622802,4,165,1216.0,37.0,331.0,100,99,100,99
0.3199999999999999,0.6300000000000003,288.615390701882,79.45924007523186,4.126681117379645e-06,-245.2265375323788,-262.5504022030582,-243.53958594538392,-255.74976172826436,0.002000093460083,4,71,1278.0,23.0,353.0,98,99,97,99
0.3199999999999999,0.6500000000000004,399.72979154673976,110.14219029660404,5.66633135975314e-06,-111153.02173913045,-103615.38554216865,-48696.593574399165,-102970.2643678161,0.0020034313201904,4,10,1665.0,1.0,463.0,1,99,6,99
0.3199999999999999,0.6700000000000004,630.0350684684147,174.40715056059676,4.323564498128835e-06,-1470.853587037908,-1760.2378445280742,-1454.1968011107977,-1702.574449714429,0.0020046234130859,4,61,2703.0,17.0,745.0,100,99,100,99
0.3199999999999999,0.7100000000000004,1878.993436213478,489.716286911786,2.4473453184721714e-06,-798.6413975199395,-966.6242665217842,-770.2619456979194,-927.963695112543,0.0019996166229248,4,246,7280.0,59.0,1807.0,100,99,98,99
0.3199999999999999,0.7700000000000005,3140.673056846255,785.3700826149839,2.910626241438909e-06,-14865.599190542947,-16288.978197824365,-14577.081014157986,-15731.175650399591,0.0019991397857666,4,91,10736.0,23.0,2433.0,99,99,99,99
0.3199999999999999,0.8000000000000005,3743.890164321064,919.081890167211,3.7008809069928873e-06,-68818.63429462796,-56249.62412208445,-68242.68950848073,-54878.60937711487,0.0019989013671875,4,50,12115.0,15.0,2634.0,97,99,97,98
0.3199999999999999,0.8500000000000005,5159.990331265166,1155.753073397024,2.731018020651849e-06,-2096.699769232227,-1935.988424560443,-2051.882777559897,-1888.727032212324,0.0025069713592529,4,400,13326.0,93.0,2871.0,100,94,100,90
0.3199999999999999,0.9000000000000006,6149.982986087576,1349.6960112990876,5.365979816155118e-06,-18455562.687192246,-60174180.50537635,-9885218.324276496,-45541982.07291665,0.0020029544830322,4,10,15065.0,1.0,3271.0,1,92,2,88
0.3199999999999999,0.9100000000000006,6216.451758740673,1352.9682107007047,2.607959650478403e-06,-4349.85341390621,-3523.3577801565834,-4237.187191975734,-3418.6713087325384,0.0020010471343994,4,356,15375.0,94.0,3346.0,100,91,99,87
0.3199999999999999,0.9200000000000006,6436.425275175396,1389.8686088979778,2.6385600801706103e-06,-8634.366336870142,-6640.475698165942,-8491.884833564476,-6489.217280224434,0.0019986629486083,4,249,15670.0,66.0,3415.0,98,90,97,86
0.3199999999999999,0.9500000000000006,6802.830325496881,1487.5537140161807,2.9199802963460863e-06,-15502.568580507566,-12185.469142884802,-15141.755938772189,-11859.59984623622,0.0020008087158203,4,220,17092.0,55.0,3745.0,100,91,96,88
0.3199999999999999,0.9900000000000007,7377.675045223709,1548.751953859408,2.696918800770376e-06,-2814.818801153883,-2058.4184997205143,-2736.6609450756573,-1998.0446255510165,0.0019996166229248,4,508,17600.0,122.0,3858.0,100,82,96,79
0.32999999999999985,0.2,0.5863019699779287,0.1767766952966369,5.522464832151698e-06,0.5987333755541482,-0.032258064516129,0.8668227127809839,-0.030927835051546,0.0009987354278564,4,10,3.0,1.0,0.0,1,4,7,4
0.32999999999999985,0.24000000000000005,1.876388374866284,0.5303300858899106,1.0493742896259116e-05,0.0956269684216396,-0.1618108471537425,0.4852190864923317,-0.0154193305754037,0.0020012855529785,4,11,6.0,2.0,0.0,3,4,3,4
0.32999999999999985,0.3100000000000001,3.7693942926328807,0.9128709291752768,7.014362690335712e-06,-3.291557420031462,-0.6964877402253147,-2.526826115061409,-0.6600954554886902,0.0019993782043457,4,10,5.0,3.0,1.0,1,4,52,4
0.32999999999999985,0.38000000000000017,2.041241452319315,0.8720187306856813,1.1209717910954877e-05,-0.6789821170915133,-0.5211634469285871,-0.1473152822395596,-0.4901000204123291,0.0020017623901367,4,10,3.0,3.0,0.0,1,4,67,4
0.32999999999999985,0.3900000000000002,15.3470273994673,3.444500447573397,6.774895005605352e-06,-1.6629502951669175,-1.2170765830612953,-1.5927815841527395,-1.1141531322505802,0.0019991397857666,4,35,1.0,9.0,0.0,87,4,87,4
0.32999999999999985,0.4000000000000002,1.8200274723201293,0.2282177322938192,5.375449508009663e-06,-1.0191811627753156,-0.7204301075268817,0.1712491204294906,-0.302083333333333,0.002000093460083,4,10,7.0,1.0,1.0,1,4,3,4
0.32999999999999985,0.4200000000000002,4.952903189039738,1.4288690166235205,7.304083604221925e-06,-1.528887347733196,-0.8757850662944875,-1.4353671147880045,-0.831775700934579,0.0019996166229248,4,11,6.0,4.0,1.0,42,98,41,4
0.32999999999999985,0.4400000000000002,2.671220070804101,1.0257111354242645,5.300849375857478e-06,0.4825917620677445,0.2015810276679841,0.5096776040771918,0.2189312504833346,0.0020027160644531,4,18,20.0,6.0,4.0,99,99,98,96
0.32999999999999985,0.47000000000000025,23.302583905366944,5.543389456520863,4.186185485994226e-06,-0.1001879013679405,-0.0127053034718769,-0.0655509339233324,0.031577150473214,0.0019972324371337,4,73,50.0,20.0,12.0,98,99,98,99
0.32999999999999985,0.49000000000000027,8.675276172357089,3.139134700306227,4.009822802269499e-06,0.694346871352026,0.3447193540706106,0.7013597740502517,0.3772054563648811,0.0019989013671875,4,58,78.0,14.0,19.0,99,99,97,99
0.32999999999999985,0.5000000000000002,33.43214520986252,8.187261446906408,5.4549784017900405e-06,-155.09401281993,-133.79380318568624,-128.3020341270606,-125.57356412273803,0.0020010471343994,4,10,115.0,3.0,29.0,1,99,17,99
0.32999999999999985,0.5100000000000002,28.61726605856448,7.068857757799346,5.46659547640355e-06,-552.8174346932785,-851.8,-199.84559574902923,-735.8663594470047,0.0020008087158203,4,10,100.0,1.0,26.0,1,99,3,99
0.32999999999999985,0.5200000000000002,19.10551840001557,4.672615256292062,7.327468566184605e-06,-28.50931148518847,-14.555933513722458,-27.28613864582997,-14.16752297561329,0.0020065307617187,4,15,83.0,5.0,21.0,98,99,82,99
0.32999999999999985,0.5600000000000003,29.272249372628224,8.434181446155085,3.2698770080357963e-06,-7.312908441689684,-8.40633608815427,-6.714498199834755,-7.746717899455653,0.002000093460083,4,41,166.0,12.0,44.0,98,99,94,99
0.32999999999999985,0.5900000000000003,269.2049250416245,72.09426699352268,2.5918287907948324e-06,-163.35635773578923,-163.08248496225147,-157.0943538185253,-155.8864685389443,0.002000093460083,4,73,1155.0,25.0,310.0,91,99,96,99
0.32999999999999985,0.6000000000000003,179.53472853462085,50.9169053458672,2.422840380939407e-06,-9.845698329570316,-14.40619077863501,-9.326560681464546,-13.609959636422555,0.002000093460083,4,205,996.0,53.0,270.0,98,99,93,99
0.32999999999999985,0.6100000000000003,114.25246168026317,31.61173964421024,4.4325477456301e-06,-120.824527293054,-133.1095060577819,-117.49158081060226,-125.20106293411912,0.0020003318786621,4,38,514.0,10.0,142.0,95,99,76,99
0.32999999999999985,0.6200000000000003,230.56714495637348,62.71787026039708,5.914155969791845e-06,-53027.86632752462,-33596.24189063948,-21043.394045606365,-31362.70431893687,0.0019996166229248,4,10,942.0,1.0,260.0,1,99,3,99
0.32999999999999985,0.6300000000000003,411.0528149358263,112.92212471433577,4.02158320322875e-06,-373.2449707956096,-552.0964696358562,-357.88701240859154,-522.3784113112517,0.0009999275207519,4,76,1770.0,20.0,483.0,100,99,100,99
0.32999999999999985,0.6600000000000004,738.7871677057383,200.5565173876597,5.360150387263452e-06,-86145.0244215718,-84574.49623545517,-68892.212895761,-83742.22272825851,0.0020029544830322,4,10,2996.0,3.0,812.0,1,99,11,99
0.32999999999999985,0.6800000000000004,669.2089702277857,185.66140215456736,4.5860218017223e-06,-45993.309823368814,-34710.20629370629,-44025.89373380713,-34113.79381443298,0.0019998550415039,4,14,2825.0,3.0,783.0,87,99,16,99
0.32999999999999985,0.7100000000000004,1234.3267859782245,337.2361777498573,5.375791057465519e-06,-1423617.8843151173,-5575102.4893617015,-457410.8432574429,-5570361.755102043,0.0020029544830322,4,10,5056.0,1.0,1361.0,1,99,5,99
0.32999999999999985,0.7300000000000004,1622.7173936281492,439.1558901271089,3.268204225397302e-06,-7913.64005719176,-10040.231853927507,-7801.352079493835,-9744.476078935038,0.0019998550415039,4,75,6600.0,18.0,1734.0,100,99,100,99
0.32999999999999985,0.7400000000000004,1477.927779302268,407.1478795638427,4.085600873989083e-06,-8317.73355075566,-9929.647113884555,-7957.42029376591,-9390.424069495017,0.0020003318786621,4,60,6206.0,15.0,1668.0,100,99,93,99
0.32999999999999985,0.7700000000000005,2851.9961704479897,730.3106787525429,3.150044790581181e-06,-26157.05057283873,-25609.71440704018,-25810.810188894797,-24856.248135777536,0.002000093460083,4,65,10314.0,19.0,2443.0,98,99,96,99
0.32999999999999985,0.8200000000000005,3899.414576787991,961.0185189422732,3.080524495006572e-06,-3886.273756087646,-3772.952765164432,-3796.5337807559695,-3675.310488552455,0.002000093460083,4,251,12925.0,72.0,2813.0,100,99,100,97
0.32999999999999985,0.8500000000000005,5020.163104297509,1133.2887751657415,2.4375737679473e-06,-912.232771547143,-789.1836928483309,-890.0913658548315,-768.305173701271,0.0020005702972412,4,621,13413.0,164.0,2897.0,100,94,100,91
0.32999999999999985,0.9200000000000006,6401.3669088783945,1353.2128782087466,2.479637818949757e-06,-1537.6895467831189,-1187.9636120615098,-1500.598529692728,-1154.407251127597,0.0019977092742919,4,586,15234.0,151.0,3307.0,100,86,99,83
0.32999999999999985,0.9500000000000006,6797.999204729285,1427.6747448502874,2.503008245341367e-06,-1243.165828259024,-874.774285228351,-1213.8063034114916,-852.4601310491873,0.0010004043579101,4,737,16194.0,188.0,3526.0,100,84,100,81
0.32999999999999985,0.9600000000000006,6901.8327970426335,1445.2060262583093,2.59686920168916e-06,-1093.4732288930566,-831.7340270070272,-1067.4919346528957,-810.3609392558802,0.0014925003051757,4,797,16360.0,186.0,3566.0,100,82,98,79
0.32999999999999985,0.9800000000000006,7019.325006128913,1472.760828625386,2.4249960428667437e-06,-340.3865402328252,-250.6329000661341,-333.0463547961323,-244.84222711296883,0.0019998550415039,4,1425,17196.0,347.0,3763.0,100,82,100,79
0.32999999999999985,0.9900000000000007,7421.858083138615,1561.1407854781494,3.5394188011769e-06,-3590.143377273784,-2653.5129102295355,-3513.1523194170813,-2588.5627965683734,0.0019996166229248,4,472,17758.0,110.0,3897.0,100,83,98,80
0.33999999999999986,0.21000000000000002,0.6373774391990981,0.2282177322938192,6.577852656109638e-06,0.6578634743671754,-0.0549450549450545,0.8944205311459432,0.1134751773049645,0.0020029544830322,4,10,4.0,1.0,0.0,1,4,3,4
0.33999999999999986,0.22000000000000003,0.6614378277661477,0.3061862178478972,1.281893139376804e-05,0.7184160905091137,-0.0601226993865031,0.8828647925033467,0.0384615384615382,0.0019969940185546,4,10,5.0,2.0,0.0,1,4,30,4
0.33999999999999986,0.26000000000000006,0.1767766952966369,0.0,5.375791057465519e-06,0.2421052631578946,1.0,0.985645933014354,1.0,0.0016038417816162,4,10,2.0,1.0,0.0,1,4,2,4
0.33999999999999986,0.2800000000000001,0.770551750371122,0.2886751345948128,9.701200899605748e-06,0.2683513838748496,-0.0909090909090912,0.7770912361659692,-0.0869565217391306,0.0019991397857666,4,10,4.0,1.0,0.0,1,4,8,4
0.33999999999999986,0.34000000000000014,0.5204164998665332,0.2886751345948128,6.643992303002605e-06,0.8666381705492627,0.0191570881226054,0.9289695115287948,0.1111111111111111,0.0019993782043457,4,10,6.0,1.0,1.0,1,4,4,4
0.33999999999999986,0.4000000000000002,1.7108720973039842,0.2886751345948128,6.1775536415014365e-06,-1.0600229095074454,-0.4222222222222223,0.0988968701898407,-0.2288786482334865,0.0019969940185546,4,10,4.0,1.0,1.0,1,4,3,98
0.33999999999999986,0.4100000000000002,4.386294943723385,1.005194840151235,5.381657506264859e-06,-1.0297632675488808,-0.903515944399019,-0.7580597568985048,-0.8596625766871167,0.0019989013671875,4,11,10.0,5.0,2.0,11,98,10,95
0.33999999999999986,0.45000000000000023,8.911018460310808,2.051422270848529,5.39690249779027e-06,-8.595845954132411,-6.226383454443823,-6.868903225806451,-6.107670654468685,0.0019993782043457,4,10,26.0,3.0,6.0,1,99,17,98
0.33999999999999986,0.5400000000000003,29.040381368019258,7.373234251896066,5.797120478293949e-06,-749.7975270479135,-512.8707692307693,-285.3342175066312,-473.45454545454544,0.001000165939331,4,10,108.0,2.0,28.0,1,99,11,99
0.33999999999999986,0.5600000000000003,69.86967033937782,18.36663641860788,4.361574356866746e-06,-18.26252459707045,-17.65180376652128,-17.862221463771174,-16.8625011031683,0.0019998550415039,4,54,341.0,16.0,91.0,100,99,92,99
0.33999999999999986,0.6100000000000003,177.47088963169895,50.83551907869143,2.697703071391427e-06,-9.996672657005446,-14.9974206860975,-9.617175599283652,-14.3755382628334,0.002000093460083,4,196,987.0,47.0,270.0,100,99,100,99
0.33999999999999986,0.6300000000000003,423.7198366845716,114.7679270673359,5.364623720978664e-06,-16932.711478631085,-19088.507155213087,-13744.012600082937,-18177.27774583093,0.002000093460083,4,11,1713.0,4.0,468.0,11,99,14,99
0.33999999999999986,0.6400000000000003,454.23552994747854,123.8459224197551,3.5537748765416e-06,-700.7405384938719,-651.8657995861661,-692.5626946169218,-631.4354971028997,0.001997947692871,4,76,1944.0,19.0,532.0,100,99,93,99
0.33999999999999986,0.6500000000000004,595.2519162085915,162.95362965171003,3.3993995578453037e-06,-1260.628443202611,-1752.6661793791384,-1247.435930976164,-1698.448666666667,0.0010006427764892,4,69,2508.0,16.0,683.0,96,99,95,99
0.33999999999999986,0.6600000000000004,396.85841828877295,113.0978098078532,3.141010800357768e-06,-41.52884560813075,-59.241220575128985,-39.67746222799623,-56.02893368010404,0.0020027160644531,4,215,1982.0,57.0,551.0,99,99,99,99
0.33999999999999986,0.7100000000000004,1033.9618787299012,286.5762514875695,2.7841370241685767e-06,-400.7807402612994,-474.2485339853559,-386.308515964549,-454.40901715619873,0.0020003318786621,4,211,4573.0,57.0,1246.0,100,99,99,99
0.33999999999999986,0.7300000000000004,2176.529756573523,565.8582161931851,3.3162391070237125e-06,-271840.22995691263,-133845.8689617635,-265066.5527915557,-124326.65733700048,0.0020027160644531,4,20,8111.0,7.0,2004.0,84,99,90,99
0.33999999999999986,0.7800000000000005,3252.373237665587,811.9652406866524,2.665771038240209e-06,-3055.0557137213946,-3480.2926632086705,-2953.453484341881,-3340.515147835461,0.002000093460083,4,205,11186.0,56.0,2512.0,100,99,99,99
0.33999999999999986,0.7900000000000005,2696.5897618566305,708.7082880141871,2.6639361942609173e-06,-984.7398222650828,-1094.8004514448248,-961.46139390597,-1066.6215203203285,0.0019996166229248,4,321,10589.0,78.0,2594.0,100,99,99,99
0.33999999999999986,0.9200000000000006,6520.062471741867,1388.3150609041645,2.72099165157119e-06,-16039.28181819038,-11397.28722792608,-15672.430239989086,-11101.249284329531,0.0019996166229248,4,201,15374.0,54.0,3340.0,100,87,96,84
0.34999999999999987,0.22000000000000003,7.127558020341422,1.6105123408406408,1.1226653451824616e-05,-3.0331130962123227,-1.063714063714064,-2.924361295513981,-0.9990366088631984,0.0037641525268554,4,14,3.0,4.0,0.0,42,4,39,4
0.34999999999999987,0.24000000000000005,0.338501600193165,0.2282177322938192,5.501537775635576e-06,0.8861578266494179,-0.019108280254777,0.9693627450980392,-0.0183299389002036,0.0027251243591308,4,10,6.0,2.0,0.0,1,4,6,4
0.34999999999999987,0.38000000000000017,2.942150573984955,0.962851667357612,8.547573629899292e-06,-2.291089108910891,-0.7715115073605636,-1.3573799324841849,-0.7184784707472482,0.0036675930023193,4,10,4.0,3.0,0.0,1,4,77,4
0.34999999999999987,0.4000000000000002,1.6169673259943549,0.25,5.401303968061232e-06,-0.8732799502448878,-0.0666666666666666,0.2258820626696277,-0.0638297872340425,0.0024089813232421,4,10,5.0,1.0,1.0,1,4,5,4
0.34999999999999987,0.4200000000000002,2.7950849718747373,1.0992421631894098,7.518405814366796e-06,-0.6617429837518463,-0.624507658643326,-0.4684287812041117,-0.580596811554708,0.0030808448791503,4,10,6.0,3.0,1.0,1,98,59,4
0.34999999999999987,0.4400000000000002,3.907791362564452,0.8897565210026093,5.510601020045354e-06,-3.2228823476460526,-1.4549125168236872,-2.058052942280816,-1.432778489116517,0.0027956962585449,4,10,11.0,3.0,2.0,1,99,14,94
0.34999999999999987,0.49000000000000027,11.352771320988838,2.614064523559687,6.040478722336286e-06,-2.287931506963071,-0.8358208955223883,-2.268965043500775,-0.8056205444386337,0.0023043155670166,4,29,66.0,8.0,16.0,99,99,95,99
0.34999999999999987,0.5100000000000002,33.43183363203401,8.224075429290922,6.381960526230303e-06,-192.68234210179943,-149.45329471397537,-160.70052444390862,-146.5681818181818,0.0032589435577392,4,10,117.0,2.0,30.0,1,99,12,99
0.34999999999999987,0.5400000000000003,36.68460735331192,10.177078002386867,4.175466454424181e-06,-9.27836935416102,-13.46451788880302,-9.122471301787431,-12.846068151118912,0.0035545825958251,4,36,188.0,10.0,49.0,98,99,81,99
0.34999999999999987,0.6200000000000003,344.9920439903893,93.91169389378511,2.9103274545623525e-06,-759.9153372939345,-811.146762589928,-743.3201797957755,-771.7071944218817,0.0024538040161132,4,59,1464.0,15.0,399.0,100,99,97,99
0.34999999999999987,0.6500000000000004,706.133050789061,191.45800235734905,2.8878826593461216e-06,-5886.115766386702,-5121.5697822526845,-5474.622626401281,-4516.319640564826,0.002765417098999,4,37,2890.0,12.0,779.0,84,99,64,99
0.34999999999999987,0.7300000000000004,2035.4648424868456,534.1108752715426,2.579308574674136e-06,-5508.350584042449,-5901.242776227497,-5442.930773501172,-5768.1900147461565,0.0033018589019775,4,112,7827.0,28.0,1961.0,100,99,95,99
0.34999999999999987,0.7700000000000005,2618.9211539137,681.3629569962449,2.573371987002274e-06,-2150.79689777404,-2502.7149778921075,-2076.524818594364,-2401.342698485509,0.0024638175964355,4,204,9964.0,58.0,2418.0,100,99,98,99
0.34999999999999987,0.8300000000000005,4500.411213850352,1042.8869785360253,2.630861882044781e-06,-593.6164964284948,-530.3997159313666,-578.9175832989154,-516.8694826045468,0.0021572113037109,4,721,12875.0,193.0,2780.0,100,97,99,93
0.34999999999999987,0.8900000000000006,5903.747168995016,1275.5189997604896,2.2987547192320664e-06,-1277.8641881180542,-1037.7000566388865,-1253.7077340879007,-1014.2949549121688,0.0020003318786621,4,697,14468.0,163.0,3137.0,100,90,100,87
0.34999999999999987,0.9700000000000006,6881.215086953514,1444.5089130912277,2.371740584259487e-06,-309.4136920841472,-219.13276557336425,-302.79050182066857,-214.18740433002472,0.002000093460083,4,1549,16845.0,401.0,3687.0,100,82,100,79
0.3599999999999999,0.2,0.7144345083117603,0.2282177322938192,6.025683663678975e-06,0.7057057057057057,0.1111111111111111,0.8635097493036212,0.1134751773049645,0.0020003318786621,4,10,6.0,1.0,1.0,1,4,5,4
0.3599999999999999,0.23000000000000004,0.8036375634160796,0.25,5.466972356780862e-06,0.7728591054800794,0.0754414125200642,0.8757290894149246,0.184782608695652,0.0020003318786621,4,10,5.0,1.0,1.0,1,4,3,4
0.3599999999999999,0.2700000000000001,0.0,0.0,5.375791057465519e-06,1.0,1.0,1.0,1.0,0.001000165939331,4,10,4.0,0.0,0.0,1,4,1,4
0.3599999999999999,0.3100000000000001,0.4894725051862804,0.1443375672974064,5.385480806231504e-06,0.6474532971419446,-0.0212765957446807,0.9138447707521726,0.3127147766323022,0.0020203590393066,4,10,5.0,1.0,0.0,1,4,4,4
0.3599999999999999,0.34000000000000014,4.967603379229599,1.4754942674688143,8.305463874115847e-06,-5.526358079605131,-1.1472602739726026,-4.949421130616039,-1.0744416873449132,0.001997947692871,4,11,6.0,6.0,1.0,79,4,79,4
0.3599999999999999,0.35000000000000014,2.565800719723442,0.5863019699779287,6.268002658351223e-06,-0.1674876847290642,-0.1617161716171617,0.0432794925748193,-0.1542497376705136,0.0020003318786621,4,10,3.0,3.0,0.0,1,4,13,4
0.3599999999999999,0.38000000000000017,1.805662390001704,0.4448782605013046,5.514088547026431e-06,0.3780298482747198,-0.0961538461538464,0.539705882352941,0.0847784200385355,0.0019993782043457,4,10,8.0,2.0,1.0,1,4,4,4
0.3599999999999999,0.47000000000000025,6.504005176299703,2.3717082451262845,5.601715227123273e-06,0.6798199759365644,0.3949579831932773,0.6811548459988113,0.4099392455963984,0.0020003318786621,4,43,34.0,12.0,8.0,94,99,92,98
0.3599999999999999,0.5000000000000002,8.568960458149713,1.9816869917656856,5.410674435973574e-06,-27.54327653112873,-27.47521636506688,-16.741813697113084,-27.324567993989486,0.0019969940185546,4,10,29.0,2.0,7.0,1,99,22,98
0.3599999999999999,0.5200000000000002,14.227321134587026,3.4746102898982305,6.3060050180459164e-06,-104.70444242973709,-65.86538461538463,-62.29847877781037,-65.45642201834863,0.0019998550415039,4,10,51.0,2.0,13.0,1,99,24,99
0.3599999999999999,0.5400000000000003,50.8460708085361,12.95826634495011,5.390410284889407e-06,-483.2849651415678,-366.7566539923953,-352.1711134827463,-340.81509754028826,0.0019996166229248,4,10,188.0,4.0,49.0,1,99,13,99
0.3599999999999999,0.5500000000000003,34.84429652037762,8.897565210026093,5.375791057465519e-06,-2354.162281624921,0.0,-526.4265803882529,0.0,0.0019993782043457,4,10,132.0,0.0,35.0,1,99,1,99
0.3599999999999999,0.5700000000000003,48.04869491810712,12.662279942148386,4.137541742167705e-06,-117.93971054352748,-79.27554734611832,-117.330485851575,-76.34673366834171,0.002000093460083,4,17,208.0,6.0,56.0,88,99,99,99
0.3599999999999999,0.5800000000000003,65.37384479540218,17.33824049127631,8.414508210626566e-06,-807.4481208563393,-397.0551724137931,-697.0977012472138,-388.9864864864865,0.001000165939331,4,12,269.0,4.0,73.0,99,99,98,99
0.3599999999999999,0.5900000000000003,182.51258518250188,51.16364676212985,2.712440077284522e-06,-9.268538537315427,-13.760162989611247,-9.016234435891173,-13.261740776725476,0.0020003318786621,4,198,988.0,48.0,266.0,100,99,96,99
0.3599999999999999,0.6400000000000003,232.46563366083456,68.17028311515216,2.5827547270413728e-06,-2.4202066289490274,-4.135768123171675,-2.310853009511973,-3.9643162990433902,0.0023949146270751,4,479,1568.0,130.0,433.0,100,99,100,99
0.3599999999999999,0.6600000000000004,85.9657150651739,24.15315714352888,5.375791057465519e-06,-362271.3404255319,0.0,-5408.04239097286,0.0,0.0019998550415039,4,10,375.0,0.0,107.0,1,99,1,99
0.3599999999999999,0.6700000000000004,582.3514027200415,162.75320017335042,3.44372544585838e-06,-101.5207195790966,-134.3773723858282,-99.28618579001473,-130.3162318129591,0.0019996166229248,4,198,2703.0,47.0,745.0,100,99,99,99
0.3599999999999999,0.7100000000000004,918.0734640630164,257.2475299525084,2.5949145199038318e-06,-1156.4586959369076,-1581.925725498135,-1127.8798907763128,-1520.716760402794,0.0019993782043457,4,103,4028.0,26.0,1113.0,100,99,96,99
0.3599999999999999,0.7200000000000004,1420.6387537829594,386.1687077344996,3.784849094131157e-06,-11970.497680022709,-11011.401538461538,-11877.720840976644,-10764.701351341191,0.0019989013671875,4,56,5827.0,19.0,1550.0,100,99,100,99
0.3599999999999999,0.7300000000000004,2330.1641617777345,596.3925668131687,2.24613354544998e-06,-2666.67635215606,-2728.927161070623,-2603.9580916105465,-2646.9140865942736,0.0020010471343994,4,161,8563.0,55.0,2060.0,97,99,97,99
0.3599999999999999,0.7800000000000005,2750.3629874072985,709.4192754171071,2.2538089311734302e-06,-219.04341295189985,-260.1734627938138,-212.8827734773636,-252.46625677235568,0.0019986629486083,4,697,10728.0,177.0,2537.0,100,99,100,99
0.3599999999999999,0.8200000000000005,4770.376594585239,1072.7903938639024,2.68748607590085e-06,-5180.36363286891,-4218.324023626457,-5059.785214862743,-4090.56041921268,0.0042638778686523,4,282,12196.0,76.0,2617.0,100,94,100,91
0.3599999999999999,0.8900000000000006,5444.739531189715,1198.8295289920636,2.398075655608009e-06,-172.68993694539768,-142.55652656156357,-168.85215518285125,-139.1921144862929,0.0019986629486083,4,1562,14774.0,384.0,3205.0,100,92,100,89
0.3599999999999999,0.9300000000000006,6687.717297092733,1430.5374135850718,3.224750165147558e-06,-107027.40375693156,-63605.93836253997,-105962.82068114514,-62312.21227499802,0.0019996166229248,4,104,15885.0,30.0,3465.0,100,88,99,85
0.3599999999999999,0.9400000000000006,6499.164747616933,1373.5104280031271,2.378200724145357e-06,-343.7453411077018,-240.0067947728422,-336.6252859229978,-234.91320004728507,0.002000093460083,4,1413,16016.0,397.0,3486.0,100,86,100,83
0.3599999999999999,0.9500000000000006,6703.968272131812,1410.9775238878424,2.7076892080796323e-06,-467.5892075978516,-331.94919503125715,-459.0107761525701,-325.4317513934796,0.0019998550415039,4,1255,16242.0,312.0,3542.0,100,85,100,81
0.3599999999999999,0.9700000000000006,6997.114729032961,1486.286739102968,2.9469404722659387e-06,-663.1694629611061,-468.3635020651466,-651.2556117133249,-459.36534101130496,0.0020020008087158,4,1115,17377.0,285.0,3804.0,100,87,100,84
0.3699999999999999,0.24000000000000005,0.7359800721939872,0.338501600193165,6.986457927673149e-06,0.7458766035430666,-0.083076923076923,0.8808869342129375,-4.440892098500626e-16,0.0022857189178466,4,10,6.0,2.0,0.0,1,4,9,4
0.3699999999999999,0.26000000000000006,0.5204164998665332,0.2700308624336608,6.319013215120207e-06,0.7678355501813785,0.045454545454545,0.9192546583850932,0.0489130434782607,0.0019803047180175,4,10,6.0,1.0,1.0,1,4,5,4
0.3699999999999999,0.2700000000000001,0.9409658158863512,0.338501600193165,7.085306041821492e-06,0.3902712396323694,-0.083076923076923,0.7193885972731173,-0.0794896957801765,0.0020029544830322,4,10,5.0,2.0,0.0,1,4,24,4
0.3699999999999999,0.2800000000000001,0.408248290463863,0.2041241452319315,5.4947264355868485e-06,0.8306878306878307,-0.0434782608695645,0.9581327192798827,0.1578947368421053,0.0020017623901367,4,10,4.0,1.0,0.0,1,4,3,4
0.3699999999999999,0.3300000000000001,1.7677669529663689,0.60380736442456,6.738640770604621e-06,0.405044724936476,-0.1305518169582773,0.5473406261788005,-0.0856079404466498,0.0020008087158203,4,10,5.0,3.0,1.0,1,4,12,4
0.3699999999999999,0.37000000000000016,1.2119199643540823,0.338501600193165,5.350059289793012e-06,0.3469387755102041,0.2229580573951435,0.6850639923164548,0.2666666666666663,0.0020031929016113,4,10,6.0,2.0,2.0,1,4,5,4
0.3699999999999999,0.38000000000000017,0.6291528696058958,0.0,5.375791057465519e-06,0.4864864864864865,1.0,0.8554913294797688,1.0,0.001502513885498,4,10,4.0,0.0,0.0,1,4,1,4
0.3699999999999999,0.4100000000000002,2.7894892005526746,0.4894725051862804,6.461739538164509e-06,-2.8513426423200867,-2.0163934426229506,-0.4042409203699526,-0.3529411764705878,0.0019996166229248,4,11,7.0,3.0,1.0,3,4,3,85
0.3699999999999999,0.4200000000000002,2.7233557730613653,0.9354143466934852,8.65362696683406e-06,-0.2078245657436692,-0.4328358208955223,-0.0216527241681134,-0.3898080741230973,0.0019998550415039,4,10,11.0,3.0,2.0,1,99,81,94
0.3699999999999999,0.4300000000000002,4.495367986420392,1.0206207261596576,6.965233583429485e-06,-3.009041007426542,-1.5423728813559323,-2.1077790593361514,-1.4931438544003988,0.0020005702972412,4,10,12.0,2.0,2.0,1,99,15,92
0.3699999999999999,0.4400000000000002,11.079729990693217,2.7309949346956564,5.660125779216657e-06,-0.4726417894128489,-0.6652776431824792,-0.4476393099483591,-0.5893098932321146,0.002000093460083,4,30,15.0,8.0,3.0,87,99,65,95
0.3699999999999999,0.49000000000000027,8.804591605141793,2.3935677693908453,5.822828475315773e-06,0.3247819627323557,0.0025502975347123,0.332155347019871,0.0374350268643136,0.0020067691802978,4,38,32.0,11.0,8.0,87,99,84,99
0.3699999999999999,0.5100000000000002,30.29352928707163,7.48470662974397,5.8767806428243325e-06,-130.00425966944965,-78.5268022181146,-116.42775645126888,-77.22545454545457,0.0009949207305908,4,11,107.0,5.0,27.0,49,99,45,99
0.3699999999999999,0.5700000000000003,116.25197130945064,32.31517961165206,2.744749960790136e-06,-22.235537606365,-30.7147517753868,-21.46283417386113,-29.248262044993723,0.0019996166229248,4,110,577.0,28.0,155.0,99,99,99,99
0.3699999999999999,0.5900000000000003,226.01477182550116,62.91685982310306,2.1763800065177715e-06,-20.094516687785323,-31.77450328627026,-19.10908416173997,-30.098652268165,0.0025703907012939,4,216,1139.0,44.0,305.0,100,99,98,99
0.3699999999999999,0.6200000000000003,443.52610548873,120.41499422137316,2.2725177105923406e-06,-184.89119741575516,-229.25661667401857,-175.24196468568016,-213.8631460660283,0.0019996166229248,4,138,1937.0,37.0,521.0,99,99,98,99
0.3699999999999999,0.6600000000000004,785.8920091208461,214.7684314946372,2.710795454616939e-06,-146.6811721747967,-198.39903221024943,-141.98447141430486,-191.1247878318761,0.0019998550415039,4,210,3454.0,51.0,925.0,99,99,99,99
0.3699999999999999,0.6800000000000004,944.7696974660016,257.07649234550144,4.954215591240466e-06,-110570.90472606056,-76218.49493179828,-100318.16619837032,-74499.69281352748,0.0019996166229248,4,12,3846.0,4.0,1039.0,66,99,66,99
0.3699999999999999,0.7000000000000004,1345.5827191840222,362.7208091861655,3.6614854067434953e-06,-1777.9335884857326,-2465.5686317588184,-1752.4692109470393,-2394.00098603621,0.002000093460083,4,136,5490.0,33.0,1442.0,100,99,97,99
0.3699999999999999,0.7500000000000004,2407.3901303244,623.4484909223322,3.037587951918484e-06,-2142.305277904761,-2163.220671255123,-2084.941016040399,-2093.793283017342,0.0020010471343994,4,195,9112.0,53.0,2222.0,100,99,100,99
0.3699999999999999,0.8100000000000005,4111.88717065129,925.7977922221102,2.105733960585312e-06,-81.22475571778241,-72.99917268321227,-79.38615842366806,-71.21230362672881,0.0020010471343994,4,1695,11877.0,407.0,2545.0,100,95,100,92
0.3699999999999999,0.8300000000000005,4655.5223200964965,1065.5885746462689,2.167091002830247e-06,-1053.042865990487,-872.4620150022887,-1032.2367395127992,-852.3285147708928,0.0019996166229248,4,597,12785.0,163.0,2753.0,100,96,100,93
0.3699999999999999,0.8500000000000005,5005.751248563995,1093.5370411726649,2.6886748408906585e-06,-194.1612275834593,-159.41270941994625,-189.88458535097308,-155.69439657619313,0.0019996166229248,4,1324,13086.0,320.0,2811.0,100,92,99,89
0.3699999999999999,0.8600000000000005,5298.469319058099,1171.1095255497382,2.2898474845069644e-06,-862.1427065007049,-671.977522267848,-844.4635636747922,-656.6689015914475,0.0020027160644531,4,708,13608.0,169.0,2936.0,100,93,99,90
0.3699999999999999,0.8700000000000006,5164.585941575246,1205.3502559767985,2.780392458724783e-06,-18322.13943386365,-13307.42161488436,-17943.21087191131,-12948.464707657316,0.0020029544830322,4,176,14514.0,46.0,3160.0,100,96,100,93
0.3699999999999999,0.8800000000000006,5873.800070723665,1254.173806734936,2.357565720375894e-06,-2939.532014421353,-1841.3285127496035,-2879.628071925125,-1799.238842226791,0.0020215511322021,4,444,13876.0,128.0,2999.0,100,89,100,85
0.3699999999999999,0.8900000000000006,6034.479511005899,1304.5409393729274,3.375259403161096e-06,-13728.003729575044,-9719.892683688724,-13532.60241674505,-9530.464286047663,0.0019998550415039,4,211,14468.0,54.0,3137.0,100,90,99,87
0.3699999999999999,0.9300000000000006,6637.793650911674,1438.1256029985698,3.445136799606002e-06,-951852.53634678,-348023.02103418054,-947328.704409446,-332597.003216296,0.002000093460083,4,33,16123.0,11.0,3524.0,100,90,100,87
0.3699999999999999,0.9900000000000007,7172.747412806104,1505.2185991576107,2.38851254779431e-06,-340.15567261934416,-231.45142263751688,-333.6513001913438,-226.79340691440956,0.002000093460083,4,1535,17536.0,383.0,3841.0,100,81,100,78
0.3799999999999999,0.25000000000000006,7.137051211810099,1.898464291649086,1.261403242866796e-05,-2.631637578908281,-0.8119135937159063,-2.545636474375707,-0.7549198620409823,0.002000093460083,4,14,3.0,7.0,0.0,70,4,70,4
0.3799999999999999,0.2900000000000001,1.084934713857628,0.2282177322938192,5.626447886895517e-06,0.6257761832482406,-0.0549450549450545,0.777291629712844,0.1134751773049648,0.002000093460083,4,10,7.0,1.0,0.0,1,4,3,4
0.3799999999999999,0.3100000000000001,0.5303300858899106,0.1767766952966369,6.11114059489188e-06,0.8222587944867311,-0.032258064516129,0.9406280235728736,0.2187500000000001,0.0019998550415039,4,11,7.0,1.0,0.0,2,4,2,4
0.3799999999999999,0.3200000000000001,1.2289901003127188,0.3679900360969936,6.147813411295637e-06,0.0719381292086139,-0.1073646850044367,0.6091538855494756,-0.0350318471337578,0.0019998550415039,4,10,4.0,2.0,0.0,1,4,25,4
0.3799999999999999,0.4000000000000002,3.221024681681281,0.5,5.345038428269848e-06,-1.4194944204053748,-2.1475409836065573,-0.3299328357212485,-1.5641025641025648,0.0020008087158203,4,11,10.0,2.0,1.0,2,4,9,4
0.3799999999999999,0.4300000000000002,11.32797054492404,3.570714214271425,5.942182075865072e-06,-0.3942239790811703,-0.4612199216564074,-0.3762154577628427,-0.4154379878577625,0.0020062923431396,4,39,10.0,18.0,2.0,98,99,98,96
0.3799999999999999,0.4400000000000002,5.59389548227947,1.2665570127975554,6.657928104675883e-06,-3.829662876186968,-2.065312046444121,-2.815863015090696,-2.044079857679384,0.002511978149414,4,10,15.0,4.0,3.0,1,99,25,95
0.3799999999999999,0.46000000000000024,14.308360027154288,4.076099033798533,4.087430120835884e-06,-0.3362199555108918,-0.3934694769029159,-0.3079132946784422,-0.3326760469235652,0.002000093460083,4,50,19.0,14.0,4.0,99,99,97,96
0.3799999999999999,0.48000000000000026,13.361948460709865,3.567795771434608,5.25821290592587e-06,-26.070727012487044,-7.641767955801106,-25.058136706397462,-7.272967300792093,0.0010004043579101,4,12,56.0,6.0,14.0,65,99,65,99
0.3799999999999999,0.5100000000000002,17.650838034873395,4.377975178854566,4.608578924015626e-06,0.5041363933012931,0.4603050449745797,0.5164781229347382,0.4819002995967832,0.0019998550415039,4,91,78.0,24.0,20.0,100,99,88,99
0.3799999999999999,0.5200000000000002,33.002840786817124,8.199974593456576,5.6328866937658895e-06,-993.3488855869242,-1360.9340659340653,-364.4608367411136,-1357.9473684210532,0.0019998550415039,4,10,118.0,1.0,30.0,1,99,6,99
0.3799999999999999,0.5300000000000002,28.32456972312201,7.051152388085227,4.996786424750929e-06,0.1165383442119756,0.0359442195534536,0.1389271151928567,0.0739159791694155,0.002000093460083,4,92,65.0,24.0,17.0,96,99,95,99
0.3799999999999999,0.5500000000000003,45.59045495861314,12.784675070828616,4.217642501852479e-06,-1.6967484202743237,-2.3543979352563005,-1.6505064169526138,-2.2436913294152427,0.0019967555999755,4,115,303.0,30.0,80.0,100,99,96,99
0.3799999999999999,0.5600000000000003,36.96605988380873,11.267116608372644,2.4284018880769974e-06,0.3042608935466078,-0.0811905782851059,0.3265138818753516,-0.0342550851370067,0.002000093460083,4,167,330.0,40.0,88.0,100,99,100,99
0.3799999999999999,0.6000000000000003,81.24833331623897,24.20270301708744,3.4120972277536443e-06,-2.428445452908111,-4.562679872516561,-2.294480521894157,-4.300718746317897,0.0019996166229248,4,160,544.0,45.0,149.0,100,99,98,99
0.3799999999999999,0.6300000000000003,225.80764767828396,66.24072262085713,2.030367916102913e-06,-1.341297499923956,-2.3623649311305197,-1.263533986935394,-2.242819455808163,0.0040385723114013,4,523,1598.0,132.0,438.0,100,99,100,99
0.3799999999999999,0.6400000000000003,425.5201963479525,116.48184765590446,4.170007177821318e-06,-3000.382243701696,-2697.670119779864,-2995.647611298064,-2634.686679212449,0.002000093460083,4,36,1785.0,9.0,490.0,100,99,97,99
0.3799999999999999,0.6700000000000004,605.4869252648373,168.13080844984955,2.542447756911085e-06,-356.19710264589975,-440.3644950063955,-349.808624463757,-429.19620773892666,0.0020012855529785,4,119,2680.0,27.0,739.0,100,99,97,99
0.3799999999999999,0.6800000000000004,598.8053732223851,168.1860329119712,2.9160461679795483e-06,-98.99816124220914,-124.61479841738772,-96.35763483605446,-120.97672230130384,0.0019998550415039,4,228,2824.0,58.0,782.0,100,99,96,99
0.3799999999999999,0.7100000000000004,614.3882034864711,174.27050333700575,5.375791057465519e-06,-2042741.1726365231,0.0,-191690.6790097333,0.0,0.0019989013671875,4,10,2685.0,0.0,763.0,1,99,1,99
0.3799999999999999,0.7800000000000005,3352.895924918239,816.8804163299138,1.949473440652853e-06,-336.02345665205377,-335.93146867813067,-327.7691300053798,-326.6802282030879,0.0019998550415039,4,682,11320.0,164.0,2450.0,100,99,100,98
0.3799999999999999,0.7900000000000005,3180.9428109707765,804.6714715232132,2.444042315915039e-06,-1420.7694059604964,-1466.9736836926277,-1390.2625891884272,-1431.4044003833592,0.002000093460083,4,315,11432.0,79.0,2623.0,100,99,96,99
0.3799999999999999,0.8100000000000005,4434.1219066838175,986.58376270509,1.9999409490435742e-06,-283.5832847169697,-227.58631633366983,-277.44150378985256,-222.32308413861355,0.002000093460083,4,1057,11758.0,259.0,2514.0,100,94,100,91
0.3799999999999999,0.8200000000000005,4444.25902030736,1010.3598987489556,1.999317230119389e-06,-337.3266939943615,-278.9108000258134,-330.6064855651724,-272.9502581577572,0.0019953250885009,4,983,12337.0,252.0,2654.0,100,96,100,92
0.3799999999999999,0.8300000000000005,4476.348116303438,1035.195311684386,2.256632472968595e-06,-457.1980058875672,-393.96461188182445,-447.3345372128087,-384.7595905826234,0.0019996166229248,4,841,12876.0,201.0,2780.0,100,97,99,93
0.3799999999999999,0.8400000000000005,4956.220200625002,1119.6954105916484,2.4593712822197525e-06,-2667.4704923162053,-1808.44327452594,-2619.1735031670173,-1771.7607347866535,0.0019981861114501,4,389,13053.0,114.0,2813.0,100,95,100,92
0.3799999999999999,0.8600000000000005,4468.25214126471,1086.4627572616866,2.7368658703619733e-06,-977.1466491190696,-902.4190734691938,-958.0511744851258,-883.0233022584546,0.0019998550415039,4,574,14503.0,150.0,3150.0,100,99,100,96
0.3799999999999999,0.9000000000000006,5713.240703255319,1263.2264741525962,2.368626834939028e-06,-378.83042762625007,-297.3247011980882,-370.8307311982064,-290.771521926297,0.0020003318786621,4,1159,15220.0,300.0,3309.0,100,93,100,90
0.3799999999999999,0.9200000000000006,6444.949040560108,1405.1958382197124,3.1245887995164714e-06,-122064.41923387452,-76832.08789218357,-120002.80816784456,-74388.75625836378,0.002000093460083,4,72,15807.0,21.0,3444.0,100,91,98,87
0.3799999999999999,0.9600000000000006,6557.372959120138,1383.277960739152,2.381508464220566e-06,-122.52352321269204,-87.25370178230764,-120.27495236983032,-85.5598027115383,0.0019977092742919,4,2336,16748.0,566.0,3656.0,100,85,100,82
0.3799999999999999,0.9700000000000006,6577.789424140403,1383.5548718187267,2.180987466521103e-06,-77.65528116495581,-54.37868114560909,-76.17021507988056,-53.28987779164382,0.0019991397857666,4,2932,16845.0,743.0,3687.0,100,82,100,79
0.3799999999999999,0.9800000000000006,0.0,0.0,3.643170552829724e-06,,,1.0,1.0,0.0009999275207519,99,3033,3033.0,754.0,754.0,100,99,100,99
0.3899999999999999,0.23000000000000004,0.2700308624336608,0.0,5.375791057465519e-06,0.758273381294964,1.0,0.9661901081916536,1.0,0.0019996166229248,4,10,4.0,0.0,0.0,1,4,1,4
0.3899999999999999,0.2800000000000001,0.1443375672974064,0.1020620726159657,5.375791057465519e-06,0.7032457496136013,-0.0105263157894739,0.9885714285714284,-0.0101010101010103,0.0019989013671875,4,10,1.0,1.0,0.0,1,4,7,4
0.3899999999999999,0.3300000000000001,3.267580654449609,0.7359800721939872,9.590230564466658e-06,-0.8973063648458441,-0.3506493506493506,-0.6020881851857647,-0.322818621215976,0.0009999275207519,4,10,5.0,3.0,0.0,1,4,61,4
0.3899999999999999,0.37000000000000016,28.74746365623699,6.913151717318713,3.738086127595856e-06,-1.447402694430386,-1.2201790466973144,-1.381167479187745,-1.134310861353529,0.0019996166229248,4,68,7.0,20.0,0.0,99,4,99,4
0.3899999999999999,0.38000000000000017,0.6373774391990981,0.2886751345948128,6.120643982366699e-06,0.1325301204819273,-0.0491803278688525,0.8581611870817574,0.1452991452991452,0.0019998550415039,4,10,1.0,2.0,0.0,1,4,15,4
0.3899999999999999,0.4400000000000002,4.247548312458219,1.6801537628046626,4.209046808874349e-06,0.2452850742813568,-0.3323091104624367,0.2462486509069387,-0.2512119673115103,0.002000093460083,4,26,35.0,7.0,8.0,99,99,98,98
0.3899999999999999,0.45000000000000023,3.452052529534663,0.6291528696058958,5.375791057465519e-06,-52.62499999999999,0.0,-3.4724187810313163,-37.3838383838384,0.0019996166229248,4,10,11.0,1.0,2.0,1,99,4,94
0.3899999999999999,0.48000000000000026,18.40770898292343,4.3433378101793245,6.726374016850243e-06,-137.05411140583556,-96.23489932885906,-67.51816745655609,-92.3986591026302,0.0019981861114501,4,10,60.0,2.0,15.0,1,99,5,99
0.3899999999999999,0.5100000000000002,10.880506268858388,3.5355339059327378,4.731975349057808e-06,0.732423492110829,0.569583931133429,0.7373402750381278,0.5854335156274292,0.0019974708557128,4,75,103.0,22.0,26.0,100,99,98,99
0.3899999999999999,0.5400000000000003,52.21081066216076,13.338931116597513,5.102986979720079e-06,-140.3991478631853,-82.33889001829638,-139.08436334048852,-79.40387874223309,0.0019996166229248,4,21,213.0,7.0,56.0,99,99,96,99
0.3899999999999999,0.5700000000000003,81.23397277822458,21.3873015283992,5.3640950473762965e-06,-3601.8436018957354,-11454.30434782608,-1878.821958456973,-9243.63157894737,0.002000093460083,4,10,315.0,1.0,85.0,1,99,2,99
0.3899999999999999,0.7500000000000004,3022.327512654775,748.2160519640478,5.225390093367996e-06,-586563.9599007798,-1335584.8224178096,-521968.34821428586,-1310814.0487804876,0.0020034313201904,4,12,10000.0,3.0,2251.0,5,99,5,99
0.3899999999999999,0.8800000000000006,5614.714752327139,1238.2676070489233,2.426956770637869e-06,-1194.985169590609,-928.709695546228,-1168.045305511455,-905.5556445156124,0.0020027160644531,4,640,14364.0,151.0,3110.0,100,92,99,89
0.3899999999999999,0.8900000000000006,5141.467161513012,1142.4378721255116,2.0917941297390216e-06,-72.64620484074814,-58.82502743577479,-71.25864604993542,-57.66186067018656,0.0019989013671875,4,2354,14919.0,555.0,3246.0,100,93,99,90
0.3899999999999999,0.9200000000000006,6079.728120634453,1295.145539601631,2.1453613486034883e-06,-181.7168160994233,-128.4288174918084,-178.31967011401142,-125.9319623522895,0.0019989013671875,4,1856,15466.0,492.0,3366.0,100,88,100,85
0.3899999999999999,0.9800000000000006,2125.430591668427,823.4634782429637,3.036339866269171e-06,-12.204429927757973,-40.99690454248172,0.7236316223267459,0.3095008848470956,0.0009992122650146,90,4939,9273.0,1151.0,2707.0,100,99,99,99
0.3899999999999999,0.9900000000000007,7209.553553272213,1518.5788140835275,2.617471288628803e-06,-349.37972186435456,-241.43283343119845,-343.7961098167286,-237.36174371698408,0.002002477645874,4,1552,17745.0,393.0,3893.0,100,83,100,80
0.3999999999999998,0.22000000000000003,7.300114154358592,1.906676864774592,1.729752098499104e-05,-2.201835819338688,-1.3017312448474856,-2.160775736906813,-1.2118004943279042,0.0020010471343994,4,16,6.0,5.0,1.0,89,4,89,4
0.3999999999999998,0.24000000000000005,2.6964482812272395,0.8720187306856813,1.3540996906186612e-05,-0.9787969169890444,-0.3584027912386125,-0.3999478529453053,-0.3392038158136121,0.0020003318786621,4,10,4.0,5.0,0.0,1,4,91,4
0.3999999999999998,0.25000000000000006,4.900042516822346,1.2706625568314087,1.5505027882063528e-05,-2.0309007232084157,-0.6623840911629988,-1.7278106508875737,-0.628835645229088,0.0019996166229248,4,11,4.0,4.0,0.0,92,4,51,4
0.3999999999999998,0.26000000000000006,0.8539125638299665,0.2700308624336608,5.445890627769874e-06,0.7563805104408352,-0.038639876352396,0.852829871331259,0.0837696335078528,0.0010006427764892,4,10,6.0,2.0,0.0,1,4,14,4
0.3999999999999998,0.2700000000000001,6.634034720037774,1.479019945774904,6.622072110207098e-06,-2.597275436355896,-0.7236662106703144,-2.518165391244972,-0.6866115171472174,0.0019998550415039,4,15,6.0,5.0,0.0,91,4,84,4
0.3999999999999998,0.3200000000000001,5.768087493557404,1.5241117631809902,8.744612365822243e-06,-1.753077441077441,-0.7288217717838976,-1.655051164182578,-0.6914441747572808,0.0019981861114501,4,13,3.0,6.0,0.0,24,4,62,4
0.3999999999999998,0.3300000000000001,11.194771845226086,2.78575244174113,5.406445539372647e-06,-3.899945696443116,-1.522573363431151,-3.795615346287992,-1.4017537638221729,0.002000093460083,4,25,8.0,7.0,1.0,94,4,87,4
0.3999999999999998,0.35000000000000014,7.966727684564096,1.9418633662885072,7.412704107797873e-06,-2.130652593944519,-1.1377952755905514,-2.097122466718514,-1.0447356529597829,0.0019991397857666,4,17,3.0,5.0,0.0,85,4,88,4
0.3999999999999998,0.37000000000000016,1.567907310185565,0.5496210815947049,6.499345153820021e-06,-0.3166734468530245,-0.2345898004434587,0.353141102949238,-0.1963696369636962,0.0020027160644531,4,10,2.0,2.0,0.0,1,4,25,4
0.3999999999999998,0.38000000000000017,1.632993161855452,0.5863019699779287,5.86834372246548e-06,0.0423940149625932,-0.1003820771101073,0.4184329494082103,-0.0959814015277313,0.0020077228546142,4,10,2.0,4.0,0.0,1,4,18,4
0.3999999999999998,0.4300000000000002,5.308209051397028,1.015504800579495,5.420914367575117e-06,-11.282079175140703,-16.6,-4.7314179167726085,-16.5531914893617,0.0019989013671875,4,10,15.0,1.0,3.0,1,99,7,96
0.3999999999999998,0.5100000000000002,8.923284148787374,3.056754815159371,7.288420662300384e-06,0.8909409815020375,0.7762528484161897,0.8919031438593237,0.7814641657266621,0.0019960403442382,4,97,93.0,29.0,24.0,96,99,93,99
0.3999999999999998,0.5200000000000002,9.112148484303798,2.111476576553321,6.150251760738005e-06,-19.159013672646804,-24.74436090225564,-14.41898792943362,-23.611845888441632,0.0019996166229248,4,10,32.0,2.0,8.0,1,99,14,99
0.3999999999999998,0.5600000000000003,44.98356181243692,13.810095944634128,2.4331557377319e-06,0.3488823971453398,-0.0146863223232098,0.3662008110925201,0.019295911349364,0.0019998550415039,4,198,417.0,49.0,111.0,100,99,99,99
0.3999999999999998,0.5900000000000003,127.61763364310852,34.89328970829014,3.210580440514161e-06,-87.3335595215325,-97.01593291404612,-85.58054469709178,-92.43917627966842,0.0019996166229248,4,55,581.0,14.0,158.0,100,99,99,99
0.3999999999999998,0.6000000000000003,259.6290823784321,70.17121917139534,3.954479620549044e-06,-118.89232363355434,-135.58182343522384,-117.33135721161304,-131.93138357705283,0.0029988288879394,4,92,1140.0,28.0,308.0,100,99,99,99
0.3999999999999998,0.6100000000000003,186.1325692438949,53.35084347974266,2.976072944976135e-06,-13.733209905727524,-21.995665895224068,-13.316700224159028,-21.186261773303016,0.0019984245300292,4,182,999.0,43.0,273.0,100,99,97,99
0.3999999999999998,0.6500000000000004,421.86672214100986,118.26655979889948,3.567027124201661e-06,-30.71992219828993,-39.66383784685824,-30.13006605210299,-38.73954652375524,0.0019998550415039,4,298,2107.0,79.0,579.0,100,99,99,99
0.3999999999999998,0.6600000000000004,764.5059611169381,207.7521810956506,3.058753040424663e-06,-979.1695228795766,-1145.3419560105133,-960.4966320492372,-1115.30412526672,0.0019996166229248,4,91,3205.0,23.0,864.0,100,99,98,99
0.3999999999999998,0.6700000000000004,867.683313965028,235.31922024489768,5.383817410560024e-06,-252161.0095944178,-626179.6723926382,-137405.7224334601,-624677.3783783786,0.002000093460083,4,10,3513.0,2.0,948.0,1,99,10,99
0.3999999999999998,0.7300000000000004,1283.8991231141697,354.66338207282314,4.923685824326945e-06,-12614.45046038558,-11118.214548802947,-12588.47962999942,-10991.587231795796,0.0019998550415039,4,55,5419.0,17.0,1473.0,100,99,99,99
0.3999999999999998,0.7700000000000005,1409.9328108991576,401.7554708194194,4.244224046052961e-06,-83.54876522399253,-122.8426995028746,-82.0591775747676,-120.19691124221012,0.002044677734375,4,594,6756.0,131.0,1845.0,100,99,100,99
0.3999999999999998,0.7800000000000005,3387.722521904157,814.0049971693458,2.284799123969693e-06,-196.30467305688416,-175.63658456305933,-192.09597847084476,-171.57647850041806,0.0019989013671875,4,981,11314.0,249.0,2426.0,100,99,100,97
0.3999999999999998,0.8200000000000005,4426.217037201935,1028.0436669957166,2.4504736351811217e-06,-1262.9938973551589,-1105.5131925258106,-1241.1874705679816,-1083.823930820102,0.0020005702972412,4,492,12522.0,126.0,2693.0,100,97,100,93
0.3999999999999998,0.8400000000000005,4484.4528942131465,1072.2604044727195,3.679174334320603e-06,-3718.792025108302,-3618.28769885796,-3659.9057431788974,-3540.370259107356,0.0024366378784179,4,269,13545.0,66.0,2933.0,100,98,100,95
0.3999999999999998,0.8500000000000005,4230.989466375842,1044.633383656678,2.8183927807165107e-06,-2227.167993192193,-1992.7122262795428,-2195.0463355345696,-1961.1477700979435,0.0019996166229248,4,381,14161.0,102.0,3086.0,100,99,99,97
0.3999999999999998,0.9000000000000006,5724.051693657795,1225.9490286440678,2.3519755085829274e-06,-149.05310599989855,-112.57886175768482,-146.0511474723677,-110.27295603933352,0.0020070075988769,4,1849,14767.0,457.0,3210.0,100,89,100,86
0.3999999999999998,0.9100000000000006,5998.059591616553,1300.1438662381431,2.2510066937893235e-06,-397.93502457048737,-292.5211566775877,-391.2791742347729,-287.2954464640537,0.0019993782043457,4,1185,15368.0,297.0,3346.0,100,91,99,87
0.3999999999999998,0.9300000000000006,36.06244584051392,53.033008588991066,3.0934649153310302e-06,0.9140392623438428,0.2441547970975544,0.9999622500365214,0.9987206065786852,0.0010015964508056,98,3295,3244.0,879.0,804.0,100,99,100,99
0.3999999999999998,0.9600000000000006,7071.549352128099,1484.955509294246,2.8344620892387343e-06,-9670.886546088994,-6045.658468434078,-9522.735029909083,-5921.900750543847,0.0009999275207519,4,311,16523.0,91.0,3607.0,100,83,100,80
0.3999999999999998,0.9700000000000006,1856.6143918433895,730.8504939072317,3.0687716430962914e-06,-13.957845374162597,-35.57118295930012,0.7870053402815991,0.4518142549581273,0.0019998550415039,91,4679,8348.0,1133.0,2471.0,100,99,100,99
0.4099999999999998,0.21000000000000002,0.9409658158863512,0.338501600193165,1.6236370947388422e-05,0.1083916083916087,-0.083076923076923,0.6732151781938409,-0.079489695780176,0.0019998550415039,4,10,3.0,2.0,0.0,1,4,24,4
0.4099999999999998,0.24000000000000005,1.20761472884912,0.2282177322938192,5.501530085353656e-06,0.2688897350813248,-0.0549450549450545,0.5807881183375254,-0.0526315789473688,0.0020005702972412,4,10,3.0,1.0,0.0,1,4,7,4
0.4099999999999998,0.26000000000000006,0.25,0.1020620726159657,5.375791057465519e-06,0.3766233766233766,-0.0105263157894739,0.9690338563170932,-0.0101010101010103,0.0019958019256591,4,10,2.0,1.0,0.0,1,4,7,4
0.4099999999999998,0.2800000000000001,0.5,0.2282177322938192,5.61841279488092e-06,0.9232307077169132,-0.0549450549450545,0.9586178357128078,0.4658119658119657,0.0019969940185546,4,10,8.0,2.0,0.0,1,4,4,4
0.4099999999999998,0.38000000000000017,1.1726039399558574,0.25,5.8462354191974864e-06,-0.4195138344348608,-0.0666666666666666,0.5081234163064541,-0.0638297872340425,0.0019986629486083,4,10,4.0,1.0,0.0,1,4,8,4
0.4099999999999998,0.3900000000000002,0.25,0.0,5.375791057465519e-06,0.5988857938718665,1.0,0.9671124753343564,1.0,0.0020012855529785,4,10,2.0,0.0,0.0,1,4,1,4
0.4099999999999998,0.45000000000000023,23.790316657553483,5.235097897842981,4.511035146968437e-06,-0.1940513348785304,-0.3039343737577633,-0.1659646644080132,-0.2572935931071063,0.0035200119018554,4,67,27.0,16.0,6.0,84,99,84,98
0.4099999999999998,0.49000000000000027,9.915791277889358,2.275320490246008,5.774136277882376e-06,-392.4624402952669,-87.35555555555555,-50.24599598240947,-75.3440860215054,0.0019998550415039,4,10,34.0,1.0,8.0,1,99,2,98
0.4099999999999998,0.5000000000000002,17.263581609851414,4.708148963941845,2.727689164838184e-06,0.5750441215764295,0.4483101311116813,0.5906667263739189,0.4751329433005455,0.0020046234130859,4,96,124.0,23.0,31.0,94,99,93,99
0.4099999999999998,0.5500000000000003,32.86810764251572,8.752975684493435,3.5919489933742226e-06,-10.704110362015154,-9.610883188314324,-10.589017308098455,-9.281105411034543,0.0019984245300292,4,38,174.0,12.0,46.0,97,99,97,99
0.4099999999999998,0.5600000000000003,32.34015177247421,9.619857933808932,2.9944690212729666e-06,-0.4626491745466436,-1.162527289462274,-0.4408194238042511,-1.1113220954467784,0.0019993782043457,4,104,252.0,27.0,67.0,100,99,99,99
0.4099999999999998,0.5700000000000003,42.111088207264366,11.000473474658564,5.438142249704852e-06,-2084.6477794793263,-1522.5409836065571,-732.4496574899831,-1519.549738219895,0.0009994506835937,4,10,164.0,2.0,44.0,1,99,9,99
0.4099999999999998,0.5900000000000003,107.92710695958948,30.62083304984805,3.584727120623865e-06,-13.937291143016804,-21.137973438268567,-13.441672513808747,-20.15384615384615,0.0020005702972412,4,99,571.0,24.0,155.0,100,99,99,99
0.4099999999999998,0.6100000000000003,83.50941813152973,27.22418501994137,5.369913179857432e-06,0.1319379339238129,-0.7058925190931207,0.1560394379146288,-0.6468751244108135,0.002000093460083,4,318,744.0,78.0,205.0,99,99,96,99
0.4099999999999998,0.6200000000000003,437.5803140567455,121.84241017259411,2.0822168349906275e-06,-9.90315067758568,-14.578891417870553,-9.607733936227785,-14.11863595516989,0.0019984245300292,4,477,2344.0,111.0,624.0,100,99,100,99
0.4099999999999998,0.6300000000000003,231.8297911902897,66.42429901775404,3.0012296504655525e-06,-8.621387179937438,-12.925665346111485,-8.404042152870181,-12.522115779983809,0.001997947692871,4,265,1309.0,66.0,361.0,100,99,97,99
0.4099999999999998,0.6600000000000004,430.328048315081,123.9407620599454,1.7812618104497518e-06,-6.325095522451441,-9.458765957446808,-6.153641890034877,-9.19195080503837,0.0019998550415039,4,560,2537.0,143.0,696.0,100,99,100,99
0.4099999999999998,0.7100000000000004,1575.3498916907315,419.3445778831533,2.1588695471881603e-06,-300.080076911039,-349.2096111445938,-292.2903277430744,-339.2139155764421,0.0009992122650146,4,368,6526.0,107.0,1674.0,100,99,100,99
0.4099999999999998,0.7300000000000004,2095.958859726657,541.8900564997787,1.98573397178633e-06,-161.8611147385122,-177.8996523322929,-158.81878985631712,-174.24295382919902,0.001000165939331,4,670,8368.0,161.0,2038.0,100,99,100,99
0.4099999999999998,0.7400000000000004,1495.2493381818745,410.6903613632376,3.2238179949621056e-06,-8669.361092561197,-8191.297665790042,-8566.196583243525,-8067.763423445871,0.0020012855529785,4,76,6258.0,23.0,1680.0,100,99,100,99
0.4099999999999998,0.8000000000000005,3955.357757470661,944.5272296233708,2.4525206134496173e-06,-3863.095865543181,-3029.659640982372,-3781.5027630744703,-2955.8076080156766,0.0019996166229248,4,264,12032.0,73.0,2579.0,100,99,100,96
0.4099999999999998,0.8200000000000005,3404.459145432159,856.4415539992596,2.3805038138668096e-06,-164.84071883168906,-162.2971263763617,-161.80941391663583,-159.13582445272235,0.0019986629486083,4,1042,12792.0,267.0,2871.0,100,99,100,99
0.4099999999999998,0.8300000000000005,4627.131983835488,1013.631805686858,1.92657269511215e-06,-130.20764707694048,-92.8270752646022,-127.55155344691632,-90.94291969023664,0.0020010471343994,4,1631,12407.0,422.0,2660.0,100,93,100,90
0.4099999999999998,0.8800000000000006,4973.355224343019,1140.5048178694087,2.62987540496541e-06,-139.99898040259623,-118.1822408796465,-137.7373102284338,-116.07903518348604,0.0019962787628173,4,1678,14808.0,419.0,3224.0,100,96,99,92
0.4099999999999998,0.8900000000000006,5597.349699299661,1271.8910338874684,2.46898945218522e-06,-3126.917460319661,-2213.3107345337626,-3075.811456486821,-2172.8273044445923,0.0019993782043457,4,415,15098.0,117.0,3287.0,100,95,100,92
0.4099999999999998,0.9000000000000006,1247.984374902186,518.905458633844,3.0087884975041883e-06,-14.323733442217096,-39.389021049004974,0.8940635592878863,0.6830994876547782,0.0009968280792236,92,4043,6495.0,957.0,1890.0,100,99,100,99
0.4199999999999998,0.21000000000000002,0.3818813079129867,0.2041241452319315,5.615012838017964e-06,0.9262794141846306,0.1560439560439565,0.9638607088463822,0.1578947368421051,0.0019989013671875,4,10,7.0,1.0,1.0,1,4,5,4
0.4199999999999998,0.2900000000000001,1.898464291649086,0.5951190357119042,1.1301933787092132e-05,0.0758701277021951,-0.2612055641421942,0.3202224012259572,-0.2269938650306751,0.0019967555999755,4,10,6.0,2.0,0.0,1,4,9,4
0.4199999999999998,0.3000000000000001,2.555631037532609,0.699702317656111,6.561414590879248e-06,0.1272347644525643,-0.0869669959046017,0.266658089568299,-0.0088001717106673,0.0019993782043457,4,10,5.0,5.0,0.0,1,4,11,4
0.4199999999999998,0.3100000000000001,10.207738077883205,2.476977324616975,7.624801368223319e-06,-2.4716566404442397,-1.3774965311356857,-2.458720449775423,-1.3240214646464643,0.0019977092742919,4,21,6.0,7.0,1.0,82,4,97,4
0.4199999999999998,0.3200000000000001,20.306762010062887,4.777333635687032,5.183769230807982e-06,-2.593428039758544,-1.4947634353761663,-2.483544526575149,-1.354015578834273,0.0019991397857666,4,44,5.0,12.0,0.0,99,4,91,4
0.4199999999999998,0.34000000000000014,2.188987589427283,0.8897565210026093,7.476605030563312e-06,0.124625844946181,-0.3611940298507461,0.3456521429892319,-0.3392070484581495,0.0010018348693847,4,10,7.0,4.0,0.0,1,4,18,4
0.4199999999999998,0.35000000000000014,5.579911886998456,1.7795130420052183,6.519033341249172e-06,-2.6423457730388424,-1.3295019157088124,-2.587201766597859,-1.2900188323917137,0.0019984245300292,4,14,9.0,5.0,2.0,46,4,38,4
0.4199999999999998,0.36000000000000015,2.2684429314693664,0.6208193510729725,5.56267214935918e-06,-0.148197467496308,-0.1476575121163168,0.0793201133144476,-0.1353175820803926,0.0019984245300292,4,10,5.0,2.0,2.0,1,4,5,4
0.4199999999999998,0.38000000000000017,18.01764181758164,4.708148963941845,3.907263543406235e-06,-1.2898761701609809,-1.1195439029704408,-1.2669230002669538,-1.0475122918089892,0.0019969940185546,4,44,9.0,12.0,1.0,95,4,78,4
0.4199999999999998,0.3900000000000002,34.36416495905776,8.31038506929733,4.618012863193692e-06,-1.8075745521299944,-1.5170942368001643,-1.6923033079189804,-1.3911279415742492,0.0020101070404052,4,90,6.0,24.0,1.0,100,4,100,99
0.4199999999999998,0.4000000000000002,2.57390753524675,0.75,1.0280830166858488e-05,-0.8243097884546433,-0.3364269141531322,-0.1521739130434785,-0.3303769401330376,0.0019996166229248,4,10,6.0,4.0,1.0,1,4,22,91
0.4199999999999998,0.4200000000000002,3.6926165068507535,0.8100925873009825,5.446367559539204e-06,-2.6264573473392585,-1.3634232121922625,-1.2261904761904754,-1.3551401869158868,0.0019984245300292,4,10,10.0,4.0,2.0,1,99,8,96
0.4199999999999998,0.45000000000000023,4.295103801617217,1.3030413142593242,6.087976778638077e-06,0.0781992962442867,-0.1108113863846098,0.0913288866085172,-0.0812603648424543,0.0019996166229248,4,19,23.0,6.0,5.0,82,99,82,97
0.4199999999999998,0.46000000000000024,7.610984386617367,2.0866640042581523,5.48261219059712e-06,-11.082837290360544,-2.215642279028768,-10.280834144758192,-2.017832647462276,0.0019993782043457,4,12,37.0,6.0,9.0,94,99,97,99
0.4199999999999998,0.49000000000000027,6.205676165146443,2.1262251370288454,4.349415952996863e-06,-0.3289448557082037,-0.8924418604651163,-0.3152651876307437,-0.7916116248348739,0.002000093460083,4,25,47.0,7.0,12.0,100,99,98,99
0.4199999999999998,0.5200000000000002,32.10772882033234,8.01885798186583,5.553663324888289e-06,-387.62977052399066,-424.7241379310345,-197.95263750402057,-422.96978021978,0.0015060901641845,4,10,115.0,2.0,30.0,1,99,13,99
0.4199999999999998,0.5800000000000003,81.31029813826372,22.212280762377077,3.724035213115529e-06,-23.250078902866097,-26.94824671932143,-23.065290776307165,-26.24083393242272,0.002000093460083,4,61,401.0,17.0,109.0,99,99,96,99
0.4199999999999998,0.6300000000000003,364.97257317045984,101.23688186624476,2.3234456714982864e-06,-48.1010559339876,-61.462253071071096,-46.91436317161654,-59.44234511839119,0.0020277500152587,4,199,1743.0,50.0,476.0,100,99,95,99
0.4199999999999998,0.6500000000000004,413.2099446205686,114.32924859078422,3.0531033525659327e-06,-113.54141368407988,-124.38351561882,-111.29815737796608,-121.07781721107972,0.0020022392272949,4,165,1910.0,40.0,528.0,100,99,100,99
0.4199999999999998,0.6900000000000004,974.2555491245612,267.3616854250686,3.339216147164552e-06,-902.6241018726296,-1071.911617362527,-885.1725455871626,-1040.2392971105423,0.0009999275207519,4,108,4147.0,37.0,1121.0,100,99,86,99
0.4199999999999998,0.7400000000000004,1067.8422265640806,306.33713046250205,2.704803275366601e-06,-35.546673091031536,-53.50752332628207,-34.76726077881531,-52.2068171826227,0.0020003318786621,4,681,5400.0,170.0,1483.0,100,99,100,99
0.4199999999999998,0.7500000000000004,2591.8045153586204,620.2232712902669,1.7392574207854671e-06,-18.75904990792565,-17.949674322634372,-18.31472252518033,-17.497958376253486,0.0009980201721191,4,2109,10146.0,517.0,2180.0,100,99,100,98
0.4199999999999998,0.7800000000000005,2512.1027691789736,649.3927371655255,2.401940823735852e-06,-39.88818050125351,-45.32588080118885,-38.98665860807536,-44.27536814136743,0.0019998550415039,4,1485,10740.0,348.0,2537.0,100,99,100,99
0.4199999999999998,0.7900000000000005,3503.4817577780154,839.4542870222297,2.781513015224065e-06,-136.97940584973716,-128.02009287179015,-134.29880933924224,-125.37289754654736,0.0029997825622558,4,1238,11679.0,321.0,2502.0,100,99,100,96
0.4199999999999998,0.8000000000000005,3741.93473241673,918.275092678296,3.988916271807363e-06,-46801.57661523731,-40469.15101315989,-46656.38465810483,-39714.63603893555,0.0020017623901367,4,77,12115.0,21.0,2634.0,100,99,97,98
0.4199999999999998,0.8200000000000005,4235.019134893804,1008.483757719148,3.759512565423749e-06,-2343.9484832668445,-2112.0358087521686,-2304.1697996392045,-2068.1528441693745,0.0019998550415039,4,348,12740.0,91.0,2747.0,100,99,100,95
0.4199999999999998,0.8300000000000005,4217.064102646928,1002.0422999221806,2.756700457973375e-06,-411.4790844181584,-354.1062888744225,-403.6915288323687,-346.8662434254405,0.0020008087158203,4,846,13133.0,234.0,2837.0,100,98,99,95
0.4199999999999998,0.8700000000000006,5310.798234297427,1216.3200733496644,2.8360605874831926e-06,-6383.271436042239,-4885.669836405766,-6327.585624040609,-4818.240421627549,0.0009996891021728,4,288,14356.0,71.0,3119.0,100,95,97,92
0.4199999999999998,0.8800000000000006,5728.082287074793,1264.2588738071013,3.03645937396892e-06,-6039.831312424542,-3726.75006073563,-5944.900661774611,-3662.053498531835,0.0019972324371337,4,326,14364.0,89.0,3110.0,100,92,100,89
0.4199999999999998,0.8900000000000006,5673.127895137155,1292.332214286765,3.357174241464436e-06,-24750.868764993676,-19297.5759638098,-24446.989543475396,-18969.1548429386,0.0019960403442382,4,142,15098.0,38.0,3287.0,100,95,96,92
0.4199999999999998,0.9800000000000006,5079.967727369054,1439.4080573470317,2.5901119198304816e-06,-14.30363227983091,-25.53380124614692,-0.2423778623196981,-0.7196906674426646,0.0019974708557128,82,7291,16772.0,1671.0,3972.0,100,99,100,99
0.4299999999999998,0.21000000000000002,4.234038655153414,1.224744871391589,1.5449274405607256e-05,-3.464452671116275,-0.9470422535211264,-2.9535043991638137,-0.891998423334647,0.0020027160644531,4,10,4.0,4.0,0.0,1,4,99,4
0.4299999999999998,0.24000000000000005,1.6677080080157918,0.5863019699779287,1.451204874941796e-05,-0.8607622504537205,-0.3614095401804902,0.3341645885286785,-0.3200000000000003,0.0020010471343994,4,10,8.0,2.0,0.0,1,4,71,4
0.4299999999999998,0.26000000000000006,0.3061862178478972,0.1443375672974064,5.491760599727366e-06,0.8860158311345646,-0.0212765957446807,0.967479674796748,-0.0204081632653068,0.001997947692871,4,10,5.0,1.0,0.0,1,4,9,4
0.4299999999999998,0.2700000000000001,0.568257570707744,0.2700308624336608,7.357311372998385e-06,0.4996637525218562,-0.0386398763523954,0.8663793103448276,0.0837696335078533,0.0019998550415039,4,10,3.0,2.0,0.0,1,4,7,4
0.4299999999999998,0.3000000000000001,0.4208127057650866,0.0,5.375791057465519e-06,0.8703836073385751,1.0,0.9525920968236704,1.0,0.002000093460083,4,10,6.0,0.0,0.0,1,4,1,4
0.4299999999999998,0.3100000000000001,2.384848003542364,0.8228507357554792,1.2946754409289815e-05,-0.735399284862932,-0.7147568013190437,-0.2164691203992512,-0.6683778234086242,0.0009999275207519,4,10,6.0,2.0,0.0,1,4,8,4
0.4299999999999998,0.3300000000000001,0.4894725051862804,0.2700308624336608,9.19271651193153e-06,0.7572292468389223,-0.0786516853932584,0.9321533923303836,0.1452991452991457,0.0029983520507812,4,10,6.0,1.0,0.0,1,4,2,4
0.4299999999999998,0.34000000000000014,0.4894725051862804,0.2282177322938192,5.504742717251678e-06,0.7850258007983644,-0.019108280254777,0.935218566922037,0.2592592592592592,0.0019969940185546,4,10,6.0,2.0,0.0,1,4,9,4
0.4299999999999998,0.4200000000000002,2.911900868276025,0.8779711460710616,7.015864902082916e-06,-2.8083727277157755,-1.522727272727272,-0.7929515418502204,-1.431011826544021,0.0019848346710205,4,11,10.0,2.0,2.0,2,99,49,96
0.4299999999999998,0.4300000000000002,66.86374515884275,15.027752105133134,4.07850697315018e-06,-0.6272854058200796,-0.6882598580787089,-0.5851725592995136,-0.6298301007367313,0.002000093460083,4,189,18.0,42.0,4.0,99,99,100,97
0.4299999999999998,0.4400000000000002,2.3296101247490606,0.3952847075210474,5.446516407183701e-06,-26.079588521927448,-2.9130434782608665,-1.6107436359991985,-2.157894736842106,0.0019998550415039,4,10,7.0,1.0,1.0,1,98,3,4
0.4299999999999998,0.46000000000000024,11.9259870311294,2.7309949346956564,6.340718897696195e-06,-34.10401713979647,-22.127860026917897,-23.27636725695185,-21.91933418693982,0.0020003318786621,4,10,37.0,3.0,9.0,1,99,16,99
0.4299999999999998,0.49000000000000027,19.64423155364784,4.4907311951024935,7.431179846868318e-06,0.7500602814163515,0.7414267329832005,0.7531427060519752,0.7469161947490339,0.0022552013397216,4,137,106.0,32.0,27.0,99,99,99,99
0.4299999999999998,0.5300000000000002,27.499621209512444,6.892024376045111,5.919119470227785e-06,-22.798802787803872,-12.125843303049384,-22.621703933154592,-11.710801393728223,0.0020012855529785,4,27,129.0,10.0,34.0,100,99,100,99
0.4299999999999998,0.5700000000000003,43.251445062564095,11.178476342209317,5.731368522028869e-06,-3.561127862336411,-2.434338132671685,-3.5174322080796907,-2.3709507002675174,0.0020022392272949,4,82,265.0,29.0,71.0,100,99,100,99
0.4299999999999998,0.5800000000000003,103.37804812112354,30.203993941199236,2.3635719017525428e-06,0.0433062338567808,-0.3393180832339439,0.0713228763281796,-0.2978789114646194,0.0019996166229248,4,408,891.0,105.0,238.0,100,99,97,99
0.4299999999999998,0.6300000000000003,378.5096597182164,106.59864367492362,2.519455395961253e-06,-7.194936837830985,-10.010703704093112,-6.969739706537026,-9.671972681290166,0.0019984245300292,4,516,2159.0,128.0,583.0,100,99,99,99
0.4299999999999998,0.6400000000000003,277.7681512220818,76.52198758091254,5.375791057465519e-06,-88881.72800000002,-568055.2526315791,-21256.301113534613,-286804.6122448981,0.0010099411010742,4,10,1159.0,1.0,323.0,1,99,4,99
0.4299999999999998,0.6700000000000004,654.2875817126085,182.89961955491688,3.2142477045912103e-06,-26.34674687541968,-35.08203493529203,-25.80426900889814,-34.23840268685554,0.0019989013671875,4,460,3279.0,115.0,891.0,100,99,99,99
0.4299999999999998,0.6800000000000004,964.2296471795504,261.1565223513797,1.7913650163915017e-06,-10.179471471040843,-12.149323023291588,-9.909163590611213,-11.8361726876851,0.0019974708557128,4,1155,5097.0,279.0,1324.0,100,99,99,99
0.4299999999999998,0.6900000000000004,1041.9060508270406,284.79349243501565,2.945220678049341e-06,-61.1834870684428,-75.74682931772615,-59.8393395766681,-73.89838227349752,0.0019998550415039,4,492,4799.0,137.0,1274.0,100,99,99,99
0.4299999999999998,0.7100000000000004,1279.2457779553806,346.85521715359374,2.7850986968762545e-06,-358.5677824023583,-361.46053682407046,-352.71177046387294,-354.30525109217655,0.0019998550415039,4,279,5486.0,75.0,1458.0,100,99,99,99
0.4299999999999998,0.7200000000000004,1770.7614710908977,465.6484613776077,2.410291764898901e-06,-64.90744042069365,-76.57168783803591,-63.453680948919526,-74.7129556468792,0.002000093460083,4,831,7595.0,207.0,1890.0,100,99,97,99
0.4299999999999998,0.7700000000000005,2178.7462397175427,585.2194211006101,2.840323850144485e-06,-2277.3154115924244,-2494.700166047284,-2238.6446229846647,-2446.2543218146966,0.0009975433349609,4,183,8833.0,56.0,2263.0,100,99,100,99
0.4299999999999998,0.7800000000000005,3308.767744883786,814.3369554940592,2.5388108192085074e-06,-660.2194737771454,-634.8352892388557,-649.6912537203611,-622.3371340169342,0.0020003318786621,4,503,11283.0,119.0,2477.0,100,99,97,98
0.4299999999999998,0.7900000000000005,2978.3879518401677,752.0308615121235,2.4863437841273046e-06,-139.57070465697984,-135.60415030188943,-137.00198877027435,-132.91594864398388,0.0010023117065429,4,983,11426.0,244.0,2624.0,100,99,100,99
0.4299999999999998,0.8000000000000005,3256.6177239584017,808.7726233311807,2.8068350762908484e-06,-143.13042423633058,-132.8515928727788,-140.3102091427983,-130.11244438226998,0.0009989738464355,4,1105,12033.0,277.0,2674.0,100,99,99,99
0.4299999999999998,0.8500000000000005,4855.471509887926,1144.1127976515252,4.832665335885539e-06,-11828873.271777004,-2117922.028089888,-8230027.887272728,-2076737.274665345,0.0009996891021728,4,10,13806.0,4.0,2991.0,1,97,98,94
0.4299999999999998,0.8600000000000005,5240.490035531028,1154.7880036324127,2.2139856564027146e-06,-460.0267210060409,-312.30352026853143,-453.0372419627109,-307.26152268960783,0.0020029544830322,4,1052,13603.0,292.0,2934.0,100,93,100,90
0.4299999999999998,0.8700000000000006,5002.829138139406,1065.9475293918863,2.023415707256052e-06,-44.00902431897038,-32.3408298286429,-43.200484791557095,-31.70370677592432,0.0019991397857666,4,2958,13575.0,712.0,2936.0,100,89,100,86
0.4299999999999998,0.9500000000000006,6787.437289458617,1463.9441730020535,3.0256400175501573e-06,-2249.4241117229635,-1571.634848570141,-2217.9811911373235,-1546.518938875398,0.0019989013671875,4,575,16874.0,158.0,3706.0,100,90,100,86
0.4299999999999998,0.9600000000000006,2153.5948551201545,808.4155490835143,2.8497335591715804e-06,-10.688745547260533,-28.66980917929664,0.7228642407752622,0.3786947319640407,0.0009994506835937,90,5128,9419.0,1237.0,2742.0,100,99,100,99
0.4299999999999998,0.9800000000000006,1769.5601148308017,724.5788815274396,3.011040908689061e-06,-7.729750591714998,-28.52280187052397,0.8177611176091817,0.5143281910584161,0.0009992122650146,91,4994,8582.0,1219.0,2559.0,100,99,100,99
0.43999999999999984,0.22000000000000003,0.699702317656111,0.2886751345948128,5.767539601709648e-06,0.5311233503065571,-0.0491803278688525,0.8044599767016142,0.0599294947121031,0.0019998550415039,4,10,2.0,2.0,0.0,1,4,12,4
0.43999999999999984,0.26000000000000006,0.9947780321927768,0.3952847075210474,6.831090442064328e-06,0.3006134969325152,-0.0027855153203337,0.6820083682008368,-4.440892098500626e-16,0.002000093460083,4,10,4.0,2.0,1.0,1,4,13,4
0.43999999999999984,0.2800000000000001,0.0,0.0,5.375791057465519e-06,1.0,1.0,1.0,1.0,0.0019998550415039,4,10,0.0,0.0,0.0,1,4,1,4
0.43999999999999984,0.3200000000000001,1.2204848763230671,0.5103103630798288,8.593622461071767e-06,0.5810546875,-0.2251148545176109,0.7486995641782652,-0.1814744801512284,0.0019991397857666,4,10,7.0,2.0,0.0,1,4,11,4
0.43999999999999984,0.4100000000000002,2.8265851010244383,1.3228756555322954,6.97706224296733e-06,-0.2615996162017684,-0.4758418740849195,-0.1493908378414827,-0.4370028226841163,0.0019998550415039,4,13,6.0,5.0,1.0,91,4,91,4
0.43999999999999984,0.4200000000000002,7.402842922373359,2.205580044644341,6.938861802632464e-06,-1.1909517219838714,-0.9802120141342756,-1.1721717588769618,-0.8903821243523315,0.0019981861114501,4,21,6.0,6.0,1.0,80,99,100,4
0.43999999999999984,0.46000000000000024,38.1501965918919,9.150364291473135,2.879658725455614e-06,-0.1964770711336483,-0.1992316443184574,-0.1637018180873253,-0.1560494118357713,0.0019938945770263,4,144,38.0,36.0,9.0,100,99,100,98
0.43999999999999984,0.48000000000000026,5.208166663999915,1.7169498148363762,4.661309036083369e-06,0.6137925067861,0.3948142207965784,0.6177895200352267,0.4185927067282999,0.0019996166229248,4,35,38.0,11.0,9.0,96,99,96,98
0.43999999999999984,0.5300000000000002,23.43563881499001,5.811267790537047,6.3857513060467605e-06,-219.3899507989724,-161.43841336116915,-128.62753534111857,-160.7764471057885,0.0019993782043457,4,10,86.0,2.0,22.0,1,99,16,99
0.43999999999999984,0.5500000000000003,15.871882896073378,4.803427595651533,3.239249407919971e-06,0.8931572452264473,0.8503048602345533,0.8949134485105228,0.8535997927263883,0.0019998550415039,4,179,232.0,56.0,61.0,100,99,99,99
0.43999999999999984,0.5800000000000003,268.03056806391817,59.70953999711157,3.0147708065748115e-06,0.2853884226077879,0.3447586799878975,0.3054991966816239,0.365178404580942,0.0010135173797607,4,1171,651.0,273.0,175.0,100,99,98,99
0.43999999999999984,0.5900000000000003,118.31781001466628,34.382953625306826,1.8851543276622455e-06,-0.486352730442388,-1.0730380275025202,-0.4479401135880436,-1.013386742161425,0.0029976367950439,4,380,930.0,111.0,251.0,100,99,100,99
0.43999999999999984,0.6400000000000003,423.0340436458198,115.470504891942,5.375791057465519e-06,-159951.97294151876,-260892.75796178344,-52002.72018404165,-219178.794520548,0.0020027160644531,4,10,1735.0,2.0,477.0,1,99,5,99
0.43999999999999984,0.7100000000000004,1168.2048684127851,320.90784307959814,2.1546553313915725e-06,-45.16354664435545,-55.84535185899048,-44.25046144874008,-54.60512165764874,0.001997947692871,4,631,5527.0,168.0,1467.0,100,99,100,99
0.43999999999999984,0.7800000000000005,2373.8634451564394,632.5823974656055,3.725141504982873e-06,-427.1416068153632,-488.4721639413888,-419.9682944137167,-478.7625403528912,0.002000093460083,4,466,9724.0,124.0,2440.0,100,99,100,99
0.43999999999999984,0.8900000000000006,22.62741699796952,16.97056274847714,2.911933128075536e-06,0.9089777777777778,0.8478002378121284,0.999984544831082,0.999863345696309,0.0009992122650146,98,3273,3305.0,831.0,807.0,100,99,100,99
0.43999999999999984,0.9400000000000006,6678.146922051056,1472.4546116377692,5.340331133582938e-06,-21004287.0425184,-10765849.06896552,-13092885.990825688,-10706777.189300412,0.0019998550415039,4,10,16782.0,2.0,3671.0,1,92,12,89
0.43999999999999984,0.9500000000000006,1019.9408946460716,484.8170494408911,3.011940100578332e-06,-4.743196208165136,-23.869214192556505,0.937181783178194,0.7751946821733835,0.0009999275207519,93,4334,6358.0,1048.0,1930.0,100,99,100,99
0.43999999999999984,0.9900000000000007,0.0,0.0,3.297939744929942e-06,,,1.0,1.0,0.0019998550415039,99,3031,3031.0,755.0,755.0,100,99,100,99
0.44999999999999984,0.22000000000000003,0.5951190357119042,0.3061862178478972,1.1180901265382964e-05,0.8430467397576458,0.2596401028277635,0.9113752476279846,0.2616899097620999,0.0029973983764648,4,10,7.0,2.0,2.0,1,4,5,4
0.44999999999999984,0.24000000000000005,1.6169673259943549,0.5103103630798288,1.3220273870518065e-05,0.2949438202247191,-0.1928429423459248,0.5834094039932947,-0.1515430677107321,0.0030224323272705,4,10,10.0,2.0,1.0,1,4,65,4
0.44999999999999984,0.25000000000000006,0.60380736442456,0.2700308624336608,5.785451883947998e-06,0.627287853577371,-0.038639876352396,0.8664937442783033,0.0837696335078529,0.0030000209808349,4,10,4.0,2.0,0.0,1,4,9,4
0.44999999999999984,0.2700000000000001,13.026015635386493,3.2834813841409245,9.1051260141915e-06,-1.153066212117248,-0.6852388948252175,-1.1407656236857604,-0.6402795606903438,0.0019998550415039,4,32,4.0,10.0,0.0,95,4,94,4
0.44999999999999984,0.3200000000000001,19.29000172801098,4.258569791217078,5.4264600905082015e-06,-5.32556835474559,-2.840441176470588,-5.034121621621621,-2.562148337595908,0.0055465698242187,4,33,7.0,9.0,1.0,100,4,51,5
0.44999999999999984,0.35000000000000014,0.7971302695712079,0.2282177322938192,5.378421250824913e-06,0.7115697187607741,-0.0549450549450545,0.849289684990735,-0.0526315789473688,0.002000093460083,4,10,5.0,1.0,0.0,1,4,8,4
0.44999999999999984,0.38000000000000017,4.106651109277891,1.3501543121683042,6.520247963199351e-06,-3.1944137093509646,-0.7684210526315793,-2.831136562625713,-0.7150137201097613,0.0030035972595214,4,12,8.0,5.0,1.0,23,4,92,4
0.44999999999999984,0.4000000000000002,13.25943060617612,3.139134700306227,5.436813646471058e-06,-1.4213507241092285,-1.3711749347258482,-1.36552207428171,-1.247030878859857,0.0020003318786621,4,36,5.0,10.0,2.0,98,4,98,4
0.44999999999999984,0.45000000000000023,18.83231929423458,4.873397172404482,4.442760168611544e-06,-0.6693831604624507,-0.6996032084980162,-0.618954419921028,-0.6214025131738952,0.0020027160644531,4,69,19.0,17.0,4.0,99,99,98,96
0.44999999999999984,0.5300000000000002,57.344445386337696,14.534083505103904,5.365195657911364e-06,-1210.8426103646832,-5289.173913043475,-592.5713748495789,-3594.567375886525,0.0029993057250976,4,10,208.0,1.0,54.0,1,99,3,99
0.44999999999999984,0.5500000000000003,52.19295131209449,15.09932393630037,6.950494855122015e-06,-1.0763098974736276,-2.07726285480793,-1.0428388894144347,-1.9865022705440567,0.0019998550415039,4,130,364.0,31.0,96.0,100,99,96,99
0.44999999999999984,0.5600000000000003,101.069437764341,24.489368441563915,2.904453615936632e-06,0.2523391431911437,0.3167972621972014,0.2765137809449434,0.3389820778654177,0.0020008087158203,4,489,252.0,131.0,67.0,100,99,100,99
0.44999999999999984,0.6500000000000004,521.4450973816259,143.3979021231947,2.1095568562094063e-06,-43.19632659260836,-49.05013353165885,-41.895920060289576,-47.40702979957632,0.0020093917846679,4,327,2524.0,95.0,687.0,100,99,99,99
0.44999999999999984,0.6600000000000004,383.6177296476272,107.206139049963,5.3873210882775485e-06,-557.7091157834635,-666.9505599838562,-554.6949901488044,-652.8871373032429,0.0019996166229248,4,65,1701.0,19.0,476.0,99,99,98,99
0.44999999999999984,0.6700000000000004,288.0751493389645,81.18760424678963,5.286905285671359e-06,-183.82268704874892,-183.34928486673,-181.71492473781169,-179.99044960371145,0.0026192665100097,4,89,1349.0,28.0,383.0,100,99,98,99
0.44999999999999984,0.7000000000000004,1448.679373458231,379.85556465583073,2.184100137800945e-06,-22.98591328768192,-25.194914564282023,-22.469163951605964,-24.597240940701564,0.0019998550415039,4,1160,6735.0,301.0,1686.0,100,99,100,99
0.44999999999999984,0.7100000000000004,1605.782380051336,421.89066020317,2.2318399756616765e-06,-45.526879922035285,-50.26075297479355,-44.69522400653341,-49.27595390168123,0.002000093460083,4,891,7070.0,227.0,1773.0,100,99,100,99
0.44999999999999984,0.7500000000000004,0.0,0.0,2.654461699942112e-06,,,1.0,1.0,0.001002550125122,99,3035,3035.0,700.0,681.0,100,99,99,99
0.44999999999999984,0.7900000000000005,2887.3599244523243,697.4006126921121,1.921568708593645e-06,-14.971594252867796,-14.389441531096676,-14.67849211053794,-14.091729579456938,0.0025010108947753,4,2762,11718.0,724.0,2524.0,100,99,100,97
0.44999999999999984,0.8000000000000005,2755.0694637340816,731.0940503223006,4.445499538805828e-06,-118602.33841521307,-125468.64523688232,-118315.07777552262,-123122.83203359328,0.0019969940185546,4,36,10692.0,11.0,2660.0,100,99,97,99
0.44999999999999984,0.8200000000000005,4395.804962783646,961.821329994991,1.866993207504621e-06,-77.9252806574981,-57.3051237733507,-76.54326802373129,-56.23575997328616,0.0019989013671875,4,2035,12024.0,506.0,2574.0,100,93,99,90
0.44999999999999984,0.8400000000000005,4282.8072715218,966.391985040232,2.621432576693741e-06,-50.89534445315964,-40.05295854059475,-49.972458915952565,-39.277103521679535,0.0019993782043457,4,2420,13143.0,600.0,2839.0,100,95,100,92
0.44999999999999984,0.8500000000000005,5095.637544957778,1164.097428446892,2.859174341845921e-06,-22248.879094407494,-13254.52474263898,-22086.75049630514,-13064.688201471365,0.0019993782043457,4,155,13535.0,44.0,2929.0,100,95,98,92
0.44999999999999984,0.9400000000000006,6325.58556413291,1330.8983103528233,2.0128943151358125e-06,-106.22693198614476,-70.92785298017505,-104.65387372289511,-69.81372833556928,0.0019974708557128,4,2567,15857.0,625.0,3447.0,100,85,99,81
0.44999999999999984,0.9600000000000006,6676.465679440732,1415.517275150678,2.3360027282291422e-06,-178.43900052379783,-117.8502637930818,-176.03552693753835,-116.16212616953412,0.0019977092742919,4,2053,16925.0,513.0,3701.0,100,87,100,83
0.44999999999999984,0.9700000000000006,3930.583408774496,1230.1411030175902,2.603876671599017e-06,-10.965632311003652,-24.435620458306516,0.2290684468178335,-0.2329104933666452,0.0010006427764892,85,6733,14556.0,1587.0,3799.0,100,99,99,99
0.44999999999999984,0.9900000000000007,5914.427088282406,1418.781151736144,2.3088363370074274e-06,-8.64923661546935,-12.32472264719458,-0.1936087973757225,-0.2351704044260141,0.0019974708557128,77,9164,17774.0,2094.0,3925.0,100,97,100,94
0.45999999999999985,0.21000000000000002,0.338501600193165,0.1443375672974064,5.461263941550435e-06,0.8523283456859181,-0.0212765957446807,0.9602658575350383,-0.0204081632653068,0.0020003318786621,4,10,4.0,1.0,0.0,1,4,9,4
0.45999999999999985,0.22000000000000003,0.3061862178478972,0.1443375672974064,5.4254302134314845e-06,0.932309620808524,0.3118279569892472,0.9750692520775625,0.4791666666666667,0.002000093460083,4,10,7.0,1.0,1.0,1,4,3,4
0.45999999999999985,0.25000000000000006,0.7971302695712079,0.25,5.41524916612277e-06,0.7835600236546423,-0.0666666666666666,0.8951962064462924,0.1847826086956521,0.0020031929016113,4,11,6.0,1.0,0.0,2,4,2,4
0.45999999999999985,0.2700000000000001,3.513367330638799,1.0801234497346437,1.209707663682724e-05,-3.06053683609366,-0.5564562825709323,-1.9759662472688917,-0.5277588323557492,0.0020005702972412,4,11,5.0,4.0,0.0,99,4,98,4
0.45999999999999985,0.3000000000000001,27.380992494794636,5.723671607164991,3.57516665648128e-06,-4.183822387478533,-2.557860004713646,-3.864161269589817,-2.227494766224704,0.0019998550415039,4,45,10.0,14.0,1.0,82,4,64,4
0.45999999999999985,0.3200000000000001,0.5400617248673217,0.1443375672974064,5.379084058173767e-06,0.7460077482755362,-0.0212765957446807,0.9045378609662132,0.3127147766323022,0.0019996166229248,4,10,4.0,1.0,0.0,1,4,2,4
0.45999999999999985,0.3900000000000002,3.225871975140985,1.3768926368215255,7.2052869695531785e-06,-0.0560718847729375,-0.4938440492476061,0.0358166603932014,-0.4617299815275881,0.0020003318786621,4,14,8.0,6.0,1.0,99,4,95,4
0.45999999999999985,0.4000000000000002,25.182459173003732,6.274120124235217,6.5484898510882335e-06,-1.024144756323738,-0.937710644525512,-0.984599541461306,-0.8745039682539681,0.0020005702972412,4,63,3.0,19.0,0.0,98,4,98,4
0.45999999999999985,0.4200000000000002,49.83880265415693,12.122637226830362,3.829143569705627e-06,-0.6196692805884889,-0.6300424008790688,-0.580325613813897,-0.5762353582617166,0.0020003318786621,4,135,15.0,43.0,3.0,100,99,100,95
0.45999999999999985,0.4300000000000002,7.191574931821263,2.0766559657295187,8.50379770021407e-06,-1.1193890482225035,-1.0353356890459362,-1.102219079596407,-0.9278230500582072,0.002000093460083,4,21,8.0,5.0,1.0,90,99,52,4
0.45999999999999985,0.46000000000000024,29.503354329070223,7.496526973650309,3.202504194563203e-06,-0.2690963287708681,-0.244246273891777,-0.241048354147672,-0.203972327605445,0.0019986629486083,4,103,25.0,31.0,6.0,99,99,99,98
0.45999999999999985,0.47000000000000025,71.3319703919638,16.320679622286974,3.050745013101764e-06,-0.3917434102012724,-0.4103088376977668,-0.3480416743996075,-0.3526738199876851,0.0020186901092529,4,206,54.0,51.0,13.0,99,99,98,99
0.45999999999999985,0.48000000000000026,6.852615072607926,2.084166500066633,4.815347509153546e-06,0.1360053664262954,0.0874441506337194,0.1364299000611091,0.1086696306429547,0.0032894611358642,4,25,47.0,8.0,12.0,75,99,75,99
0.45999999999999985,0.5700000000000003,42.06096765410896,10.998579453729468,5.436646773351468e-06,-2761.0287989158064,-3028.478260869563,-836.2904752514297,-2058.042553191489,0.0019993782043457,4,10,164.0,1.0,44.0,1,99,3,99
0.45999999999999985,0.6100000000000003,138.99269315327334,37.740202922966205,1.6992579106813992e-06,0.8115375493194835,0.752120346612596,0.8172004303884634,0.7599038414314258,0.002004861831665,4,1224,1675.0,307.0,450.0,100,99,100,99
0.45999999999999985,0.6200000000000003,134.18826171962036,28.85722757531176,4.058638014698783e-06,0.6305538014452223,0.697938174315782,0.6387656583239327,0.7052842497522347,0.002000093460083,4,845,663.0,207.0,184.0,100,99,100,99
0.45999999999999985,0.6500000000000004,335.7223555261103,102.83542677501757,1.733892568587087e-06,0.2115473734005182,-0.2832831198725234,0.2311988498512789,-0.2487773762788929,0.0019998550415039,4,1432,3071.0,331.0,823.0,100,99,99,99
0.45999999999999985,0.6700000000000004,565.8711480982221,156.57516166365596,5.63635698337779e-06,-392896.9896152309,-362659.4173354735,-114427.88251935682,-319770.0597826088,0.0020027160644531,4,10,2373.0,1.0,659.0,1,99,2,99
0.45999999999999985,0.6900000000000004,873.6766182823787,241.91693219643253,1.806183349112559e-06,-0.8243653363422527,-1.4234686778873864,-0.7774102634413129,-1.3573995519598778,0.0020098686218261,4,2512,6189.0,599.0,1563.0,100,99,100,99
0.45999999999999985,0.7200000000000004,1576.0763881392295,419.8541909599887,2.4164912120031484e-06,-58.09577451673641,-64.63453322513925,-56.85179640872912,-63.17819089467409,0.002000093460083,4,813,7029.0,217.0,1794.0,100,99,100,99
0.45999999999999985,0.7400000000000004,1958.6452349136637,492.8371942132615,1.7213128435954532e-06,-10.45462175510036,-10.268880206196416,-10.206659711570824,-10.020173372439194,0.001000165939331,4,2292,9275.0,575.0,2174.0,100,99,100,99
0.45999999999999985,0.7700000000000005,2874.332826573267,716.9847743618177,2.111341029031322e-06,-131.63616576843708,-126.6799036523516,-129.42525789871198,-124.43960144374968,0.0020010471343994,4,1025,10736.0,263.0,2433.0,100,99,100,99
0.45999999999999985,0.7900000000000005,57.838856604650594,81.07609594284455,2.355163437860079e-06,0.8123574357759856,-11.319866722199086,0.9998732073001128,0.9957264448270244,0.0009996891021728,97,3460,3550.0,809.0,943.0,100,99,100,99
0.45999999999999985,0.8100000000000005,3714.957564809232,910.6108869874112,2.830734365500324e-06,-694.7792774190381,-613.1558725551865,-683.0192367522769,-601.7393910061681,0.0019991397857666,4,592,12521.0,167.0,2719.0,100,99,99,97
0.45999999999999985,0.8200000000000005,0.0,0.0,2.801304310603596e-06,,,1.0,1.0,0.0014653205871582,99,3120,3120.0,772.0,772.0,100,99,100,99
0.45999999999999985,0.8300000000000005,4031.923809320641,1000.042603259148,5.375791057465519e-06,-26010254.366666667,-49025452.61702127,-6755909.484848484,-48983764.30612248,0.0019998550415039,4,10,13324.0,1.0,2916.0,1,99,6,98
0.45999999999999985,0.8400000000000005,3924.7267726025634,954.033695247011,2.3650452723381657e-06,-123.43785531417504,-111.28678347182206,-121.5764222887902,-109.46863393790753,0.0019998550415039,4,1426,13727.0,341.0,2973.0,100,99,100,96
0.45999999999999985,0.8800000000000006,3410.0671954930417,939.8819961392315,2.1249208451391505e-06,-8.110421649911443,-13.420512546116091,0.4186048827873216,0.2207879629380028,0.0009989738464355,82,6791,13079.0,1571.0,3033.0,100,99,100,99
0.45999999999999985,0.8900000000000006,815.112963249354,363.36247152710433,2.538283276888828e-06,-2.26039758444914,-7.601131647030357,0.9606919476826472,0.8799701343134074,0.0010013580322265,93,4425,6045.0,1126.0,1774.0,100,99,100,99
0.45999999999999985,0.9200000000000006,5818.041302169485,1255.6200617954992,2.6203672292624e-06,-93.89183996725431,-63.21240519951503,-92.49523554599662,-62.22277537704501,0.0019969940185546,4,2493,15815.0,640.0,3444.0,100,91,100,87
0.45999999999999985,0.9400000000000006,4679.246054654532,1088.7573834422433,2.0353225264072848e-06,-5.2768277181829495,-8.324358366890115,0.2655665645218776,0.2245099774383364,0.0019989013671875,75,8967,15484.0,1904.0,3384.0,100,96,98,92
0.45999999999999985,0.9500000000000006,6984.51367983126,1496.7220885711104,5.3712148144016165e-06,-38654293.83827702,-43833271.458598725,-12860306.032623028,-36824826.568493165,0.0019998550415039,4,10,16726.0,2.0,3664.0,1,88,5,85
0.46999999999999986,0.26000000000000006,0.3679900360969936,0.1020620726159657,5.375791057465519e-06,0.6509090909090909,-0.0105263157894739,0.9463607856081862,0.4897959183673466,0.002000093460083,4,10,4.0,1.0,0.0,1,4,3,4
0.46999999999999986,0.3000000000000001,22.293730434063,5.63748614188984,7.444198721817941e-06,-2.345238686457636,-1.4611661498903428,-2.2282771448154253,-1.3252623636737773,0.0019996166229248,4,62,5.0,20.0,0.0,100,4,100,4
0.46999999999999986,0.37000000000000016,8.570783705900723,2.48746859276655,8.705604901972749e-06,-1.64383904023994,-1.0275920921632768,-1.6183395153175837,-0.9475409836065578,0.002000093460083,4,21,3.0,7.0,0.0,93,4,95,4
0.46999999999999986,0.46000000000000024,20.131598297204324,5.269803917920792,4.990165347829481e-06,-0.1211436104750918,-0.14200042835725,-0.0978037717024127,-0.103184586864407,0.0019946098327636,4,62,26.0,20.0,6.0,90,99,90,98
0.46999999999999986,0.5100000000000002,126.2910824246906,30.42083304798429,2.583485613180074e-06,-0.1223684713375916,-0.1255671066091139,-0.0917133128182101,-0.0927806316776613,0.0019929409027099,4,433,122.0,107.0,31.0,100,99,98,99
0.46999999999999986,0.5200000000000002,42.54323780970759,11.32015164798305,5.267036678067434e-06,-12.73569778692743,-14.785286569717709,-12.581710851736393,-14.268520931848926,0.0029990673065185,4,39,205.0,12.0,53.0,94,99,93,99
0.46999999999999986,0.5500000000000003,155.33565806557962,34.632445047960445,2.011690173152164e-06,0.3654067922091897,0.4221785700339785,0.3812047074015746,0.4382076470759577,0.0019991397857666,4,710,393.0,179.0,104.0,100,99,99,99
0.46999999999999986,0.5600000000000003,46.48420430640929,12.772855332044331,2.5360204203729087e-06,-1.2308926680561094,-1.4778745894385388,-1.1767305629718754,-1.3937946582094685,0.0019998550415039,4,125,330.0,33.0,88.0,99,99,98,99
0.46999999999999986,0.5700000000000003,74.4185796693272,21.445424920014997,2.2538587209854317e-06,-1.263279060663557,-1.9934931983335016,-1.2214623193761347,-1.9163055769860813,0.0019981861114501,4,200,526.0,49.0,141.0,100,99,98,99
0.46999999999999986,0.6000000000000003,83.33829151916503,25.03705587058244,2.227196622480139e-06,0.8390491054223042,0.7457768890641282,0.8426929338209272,0.7520853352448692,0.0019998550415039,4,781,1130.0,185.0,306.0,100,99,99,99
0.46999999999999986,0.6200000000000003,258.0888695456147,58.36237372371575,1.8416249006260416e-06,0.6268492403427248,0.6841204802737963,0.6352240027840261,0.6914336420163896,0.002000093460083,4,1680,1204.0,417.0,330.0,100,99,100,99
0.46999999999999986,0.6300000000000003,180.755445976048,41.61767953646623,5.31412939496156e-06,0.7002645242049579,0.7440355787081936,0.7073976602522234,0.7504611235314012,0.0020008087158203,4,1329,1116.0,316.0,309.0,100,99,99,99
0.46999999999999986,0.6600000000000004,145.8696621416987,45.70136303583661,2.196528537083239e-06,0.8338420452603748,0.7212133221951941,0.8373037984886585,0.7273973785190189,0.0019989013671875,4,1325,2003.0,338.0,556.0,100,99,100,99
0.46999999999999986,0.7000000000000004,1507.5556581765063,392.471018038275,1.805033552304699e-06,-23.12354738203877,-24.68420075233573,-22.676483247265047,-24.18391637270248,0.0019991397857666,4,1244,6910.0,315.0,1716.0,100,99,99,99
0.46999999999999986,0.7100000000000004,1128.2098329137773,308.7920855257358,1.7896670315225365e-06,-30.714971655695894,-34.42144699680228,-30.13568486676481,-33.7175006131797,0.0020008087158203,4,792,5508.0,197.0,1463.0,100,99,100,99
0.46999999999999986,0.7200000000000004,1217.5498578087058,329.62412305533707,1.7778449746651388e-06,-3.1989430639506704,-4.05941014119941,-3.110893826154824,-3.9467353226577337,0.0020020008087158,4,2401,7312.0,600.0,1844.0,100,99,100,99
0.46999999999999986,0.7400000000000004,1801.433509042174,482.8235422146135,2.798856361990518e-06,-540.0242345501731,-562.7621200861537,-532.2218687575566,-552.444968420865,0.002000093460083,4,343,7469.0,91.0,1929.0,100,99,99,99
0.46999999999999986,0.7600000000000005,1853.2037012517897,498.2315705740321,2.179007933371678e-06,-37.08162934763598,-42.38693215511318,-36.38236631760911,-41.52723310691492,0.0019998550415039,4,1221,8619.0,324.0,2193.0,100,99,100,99
0.46999999999999986,0.7800000000000005,2792.397698439461,701.9791515185238,1.928249463325478e-06,-77.37374155765423,-71.53224595621091,-76.04124527595542,-70.19125293266937,0.0020053386688232,4,1283,11010.0,337.0,2534.0,100,99,100,99
0.46999999999999986,0.8300000000000005,3852.3508285526127,891.3341591868525,2.0471406904352185e-06,-34.569194300668485,-28.44180719575449,-33.97665560714041,-27.92235299817416,0.0020051002502441,4,2635,12994.0,640.0,2804.0,100,97,100,94
0.46999999999999986,0.8400000000000005,4744.825252533894,1068.8678589984825,2.603859860636761e-06,-282.4299438925386,-211.42530180540533,-277.9481324305124,-207.99206022926103,0.0020005702972412,4,1159,13052.0,307.0,2812.0,100,95,99,92
0.46999999999999986,0.8500000000000005,4240.151427130875,1013.4613594426446,2.267891881098197e-06,-155.57335692145907,-130.91271259308024,-153.2552396155924,-128.8043524290752,0.0019981861114501,4,1428,13995.0,356.0,3035.0,100,99,100,95
0.46999999999999986,0.8700000000000006,4828.149627229532,1121.7308983590196,2.6704222809158017e-06,-228.42573115124853,-182.58873664804088,-224.9265205413625,-179.53410729938733,0.0019993782043457,4,1325,14523.0,330.0,3161.0,100,97,100,93
0.46999999999999986,0.9200000000000006,914.8144230232864,422.2475577194023,2.711745747252841e-06,-3.04678524046009,-12.286467093917006,0.9483546970740576,0.8294171151342767,0.0019977092742919,93,4348,6157.0,1054.0,1842.0,100,99,100,99
0.46999999999999986,0.9400000000000006,258.6145780887071,179.25052301178928,2.7603998754204302e-06,0.196092336724943,-4.968167728903285,0.9968707858300556,0.9780552958803416,0.001000165939331,96,3916,4410.0,1018.0,1341.0,100,99,100,99
0.46999999999999986,0.9500000000000006,1275.7561973198483,545.0240820367482,2.6910705749825084e-06,-3.839814370269506,-16.20116681384542,0.9106809721623056,0.7548805486903006,0.0009996891021728,92,4953,7554.0,1225.0,2263.0,100,99,100,99
0.46999999999999986,0.9800000000000006,4072.025204571635,1270.4619632244014,2.5376831803340866e-06,-9.173529385538403,-20.641989229735252,0.2861057617141298,-0.1209332341013595,0.0009999275207519,85,7417,15384.0,1725.0,3985.0,100,99,100,99
0.46999999999999986,0.9900000000000007,1685.8573816047167,678.9772537508978,2.675143880395645e-06,-3.842617702006108,-12.216995577088069,0.8460318940305833,0.6350711017315114,0.0010066032409667,91,5422,8854.0,1342.0,2662.0,100,99,99,99
0.47999999999999976,0.23000000000000004,1.600781059358212,0.4448782605013046,1.0365752064292706e-05,0.3930921052631579,-0.0961538461538464,0.5700728778902113,0.0847784200385355,0.002000093460083,4,10,9.0,2.0,1.0,1,4,4,4
0.47999999999999976,0.24000000000000005,0.6846531968814576,0.2886751345948128,6.147482782430905e-06,0.7305221134052773,-0.0909090909090912,0.8857752056046299,0.0231990231990233,0.0020008087158203,4,10,6.0,1.0,0.0,1,4,4,4
0.47999999999999976,0.2700000000000001,1.2950225223266711,0.2700308624336608,5.692347787767877e-06,0.4300674803643201,-0.0786516853932586,0.6092612367731287,0.0489130434782607,0.0019993782043457,4,10,5.0,1.0,0.0,1,4,4,4
0.47999999999999976,0.2900000000000001,0.3818813079129867,0.0,5.375791057465519e-06,0.7844772289929441,1.0,0.9354362663715182,1.0,0.0019993782043457,4,10,4.0,0.0,0.0,1,4,1,4
0.47999999999999976,0.3000000000000001,9.89475871358165,2.516611478423583,9.57829894398906e-06,-2.4713078805225983,-1.2476894639556375,-2.462197255732572,-1.18108767398479,0.0029988288879394,4,28,6.0,7.0,0.0,100,4,98,4
0.47999999999999976,0.3300000000000001,0.6454972243679028,0.1020620726159657,5.375791057465519e-06,-1.3895457373988809,-0.0105263157894739,0.8773720837548667,0.8518518518518519,0.0019998550415039,4,10,4.0,2.0,0.0,1,4,4,4
0.47999999999999976,0.38000000000000017,1.1989578808281798,0.3535533905932738,6.020870602027475e-06,-0.0747140423460697,-0.0221827861579417,0.5724244771494967,-0.0178117048346053,0.0024135112762451,4,10,4.0,2.0,1.0,1,4,17,4
0.47999999999999976,0.5100000000000002,9.4234857315822,3.100739159189843,4.793886727583598e-06,0.6094465823712663,0.1250839290651288,0.6115790893317976,0.1429897864438252,0.0019428730010986,4,63,93.0,16.0,24.0,99,99,99,99
0.47999999999999976,0.5700000000000003,105.46385636795196,29.41690273748524,2.3998292397118327e-06,-4.188503912480777,-5.410113298782135,-4.081103011810233,-5.244235803823029,0.0032634735107421,4,197,629.0,60.0,168.0,100,99,100,99
0.47999999999999976,0.5800000000000003,85.40436903343996,24.71398895362705,2.853658779484963e-06,-1.6102009190988311,-2.702700444866602,-1.5632657693110228,-2.607217757588322,0.0021967887878417,4,217,586.0,54.0,158.0,100,99,99,99
0.47999999999999976,0.6900000000000004,1019.5109836746896,277.5156527116984,2.336949215228792e-06,-11.357854337606732,-13.833922438133962,-11.097195033084452,-13.50227534855986,0.0020015239715576,4,1132,5346.0,295.0,1394.0,100,99,100,99
0.47999999999999976,0.7100000000000004,717.490860859333,205.0951252874301,2.120686101725998e-06,-3.4850428442404477,-4.574845941104862,-3.405366695103309,-4.472210186035592,0.0020003318786621,4,1340,4599.0,343.0,1253.0,100,99,100,99
0.47999999999999976,0.7800000000000005,3301.053349879399,811.0418582498276,3.393001192724701e-06,-563.1964779501602,-498.1850373500545,-555.7777967869409,-490.6889822833002,0.0020043849945068,4,577,11282.0,154.0,2477.0,100,99,99,98
0.47999999999999976,0.8000000000000005,1213.040057796189,421.1674251411189,2.030300978830833e-06,-2.657390474607399,-7.80098329868415,0.905109893676714,0.8100759833992836,0.002007246017456,89,5017,7397.0,1208.0,1948.0,100,99,100,99
0.47999999999999976,0.8100000000000005,652.3818995474528,295.2188050533754,2.2874259621212784e-06,-2.0893329489660606,-9.480296158867588,0.9750431829922844,0.9152212524037446,0.001000165939331,93,4250,5503.0,1011.0,1532.0,100,99,100,99
0.47999999999999976,0.8300000000000005,15.556349186104043,6.363961030678928,2.656104481206346e-06,0.9644444444444444,0.6652892561983471,0.9999926374541552,0.9999809922804463,0.0019993782043457,98,3281,3303.0,819.0,810.0,100,99,100,99
0.47999999999999976,0.8900000000000006,5320.821991635002,1138.3909697463346,1.9183208780731354e-06,-54.12583899367549,-38.36035656953682,-53.292650491093625,-37.71376909187391,0.0009996891021728,4,2958,14471.0,708.0,3138.0,100,90,100,87
0.47999999999999976,0.9300000000000006,2959.8296765668315,957.061350474163,2.3757132886253355e-06,-5.890791699516537,-14.33182015844099,0.5876800282596262,0.2978623947386369,0.0019807815551757,86,6751,12684.0,1567.0,3334.0,100,99,100,99
0.48999999999999977,0.23000000000000004,0.568257570707744,0.2282177322938192,8.89768061364366e-06,0.4951653944020356,-0.0549450549450545,0.8645755973963567,0.1134751773049645,0.0030040740966796,4,10,2.0,1.0,0.0,1,4,3,4
0.48999999999999977,0.25000000000000006,9.098420192538924,2.406588179698942,1.3942421071653805e-05,-2.0310851185557177,-1.1221374045801529,-2.0004077564334906,-1.0487121854158228,0.0030000209808349,4,20,1.0,7.0,0.0,94,4,81,4
0.48999999999999977,0.26000000000000006,4.200694387042853,1.1636866703140785,1.410189230081269e-05,-2.154623576652248,-0.7105263157894737,-1.5705614567526558,-0.672886372410243,0.0019998550415039,4,11,5.0,4.0,0.0,66,4,66,4
0.48999999999999977,0.2700000000000001,0.4448782605013046,0.25,7.361337688462261e-06,0.5230125523012553,-0.0285714285714284,0.916166607836216,-0.0273972602739729,0.0019993782043457,4,10,3.0,2.0,0.0,1,4,22,4
0.48999999999999977,0.2800000000000001,9.44611913256797,2.3651109910530628,6.432807174311184e-06,-9.899518867549403,-2.3156676099819915,-9.856918338635468,-2.149375403202158,0.0019996166229248,4,16,10.0,7.0,1.0,100,4,98,4
0.48999999999999977,0.3100000000000001,21.453923495093697,5.34536403499955,1.0583160909542325e-05,-1.132391737983399,-1.1202103076514305,-1.1088109410376732,-1.029281428708821,0.002000093460083,4,53,5.0,14.0,0.0,98,4,98,4
0.48999999999999977,0.3200000000000001,10.21589855731415,2.169869427715256,9.54950676603422e-06,-1.436977898494726,-0.868090235922163,-1.423115247317862,-0.8054002236779036,0.0019986629486083,4,23,1.0,6.0,0.0,83,4,86,4
0.48999999999999977,0.3300000000000001,0.8416254115301732,0.2886751345948128,5.83288925123436e-06,0.7552489502099581,0.0191570881226054,0.8533566237519139,0.1111111111111111,0.001000165939331,4,10,7.0,1.0,1.0,1,4,4,4
0.48999999999999977,0.3900000000000002,38.61818979876366,8.896979824637123,3.6678013140927664e-06,-0.9992040662440304,-1.1052048342971914,-0.9496206933694428,-1.0243702314479344,0.0019996166229248,4,99,7.0,23.0,1.0,98,4,100,4
0.48999999999999977,0.4200000000000002,120.52562832581846,28.72063717956132,3.11579237767243e-06,-0.6960895917767682,-0.6992134090829336,-0.648816021890493,-0.6456099197103289,0.0019984245300292,4,349,20.0,83.0,4.0,100,99,98,95
0.48999999999999977,0.4300000000000002,2.436698586202241,0.5303300858899106,5.987834396611962e-06,-2.057837384744342,-0.8620689655172413,-0.8389469608981812,-0.8543956043956038,0.0019993782043457,4,10,6.0,2.0,1.0,1,97,16,89
0.48999999999999977,0.48000000000000026,9.797427383417206,2.7613402542968157,4.712687152079187e-06,0.1008869776797102,0.0453081907970709,0.11142953293882,0.0717609911360784,0.0029997825622558,4,47,19.0,16.0,4.0,98,99,97,97
0.48999999999999977,0.5000000000000002,171.37027406564223,39.73178303742903,3.055776766359772e-06,-0.4643023500306911,-0.4446498053991738,-0.4244221855296628,-0.4030747341187868,0.0030031204223632,4,513,61.0,131.0,15.0,100,99,100,99
0.48999999999999977,0.5100000000000002,65.30465463247369,16.037066439969625,3.9288888005998186e-06,0.3200914242662632,0.3009230420748626,0.331621891651865,0.316546603272604,0.0020031929016113,4,307,119.0,67.0,31.0,100,99,99,99
0.48999999999999977,0.5300000000000002,31.326572852239465,8.016259518420464,5.077205467876284e-06,-0.3340698810731075,-0.1854366541695773,-0.3194855280967361,-0.1617352396161322,0.0020089149475097,4,128,237.0,40.0,62.0,100,99,99,99
0.48999999999999977,0.5900000000000003,62.225313043273104,17.324116139070416,5.83702006491878e-06,0.2431911712660897,0.158818749361348,0.2565585367024909,0.1770106852645722,0.0020081996917724,4,284,581.0,77.0,158.0,100,99,100,99
0.48999999999999977,0.6400000000000003,305.8904181511194,88.93004038756158,1.8975398449885804e-06,-1.678033071636749,-2.698252325348224,-1.6257412764778634,-2.620152035504354,0.0020003318786621,4,709,2128.0,174.0,580.0,100,99,99,99
0.48999999999999977,0.6500000000000004,170.8976301766645,46.659672094861534,1.869326401331414e-06,0.8708839939305411,0.8338884835021612,0.8737408709810961,0.8378949129131907,0.001997947692871,4,1841,2313.0,463.0,633.0,100,99,100,99
0.48999999999999977,0.6600000000000004,669.9551757393923,182.5076767791792,3.6608609950968815e-06,-123.88397315010896,-126.6718438073944,-121.49216838308962,-123.79565425761923,0.0019989013671875,4,247,3013.0,72.0,817.0,100,99,100,99
0.48999999999999977,0.6800000000000004,709.1173724544243,198.99392788055957,1.9376640859167625e-06,-11.492448831813933,-14.926615655079614,-11.273050938456402,-14.61207212496544,0.001000165939331,4,771,3847.0,184.0,1039.0,100,99,98,99
0.48999999999999977,0.7200000000000004,927.8699958327496,260.1162200184115,4.381370883570785e-06,-23832.47008218388,-16325.94511939673,-23736.59334145165,-15878.62790925093,0.0020034313201904,4,29,4008.0,10.0,1117.0,100,99,100,99
0.48999999999999977,0.8100000000000005,3384.5340305818563,841.8114520682963,3.7348977455202648e-06,-185.14854143899623,-158.33014343841506,-182.54027293112225,-156.01249479433574,0.0019993782043457,4,1068,12428.0,297.0,2767.0,100,99,100,99
0.48999999999999977,0.8200000000000005,1065.4938865250342,404.13707795471794,2.236368725955849e-06,-4.583275005640503,-12.435788975507895,0.922844278662785,0.8178083271629437,0.0009992122650146,91,4406,6490.0,1121.0,1791.0,100,99,100,99
0.48999999999999977,0.8400000000000005,1625.7982142115095,574.6812884837415,2.172205660883249e-06,-3.3991288417012697,-11.721348819542154,0.8448843605126027,0.6715858442065812,0.0009994506835937,88,5502,8770.0,1286.0,2325.0,100,99,100,99
0.48999999999999977,0.8500000000000005,350.0519961377166,214.11492241317512,2.5704917981530367e-06,-0.4563089719064588,-8.42727182996644,0.9930568993932636,0.9589435938414718,0.0009989738464355,95,3818,4521.0,939.0,1318.0,100,99,99,99
0.48999999999999977,0.8700000000000006,2861.490804633137,841.0968657057283,2.1141962933665946e-06,-7.250245237983975,-14.264484815261245,0.5470965806467674,0.3343850416572528,0.0010008811950683,84,6326,11834.0,1476.0,2916.0,100,99,100,99
0.48999999999999977,0.9300000000000006,4323.653258530337,1143.3765127900783,2.173609668471705e-06,-5.920716930901945,-9.628508578555614,0.289726071102509,0.1176719749406663,0.0019981861114501,80,8422,15796.0,1913.0,3491.0,100,99,100,97
0.48999999999999977,0.9400000000000006,0.0,0.0,2.614450325372681e-06,,,1.0,1.0,0.0009989738464355,99,3114,3114.0,824.0,824.0,100,99,100,99
0.48999999999999977,0.9600000000000006,4887.390399794148,1117.488380252788,1.9650079032963677e-06,-4.281968277843026,-6.335434609042417,0.3090243688075977,0.3225579491502539,0.0020046234130859,75,9715,16566.0,2093.0,3640.0,100,95,99,92
0.4999999999999998,0.23000000000000004,2.273030282830976,0.6535161308899218,1.826943758952792e-05,-1.6883468834688349,-0.5333073626801712,-0.488104167291711,-0.4753508456279238,0.002000093460083,4,10,6.0,2.0,0.0,1,4,62,4
0.4999999999999998,0.2700000000000001,0.568257570707744,0.1443375672974064,5.382136030898756e-06,0.7578125,-0.0212765957446807,0.9085113918073427,0.3127147766323026,0.0019998550415039,4,10,7.0,1.0,0.0,1,4,4,4
0.4999999999999998,0.3300000000000001,0.1020620726159657,0.0,5.375791057465519e-06,0.8961038961038961,1.0,0.9951948488779973,1.0,0.0019998550415039,4,10,2.0,0.0,0.0,1,4,1,4
0.4999999999999998,0.37000000000000016,0.770551750371122,0.2041241452319315,6.359622689309495e-06,-1.8875989445910288,-0.0434782608695645,0.6775106082036777,0.2907801418439717,0.0030000209808349,4,10,3.0,1.0,0.0,1,4,3,4
0.4999999999999998,0.38000000000000017,11.845797426373062,3.2129296081095,9.103783811048612e-06,-0.6264412918804709,-0.738120032885722,-0.6233171535854933,-0.6882740762193564,0.0019993782043457,4,35,4.0,9.0,0.0,98,4,90,4
0.4999999999999998,0.46000000000000024,97.48130162583318,23.50044325823097,2.799057796113724e-06,-0.499061930877559,-0.4493184137629391,-0.45568072521543,-0.4049791987924462,0.0020005702972412,4,305,39.0,80.0,9.0,100,99,100,98
0.4999999999999998,0.5500000000000003,62.99264176605603,16.26505712665447,5.622012672302543e-06,-1655.539228121037,-1472.1794561933532,-712.3614232209737,-1406.815964523281,0.002000093460083,4,10,237.0,3.0,63.0,1,99,6,99
0.4999999999999998,0.6000000000000003,91.35074347444214,24.6867879644153,6.135184668269816e-06,-65.30131279936273,-53.50076172917373,-64.82435740162082,-52.24002875576707,0.0020020008087158,4,44,427.0,15.0,117.0,97,99,93,99
0.4999999999999998,0.6400000000000003,303.7527091785904,68.18441598586391,1.569316584087033e-06,0.822788094498796,0.8418006729477964,0.8265360053938587,0.8454205440919771,0.0029993057250976,4,2712,2620.0,617.0,705.0,100,99,98,99
0.4999999999999998,0.6600000000000004,149.3813631838546,44.71390536883726,4.608765156340117e-06,-1.5763510372796916,-2.591619566819148,-1.5301983057184012,-2.514103945237863,0.0030009746551513,4,342,1089.0,92.0,308.0,100,99,98,99
0.4999999999999998,0.7000000000000004,1276.204410710395,336.9211239296224,1.571637128395666e-06,-7.458497015952428,-8.42042037869574,-7.291101661481688,-8.224950798029294,0.0039994716644287,4,1743,6722.0,435.0,1684.0,100,99,100,99
0.4999999999999998,0.7400000000000004,592.8601753364785,174.28702978133512,4.877674831525772e-06,-24.10606104995476,-30.777719254911077,-23.76925771974688,-30.288336646615303,0.0029976367950439,4,510,3248.0,138.0,933.0,100,99,100,99
0.4999999999999998,0.7600000000000005,86.1877794895154,53.84545787096005,2.183165425563786e-06,0.5131373891259703,-2.6241666666666665,0.999674544327238,0.9980365378233969,0.0009994506835937,97,3311,3458.0,829.0,922.0,100,99,100,99
0.4999999999999998,0.7800000000000005,162.15270580536114,107.24504650565451,2.2536521992919672e-06,0.4822840265813438,-1.8085405124917968,0.9986528864537746,0.990793450534433,0.0019991397857666,96,3600,3897.0,906.0,1089.0,100,99,100,99
0.4999999999999998,0.8000000000000005,1742.9111935412627,556.6476828813202,1.9434133292726403e-06,-4.454684348412513,-12.57663854030557,0.8050995923190855,0.6520810208206345,0.0009996891021728,86,5395,8867.0,1224.0,2233.0,100,99,98,99
0.4999999999999998,0.8200000000000005,761.374086766814,314.312941190782,2.0997373543502144e-06,-1.3602168487311133,-5.687292434351083,0.9659455548517276,0.9067499922718478,0.0010004043579101,92,4651,6142.0,1153.0,1707.0,100,99,100,99
0.4999999999999998,0.8300000000000005,3396.492062898621,835.429792083093,2.229461313534708e-06,-38.51082935784419,-34.38186635059176,-37.88671294759273,-33.80182413491596,0.002000093460083,4,2321,13324.0,592.0,2916.0,100,99,99,98
0.4999999999999998,0.8500000000000005,3137.9300046823405,792.668488924174,1.7345276002970204e-06,-4.282571943698712,-6.494450780639416,0.5518508544996094,0.4823293196291989,0.001000165939331,79,7498,12702.0,1721.0,2750.0,100,99,99,97
0.4999999999999998,0.8800000000000006,2424.9631514137045,762.5033957769817,2.1234553284095703e-06,-4.35210054584004,-9.100732874272392,0.7120665057381792,0.531617341656744,0.001000165939331,86,6590,11325.0,1580.0,2918.0,100,99,100,99
0.4999999999999998,0.9700000000000006,4176.817433764612,1236.732034435916,2.293726826041672e-06,-6.974185022678329,-11.913634249436107,0.306286738768831,0.0472657599193705,0.0009984970092773,84,7929,16035.0,1935.0,4037.0,100,99,100,99
0.4999999999999998,0.9900000000000007,4555.262806176317,1010.4540893413548,1.679719773225033e-06,-1.9014019299579723,-3.279476547891716,0.5354164970230588,0.5384405094480587,0.0020020008087158,70,10932,17182.0,2382.0,3777.0,97,90,94,87
0.5099999999999998,0.26000000000000006,14.228785378005156,3.539950564626574,9.023708559584912e-06,-2.0013125723845064,-1.3359695786727075,-1.966042204601364,-1.252007712611618,0.0020015239715576,4,30,7.0,9.0,0.0,100,4,78,4
0.5099999999999998,0.2800000000000001,0.5773502691896257,0.2700308624336608,6.104365264902567e-06,0.804828462515883,0.045454545454545,0.921151192588212,0.2222222222222222,0.0019996166229248,4,10,6.0,1.0,1.0,1,4,2,4
0.5099999999999998,0.2900000000000001,6.246665777303388,1.4288690166235205,1.0414599593371236e-05,-2.3811525117761545,-0.8846153846153846,-2.2401761078098112,-0.8175074183976265,0.002000093460083,4,13,9.0,5.0,2.0,55,4,51,4
0.5099999999999998,0.3000000000000001,4.5069390943299865,1.1681538140730154,8.853146569357164e-06,-3.149028125623352,-0.7353387608665654,-2.725711228720457,-0.6960124287933711,0.002000093460083,4,11,5.0,3.0,0.0,50,4,25,4
0.5099999999999998,0.35000000000000014,4.11931426332102,1.159202311936963,8.577624486319043e-06,-1.618313325631624,-0.755350815024805,-1.399434387474039,-0.7038700303790786,0.0019998550415039,4,11,4.0,4.0,0.0,21,4,86,4
0.5099999999999998,0.36000000000000015,32.82116948962463,7.973262611169073,6.185927680109079e-06,-0.8928798388798926,-0.7600629658224158,-0.8538227408159906,-0.7124786746879768,0.0019998550415039,4,102,4.0,27.0,0.0,100,4,99,4
0.5099999999999998,0.37000000000000016,0.8539125638299665,0.0,5.375791057465519e-06,0.2892649391856163,1.0,0.8222402803524722,1.0,0.0010027885437011,4,10,6.0,1.0,0.0,1,4,2,4
0.5099999999999998,0.38000000000000017,22.678918257565403,5.162969107015845,1.0374876940963908e-05,-0.555043997996199,-0.5967241883591694,-0.5428476437951752,-0.5595005210523427,0.0025134086608886,4,56,5.0,16.0,0.0,99,4,99,4
0.5099999999999998,0.4300000000000002,39.75497872384455,9.727002792912796,5.764173774060189e-06,-0.6632034256351698,-0.7513934332387304,-0.6253485992664702,-0.6884814077432573,0.0019996166229248,4,120,10.0,31.0,2.0,98,99,98,4
0.5099999999999998,0.46000000000000024,7.050413699445823,1.5745369689742652,6.689329664270129e-06,-16.48052047162971,-9.132150776053216,-10.209508820558598,-8.818481848184819,0.0020003318786621,4,10,22.0,2.0,5.0,1,99,12,98
0.5099999999999998,0.48000000000000026,7.13632141465989,1.5579099246533266,5.375791057465519e-06,-151.98044328552808,0.0,-20.59833892913942,0.0,0.002000093460083,4,10,24.0,0.0,6.0,1,99,1,99
0.5099999999999998,0.49000000000000027,80.92441174742432,20.092753668922533,2.994875854058153e-06,-0.1022310611683381,-0.1220253604307799,-0.0730050531582804,-0.0870763376828167,0.0020005702972412,4,296,81.0,78.0,20.0,100,99,99,99
0.5099999999999998,0.5200000000000002,28.52027787382164,7.043762015665587,5.97092417202781e-06,-426.8739726027397,-264.22505800464046,-239.45265588914543,-263.02439024390253,0.0019993782043457,4,10,102.0,2.0,26.0,1,99,10,99
0.5099999999999998,0.5300000000000002,70.86511541889516,17.46305624263214,3.113607531782396e-06,0.0766144118169084,0.0887025544250111,0.0946092819662038,0.1097460848411129,0.0030107498168945,4,277,86.0,72.0,22.0,100,99,99,99
0.5099999999999998,0.5600000000000003,57.78164717278316,15.183941627039184,4.656766832444407e-06,-4.953304791181032,-4.207815762899635,-4.8978889437652775,-4.107018256326953,0.0019998550415039,4,114,335.0,30.0,90.0,100,99,100,99
0.5099999999999998,0.6000000000000003,141.26397423499972,38.70844546090685,3.748793014803429e-06,-3.5168972521096675,-3.754445693131487,-3.453720829000261,-3.668993573361992,0.002000093460083,4,279,881.0,77.0,240.0,100,99,98,99
0.5099999999999998,0.6200000000000003,75.62221069236207,22.204307014631198,3.045730536537631e-06,0.7014138035083946,0.6166132114985257,0.7073676138642435,0.6250497889771245,0.0019996166229248,4,544,942.0,144.0,260.0,100,99,100,99
0.5099999999999998,0.6800000000000004,563.8805835458426,162.0451326020007,2.168116815768452e-06,-3.7851494957212335,-5.422385361771079,-3.690371313398503,-5.284384015175692,0.0009999275207519,4,1034,3568.0,251.0,971.0,100,99,100,99
0.5099999999999998,0.7200000000000004,1740.9275604784173,441.60718546011,1.79964557409803e-06,-10.028158883181186,-10.153343389536069,-9.825445865239804,-9.936925488769838,0.001000165939331,4,2095,8333.0,544.0,1985.0,100,99,99,99
0.5099999999999998,0.7300000000000004,1425.276738479233,368.7897859892543,1.8502801467158295e-06,-2.838691655748129,-2.969594530901833,-2.763979018396648,-2.889434459798411,0.0019989013671875,4,2951,8361.0,748.0,2038.0,100,99,100,99
0.5099999999999998,0.7700000000000005,583.9050803488036,252.4842286446536,2.082812129551352e-06,-2.3016713979331045,-12.659789396351169,0.9777540951297886,0.9316529962958956,0.0009999275207519,93,3959,5103.0,954.0,1394.0,100,99,99,99
0.5099999999999998,0.8000000000000005,3271.895322286457,778.388031179394,2.053703922038193e-06,-35.78890719851681,-28.42777147468369,-35.19392065960622,-27.93242418497701,0.0020003318786621,4,2244,12106.0,577.0,2601.0,100,99,100,96
0.5099999999999998,0.8100000000000005,2455.3078303273232,576.1981719281425,1.387277208602658e-06,-2.2666036113409627,-4.254297890172727,0.7238030767228001,0.70457400149469,0.0009994506835937,76,7224,10896.0,1608.0,2325.0,100,97,97,94
0.5099999999999998,0.8600000000000005,4636.852670454389,1128.15676086408,5.679687593663813e-06,-233289.88308712805,-163381.41631379543,-232640.39496561728,-160969.19524662732,0.0019991397857666,4,41,14498.0,14.0,3149.0,100,99,98,96
0.5099999999999998,0.8700000000000006,4.949747468305833,15.556349186104043,2.3175138773744407e-06,0.9979566731302516,0.7777777777777778,0.9999991584843936,0.9998784192925472,0.0009999275207519,98,3230,3223.0,836.0,814.0,100,99,100,99
0.5099999999999998,0.8900000000000006,2833.5542698173263,869.134742143012,2.175034584911954e-06,-5.357398175183904,-10.831774920222983,0.5931234944147339,0.3739977242653398,0.0009994506835937,85,6645,12215.0,1570.0,3121.0,100,99,100,99
0.5099999999999998,0.9200000000000006,1924.969940733432,708.1747344726826,2.293239066563287e-06,-3.126767062442413,-10.48462273067418,0.8197153473876708,0.6256332523554219,0.0020003318786621,89,6197,10140.0,1520.0,2853.0,100,99,100,99
0.5099999999999998,0.9300000000000006,6491.121573445532,1367.8192078694708,2.327953618119861e-06,-587.5602774228855,-352.1813440533684,-579.5312851163155,-347.32715068221586,0.001997947692871,4,1182,15536.0,321.0,3375.0,100,85,100,82
0.5099999999999998,0.9800000000000006,4397.697124632391,966.414114848966,1.673783553534672e-06,-1.6554232163372506,-2.642387986199851,0.5707297803051059,0.589296182882739,0.0009999275207519,71,10997,16988.0,2370.0,3724.0,98,91,95,88
0.5199999999999998,0.2,2.6516504294495533,0.7359800721939872,1.6919444949206096e-05,-1.4839958600069003,-0.5464684014869889,-0.6497213803890898,-0.5133876600698486,0.0019969940185546,4,10,6.0,2.0,0.0,1,4,27,4
0.5199999999999998,0.22000000000000003,0.6535161308899218,0.1020620726159657,5.375791057465519e-06,-0.3977272727272734,-0.0105263157894739,0.8480299492197636,-0.0101010101010103,0.0039973258972167,4,10,5.0,1.0,0.0,1,4,6,4
0.5199999999999998,0.26000000000000006,7.923461995870239,1.8596594670351163,2.1255233710576403e-05,-0.6944252462895499,-0.4572055596196052,-0.6789282938556291,-0.4310344827586208,0.0019986629486083,4,20,2.0,7.0,0.0,99,4,85,4
0.5199999999999998,0.3000000000000001,0.3227486121839514,0.0,5.375791057465519e-06,0.5158850226928895,1.0,0.937229301362124,1.0,0.0020003318786621,4,10,2.0,0.0,0.0,1,4,1,4
0.5199999999999998,0.37000000000000016,1.848422751068236,0.6123724356957945,8.994506647296158e-06,-0.0801687763713079,-0.352112676056338,0.2933927917447596,-0.2096774193548389,0.002000093460083,4,10,5.0,2.0,0.0,1,4,4,4
0.5199999999999998,0.38000000000000017,1.1858541225631425,0.25,5.484881220739849e-06,0.175520071251352,-0.0285714285714282,0.6643794749403342,0.111111111111111,0.0025088787078857,4,10,5.0,2.0,0.0,1,4,8,4
0.5199999999999998,0.4100000000000002,28.21181047008504,7.477744758058185,5.354881953652861e-06,-1.2563627420490526,-1.026433034608322,-1.181763668682139,-0.9464861356375937,0.0020027160644531,4,77,3.0,21.0,1.0,100,4,98,4
0.5199999999999998,0.4300000000000002,123.2562540671534,28.321627483838803,4.117828881297514e-06,-0.6924916654622661,-0.7122911633976816,-0.644959425634247,-0.6576182890601454,0.0019965171813964,4,333,20.0,81.0,5.0,100,99,100,99
0.5199999999999998,0.46000000000000024,18.479436769916266,4.920196473041837,4.070358698047722e-06,0.019294896024944,-0.0475546540455262,0.028249907220883,-0.0269599070256607,0.0019998550415039,4,73,18.0,18.0,4.0,99,99,97,97
0.5199999999999998,0.48000000000000026,13.367014750247469,3.1507274292349274,7.760248308741688e-06,-30.721369266629413,-11.437194127243067,-25.147865853658537,-11.126224710522967,0.00099778175354,4,10,51.0,4.0,13.0,1,99,87,99
0.5199999999999998,0.5200000000000002,72.13045184478837,16.72604007727671,2.5472745608478044e-06,0.5379817204696862,0.556784707419377,0.5473063623264822,0.5675410205626137,0.0010035037994384,4,405,230.0,98.0,59.0,100,99,98,99
0.5199999999999998,0.5300000000000002,30.74305477122705,7.703489469065301,3.695971227836556e-06,0.7203913354380247,0.7216346087777081,0.7255677388669646,0.7280663065705137,0.0020041465759277,4,218,169.0,57.0,44.0,100,99,100,99
0.5199999999999998,0.5600000000000003,201.61847736918028,47.90920231716102,1.806124827410981e-06,0.2984472536375551,0.3394254826952206,0.3169593516565264,0.3578131302891096,0.002000093460083,4,939,454.0,231.0,121.0,100,99,100,99
0.5199999999999998,0.6400000000000003,298.79105366459686,83.51066548651136,3.568110733258289e-06,-55.60400910432075,-70.78745452738076,-55.118339204567775,-69.7574508560558,0.0019996166229248,4,153,1430.0,42.0,396.0,99,99,99,99
0.5199999999999998,0.6500000000000004,200.74605641622617,46.856718657342334,2.451699017217621e-06,0.7741821255294298,0.8058445617173627,0.7783606555393487,0.8096716111310354,0.0020008087158203,4,1686,1428.0,426.0,399.0,100,99,99,99
0.5199999999999998,0.6600000000000004,446.6848021815831,129.41571420555283,2.479447170109007e-06,-0.5821646274145298,-1.1495860988287756,-0.5535706551598787,-1.1083752635192066,0.0020003318786621,4,1405,3452.0,326.0,924.0,100,99,100,99
0.5199999999999998,0.6700000000000004,333.24562387724364,102.65303616227496,2.072867745536506e-06,0.079771108932633,-0.4471476028522214,0.0955235349149616,-0.4201995830123739,0.0019998550415039,4,1314,2989.0,339.0,818.0,100,99,100,99
0.5199999999999998,0.6800000000000004,489.7634739511172,144.6887103981049,1.6983012948402325e-06,0.2885089457718118,-0.0167539860999292,0.3026689741296486,0.004245607304433,0.0020008087158203,4,2266,4607.0,556.0,1217.0,100,99,100,99
0.5199999999999998,0.7000000000000004,948.331945663894,259.83512400494794,1.5545918924905756e-06,-1.0063052813637627,-1.5081544605151604,-0.9689628075209886,-1.458896382184637,0.0020008087158203,4,2632,6552.0,638.0,1654.0,100,99,100,99
0.5199999999999998,0.7100000000000004,342.6954430199892,157.5706190887121,1.6892098155954468e-06,-1.0738805150160693,-18.993870931663125,0.993268160205672,0.9762857764654606,0.0010004043579101,94,3803,4447.0,878.0,1161.0,100,99,100,99
0.5199999999999998,0.7200000000000004,663.3856972631633,192.7295979258678,2.292399715995143e-06,-7.047960988633074,-9.31703626407328,-6.925703665404402,-9.142697842127696,0.001997947692871,4,996,4007.0,246.0,1117.0,100,99,100,99
0.5199999999999998,0.7300000000000004,1247.381018875147,342.6101708453307,2.5262347185446257e-06,-12.297880849040274,-14.40038430420712,-12.09457295004072,-14.146620165928784,0.0020027160644531,4,1414,6601.0,371.0,1734.0,100,99,100,99
0.5199999999999998,0.8200000000000005,939.5303200121976,365.84756995837,1.9819193705470158e-06,-1.9008333778938613,-7.882811194174152,0.9444263173864405,0.8661273737315051,0.0009996891021728,91,4775,6625.0,1182.0,1832.0,100,99,100,99
0.5199999999999998,0.8800000000000006,28.284271247461906,15.556349186104043,2.569276804729896e-06,0.8824609733700642,0.6799999999999999,0.9999706485144184,0.9998729888092854,0.0009984970092773,98,3188,3228.0,843.0,843.0,100,99,99,98
0.5199999999999998,0.9100000000000006,1284.9183285762217,523.2802520850774,2.398960584036656e-06,-2.191291310582579,-10.094703859105724,0.9080329045773728,0.7722475181700508,0.0009999275207519,91,5289,7923.0,1342.0,2298.0,100,99,100,99
0.5199999999999998,0.9300000000000006,4245.621578863228,1034.1097620659036,1.8268107050318103e-06,-3.3598251544414444,-4.646209543809886,0.4348063119669534,0.4180773240976633,0.0019998550415039,78,9677,15922.0,2215.0,3488.0,100,99,100,95
0.5199999999999998,0.9800000000000006,4867.537046597591,1259.9262478415155,2.031252084257194e-06,-4.393317153765215,-6.703472199710421,0.3078416603976645,0.228758612805387,0.0009965896606445,80,9785,18032.0,2291.0,4002.0,100,99,99,97
0.5299999999999998,0.22000000000000003,0.3535533905932738,0.2282177322938192,5.772181065536876e-06,0.9150943396226416,0.1111111111111111,0.966904768471276,0.1134751773049645,0.00274658203125,4,10,6.0,1.0,1.0,1,4,5,4
0.5299999999999998,0.23000000000000004,0.67700320038633,0.338501600193165,5.923102788274856e-06,0.8433931484502447,-0.083076923076923,0.9077548795572234,0.2023205221174767,0.0024452209472656,4,10,6.0,2.0,0.0,1,4,4,4
0.5299999999999998,0.34000000000000014,43.80698669542717,9.60143218483576,7.637532956510948e-06,-1.091746699960864,-1.120289493386574,-1.0405217951461387,-1.0293510662692045,0.0014481544494628,4,99,4.0,21.0,0.0,100,4,91,4
0.5299999999999998,0.38000000000000017,5.006246098625197,2.0,7.619601912540226e-06,-0.465881397238018,-0.6771610555050045,-0.4037339556592765,-0.6534619359283498,0.0019998550415039,4,22,7.0,6.0,0.0,100,4,91,4
0.5299999999999998,0.4000000000000002,1.994784867264304,0.338501600193165,5.840800526063337e-06,-3.6449651678277393,-0.9555555555555556,-0.1584182435710817,-0.9503546099290778,0.002000093460083,4,10,5.0,1.0,1.0,1,4,7,95
0.5299999999999998,0.4300000000000002,68.69118696504427,16.137753354582333,2.8340362002239846e-06,-0.6790045396497819,-0.6925840281465465,-0.6306473314310661,-0.6335568820958875,0.0020005702972412,4,196,17.0,48.0,4.0,100,99,96,98
0.5299999999999998,0.4400000000000002,117.44701819685902,27.464939771764776,4.6576523755187815e-06,-0.4263997839816418,-0.4430868487588586,-0.3947092984218474,-0.4040241000063009,0.0019974708557128,4,322,34.0,80.0,8.0,100,99,96,99
0.5299999999999998,0.49000000000000027,5.840769070365078,2.52899848424892,6.029395047815383e-06,0.8043714031311775,0.5240271643020372,0.805807972249811,0.5387065753095324,0.0009996891021728,4,52,61.0,17.0,15.0,100,99,90,99
0.5299999999999998,0.5000000000000002,244.3404813642908,57.84777077237578,3.552481956068164e-06,-0.284322640176976,-0.3007660323975776,-0.255712750421083,-0.268510772199432,0.002000093460083,4,795,103.0,187.0,26.0,100,99,100,99
0.5299999999999998,0.5300000000000002,56.117622009490034,14.891622365164473,3.2542239842242887e-06,0.279683136061103,0.2440343733724728,0.2922866686342928,0.2619262238247123,0.0019986629486083,4,246,106.0,64.0,27.0,100,99,98,99
0.5299999999999998,0.5500000000000003,40.41619415531353,10.267769150761684,5.393559405439578e-06,-1.8508349942951288,-1.2034107402031928,-1.8205100994848855,-1.1650355633991123,0.0020008087158203,4,108,263.0,33.0,70.0,100,99,99,99
0.5299999999999998,0.5700000000000003,80.6604896050931,19.39098802708791,2.191856650624952e-06,0.7682570469396885,0.7838363711933285,0.7731280952009778,0.7887755477019561,0.0019996166229248,4,696,519.0,170.0,139.0,100,99,99,99
0.5299999999999998,0.5800000000000003,454.7308040661713,107.71272557130844,2.3609478883307403e-06,0.1442685925942496,0.1788973093224819,0.1628107077150219,0.1979038594521918,0.0019984245300292,4,1890,651.0,445.0,175.0,100,99,99,99
0.5299999999999998,0.5900000000000003,65.00632982000035,18.61283159543437,2.641093596804291e-06,0.0543959986316546,-0.1592209236971704,0.072480899079349,-0.1344275111462671,0.0019991397857666,4,274,581.0,72.0,158.0,100,99,98,99
0.5299999999999998,0.6200000000000003,295.05891007842257,66.57866587729136,2.00174036339328e-06,0.6581372395057435,0.7106398438665342,0.6654379726418533,0.7170739443067944,0.004007339477539,4,1925,1452.0,469.0,396.0,100,99,100,99
0.5299999999999998,0.6400000000000003,143.6590291860093,40.95309817339831,1.854892759239421e-06,0.9184668477012712,0.890711071188573,0.920091214496853,0.893011975658957,0.0019993782043457,4,1938,2458.0,490.0,664.0,100,99,100,99
0.5299999999999998,0.6700000000000004,813.948631671557,223.2051326694796,2.280414581573931e-06,-13.698911480425064,-17.072883535383482,-13.455613798671155,-16.758642807878708,0.002997875213623,4,853,4208.0,214.0,1113.0,100,99,100,99
0.5299999999999998,0.7100000000000004,17.67766952966369,14.142135623730953,1.6891475077068718e-06,0.9248843218556576,-4.555555555555555,0.999990350332156,0.9999012584550656,0.0019998550415039,98,3187,3212.0,745.0,765.0,100,99,100,99
0.5299999999999998,0.7700000000000005,911.0083324636398,331.007278140252,1.6386936689612047e-06,-0.6749615803352695,-4.426768007544896,0.9504708691147616,0.8904059818824872,0.0009996891021728,89,5283,7101.0,1225.0,1841.0,100,99,100,99
0.5299999999999998,0.7900000000000005,160.93321596239852,115.20959161458735,2.190024339635046e-06,0.411270467057361,-6.205156912637829,0.998737348691056,0.9899652691298452,0.0019996166229248,96,3684,3990.0,900.0,1114.0,100,99,100,99
0.5299999999999998,0.8500000000000005,0.0,0.0,2.3189590016681904e-06,,,1.0,1.0,0.0010006427764892,99,3028,3028.0,828.0,828.0,100,99,100,99
0.5299999999999998,0.9800000000000006,4635.982901342331,1019.6345121961784,1.7049114328709306e-06,-2.187644457779509,-3.273025088360457,0.5235916632950568,0.5690759749168213,0.0009989738464355,74,11171,17325.0,2378.0,3811.0,100,94,95,91
0.5299999999999998,0.9900000000000007,5108.670062699666,1283.2010012168046,2.0343610625906746e-06,-3.7323989834413567,-5.760974538664724,0.3177109087051969,0.2734854963910093,0.0020003318786621,79,10409,18627.0,2404.0,4129.0,100,99,99,96
0.5399999999999998,0.2,10.945413803659198,2.4345601929985903,7.78253650750078e-06,-2.353224160552019,-1.151991490367569,-2.320150115473441,-1.057196572544199,0.0020244121551513,4,21,5.0,5.0,0.0,64,4,59,4
0.5399999999999998,0.23000000000000004,0.7637626158259734,0.3227486121839514,7.309139065073204e-06,0.649177760375881,0.0466732869910624,0.8433303491495077,0.1197183098591548,0.0019996166229248,4,10,5.0,2.0,1.0,1,4,7,4
0.5399999999999998,0.3200000000000001,13.839857899077815,3.051638903933425,8.477937565012016e-06,-1.2341998448303575,-0.8409266409266409,-1.228265084535443,-0.7810184078412625,0.0019965171813964,4,30,5.0,10.0,0.0,94,4,73,4
0.5399999999999998,0.34000000000000014,21.40336811501093,5.040461288413988,5.754446653319798e-06,-1.62274029585196,-1.1220997679814384,-1.573552647286704,-1.0308752997601918,0.0019948482513427,4,51,6.0,16.0,1.0,95,4,95,4
0.5399999999999998,0.38000000000000017,39.898699853504,10.14889156509222,9.420241889630706e-06,-0.6573561732275726,-0.6659552959676514,-0.6319704444228971,-0.6257515894977235,0.0020003318786621,4,114,6.0,33.0,0.0,100,4,98,4
0.5399999999999998,0.3900000000000002,41.48594139384248,10.233217968947988,6.489165670364059e-06,-0.6847106927136906,-0.7709368961701706,-0.6568619821855046,-0.7165513249358406,0.0019981861114501,4,109,8.0,32.0,1.0,95,4,90,4
0.5399999999999998,0.4200000000000002,24.60309939824656,6.090463857539916,5.414156332575147e-06,-0.2996102259599156,-0.3928519043661076,-0.28774738611214,-0.3607651772510329,0.0010004043579101,4,72,10.0,20.0,2.0,96,98,94,95
0.5399999999999998,0.45000000000000023,85.27828220987256,21.198712618144214,3.0336874027509266e-06,-0.579728132053378,-0.573993587784867,-0.5364701739714115,-0.5262403599494665,0.0019967555999755,4,265,23.0,69.0,5.0,100,99,99,97
0.5399999999999998,0.48000000000000026,14.087154314007732,3.8997863189325295,4.1842814324120005e-06,0.5359055456985209,0.3903011953854988,0.54215288839499,0.4062023385866802,0.0019986629486083,4,85,50.0,23.0,12.0,100,99,98,99
0.5399999999999998,0.5000000000000002,209.7119552306608,51.52153675891277,3.2556627577474248e-06,-0.0733084891356596,-0.0900471619169971,-0.0503269761833742,-0.064102099416581,0.0019981861114501,4,753,165.0,185.0,42.0,100,99,100,99
0.5399999999999998,0.5100000000000002,23.50819892434694,5.730946693173825,5.960453493698599e-06,-99.98921319796956,-64.74456993918331,-72.20179372197309,-64.09083402146985,0.0019998550415039,4,10,82.0,3.0,21.0,1,99,12,99
0.5399999999999998,0.5200000000000002,33.65681580304352,8.380905877847175,6.15476069876228e-06,-230.54594450728592,-110.01492025381582,-176.75216986220755,-108.98205839177947,0.002009630203247,4,10,120.0,4.0,31.0,1,99,13,99
0.5399999999999998,0.5400000000000003,8.749404741657191,2.9562786291777936,2.652010574533057e-06,0.9826198722539524,0.9699113186324264,0.982912084079336,0.9705081733486686,0.0019996166229248,4,293,310.0,74.0,81.0,100,99,100,99
0.5399999999999998,0.5800000000000003,82.93910919061847,18.62094474867839,3.631898181220805e-06,0.7733995965730358,0.804758404141755,0.7773259312398766,0.8085333709130283,0.0009958744049072,4,653,528.0,158.0,143.0,100,99,100,99
0.5399999999999998,0.6300000000000003,136.5423469111323,31.26632906711841,2.190713573097705e-06,0.8532533968688369,0.8709277463638344,0.8559610740622376,0.8735317017501605,0.0019991397857666,4,1423,1309.0,345.0,361.0,100,99,100,99
0.5399999999999998,0.7000000000000004,316.63724174067534,132.50660360902774,1.4031628056720828e-06,0.1384342284838211,-1.4566039244352056,0.9939034686979604,0.9819748523158012,0.0009992122650146,93,4125,4716.0,981.0,1211.0,100,99,100,99
0.5399999999999998,0.7300000000000004,1119.3927995048623,307.14089804192474,1.910857905475472e-06,-2.6081245234578017,-3.2103719108617907,-2.548510697269987,-3.137256801975278,0.0020241737365722,4,2307,7083.0,581.0,1830.0,100,99,100,99
0.5399999999999998,0.7400000000000004,1155.0584941897964,320.38144583189165,2.8993135573803443e-06,-4.730503080448534,-5.68591825376749,-4.641981978783348,-5.57487527764158,0.0020015239715576,4,1991,6921.0,501.0,1821.0,100,99,100,99
0.5399999999999998,0.7800000000000005,1454.82193641238,443.6110909343904,1.5044524269814634e-06,-1.1321520678717505,-3.3884227045484137,0.8808317216198002,0.8105153456394636,0.0009989738464355,85,6179,9001.0,1437.0,2203.0,100,99,99,99
0.5399999999999998,0.8000000000000005,443.2986201948599,225.26354935201272,1.965014659418693e-06,-0.442685386148451,-7.002891388918094,0.989458526131245,0.9572124651398451,0.0019998550415039,94,4231,5121.0,1053.0,1437.0,100,99,99,99
0.5399999999999998,0.8900000000000006,2520.2969930810405,764.7270101153745,1.8537509520181103e-06,-2.468515565606895,-5.631620272119788,0.7345417831884113,0.6100498269465529,0.0009994506835937,85,7491,12406.0,1758.0,3126.0,100,99,100,99
0.5399999999999998,0.9000000000000006,3119.494821469731,886.4330371842899,1.85694823546526e-06,-3.2043601165510136,-5.371460228326479,0.5944692122346911,0.4769322081014377,0.0009996891021728,83,7890,13833.0,1910.0,3362.0,100,99,99,99
0.5399999999999998,0.9900000000000007,4992.993923067549,1333.418006083377,2.1295836654630943e-06,-4.346699488480526,-6.532769531759685,0.2931957683871805,0.1869413158836222,0.0009989738464355,81,10099,18780.0,2406.0,4248.0,100,99,100,98
0.5499999999999998,0.21000000000000002,0.7772815877574012,0.2886751345948128,6.589520485576776e-06,0.6293929712460065,-0.0909090909090912,0.8058577405857741,-0.0869565217391306,0.0019996166229248,4,10,4.0,1.0,0.0,1,4,7,4
0.5499999999999998,0.25000000000000006,11.60010775812018,3.095695936834452,1.1548842939239589e-05,-1.0368199324962428,-0.7164179104477613,-1.023445527681011,-0.6772711527592934,0.0019998550415039,4,34,4.0,11.0,0.0,97,4,92,4
0.5499999999999998,0.2800000000000001,0.7569125885243729,0.3679900360969936,1.0009472582637076e-05,0.4497707378074199,-0.069408740359897,0.84375,-0.0664479081214106,0.0019996166229248,4,10,3.0,2.0,0.0,1,4,11,4
0.5499999999999998,0.3200000000000001,0.7569125885243729,0.3061862178478972,5.874771171110889e-06,0.5767874318691888,0.0357142857142858,0.8552631578947368,0.3076923076923075,0.002000093460083,4,10,7.0,2.0,1.0,1,4,3,4
0.5499999999999998,0.34000000000000014,12.024280990285172,2.8613807855648994,8.585172978123777e-06,-3.131157299469219,-1.62,-3.056107539450613,-1.4864762266299705,0.0019989013671875,4,22,4.0,7.0,0.0,69,4,57,4
0.5499999999999998,0.35000000000000014,54.48891324541779,12.86751400491434,4.444231899554888e-06,-1.4274367083217414,-1.239524244928151,-1.3292119865000696,-1.143746316384318,0.0020108222961425,4,139,4.0,33.0,0.0,99,4,99,4
0.5499999999999998,0.36000000000000015,1.1547005383792517,0.5,6.983386968796503e-06,0.4552225571909913,-0.0593103448275862,0.7766143106457243,0.1031390134529149,0.0019998550415039,4,12,6.0,3.0,1.0,2,4,21,4
0.5499999999999998,0.4000000000000002,155.66098981440405,38.16930485787413,3.6221653975233126e-06,-0.9215614117141936,-0.9028077668075722,-0.8593442585631035,-0.8361641443730041,0.003005027770996,4,462,6.0,118.0,1.0,100,4,100,4
0.5499999999999998,0.46000000000000024,30.70745702051322,8.051268016074653,5.5615889841330215e-06,0.0034264566397101,-0.0864255006510463,0.0178857773482405,-0.0587456679557174,0.0019993782043457,4,118,31.0,30.0,7.0,99,99,98,98
0.5499999999999998,0.6100000000000003,170.1007054659092,47.19948799157324,4.536113851254962e-06,-0.6863737699961592,-0.9199073566689692,-0.6591174614543813,-0.8839657572565778,0.001997947692871,4,552,1293.0,151.0,351.0,100,99,100,99
0.5499999999999998,0.6700000000000004,204.3849513377473,64.54754384689372,2.414182725980652e-06,0.6136375737557793,0.4061749998851706,0.6203840487047633,0.4171265945432605,0.0023701190948486,4,1327,2397.0,338.0,665.0,100,99,100,99
0.5499999999999998,0.6900000000000004,627.1267814405633,174.0034721875783,1.4989154929907493e-06,0.2050426945694844,0.051671691863523,0.2188145653719885,0.0686443870935064,0.0020105838775634,4,2858,5592.0,708.0,1446.0,100,99,100,99
0.5499999999999998,0.7300000000000004,1339.5354111209822,374.0441936770699,1.2521736580750755e-06,-1.69222138209958,-4.85187506187105,0.8890008565998809,0.841672147533525,0.0009970664978027,83,5717,8188.0,1286.0,1871.0,100,99,100,99
0.5499999999999998,0.7500000000000004,1817.5906069803875,470.4262473190316,2.7240823212913938e-06,-9.68063807037256,-9.624465015921288,-9.526278003165729,-9.46640103783527,0.0025210380554199,4,2303,9102.0,568.0,2220.0,100,99,100,99
0.5499999999999998,0.7600000000000005,1503.829217627279,395.33383627671327,1.1379801151946549e-06,-0.748735714177788,-2.115316627174154,0.8826821983250157,0.853438592767897,0.0020010471343994,81,6684,9369.0,1511.0,2079.0,100,99,100,99
0.5499999999999998,0.7800000000000005,1796.819161741103,454.8271100099465,1.1374690752725126e-06,-0.6697299111714778,-1.7431410434660153,0.8567956916193464,0.8349202980799761,0.002000093460083,80,7487,10420.0,1687.0,2254.0,100,99,100,98
0.5499999999999998,0.8100000000000005,1837.0292685020925,533.4947672345687,1.5946394551690852e-06,-2.078065071929585,-4.154198371293034,0.8269852353545726,0.7611670580366159,0.0009984970092773,85,6520,10007.0,1540.0,2462.0,100,99,100,99
0.5499999999999998,0.8200000000000005,3439.397776137561,818.110812838538,2.256143103343342e-06,-27.730793233193467,-22.535499106368626,-27.347730889592995,-22.201490093757396,0.0020091533660888,4,2697,12886.0,703.0,2777.0,100,99,100,96
0.5499999999999998,0.8700000000000006,2424.6921647396807,517.1311789575252,9.587094045354329e-07,-0.3483119282793048,-1.0139882176736776,0.8231917125955939,0.8303613316111413,0.0009996891021728,68,9434,12516.0,2066.0,2692.0,95,89,93,86
0.5599999999999997,0.2,1.1547005383792517,0.25,5.566222701608832e-06,0.476460312726343,-0.0666666666666666,0.7186256622189005,0.1847826086956521,0.0019993782043457,4,10,5.0,1.0,0.0,1,4,3,4
0.5599999999999997,0.22000000000000003,0.5303300858899106,0.3061862178478972,6.165747930585367e-06,0.7186278766825881,-0.0601226993865031,0.8829344432882413,0.0384615384615382,0.0019996166229248,4,10,3.0,2.0,0.0,1,4,13,4
0.5599999999999997,0.24000000000000005,0.25,0.0,5.375791057465519e-06,0.8918715975220575,1.0,0.9730929638100364,1.0,0.0020005702972412,4,10,4.0,1.0,0.0,1,4,4,4
0.5599999999999997,0.25000000000000006,0.5103103630798288,0.25,6.718118569681633e-06,0.846938775510204,-0.0666666666666666,0.9470294092719722,0.3589743589743588,0.001997947692871,4,11,6.0,2.0,0.0,2,4,2,4
0.5599999999999997,0.26000000000000006,27.31605144721079,5.907269532815761,8.47888004972571e-06,-1.7289463867613797,-1.5124999999999995,-1.6458452377038857,-1.3823238680405918,0.0019991397857666,4,54,3.0,14.0,0.0,97,4,99,4
0.5599999999999997,0.2900000000000001,5.843443619419404,1.3919410907075054,1.2297402932048298e-05,-3.0745804847731506,-1.00022403943094,-2.936308180027859,-0.9407345575959936,0.0019996166229248,4,12,3.0,4.0,1.0,70,4,70,4
0.5599999999999997,0.3200000000000001,0.2041241452319315,0.0,5.375791057465519e-06,0.717439293598234,1.0,0.9752720079129574,1.0,0.0019996166229248,4,10,2.0,0.0,0.0,1,4,1,4
0.5599999999999997,0.3300000000000001,0.5204164998665332,0.2041241452319315,5.571519769577974e-06,0.8087649402390438,0.1560439560439565,0.930959398815688,0.2907801418439717,0.0020003318786621,4,10,7.0,1.0,1.0,1,4,3,4
0.5599999999999997,0.38000000000000017,117.0789441644682,26.503930526118825,4.29396129102238e-06,-0.9603176056416274,-0.9907753156820558,-0.8976348516531016,-0.9148842525218824,0.0020034313201904,4,311,7.0,79.0,1.0,100,4,100,4
0.5599999999999997,0.4300000000000002,205.64213454445564,49.42587041890781,5.663709712608195e-06,-0.6246485620422106,-0.6740552194809148,-0.5844459269034081,-0.6265306203128098,0.0019991397857666,4,590,15.0,143.0,3.0,100,99,98,95
0.5599999999999997,0.4400000000000002,4.815340071064556,1.6708281379802852,7.393953635036856e-06,0.7299840792499558,0.5532092247846625,0.7306767201118914,0.5565556952809584,0.0019998550415039,4,40,22.0,11.0,5.0,100,99,100,98
0.5599999999999997,0.46000000000000024,17.239731243071432,4.661455423648999,4.209449006179964e-06,0.2692347095584468,0.1982801071329915,0.2796761218642989,0.2196151198635263,0.002000093460083,4,71,34.0,24.0,8.0,96,99,100,98
0.5599999999999997,0.47000000000000025,192.18459008637157,46.383927712085786,4.768869181895192e-06,-0.5185360830048722,-0.5332572836915588,-0.4832326246523035,-0.4938593953421093,0.0019998550415039,4,554,28.0,137.0,7.0,100,99,98,99
0.5599999999999997,0.5000000000000002,147.90889650952937,38.524478149180254,5.63278145778002e-06,-0.1929110210242304,-0.2281935313318928,-0.1707210741917548,-0.2014725938651251,0.0030000209808349,4,556,72.0,134.0,18.0,100,99,99,99
0.5599999999999997,0.5800000000000003,43.06003560921271,13.724977231310804,3.3778884002926263e-06,0.5091665755880743,0.1698478429272305,0.5167295601514093,0.1886930259183956,0.0019969940185546,4,235,453.0,61.0,123.0,100,99,100,99
0.5599999999999997,0.6000000000000003,157.84641137299678,36.82036913629918,2.201280474300311e-06,0.7841779875601744,0.8172942320686722,0.7883536025479523,0.8209076709285543,0.0019996166229248,4,1386,1078.0,352.0,292.0,100,99,100,99
0.5599999999999997,0.6100000000000003,35.841316940090245,35.270384177096794,5.82010414046018e-07,0.9718671981078358,0.3975903614457832,0.9999346602957828,0.9988840918713456,0.0009982585906982,95,3623,3693.0,821.0,881.0,100,99,98,99
0.5599999999999997,0.6200000000000003,304.45177847512514,67.61186717827968,1.905857081684484e-06,0.7087441561593208,0.7562940438569183,0.714822288194235,0.7616802880222784,0.002000093460083,4,2195,1696.0,515.0,460.0,100,99,100,99
0.5599999999999997,0.7100000000000004,579.9394724164468,166.1792142537688,2.736084286627882e-06,-9.710871629764974,-11.3243270570505,-9.5387971061088,-11.116838143063914,0.0019993782043457,4,744,3380.0,198.0,947.0,100,99,99,99
0.5599999999999997,0.7300000000000004,1467.619234934593,386.4950139825006,2.38086754452248e-06,-12.177291379544693,-11.68928552164273,-11.98888655836793,-11.500843831362602,0.0019996166229248,4,1732,7477.0,469.0,1902.0,100,99,100,99
0.5599999999999997,0.7400000000000004,1426.7909521203978,353.0633609454616,1.0446902193875143e-06,-1.0829397521616555,-2.137553193729411,0.8850000949299088,0.8718047500206915,0.0019998550415039,81,6335,8689.0,1413.0,1898.0,100,99,100,99
0.5599999999999997,0.8200000000000005,284.77535005684746,184.14287930843267,2.0653737840617554e-06,0.2928868235266216,-5.770021403015589,0.9958222691767128,0.9738847592030484,0.0009996891021728,95,4137,4707.0,1016.0,1348.0,100,99,99,99
0.5599999999999997,0.8500000000000005,2363.606962885327,690.4816253891192,1.7183720056436344e-06,-2.5085657923272806,-5.87503688834976,0.7528201626613773,0.6499678359477783,0.0015029907226562,84,7238,11751.0,1633.0,2849.0,100,99,99,99
0.5599999999999997,0.8900000000000006,2841.360809541794,620.627648893786,1.1746398906695696e-06,-0.454232831495432,-1.0783464686151736,0.7944701895381006,0.8045892186230008,0.002000093460083,72,10306,13837.0,2172.0,2990.0,99,93,95,90
0.5599999999999997,0.9200000000000006,3311.053937414881,934.100794410136,1.83278396596324e-06,-2.947953316530426,-5.45264333773975,0.6085879408762003,0.5070119255091432,0.0009999275207519,83,8494,14774.0,2045.0,3551.0,100,99,100,99
0.5599999999999997,0.9300000000000006,3455.958793907298,763.0328375051175,1.3639966697489405e-06,-0.7582528710416285,-1.5130869744947422,0.7318157164993795,0.7471459665857618,0.001000165939331,73,10878,15437.0,2354.0,3367.0,100,94,96,90
0.5599999999999997,0.9500000000000006,3110.863706432669,688.1384425600943,1.152205062716174e-06,-0.2646644444722699,-0.9903577663976708,0.8075680620494317,0.8038381072729773,0.002000093460083,69,11250,15767.0,2426.0,3442.0,94,90,91,86
0.5599999999999997,0.9700000000000006,3247.4643339073023,753.3606800767574,1.0858730226736078e-06,-0.2939319412602859,-1.3108878710435707,0.7869704694813225,0.7494185095056404,0.0020005702972412,65,11493,16130.0,2461.0,3515.0,92,86,90,83
0.5699999999999997,0.2700000000000001,0.4677071733467426,0.2282177322938192,5.507934399524806e-06,0.7,-0.019108280254777,0.9082929385562688,0.6334310850439884,0.0009982585906982,4,10,3.0,3.0,0.0,1,4,3,4
0.5699999999999997,0.3000000000000001,0.1443375672974064,0.0,5.375791057465519e-06,0.8093346573982124,1.0,0.986892981191428,1.0,0.0020008087158203,4,10,2.0,0.0,0.0,1,4,1,4
0.5699999999999997,0.3100000000000001,26.911893281595777,6.4299105748058425,6.028879518614387e-06,-1.8777004223411395,-1.365682993611196,-1.7686334630815028,-1.2431459429520908,0.0019972324371337,4,58,3.0,17.0,0.0,79,4,79,4
0.5699999999999997,0.34000000000000014,28.24096463177796,6.791538853603062,6.5956357949431145e-06,-1.519580097406871,-1.2275509348536937,-1.4513201719013682,-1.1321776814734563,0.0009996891021728,4,80,5.0,22.0,0.0,100,4,99,4
0.5699999999999997,0.3900000000000002,0.8955910525085282,0.3679900360969936,7.205288613473445e-06,0.0294117647058821,-0.1073646850044369,0.6945777636745866,-0.1026293469041557,0.001997947692871,4,10,3.0,2.0,0.0,1,4,9,4
0.5699999999999997,0.4000000000000002,42.08325082500163,9.406336516767125,5.299825288036071e-06,-0.5942113694080875,-0.6986336754526121,-0.5724569936489816,-0.6615675933678142,0.0019996166229248,4,108,5.0,25.0,1.0,90,4,90,99
0.5699999999999997,0.4100000000000002,78.48234939568684,19.4919855325208,4.333073742464088e-06,-0.6683164454005823,-0.6875466285734115,-0.6290206624538932,-0.6396677867811504,0.0025138854980468,4,236,8.0,53.0,3.0,100,4,97,4
0.5699999999999997,0.4300000000000002,4.931826909641767,0.957427107756338,5.83198819707259e-06,-13.19452887537994,-9.78927203065134,-5.2736774228216765,-7.988764044943819,0.0019998550415039,4,10,14.0,1.0,3.0,1,99,2,97
0.5699999999999997,0.45000000000000023,4.219251513400609,1.0,7.765157254634356e-06,-5.4737402833129485,-2.76624438087454,-3.776945438282647,-2.733955659276545,0.0019981861114501,4,10,13.0,2.0,3.0,1,98,11,98
0.5699999999999997,0.47000000000000025,10.813764376941084,3.559026084010437,5.8732880431160495e-06,0.1422834271543075,-0.0186476321782913,0.1480448517274745,0.0006163961372508,0.0019991397857666,4,45,14.0,18.0,3.0,100,99,100,97
0.5699999999999997,0.5000000000000002,66.15614420948872,17.195263398195834,4.430934793482841e-06,0.1802198364576552,0.1365943613239292,0.1924849828060689,0.1547545170085367,0.0019984245300292,4,287,84.0,76.0,21.0,100,99,100,99
0.5699999999999997,0.5400000000000003,8.66506395437064,3.6841439530325992,3.4778859853489954e-06,0.9668481860328206,0.90548889444643,0.9673940150556596,0.907752147081166,0.0020103454589843,4,204,213.0,52.0,56.0,100,99,99,99
0.5699999999999997,0.5500000000000003,15.448166018441585,3.7123106012293743,3.2595356814089717e-06,0.8798001500421341,0.8780419182893912,0.8818605635967894,0.8810759792354884,0.0022509098052978,4,178,179.0,46.0,47.0,100,99,100,99
0.5699999999999997,0.5600000000000003,39.674193963666944,10.279429296739517,2.5101371079497865e-06,0.8158587846104601,0.8030816616683373,0.8192910218546908,0.8075368377035032,0.0019972324371337,4,394,302.0,97.0,81.0,100,99,99,99
0.5699999999999997,0.5900000000000003,510.036548935466,123.85033811015616,2.2244589018790185e-06,0.2048706091398694,0.2334800287334048,0.2203652754343995,0.2494827096521493,0.0019991397857666,4,2167,786.0,523.0,213.0,100,99,100,99
0.5699999999999997,0.6100000000000003,322.70011556138826,75.07107743110303,2.298423627214947e-06,0.6793987762489845,0.7128287643684785,0.686142637160261,0.7192499788175463,0.0009999275207519,4,2214,1606.0,546.0,432.0,100,99,100,99
0.5699999999999997,0.6200000000000003,260.68089928109424,70.80997163771028,6.8061257848922944e-06,-19788.20466394919,-14300.920148560816,-13652.770484941084,-13096.931972789118,0.0019981861114501,4,10,1061.0,2.0,292.0,1,99,2,99
0.5699999999999997,0.6500000000000004,429.5350077894311,119.72046434646558,5.138231473045059e-06,-32.08990299988035,-40.810843934851306,-31.7115695828368,-40.153491849857936,0.0019986629486083,4,301,2123.0,75.0,583.0,100,99,100,99
0.5699999999999997,0.6600000000000004,112.1534662861563,60.59867985360737,9.687134949853466e-07,0.7396306839351983,-0.0703126821647583,0.9993363885383048,0.996802083345253,0.0013141632080078,95,3721,3944.0,885.0,995.0,100,99,100,99
0.5699999999999997,0.6900000000000004,997.0523536070376,255.68608683305396,1.6579221419506124e-06,-1.0274405116434289,-1.011786105452654,-0.9925836276587412,-0.9764333654351808,0.0020010471343994,4,2843,6649.0,727.0,1642.0,100,99,100,99
0.5699999999999997,0.7700000000000005,1389.825084212356,390.6006686539863,1.1912840304673405e-06,-0.4078127304380248,-1.6433326906710612,0.9059853923963072,0.8705209168940867,0.0009994506835937,83,6783,9428.0,1519.0,2180.0,100,99,100,99
0.5699999999999997,0.8000000000000005,1478.2789369346422,465.8341566893324,1.6345662923384035e-06,-1.7060699730076752,-4.216204702901786,0.8837546408700253,0.8118200614654377,0.0009968280792236,87,6030,8905.0,1484.0,2264.0,100,99,100,99
0.5699999999999997,0.8200000000000005,1845.155548998512,530.2236556397687,1.4257428102252608e-06,-0.9763646807621064,-2.654862189636652,0.8535221070694395,0.7987720132290252,0.0009989738464355,84,7322,10807.0,1705.0,2583.0,100,99,100,99
0.5699999999999997,0.8400000000000005,494.13409111292856,243.5911875800655,2.0987846692807367e-06,-0.431295405429698,-5.249985370706303,0.9864911005167086,0.9519440675055272,0.0015094280242919,94,4436,5362.0,1153.0,1550.0,100,99,100,99
0.5699999999999997,0.8500000000000005,589.4705857195687,285.9073276430669,2.027475076160208e-06,-0.0873257218907099,-3.922425298572211,0.9818940653054968,0.9360010614544304,0.0009992122650146,93,4892,6087.0,1245.0,1748.0,100,99,100,99
0.5699999999999997,0.8700000000000006,0.0,0.0,2.293821154747034e-06,,,1.0,1.0,0.0009999275207519,99,3022,3022.0,812.0,812.0,100,99,100,99
0.5699999999999997,0.9200000000000006,2389.593286926266,799.5674311295307,2.057786494867205e-06,-2.3573246709564546,-6.60854116911031,0.7686157289445548,0.6067339242292866,0.0019972324371337,87,7299,12196.0,1790.0,3280.0,100,99,100,99
0.5699999999999997,0.9300000000000006,3894.575376550872,933.2255890190752,1.6130372309473771e-06,-1.7609218518734888,-2.67030027930632,0.6054965144725392,0.6106790656579772,0.002000093460083,78,10542,16168.0,2379.0,3547.0,100,98,100,95
0.5699999999999997,0.9600000000000006,4080.456174570754,901.9388580739294,1.5032885062458806e-06,-1.088367090660996,-1.8144307757046156,0.6559824081506869,0.6792911617646575,0.0019948482513427,73,11689,16840.0,2461.0,3697.0,100,93,96,90
0.5799999999999997,0.21000000000000002,0.5204164998665332,0.1020620726159657,5.375791057465519e-06,0.921529175050302,0.7961783439490446,0.9582336026730496,0.8287671232876712,0.0019998550415039,4,10,10.0,2.0,2.0,1,4,5,4
0.5799999999999997,0.22000000000000003,14.225124486860096,3.50743258428916,1.5040009897667496e-05,-1.1343758977182077,-0.8717559268308792,-1.1183926998002214,-0.8085758039816233,0.0020081996917724,4,32,6.0,9.0,1.0,98,4,66,4
0.5799999999999997,0.24000000000000005,5.996526772502007,1.661450169781407,1.6567269962945047e-05,-0.8513105852383187,-0.5150973735929962,-0.7339414518494705,-0.4992927864214997,0.0019993782043457,4,15,8.0,6.0,0.0,100,4,69,4
0.5799999999999997,0.26000000000000006,0.8599903100229289,0.3227486121839514,7.719464992070063e-06,0.5114678899082568,-0.116279069767442,0.803780676542118,-0.1111111111111111,0.0019998550415039,4,10,5.0,1.0,0.0,1,4,6,4
0.5799999999999997,0.3200000000000001,27.28075481604813,6.958208581716034,8.146996490273165e-06,-1.5295487837799957,-1.4925732480518392,-1.4782893431511708,-1.3632776749577986,0.0019996166229248,4,53,6.0,16.0,1.0,97,4,91,4
0.5799999999999997,0.37000000000000016,41.70356699372369,9.5524865872714,7.92948045931083e-06,-0.8274127092691046,-0.8987796204518002,-0.7919817077522779,-0.8373408057452556,0.0019996166229248,4,116,7.0,33.0,1.0,100,4,100,4
0.5799999999999997,0.38000000000000017,1.20761472884912,0.1767766952966369,5.372303207367426e-06,0.2998541362783911,0.2173913043478266,0.648453194053837,0.2187500000000001,0.0019998550415039,4,10,7.0,1.0,1.0,1,4,5,4
0.5799999999999997,0.3900000000000002,55.36366513036024,13.817636676846492,4.428681401869136e-06,-0.8015858615472928,-0.7373202411101731,-0.759026734004572,-0.6939550324207224,0.0019996166229248,4,156,5.0,46.0,2.0,99,4,99,4
0.5799999999999997,0.4100000000000002,1.241638702145945,0.8838834764831844,1.0153126547169027e-05,0.2367445608380338,-0.3701236917221693,0.527518835397778,-0.3392857142857142,0.0019993782043457,4,10,6.0,4.0,1.0,1,4,99,4
0.5799999999999997,0.4200000000000002,8.704644354213062,3.195048252113469,8.909916825213544e-06,-0.0263380679145892,-0.2777226983200012,-0.0249343388229459,-0.2465180172731782,0.0019993782043457,4,33,13.0,12.0,3.0,100,99,98,99
0.5799999999999997,0.49000000000000027,89.45838185063116,22.92106018490419,4.349602550112355e-06,-0.1095846291606892,-0.1598748965136602,-0.0908180043886925,-0.1342142256226359,0.002000093460083,4,347,57.0,80.0,14.0,100,99,99,99
0.5799999999999997,0.5000000000000002,14.766586719121428,3.5546331268735267,6.493662879459793e-06,-122.3242098803314,-57.81212121212121,-60.56040465827552,-54.13636363636363,0.0020077228546142,4,10,51.0,2.0,13.0,1,99,12,99
0.5799999999999997,0.5500000000000003,648.4300190331516,156.13785975861202,3.80026101946453e-06,-0.1509371923586633,-0.1484443564806656,-0.126710517236801,-0.122594747410246,0.0019998550415039,4,2299,402.0,566.0,106.0,100,99,100,99
0.5799999999999997,0.5700000000000003,470.6165946571229,113.90360507903164,3.104360757102114e-06,0.1527625362298177,0.1791731712726613,0.1715876086137895,0.198255805813562,0.0019998550415039,4,2007,680.0,485.0,181.0,100,99,100,99
0.5799999999999997,0.6000000000000003,489.60364496873046,118.28131192204457,2.094108730411752e-06,0.1634742141421032,0.1956672384124536,0.180126687543436,0.2127242255292497,0.0020003318786621,4,2108,705.0,504.0,193.0,100,99,100,99
0.5799999999999997,0.6200000000000003,313.2599925248461,72.36251331548216,1.9703841632641308e-06,0.7157482414248513,0.7539093471534786,0.7211049250343098,0.7588335555592604,0.0019989013671875,4,2280,1697.0,561.0,460.0,100,99,99,99
0.5799999999999997,0.6600000000000004,214.20450842260863,94.2443632266673,1.0684862460816511e-06,0.5135813713993951,-1.455362986031187,0.9970385461701912,0.9903397740013946,0.00099778175354,93,3983,4387.0,945.0,1097.0,100,99,100,99
0.5799999999999997,0.6700000000000004,127.58248965538596,38.991318478177504,2.6655589328812883e-06,0.9235915790990477,0.891228826138514,0.9249713944258452,0.8932808246903032,0.0019996166229248,4,1868,2397.0,481.0,665.0,100,99,100,99
0.5799999999999997,0.7100000000000004,692.7093546358386,210.35644352701283,1.104003798063287e-06,0.0140525267156162,-0.6740638921028654,0.9701927599166706,0.9541523770053014,0.0009994506835937,88,5287,6583.0,1283.0,1615.0,100,99,100,99
0.5799999999999997,0.7200000000000004,52.8441103624614,26.18205492317209,1.3897517699309691e-06,0.9610234740227735,0.8867351680693965,0.9998596352143452,0.9994930587307046,0.0009999275207519,96,3760,3832.0,1012.0,1031.0,100,99,100,99
0.5799999999999997,0.7300000000000004,851.5937465076344,276.60342468135593,1.4216335724161184e-06,-1.0901195068011398,-2.8347363092826723,0.952701616561114,0.9172591187755004,0.0009994506835937,89,4954,6578.0,1249.0,1669.0,100,99,100,99
0.5799999999999997,0.7800000000000005,1542.2135559558258,352.85247563991584,8.485352415805012e-07,-0.0483983495217796,-0.5841605772174869,0.9075605501058056,0.9076821824241924,0.0009999275207519,77,7811,10085.0,1726.0,2139.0,100,98,97,95
0.5799999999999997,0.8100000000000005,2039.405195148821,518.7131191708959,1.2480793336489245e-06,-0.6379194733913631,-1.5813631864429922,0.8428369632386716,0.8185293010062408,0.0009996891021728,80,8229,11554.0,1866.0,2502.0,100,99,100,98
0.5799999999999997,0.8300000000000005,2112.4932473264853,478.98655513490144,1.0446473730277487e-06,-0.2863839183144192,-1.060020719652205,0.8597282627811934,0.8586710502244862,0.0009992122650146,75,8917,11758.0,1932.0,2518.0,99,96,95,93
0.5799999999999997,0.8400000000000005,4656.787787735232,1090.1839676556124,2.758644781515716e-06,-3030.027238290254,-1859.2729913397952,-3001.7393868160616,-1839.556605904178,0.0019998550415039,4,403,13391.0,126.0,2894.0,100,97,100,94
0.5799999999999997,0.8900000000000006,2871.1781932494723,676.208354821526,1.299753416326003e-06,-0.5786297277583399,-1.3095743128580062,0.7854760803394351,0.7833837243972945,0.0010030269622802,77,10297,14222.0,2202.0,3089.0,100,97,100,94
0.5799999999999997,0.9000000000000006,3262.047792415065,711.8079516274036,1.2666184440743245e-06,-0.8588176909862064,-1.2271608705226955,0.7233754661529477,0.7593918192177974,0.0010008811950683,75,10311,14500.0,2265.0,3153.0,100,96,96,92
0.5799999999999997,0.9500000000000006,3037.9817472746927,678.5248230417742,1.1150002054727468e-06,-0.0772650398692911,-0.7795119790777505,0.8239101187668316,0.8157776328749987,0.0009989738464355,69,11607,15892.0,2482.0,3468.0,95,90,91,86
0.5799999999999997,0.9600000000000006,3423.5308351627777,757.6194340805625,1.2414226670285675e-06,-0.2913617932859587,-0.9511861427975076,0.7835698966600375,0.7875565204461272,0.0019998550415039,71,12001,16471.0,2610.0,3601.0,96,91,93,88
0.5799999999999997,0.9800000000000006,3723.106994118645,819.2805296154038,1.2748314183948077e-06,-0.4356257767431779,-1.159103614657054,0.7571932547065396,0.7667401210312161,0.0009999275207519,71,12197,17252.0,2607.0,3784.0,96,91,92,88
0.5899999999999997,0.21000000000000002,5.0990195135927845,1.2788341044352338,1.306455125489536e-05,-1.7935412416205183,-0.4678613167121153,-1.6044492674986437,-0.440366972477064,0.0020003318786621,4,14,7.0,6.0,1.0,54,4,44,4
0.5899999999999997,0.22000000000000003,3.310337344340201,1.0307764064044151,1.872979241703633e-05,-2.744327450689605,-0.523335407591786,-1.9488437281009112,-0.492100643651258,0.002000093460083,4,10,3.0,5.0,0.0,1,4,34,4
0.5899999999999997,0.3200000000000001,19.64025415653609,4.94237628406957,8.10857082215694e-06,-0.8588343069403224,-0.6442798606393936,-0.8386107766592605,-0.613913378619261,0.0019993782043457,4,67,3.0,17.0,0.0,99,4,99,4
0.5899999999999997,0.3300000000000001,64.07726455876009,14.99756924749252,5.523820210297462e-06,-0.8201847769666195,-0.7568630641671392,-0.7807280236858156,-0.7052378037945946,0.0019993782043457,4,164,5.0,46.0,0.0,99,4,97,4
0.5899999999999997,0.34000000000000014,51.72392660397443,12.701295865645626,5.569581607464075e-06,-1.2069651963954442,-0.9584610541096998,-1.1394581694214967,-0.8935656426715575,0.0019984245300292,4,136,6.0,34.0,0.0,98,4,97,4
0.5899999999999997,0.35000000000000014,2.780137886268713,0.7216878364870323,5.720182971198655e-06,-0.0327070285316632,-0.1519078473722102,0.093740458015267,-0.1439029970258523,0.0019989013671875,4,10,4.0,4.0,1.0,1,4,25,4
0.5899999999999997,0.36000000000000015,1.4754942674688143,0.4208127057650866,5.609547093960225e-06,0.231499923395128,-0.115516062884484,0.5424192665571976,-0.1103853690398435,0.0020012855529785,4,10,3.0,2.0,0.0,1,4,8,4
0.5899999999999997,0.4100000000000002,101.02495566278,24.560936124938998,7.18946363822737e-06,-0.7515714050756921,-0.804006064130254,-0.7082618375651482,-0.7481769132939147,0.002000093460083,4,256,5.0,64.0,1.0,100,99,100,95
0.5899999999999997,0.4200000000000002,10.556889535590807,2.9895651857753496,7.184852955966553e-06,-0.2262478823398785,-0.3160350226880553,-0.2254051373326506,-0.2863568215892056,0.0019996166229248,4,43,7.0,12.0,1.0,100,98,100,86
0.5899999999999997,0.45000000000000023,66.78931426508285,16.67989058717113,5.066997669440331e-06,-0.369941484611386,-0.4133241612869087,-0.3470239891170621,-0.3808267279333455,0.0019998550415039,4,234,20.0,65.0,5.0,100,99,97,99
0.5899999999999997,0.47000000000000025,12.141955498737977,2.704163456597992,5.4111402063724125e-06,-91.30217391304346,-182.13043478260855,-34.586231173468114,-81.49118683901294,0.0020015239715576,4,10,39.0,2.0,9.0,1,99,3,98
0.5899999999999997,0.48000000000000026,203.79000118586129,48.43003974807372,3.218832662030055e-06,-0.3431581025457548,-0.3633791111946198,-0.3162266831802329,-0.3323290791583295,0.002000093460083,4,608,56.0,152.0,14.0,100,99,97,99
0.5899999999999997,0.49000000000000027,42.0969862341712,10.999526504960716,2.435595191533544e-06,0.0994588380277321,0.1088513065849129,0.1217407155082013,0.1349255469929445,0.0019998550415039,4,179,66.0,49.0,16.0,99,99,99,99
0.5899999999999997,0.5000000000000002,18.18510150278702,5.256939857623127,3.92356004691649e-06,0.4860067806969212,0.4020383774684395,0.4927787232601225,0.4149622360659352,0.0019993782043457,4,97,51.0,29.0,13.0,100,99,95,99
0.5899999999999997,0.5400000000000003,376.8681798719547,93.86098985556602,3.152136445051764e-06,-0.2806303096249087,-0.2817273193574081,-0.2552683911031932,-0.2546513760667628,0.002000093460083,4,1378,134.0,338.0,35.0,100,99,100,99
0.5899999999999997,0.7300000000000004,1056.8263533695924,293.4329264975919,1.0162171172582534e-06,-0.0854499984335945,-1.018184373712972,0.9387949002316668,0.9153711949180782,0.0009996891021728,83,6192,8266.0,1389.0,1892.0,100,99,99,99
0.5899999999999997,0.7500000000000004,511.3609292857639,205.10881258493012,1.5157817990422514e-06,-0.0081596220606243,-1.860787603369888,0.9839539590687992,0.960089799415824,0.0019993782043457,92,4541,5553.0,1147.0,1490.0,100,99,100,99
0.5899999999999997,0.7700000000000005,1602.8316284521798,438.4694497149526,3.295414689318304e-06,-29.586997205511057,-29.58258535587121,-29.20393478510065,-29.184208556492827,0.0010044574737548,4,1316,7937.0,348.0,2098.0,100,99,100,99
0.5899999999999997,0.7800000000000005,538.4764386674685,218.13757127097568,1.4752963173188564e-06,0.1103713908113775,-1.7193406524718835,0.9834841941288196,0.9593940207424604,0.0009999275207519,92,4892,5962.0,1225.0,1623.0,100,99,100,99
0.5899999999999997,0.7900000000000005,1406.750155500258,417.5336313799564,1.2750232690144558e-06,-0.4295537342326938,-1.7358589857439028,0.9131660839939284,0.8728607840499202,0.0010006427764892,85,6942,9745.0,1614.0,2362.0,100,99,100,99
0.5899999999999997,0.8000000000000005,1581.1079524001063,485.7222898500159,1.5572432108525155e-06,-1.5199055603306777,-4.161764640219895,0.8671520237958621,0.7965700211864495,0.001000165939331,86,6234,9343.0,1470.0,2350.0,100,99,100,99
0.5899999999999997,0.8200000000000005,4181.133330459976,1011.9102346140525,5.359447793939025e-06,-7159620.7634982,-2850146.015403202,-4360928.448602017,-2789453.682179342,0.0019998550415039,4,10,12886.0,3.0,2777.0,1,99,9,96
0.5899999999999997,0.8500000000000005,1477.8485018581723,350.1676582565684,7.255038362640139e-07,0.5294336024387759,0.0953075426824532,0.9369720360719748,0.9188490709080128,0.001000165939331,64,9639,11469.0,2050.0,2440.0,90,86,90,82
0.5899999999999997,0.9200000000000006,6165.346232505249,1323.9807754457763,3.779426253761679e-06,-290.18629974977887,-171.04457072557312,-287.1568918613746,-169.08528632393217,0.0010004043579101,4,1636,15684.0,472.0,3420.0,100,90,100,87
0.5899999999999997,0.9600000000000006,658.5470117361908,338.70341008026475,2.4079717270275384e-06,-0.4444175634162259,-5.634100580053298,0.9768937036823826,0.917947367766292,0.0009999275207519,94,4734,6048.0,1255.0,1869.0,100,99,100,99
0.5899999999999997,0.9700000000000006,2723.9702786461103,647.295364940677,9.203818129840998e-07,0.1145744886033892,-0.5455363282157608,0.8602724797842988,0.8162289247914566,0.0009996891021728,62,12185,15864.0,2601.0,3450.0,89,83,84,80
0.5999999999999998,0.21000000000000002,3.677068578818368,0.962851667357612,2.327125229072166e-05,-1.510688883963652,-0.4376577486118123,-1.141525465674548,-0.413595933926302,0.0020003318786621,4,10,5.0,4.0,0.0,1,4,66,4
0.5999999999999998,0.23000000000000004,6.15934249737746,1.567907310185565,1.728729939998786e-05,-0.8686605773290645,-0.6979689724949414,-0.8204174664107489,-0.6624401239785853,0.0020027160644531,4,16,4.0,4.0,1.0,92,4,83,4
0.5999999999999998,0.24000000000000005,12.720554233208553,3.360307525609325,1.53968836216894e-05,-0.9011233892393284,-0.6044403330249768,-0.8979199120315222,-0.5801749271137027,0.0020005702972412,4,34,6.0,9.0,0.0,100,4,89,4
0.5999999999999998,0.3000000000000001,18.929419343093087,4.662572608907376,7.109395463048591e-06,-1.1429074799534598,-0.9200367999386664,-1.1248378528630552,-0.8604195081075781,0.0019998550415039,4,53,5.0,15.0,1.0,100,4,98,4
0.5999999999999998,0.3100000000000001,25.92095355756291,6.002603601771485,1.0169184093600765e-05,-0.960547733202803,-0.8441852715761413,-0.932746116349506,-0.7839092315626615,0.0019986629486083,4,60,6.0,16.0,1.0,100,4,88,4
0.5999999999999998,0.3200000000000001,0.5400617248673217,0.338501600193165,6.857078534413869e-06,0.6311239193083573,-0.0038022813688209,0.8654557685839219,-2.220446049250313e-16,0.0019993782043457,4,10,3.0,2.0,1.0,1,4,11,4
0.5999999999999998,0.3300000000000001,100.41248262375882,22.987768486740944,4.871327369845698e-06,-1.2404824377003645,-1.146916316163722,-1.1586566326802212,-1.0579495552873643,0.0019986629486083,4,248,11.0,64.0,1.0,100,4,99,4
0.5999999999999998,0.37000000000000016,33.94496157998513,7.742603997794712,5.850534492609812e-06,-1.0755317566620688,-1.091847745834138,-1.0298648897618785,-1.0235583684950766,0.0019969940185546,4,75,6.0,20.0,0.0,98,4,91,4
0.5999999999999998,0.4400000000000002,147.291095001248,35.95092140682906,3.109950764402209e-06,-0.409123343065781,-0.4533746380257206,-0.3824420576410836,-0.4205433068387052,0.002000093460083,4,477,29.0,112.0,7.0,100,99,98,99
0.5999999999999998,0.45000000000000023,236.7098478799168,55.656124251214855,3.2773292363528592e-06,-0.4916648579815514,-0.5341993059872454,-0.4575887427215663,-0.4942186646337079,0.0019984245300292,4,694,38.0,154.0,9.0,99,99,99,99
0.5999999999999998,0.48000000000000026,423.5552158023005,104.64199881819282,2.7777557221467468e-06,-0.5715868019289361,-0.5712484480540692,-0.5318606899585026,-0.5295759288769419,0.0030004978179931,4,1265,51.0,310.0,13.0,100,99,100,99
0.5999999999999998,0.5000000000000002,338.4302149877677,82.42938897424065,3.666628312067541e-06,-0.3932368352011279,-0.4101271781518296,-0.3615135703137211,-0.3751975860115164,0.0019991397857666,4,1035,94.0,251.0,24.0,100,99,99,99
0.5999999999999998,0.5200000000000002,142.98211572314443,36.15864926496379,6.60520664342428e-06,0.1215286550458625,0.1070319058618186,0.1358766002269686,0.1234346973340794,0.0030000209808349,4,638,151.0,165.0,39.0,100,99,100,99
0.5999999999999998,0.5400000000000003,187.95868894520413,48.110441520872925,3.456392302736485e-06,0.2922709076717275,0.2892187673007595,0.3046210627018901,0.3027503647802688,0.0030000209808349,4,901,318.0,245.0,83.0,100,99,100,99
0.5999999999999998,0.5900000000000003,170.68684776513976,55.20869496736904,5.488024253185836e-07,0.2464379674243991,-0.5647145102147721,0.9980912558334528,0.99638662085811,0.0019984245300292,93,3708,4014.0,855.0,938.0,100,99,100,99
0.5999999999999998,0.6700000000000004,187.736961375928,52.28129047119374,1.6817914676244947e-06,0.9370227856730026,0.9223880404796478,0.9380801920692294,0.9237777271262442,0.0029997825622558,4,2943,3494.0,727.0,944.0,100,99,100,99
0.5999999999999998,0.6800000000000004,702.3013954136785,180.2742702106987,6.814212469596881e-07,0.1932064893951266,-0.3092318855563629,0.9692908538125832,0.9640909662401528,0.002000093460083,84,5629,6882.0,1296.0,1556.0,100,99,100,99
0.5999999999999998,0.7000000000000004,762.8464677334052,212.0713716338598,8.590964332354279e-07,0.1125647636050641,-0.6467093347393293,0.9645757984439935,0.9523786911670096,0.0010004043579101,85,5665,7103.0,1343.0,1655.0,100,99,100,99
0.5999999999999998,0.7100000000000004,499.3572535436595,187.51711033040868,1.2820598216196434e-06,-0.0677617328405346,-2.10932850078056,0.9833867111027732,0.9611729088761516,0.0020020008087158,91,4530,5487.0,1100.0,1409.0,100,99,100,99
0.5999999999999998,0.7300000000000004,1458.8244732489238,398.3433140311675,4.289440126461427e-06,-3469.9218533075173,-3344.1004648098674,-3445.499951500327,-3292.9414776757144,0.003000259399414,4,103,6082.0,36.0,1623.0,99,99,98,99
0.5999999999999998,0.7500000000000004,914.6285080251478,296.5122905741657,1.2146602510525087e-06,0.0011785749085847,-1.3625836533605726,0.9568070296827412,0.9246164099211618,0.0019993782043457,87,6061,7902.0,1428.0,1957.0,100,99,100,99
0.5999999999999998,0.7600000000000005,1201.430480718714,354.92036665520715,1.1956803394859409e-06,-0.2803897743142203,-1.4071213083478122,0.9248985213441592,0.8902294671602836,0.0019993782043457,85,6468,8754.0,1528.0,2117.0,100,99,100,99
0.5999999999999998,0.7800000000000005,1469.443261919289,355.05735772228024,8.576077078357158e-07,0.1217103580585873,-0.4986601029592681,0.9153894170136568,0.9073593113005411,0.0020008087158203,78,7960,10209.0,1708.0,2166.0,100,99,97,96
0.5999999999999998,0.8000000000000005,1988.1371201034733,443.5320356712316,9.211154168206264e-07,-0.3970731485190324,-0.9282828052489078,0.8488973708957464,0.8599266550209238,0.0020003318786621,76,8203,10922.0,1825.0,2330.0,100,97,98,94
0.5999999999999998,0.8300000000000005,1706.806876681048,366.6039610884125,7.746263542792663e-07,0.302331531337927,-0.1056707058942398,0.9150472428537582,0.91982544200548,0.0035097599029541,72,9233,11474.0,2025.0,2449.0,97,93,93,90
0.5999999999999998,0.9100000000000006,1763.5487208776203,614.9531393824766,1.921279024169089e-06,-1.6321854453067228,-4.308048032246695,0.8596114218640283,0.7565588358116635,0.0019996166229248,89,6645,10185.0,1729.0,2849.0,100,99,100,99
0.5999999999999998,0.9400000000000006,3005.656833372699,929.9164120141838,1.949632298312691e-06,-2.246239933719493,-5.0174158115468686,0.6836986918714196,0.5404935690304136,0.0020003318786621,85,8365,14474.0,2047.0,3729.0,100,99,100,99
0.5999999999999998,0.9500000000000006,2847.100664456455,639.7662375506209,1.0083332561907248e-06,0.0908431150350236,-0.5104146305116495,0.8547001164230985,0.8466758605915727,0.0019993782043457,69,11945,15955.0,2518.0,3486.0,94,90,91,86
0.5999999999999998,0.9800000000000006,3432.153091537439,788.4135574049955,1.1173886239615738e-06,-0.070662828580216,-0.8121579377522101,0.8012709883997746,0.7815788672659085,0.0019996166229248,68,12651,17124.0,2674.0,3760.0,95,89,90,86
0.6099999999999998,0.21000000000000002,1.159202311936963,0.4330127018922193,1.0225801693466354e-05,0.195791934541204,-0.0806754221388368,0.5505069863061429,0.0060739922694645,0.0020010471343994,4,10,4.0,2.0,1.0,1,4,32,4
0.6099999999999998,0.24000000000000005,1.224744871391589,0.5496210815947049,7.625140491276013e-06,0.5580562659846549,-0.148988856789104,0.7242647058823528,-0.1421819614021264,0.0029997825622558,4,10,5.0,3.0,0.0,1,4,20,4
0.6099999999999998,0.26000000000000006,3.195048252113469,0.9128709291752768,1.6910401471111447e-05,-1.0546868175067703,-0.3803019410496044,-0.7298900284196224,-0.3596193065941537,0.0030000209808349,4,10,4.0,4.0,0.0,1,4,82,4
0.6099999999999998,0.2700000000000001,0.60380736442456,0.2282177322938192,5.49869697146712e-06,0.7007481296758106,-0.0549450549450545,0.8651564185544769,0.2319508448540705,0.0029995441436767,4,10,3.0,1.0,0.0,1,4,3,4
0.6099999999999998,0.3100000000000001,0.3061862178478972,0.0,5.375791057465519e-06,0.6892086330935252,1.0,0.9674337820234477,1.0,0.0029997825622558,4,10,4.0,1.0,1.0,1,4,2,4
0.6099999999999998,0.34000000000000014,0.9298297335175584,0.3818813079129867,5.425917192586997e-06,0.7442136689030849,-0.080385852090032,0.8479407885094533,-0.0152284263959385,0.0019996166229248,4,10,6.0,2.0,0.0,1,4,13,4
0.6099999999999998,0.38000000000000017,8.090632443346646,2.6398390102428597,1.0771243562450042e-05,-0.2690489663775568,-0.5891129531114683,-0.2608346709470304,-0.5665979767703262,0.0020008087158203,4,27,8.0,9.0,1.0,92,4,98,98
0.6099999999999998,0.3900000000000002,24.598865149975246,6.870073992808714,5.1178213871701055e-06,-1.0979142519533078,-0.8702853309942726,-1.0564113020846606,-0.8131325055322352,0.0009996891021728,4,69,6.0,22.0,1.0,100,4,100,4
0.6099999999999998,0.4200000000000002,77.44231724322303,19.54988277884721,4.0556975194639724e-06,-0.5800737783953469,-0.6258095962542556,-0.5482872249725004,-0.5833622464920136,0.002000093460083,4,221,10.0,58.0,2.0,99,98,99,95
0.6099999999999998,0.45000000000000023,2.345207879911715,1.2162099599438687,7.574556185284624e-06,0.898617308742377,0.6432160804020101,0.8990439770554494,0.6475027306126502,0.0019998550415039,4,31,27.0,10.0,6.0,100,99,100,98
0.6099999999999998,0.48000000000000026,19.462303306648984,4.654746681256314,3.767578430867607e-06,0.4143815761219669,0.4147370889266663,0.4199933614178429,0.4273821453348162,0.0019998550415039,4,101,44.0,24.0,11.0,100,99,97,99
0.6099999999999998,0.5800000000000003,829.4275636445497,200.41171165045884,1.9629914368902748e-06,-0.0909929320251092,-0.0733180905211512,-0.0681388741273429,-0.049670047355649,0.0019993782043457,4,2922,636.0,690.0,171.0,100,99,100,99
0.6099999999999998,0.6700000000000004,467.3831404747073,136.7071078376444,7.512433768282009e-07,0.4207410435599259,-0.0080518530948843,0.9861235610425698,0.9798080565011826,0.0009999275207519,88,5035,5960.0,1179.0,1423.0,100,99,99,99
0.6099999999999998,0.6900000000000004,125.03359548537344,82.69340965276496,1.354323204612837e-06,0.7958318532294126,-1.431238978326412,0.9991317498777188,0.9939297595255178,0.0009999275207519,95,3806,4075.0,915.0,1068.0,100,99,99,99
0.6099999999999998,0.7900000000000005,1321.787860493562,289.4375132460789,6.370669602945675e-07,0.4559720076835848,0.1371426536897493,0.9413847250981604,0.9427830994546044,0.0019998550415039,73,8624,10159.0,1843.0,2153.0,98,94,96,91
0.6099999999999998,0.8000000000000005,1740.9682088848797,400.31292107875896,8.733190671065653e-07,0.051614248629767,-0.3533101633573345,0.8934490444670355,0.8957042708726426,0.001000165939331,77,8652,11003.0,1880.0,2348.0,100,98,97,95
0.6099999999999998,0.8100000000000005,1877.7382671714397,436.2309918619602,9.56915101329057e-07,-0.0544333302552484,-0.5945662564921628,0.8792378224583586,0.8788471630062319,0.0009996891021728,77,8726,11377.0,1829.0,2433.0,100,98,100,95
0.6099999999999998,0.8700000000000006,2495.666937221083,548.5808614401906,1.0584564653229892e-06,-0.0879921175003337,-0.4737990988773968,0.838884354247906,0.8515412804839557,0.0019998550415039,74,10117,13427.0,2189.0,2902.0,100,95,97,92
0.6099999999999998,0.8900000000000006,2372.1199098415464,507.6321502820719,8.816060215144171e-07,0.1543511378504467,-0.188811493857494,0.8701447227246605,0.8796863735983567,0.0009996891021728,70,10578,13678.0,2303.0,2949.0,99,91,92,88
0.6099999999999998,0.9700000000000006,2766.880123468861,644.883094740708,8.745159032083694e-07,0.1931844176554744,-0.4130855929465604,0.8710766173810922,0.8474478093409052,0.0009996891021728,66,12509,16357.0,2709.0,3571.0,92,87,87,83
0.6199999999999998,0.2,9.620399333361028,2.074146410775607,8.000666368584178e-06,-1.4223078605162345,-0.8197172755645306,-1.416536343237914,-0.7744360902255636,0.0019998550415039,4,20,9.0,6.0,1.0,100,4,95,4
0.6199999999999998,0.2800000000000001,15.471411808019765,3.975183433922683,7.346330946297282e-06,-2.554919554455445,-1.3630817161030704,-2.513952435712363,-1.2663439703597468,0.0019998550415039,4,42,7.0,15.0,1.0,99,4,98,4
0.6199999999999998,0.2900000000000001,0.1767766952966369,0.0,5.375791057465519e-06,0.9710581851070244,1.0,0.9923739800198276,1.0,0.0010080337524414,4,10,7.0,1.0,0.0,1,4,3,4
0.6199999999999998,0.3200000000000001,0.5951190357119042,0.1020620726159657,5.375791057465519e-06,0.5430491390172196,-0.0105263157894739,0.900802334062728,-0.0101010101010103,0.002000093460083,4,10,6.0,1.0,0.0,1,4,8,4
0.6199999999999998,0.34000000000000014,30.4030220537367,7.610300037887249,5.273332596767203e-06,-1.4624798376606485,-1.2006728676034035,-1.3982642401415548,-1.1217243971593316,0.0020010471343994,4,70,10.0,22.0,2.0,100,4,95,4
0.6199999999999998,0.4000000000000002,0.9185586535436918,0.0,5.375791057465519e-06,-0.7608695652173914,1.0,0.6894648060113482,1.0,0.0020918846130371,4,10,4.0,0.0,0.0,1,4,1,4
0.6199999999999998,0.4400000000000002,2.143303524935281,0.338501600193165,5.375791057465519e-06,-30.1523178807947,-10.115789473684211,-1.1719858156028362,-10.111111111111114,0.002000093460083,4,10,6.0,1.0,1.0,1,97,8,90
0.6199999999999998,0.49000000000000027,260.5638117621094,65.66010965571105,2.9281042396811896e-06,-0.3832468277684531,-0.3893322725693482,-0.3531700345191046,-0.3578839949479944,0.0019981861114501,4,916,70.0,227.0,17.0,100,99,100,99
0.6199999999999998,0.5000000000000002,323.6999800483981,80.9162375546466,2.993990116262534e-06,-0.2984447452768588,-0.3143650550951893,-0.2708994786552543,-0.2841439559219143,0.004014253616333,4,1093,116.0,267.0,29.0,100,99,100,99
0.6199999999999998,0.5200000000000002,377.5992695084742,93.16763565387572,3.026035441559541e-06,-0.3249603150952884,-0.3341311979398058,-0.2974850588311697,-0.3046393259374964,0.0020105838775634,4,1255,118.0,311.0,30.0,100,99,100,99
0.6199999999999998,0.5400000000000003,13.883068224759732,3.4323825544364954,5.375791057465519e-06,-1762.940417080437,0.0,-88.62894787831816,-1141.4242424242427,0.0029993057250976,4,10,52.0,1.0,14.0,1,99,3,99
0.6199999999999998,0.7300000000000004,480.3818034473552,145.14245875460887,3.628952224013112e-06,0.2496553844639591,0.0023289093218576,0.2617482439818877,0.0187426753578472,0.0029985904693603,4,2257,4703.0,604.0,1301.0,100,99,100,99
0.6199999999999998,0.7500000000000004,4.949747468305833,12.020815280171307,1.5860713451364884e-06,0.998011525038552,0.8281807372175981,0.9999991959005252,0.9999321997117316,0.0019936561584472,98,3365,3358.0,861.0,844.0,100,99,100,99
0.6199999999999998,0.7700000000000005,1195.2051204709592,251.60532585778068,5.51587617425475e-07,0.4513227002896923,0.2489878095257038,0.946819835200367,0.9538357611610402,0.0019998550415039,75,8121,9599.0,1712.0,2032.0,100,96,96,93
0.6199999999999998,0.8000000000000005,1747.5005760107476,451.7338527099896,1.0605375404196433e-06,-0.1772297765109125,-0.7735192540227496,0.8813074366322597,0.8647032297522039,0.001000165939331,81,8168,11200.0,1848.0,2501.0,100,99,99,99
0.6199999999999998,0.8100000000000005,1707.3719022228286,477.0990463205727,1.2780287036396256e-06,-0.6077298666152195,-1.512446158741492,0.8756385153337387,0.8440000184425576,0.0020020008087158,84,7524,10692.0,1791.0,2571.0,100,99,100,99
0.6199999999999998,0.8200000000000005,1135.9153697669235,260.8583151943994,6.016605387815258e-07,0.6993911197953838,0.4506508693732324,0.9633641776507414,0.9571339183038472,0.0009994506835937,67,9339,10855.0,2044.0,2310.0,92,88,87,85
0.6199999999999998,0.8400000000000005,2430.6893975513244,637.9191913846471,1.352058135579554e-06,-1.0113166453828717,-2.0545993048340985,0.7812101234102728,0.7489500570939089,0.0009996891021728,81,8454,12761.0,1962.0,2876.0,100,99,100,99
0.6199999999999998,0.9300000000000006,2643.2888794076216,567.1508617643104,9.10286158810308e-07,0.1529829038592,-0.2278308545891203,0.8668554169496683,0.8756746105977903,0.0019965171813964,70,11662,15186.0,2507.0,3305.0,95,91,91,87
0.6199999999999998,0.9500000000000006,2173.115366182118,506.2527452817053,1.1016367576124808e-06,0.4284557189574124,0.1245717896917663,0.912279325707082,0.8906073305415569,0.0010027885437011,62,12337,15208.0,2662.0,3298.0,88,83,81,80
0.6199999999999998,0.9600000000000006,2726.478951362402,639.5970302550749,8.40461914491479e-07,0.2252356363857498,-0.3347354080478295,0.8668790863014451,0.837145724810043,0.002427339553833,64,12426,15873.0,2704.0,3450.0,91,85,88,82
0.6199999999999998,0.9700000000000006,3003.626888073587,681.762902461269,1.0614918481837468e-06,0.1979446189902357,-0.2919672441613192,0.8593116371703428,0.8530118627071788,0.0019998550415039,71,12860,16906.0,2748.0,3703.0,95,91,93,88
0.6199999999999998,0.9900000000000007,2893.442287357788,684.2870624115174,8.844965892951244e-07,0.1926473353664765,-0.3864584299271922,0.861989877041386,0.8256698493937016,0.0009996891021728,63,13002,16843.0,2791.0,3677.0,90,84,85,80
0.6299999999999997,0.21000000000000002,15.267749233815266,3.860861302870125,1.0591033295514446e-05,-2.0651689112547102,-1.1274855974725888,-2.042593315213918,-1.0555619397839573,0.0019993782043457,4,34,6.0,11.0,1.0,91,4,91,4
0.6299999999999997,0.25000000000000006,12.274210768925226,3.127499000799201,9.389607262359909e-06,-3.654036442620973,-1.3908972760788263,-3.6068725632596896,-1.3217288102067055,0.0019989013671875,4,26,5.0,9.0,0.0,99,4,93,4
0.6299999999999997,0.26000000000000006,30.86715487374889,7.115856706445589,7.474696419185622e-06,-1.844746012225417,-1.521388163973222,-1.7318717474517222,-1.37656388268252,0.0019996166229248,4,62,5.0,18.0,2.0,93,4,100,4
0.6299999999999997,0.3000000000000001,14.885325547889998,3.5765439556458225,1.0722770894941605e-05,-1.1162563904327722,-0.9554140127388536,-1.1000948799388657,-0.8834355828220859,0.002000093460083,4,37,4.0,10.0,0.0,97,4,97,4
0.6299999999999997,0.3100000000000001,25.51347683088293,5.562148865321747,6.134652784678595e-06,-1.63938281354836,-1.2916850862034317,-1.5677543634155198,-1.190330098232986,0.0020103454589843,4,61,4.0,17.0,1.0,97,4,96,4
0.6299999999999997,0.3200000000000001,53.07031499184203,12.465368693571268,6.919924140474874e-06,-0.967000829344236,-0.9267734800088264,-0.9209488142947352,-0.8615092988111153,0.0020015239715576,4,133,4.0,31.0,1.0,98,4,95,4
0.6299999999999997,0.3300000000000001,63.74395396166343,15.448166018441585,6.093395923444662e-06,-1.2414587521158476,-1.0364519868592108,-1.16845031427787,-0.958757509924172,0.0029971599578857,4,151,7.0,45.0,0.0,100,4,100,4
0.6299999999999997,0.34000000000000014,0.6692657668420421,0.2041241452319315,5.643109110578526e-06,0.7630718016415083,0.4754098360655737,0.896773574034953,0.4764397905759162,0.0020005702972412,4,10,7.0,2.0,2.0,1,4,5,4
0.6299999999999997,0.37000000000000016,35.987845170279364,9.10471489577424,7.652502382715897e-06,-0.7686179560507951,-0.786775436889571,-0.7375241747871175,-0.7362694424868927,0.0022194385528564,4,98,4.0,26.0,0.0,97,4,100,4
0.6299999999999997,0.46000000000000024,149.48508844251546,37.225103536905486,2.651673906899521e-06,-0.4009217974208905,-0.410382840331507,-0.3682596177837571,-0.3735041764323252,0.0022404193878173,4,472,48.0,117.0,12.0,100,99,97,99
0.6299999999999997,0.47000000000000025,216.25378127715285,53.44915808504377,2.9187173476041577e-06,-0.2890348622235628,-0.2780215536298136,-0.2621970582777135,-0.2501036989766847,0.002000093460083,4,777,83.0,195.0,20.0,100,99,100,99
0.6299999999999997,0.49000000000000027,6.162723964828107,2.3935677693908453,5.088315828305449e-06,0.9270248885877356,0.8347831528881657,0.9273956691098442,0.8377825164945687,0.0019998550415039,4,85,81.0,23.0,20.0,98,99,99,99
0.6299999999999997,0.5000000000000002,249.65294660788604,64.1355173311429,4.919156543774646e-06,-0.3758418030102288,-0.3863854571594616,-0.3512596464631736,-0.3594358549308991,0.002000093460083,4,874,39.0,218.0,10.0,100,99,99,99
0.6299999999999997,0.5100000000000002,637.4929166273143,154.09558045793094,2.476716688524041e-06,-0.4456131013755506,-0.4648370997790079,-0.4126253378823978,-0.4293527608074392,0.0019998550415039,4,1992,122.0,495.0,31.0,100,99,100,99
0.6299999999999997,0.5400000000000003,105.95463848584764,27.95047703826657,3.7445174433324064e-06,0.2928801654165993,0.2902167272578143,0.3061721223460559,0.3049311997921039,0.0019996166229248,4,573,192.0,160.0,51.0,100,99,100,99
0.6299999999999997,0.5500000000000003,336.5247947774428,85.32639538853144,1.662577044256005e-06,0.207067268897384,0.2047773033528466,0.2213248599390073,0.2200573011610442,0.0019991397857666,4,1520,465.0,376.0,123.0,100,99,100,99
0.6299999999999997,0.5900000000000003,44.185216230469365,30.34248946060073,9.097856722205624e-07,0.6523760534958256,-20.466321243523318,0.99992246751946,0.9993736728758648,0.0020012855529785,97,3229,3305.0,746.0,779.0,100,99,98,99
0.6299999999999997,0.6000000000000003,640.5238334753828,152.92560146467736,2.156753323482596e-06,0.2768431124258563,0.3096288890001882,0.2901293856799489,0.3232768558363119,0.0019993782043457,4,2877,1120.0,687.0,303.0,100,99,100,99
0.6299999999999997,0.6800000000000004,168.89641796083183,74.77298977572049,1.2084460352279602e-06,0.5490120191790835,-0.3173892554194155,0.9985315139874548,0.9954524994527058,0.0009999275207519,95,3897,4226.0,950.0,1097.0,100,99,100,99
0.6299999999999997,0.7000000000000004,0.0,0.0,1.7250929444316612e-06,,,1.0,1.0,0.001004934310913,99,3166,3166.0,791.0,791.0,100,99,100,99
0.6299999999999997,0.7200000000000004,1115.3923870474164,309.3245834340793,5.375791057465519e-06,-5598449.796874999,-9282130.873684213,-535479.7074964131,-9278224.252525255,0.0019998550415039,4,10,4691.0,1.0,1287.0,1,99,7,99
0.6299999999999997,0.7400000000000004,105.651549917642,67.51666460956139,1.533945353295245e-06,0.8230803140246168,0.2455546935608998,0.9994055603871798,0.9964315854776888,0.0009999275207519,96,3736,3918.0,985.0,1073.0,100,99,100,99
0.6299999999999997,0.7500000000000004,957.6178281349532,233.6138449908921,6.201230199040408e-07,0.6233351878010243,0.4248510101457869,0.9643030584887436,0.960684779653883,0.0019998550415039,79,8060,9467.0,1754.0,2008.0,100,99,99,97
0.6299999999999997,0.7600000000000005,1082.6411344886894,254.88872252331055,6.314018471014325e-07,0.5292102060704025,0.2175152655081434,0.9548780758498304,0.9517752446048444,0.0009992122650146,77,8042,9482.0,1740.0,2006.0,100,98,97,95
0.6299999999999997,0.8200000000000005,1234.323417909585,272.25288489441823,5.609046116946299e-07,0.6613978570802934,0.3805948854465625,0.959119808122339,0.9574948416909266,0.0019795894622802,70,9486,11147.0,2038.0,2372.0,95,91,91,87
0.6299999999999997,0.8300000000000005,1534.4676950470014,329.3490332675742,6.608216200894928e-07,0.5490127778175964,0.3329522226205929,0.9393206950973496,0.9433618489968972,0.0020005702972412,72,9832,11797.0,2074.0,2523.0,97,93,94,90
0.6299999999999997,0.8900000000000006,1752.0943717448556,396.6299834228371,6.877482476947522e-07,0.5599087707979011,0.2258657802933694,0.9375227824095338,0.9312703437640872,0.0020005702972412,68,11128,13466.0,2463.0,2904.0,92,89,89,86
0.6299999999999997,0.9800000000000006,3640.143668308426,800.4933201192597,1.2398442200983916e-06,-0.255944264400932,-0.7517649290302375,0.7828663355216366,0.7992649586850725,0.0029821395874023,73,12720,17531.0,2790.0,3858.0,98,93,96,90
0.6299999999999997,0.9900000000000007,2506.1529092938254,573.3807220171885,1.625437636732013e-06,0.3541558314854076,0.2551305675034128,0.8882124670473224,0.8614503934835851,0.0009984970092773,58,13403,16474.0,2852.0,3594.0,84,78,78,75
0.6399999999999997,0.23000000000000004,11.87346481304706,2.7290871489688024,1.3119865238153027e-05,-1.523945413044534,-0.9527182725953742,-1.5101498411450165,-0.8943408223823652,0.0019993782043457,4,29,4.0,9.0,0.0,91,4,100,4
0.6399999999999997,0.26000000000000006,13.61027491762504,3.06016067116309,8.704777112550437e-06,-1.511782292426846,-1.0067430883344572,-1.5094405653614509,-0.9552404358511496,0.0019998550415039,4,30,9.0,8.0,2.0,94,4,81,4
0.6399999999999997,0.3100000000000001,9.128709291752768,2.203217344400381,6.98065102347966e-06,-4.550416281221091,-2.013742926434923,-4.529635389666493,-1.8285280728376327,0.0019998550415039,4,19,9.0,7.0,2.0,66,4,52,4
0.6399999999999997,0.3200000000000001,44.94997219131509,10.237288866361704,5.318808747195598e-06,-1.1523939160797774,-1.0174622139413634,-1.093290017384728,-0.938550586131685,0.001000165939331,4,117,5.0,31.0,1.0,100,4,100,4
0.6399999999999997,0.3300000000000001,18.269396085621803,4.284176311342318,6.495471050352917e-06,-0.9364832545674656,-0.8193082085699535,-0.9229615119631468,-0.7615772214668479,0.0019996166229248,4,65,3.0,15.0,0.0,100,4,99,4
0.6399999999999997,0.35000000000000014,26.063624076478696,6.528782428600298,8.290357875738792e-06,-0.9149142339785156,-0.7229775960981775,-0.8885250686977275,-0.6745510795370842,0.0019998550415039,4,78,4.0,24.0,0.0,100,4,97,4
0.6399999999999997,0.36000000000000015,51.62434422505206,11.788942559308136,3.36485494648424e-06,-0.94701855720314,-0.9453499127439412,-0.9014488712351374,-0.8744582236902183,0.0019991397857666,4,135,7.0,33.0,1.0,99,4,96,4
0.6399999999999997,0.38000000000000017,1.0655593210453684,0.2700308624336608,5.960729216003209e-06,0.0549132947976878,-0.0786516853932584,0.6053441471450813,-0.075268817204301,0.002000093460083,4,10,3.0,1.0,0.0,1,4,11,4
0.6399999999999997,0.4000000000000002,64.65372507958584,15.52182603089383,3.77172305205161e-06,-0.8436066271530351,-0.8498405829822435,-0.7976775291115215,-0.7875981849645133,0.002000093460083,4,171,10.0,43.0,2.0,99,4,99,99
0.6399999999999997,0.48000000000000026,312.55324546387294,75.17618195501373,2.6438619371954e-06,-0.4680624397272166,-0.4886012078730908,-0.4344692216546917,-0.4511664980450818,0.0019984245300292,4,950,57.0,215.0,14.0,100,99,98,99
0.6399999999999997,0.5900000000000003,161.05737849184888,41.43581884473062,2.130555966760772e-06,0.8149155395461867,0.8182670155678411,0.818014219475357,0.8215591725914543,0.0019989013671875,4,1552,1148.0,390.0,308.0,100,99,100,99
0.6399999999999997,0.6900000000000004,409.8257759910504,135.87708906704373,7.829997256201267e-07,0.7088468275207027,0.2678033207307723,0.990313326274142,0.981895180261244,0.0009999275207519,88,5499,6323.0,1283.0,1524.0,100,99,100,99
0.6399999999999997,0.7300000000000004,892.5688827907434,219.4856427387018,6.503254823905799e-07,0.5181358374188492,0.2601886802726736,0.9653341924020032,0.9619814452863324,0.0009992122650146,81,7342,8754.0,1619.0,1888.0,100,99,100,99
0.6399999999999997,0.7400000000000004,975.3154145684036,249.9943157248517,7.230783117269527e-07,0.4956493442507467,0.1596580419046983,0.9574138678700288,0.9499398622666586,0.0009975433349609,81,7289,9013.0,1654.0,1976.0,100,99,99,99
0.6399999999999997,0.7500000000000004,993.9233835199232,300.8738554994051,1.0947815326614203e-06,-0.2333978739695916,-1.2081925795144808,0.9450308374563492,0.9188597649439731,0.001000165939331,87,5927,7851.0,1399.0,1953.0,100,99,100,99
0.6399999999999997,0.7700000000000005,1279.8403842241069,279.5123188048004,5.998061110436656e-07,0.4258166094889027,0.2623298354856652,0.941946459600363,0.9500522850587824,0.0009968280792236,78,8439,10211.0,1859.0,2165.0,100,99,98,95
0.6399999999999997,0.7800000000000005,1226.4119210118597,349.665554494577,1.0899440761399823e-06,0.0184059196894266,-0.6641525787609419,0.934254918910524,0.9134944709852386,0.000995397567749,85,7240,9477.0,1717.0,2286.0,100,99,100,99
0.6399999999999997,0.8100000000000005,1121.0430559676704,239.56481377698188,4.982540878750507e-07,0.7412291431949263,0.6036168150608476,0.9656638856670636,0.9673984742389222,0.0019996166229248,70,9675,10863.0,2092.0,2309.0,96,91,93,88
0.6399999999999997,0.8200000000000005,1270.9892573533784,397.3158983440293,1.2191470470028284e-06,0.0152521423507411,-0.9645544320270144,0.9358436217204736,0.9051612317728144,0.0020067691802978,87,7343,9869.0,1752.0,2519.0,100,99,99,99
0.6399999999999997,0.8300000000000005,1924.076650375899,441.0602837629381,8.766176542740155e-07,0.1637392044768708,-0.1704995682934118,0.8903080935874785,0.8962515313819144,0.0009999275207519,77,9563,12257.0,2074.0,2635.0,100,98,97,95
0.6399999999999997,0.8400000000000005,610.7442181470079,271.14502577034307,1.723511419731994e-06,0.3250687044724375,-1.4515121959352442,0.9795199809514028,0.9420605655200374,0.0009996891021728,92,5266,6538.0,1354.0,1861.0,100,99,100,99
0.6399999999999997,0.8700000000000006,5329.250714414113,1198.0432092583303,3.5369696419760548e-06,-994.4714062624232,-609.0694764089963,-985.0038194991726,-602.3392374289332,0.0019991397857666,4,779,14214.0,235.0,3081.0,100,94,99,91
0.6399999999999997,0.9300000000000006,2143.237298491947,502.7588885340567,8.04082480402027e-07,0.508519131007463,0.1375419857777433,0.9195746530980032,0.902171619935196,0.0009989738464355,66,12310,15008.0,2600.0,3249.0,92,87,89,84
0.6399999999999997,0.9400000000000006,3462.682541174166,827.4056412897456,1.3739121956871872e-06,-0.6051080332920755,-1.1389415981087847,0.7513326118469494,0.7634437456329548,0.0010011196136474,79,11678,16837.0,2600.0,3698.0,100,99,100,95
0.6399999999999997,0.9500000000000006,2200.7235665153894,516.8596965772683,9.56730142554704e-07,0.4653730040412861,0.1349290966747697,0.9144445688210172,0.8927504827130006,0.0009994506835937,63,12500,15443.0,2730.0,3352.0,89,84,85,81
0.6399999999999997,0.9700000000000006,2454.573613685277,572.9817296389126,8.230688503635778e-07,0.4860611778684625,0.0848682895041658,0.9125621908758604,0.8973963007084347,0.0009996891021728,68,13445,16754.0,2817.0,3672.0,93,88,87,85
0.6399999999999997,0.9800000000000006,2354.858700644266,543.8920586187772,1.4060099457272607e-06,0.4394017869413427,0.3299139092683044,0.899507848976667,0.8737643444947367,0.0020005702972412,58,13342,16165.0,2823.0,3524.0,83,79,80,76
0.6499999999999997,0.2900000000000001,23.17753042639933,5.599479142444114,1.1332769531796938e-05,-1.38214694702401,-0.9190309212623526,-1.3442695607704982,-0.8509863728046443,0.0019993782043457,4,56,7.0,16.0,0.0,96,4,92,4
0.6499999999999997,0.3000000000000001,50.36491834600747,12.586368287423763,1.0506670310884172e-05,-1.0708735046593365,-0.873101038054293,-1.0234993020009306,-0.8229350837090159,0.002000093460083,4,135,7.0,48.0,1.0,100,4,100,4
0.6499999999999997,0.4300000000000002,29.87003096750989,8.055148457146316,7.5165537872857e-06,-0.0383319788077785,-0.1380828310472739,-0.0305980026470942,-0.1187140804597701,0.0009992122650146,4,112,17.0,30.0,4.0,100,99,100,99
0.6499999999999997,0.4400000000000002,147.17853387411267,36.28216963376547,2.864782409366882e-06,-0.4531543809022031,-0.4577270236756352,-0.4217201179017229,-0.4225417496090582,0.0019993782043457,4,449,31.0,111.0,7.0,100,99,93,98
0.6499999999999997,0.47000000000000025,431.936325843675,103.69200186128148,6.135964162902766e-06,-0.534410113081492,-0.5707817753734659,-0.5002678303747568,-0.5326022696996322,0.0020046234130859,4,1268,26.0,295.0,6.0,100,99,99,98
0.6499999999999997,0.5400000000000003,310.16034159769686,77.32170350770431,1.9383890748058548e-06,0.0403836150027974,0.0358447672838446,0.0569732100566391,0.053635448008105,0.0020031929016113,4,1257,273.0,295.0,72.0,100,99,100,99
0.6499999999999997,0.6200000000000003,400.6481467572264,96.7047697892922,2.2404334503985364e-06,0.6156481191781011,0.6471686747214838,0.6226052880227241,0.6539098464320595,0.0020005702972412,4,2610,1582.0,651.0,430.0,100,99,100,99
0.6499999999999997,0.6900000000000004,511.1950867004364,168.35725902575948,8.045576561499235e-07,0.5142533203527708,-0.2922630941227984,0.9845598803835776,0.9718131865949908,0.0020003318786621,88,5418,6423.0,1255.0,1561.0,100,99,99,99
0.6499999999999997,0.7000000000000004,267.13339364444874,103.5959699988373,1.0592878549537309e-06,0.7636526932627871,0.4630006496943465,0.995835149980578,0.9902583908140128,0.0020027160644531,92,4796,5319.0,1191.0,1370.0,100,99,100,99
0.6499999999999997,0.7300000000000004,646.302625194524,204.46352567960216,8.997014215250719e-07,0.4790030046935084,-0.1773248377747269,0.9791235857228222,0.966658671329244,0.0009984970092773,88,6045,7341.0,1423.0,1817.0,100,99,100,99
0.6499999999999997,0.7400000000000004,872.8268251300865,209.4274507863216,5.47185431969321e-07,0.6729158278312477,0.4728011846725223,0.9697424057256656,0.9678048802473356,0.0009996891021728,79,7853,9200.0,1698.0,1948.0,100,99,99,97
0.6499999999999997,0.7600000000000005,596.4326476860622,128.1317366442985,5.389109773687745e-07,0.8961052188739821,0.8297577804043101,0.9875264304604509,0.987687249905958,0.0010008811950683,69,8564,9016.0,1805.0,1898.0,94,91,91,87
0.6499999999999997,0.7700000000000005,1166.1960598458563,318.2824021211352,9.2799773590747e-07,0.2148841717834375,-0.2210780473105318,0.939332191649982,0.9272480476768418,0.0010011196136474,84,7301,9485.0,1756.0,2260.0,100,99,100,99
0.6499999999999997,0.7800000000000005,783.712875336205,174.0746039545559,6.606686422450212e-07,0.819575358437245,0.6739337715461515,0.980628843901452,0.9795407252459836,0.0019989013671875,69,8755,9690.0,1873.0,2049.0,94,90,89,87
0.6499999999999997,0.8100000000000005,1532.4756044586386,346.1733669709442,7.127943452194428e-07,0.4325496339192964,0.1749170651218079,0.9311309177947884,0.9350392974648838,0.0020031929016113,77,9493,11412.0,2011.0,2438.0,100,98,98,94
0.6499999999999997,0.8300000000000005,1545.3839868028483,319.1674934715139,5.972910042057094e-07,0.5608428928812157,0.4296338761437228,0.9380513661800388,0.9484634031891424,0.0020031929016113,73,9914,11883.0,2121.0,2545.0,99,94,93,91
0.6499999999999997,0.9200000000000006,1995.7872222167464,473.0917971016286,6.9073320313483e-07,0.5640314249768053,0.1564780883054946,0.9299046032810356,0.9134322919732828,0.0020010471343994,67,12156,14710.0,2572.0,3188.0,94,88,88,85
0.6499999999999997,0.9500000000000006,2291.227155649976,539.3775312451578,8.468284946139733e-07,0.441390530551048,-0.0674582618776074,0.9143293771395172,0.8957476361094372,0.002000093460083,67,12520,15752.0,2747.0,3427.0,92,87,87,84
0.6499999999999997,0.9700000000000006,2291.8454448014472,545.6222659888956,8.192460415713969e-07,0.5187755147844384,0.1700231405445599,0.9204630363667744,0.8984016171761438,0.0009984970092773,65,13491,16285.0,2905.0,3550.0,91,85,89,82
0.6499999999999997,0.9800000000000006,2205.683456806055,497.1260193047307,1.8162351061757089e-06,0.5304571318885953,0.4969456911313689,0.9113118610987344,0.893410388910491,0.0020003318786621,57,13486,16036.0,2860.0,3488.0,82,78,78,75
0.6599999999999997,0.2,0.1767766952966369,0.0,5.375791057465519e-06,0.8587542913192742,1.0,0.9832439678284184,1.0,0.002000093460083,4,10,3.0,1.0,1.0,1,4,5,4
0.6599999999999997,0.22000000000000003,14.110427586245098,3.0190368221228,1.2860756149497976e-05,-1.0426964415921272,-0.8587771901484806,-1.0419282195035446,-0.8229166666666667,0.002000093460083,4,35,7.0,9.0,0.0,100,4,99,4
0.6599999999999997,0.23000000000000004,7.232738070744716,1.876388374866284,1.2335203726116788e-05,-3.755728729963008,-1.159744408945687,-3.680509991052791,-1.0850040096230953,0.0020420551300048,4,13,4.0,6.0,0.0,100,4,100,4
0.6599999999999997,0.2700000000000001,1.3501543121683042,0.338501600193165,7.847559195632492e-06,0.0410411553170841,-0.1294117647058825,0.4577846630518976,-0.0416666666666665,0.0019795894622802,4,10,4.0,1.0,0.0,1,4,4,4
0.6599999999999997,0.3000000000000001,99.77693871832308,23.040046657938863,5.284021916536512e-06,-0.9826653458594932,-0.9313651178655348,-0.9268037472879558,-0.8640192455478943,0.0019998550415039,4,240,8.0,64.0,1.0,99,4,99,4
0.6599999999999997,0.45000000000000023,79.25052576061141,19.67575707988556,3.549256189295363e-06,-0.4136743704693584,-0.4280276604711981,-0.3845210218178561,-0.391804214921684,0.0019993782043457,4,251,22.0,64.0,5.0,100,99,100,98
0.6599999999999997,0.46000000000000024,378.562577389789,93.568769273371,3.1806400276243773e-06,-0.5061739261808891,-0.5211079744856515,-0.4729171859754968,-0.4848297270723012,0.0015211105346679,4,1201,40.0,315.0,10.0,100,99,100,99
0.6599999999999997,0.47000000000000025,710.008516674272,168.86721237903666,2.8280555526022173e-06,-0.4932284344048518,-0.5281428726607555,-0.4580408783740297,-0.489056816800216,0.0019993782043457,4,2046,105.0,461.0,26.0,100,99,100,99
0.6599999999999997,0.48000000000000026,15.719878604281057,3.6614546289692025,5.375791057465519e-06,-442.5069133398249,-219.62857142857135,-80.59243336199482,-189.66666666666669,0.0019972324371337,4,10,51.0,2.0,13.0,1,99,6,99
0.6599999999999997,0.5100000000000002,408.1410091296063,101.39233822138634,4.425892164330359e-06,-0.2238751291595089,-0.2376021314231762,-0.2044664152061455,-0.2161727129664854,0.0020136833190917,4,1396,117.0,351.0,30.0,100,99,100,99
0.6599999999999997,0.5200000000000002,481.16814238891584,116.21007378880714,3.130867761469253e-06,-0.3144852434256029,-0.334720100298491,-0.2876714458389771,-0.3047220132655326,0.0019986629486083,4,1542,149.0,380.0,38.0,100,99,100,99
0.6599999999999997,0.5900000000000003,300.76527392636274,76.6656023476848,4.49809426907116e-06,0.0496253799893133,0.049540591044052,0.0641084306732256,0.0652208155746312,0.0030074119567871,4,1253,266.0,297.0,73.0,100,99,100,99
0.6599999999999997,0.6000000000000003,437.8006229057545,109.72166490716408,2.3113889065135703e-06,0.4016710616669592,0.4230513308886896,0.4116234008195643,0.4332839689325407,0.0022470951080322,4,2208,976.0,571.0,265.0,100,99,100,99
0.6599999999999997,0.6200000000000003,74.74741781886672,28.17278620145585,2.566967472373389e-07,0.9906449009874356,0.9619133438536926,0.999640606491225,0.999047416597802,0.002000093460083,83,5566,5553.0,1208.0,1186.0,100,99,99,99
0.6599999999999997,0.6700000000000004,291.6562311058297,102.24061256243948,4.831203545810694e-07,0.8851325602610401,0.6252728858298363,0.9951658534814956,0.989579008425234,0.0020105838775634,86,5822,6402.0,1335.0,1487.0,100,99,100,99
0.6599999999999997,0.6800000000000004,692.8416049742779,179.4381276837971,1.959867260325396e-06,-0.3907581119190009,-0.2938856032291759,-0.3709554642129093,-0.274632223639776,0.0020015239715576,4,2510,5289.0,672.0,1365.0,100,99,100,99
0.6599999999999997,0.7400000000000004,1054.8845612198522,291.30450133837616,9.32718314754552e-07,0.1651233693166471,-0.3755020797416222,0.9474315636832472,0.9315756371445,0.0019996166229248,84,6879,8751.0,1602.0,2031.0,100,99,100,99
0.6599999999999997,0.7500000000000004,0.7071067811865476,32.526911934581186,1.5178877177634028e-06,0.9999479383590172,-6.347222222222222,0.9999999817680948,0.9994651342598064,0.001000165939331,98,3298,3299.0,863.0,839.0,100,99,100,98
0.6599999999999997,0.7700000000000005,1035.2993719082824,268.5646055764256,7.237174538337339e-07,0.593319948760008,0.3208647187908047,0.9622018874149468,0.9551503942611548,0.0010011196136474,81,8390,10143.0,1893.0,2220.0,100,99,99,99
0.6599999999999997,0.7800000000000005,1406.882131997323,314.6231305637179,6.61788815120362e-07,0.2885903316257687,0.1019809230730494,0.9280551693336762,0.937328511209585,0.0020003318786621,79,8290,10540.0,1874.0,2247.0,100,99,99,97
0.6599999999999997,0.7900000000000005,1214.6643980952106,291.5869510111864,7.105846305322203e-07,0.5534608413004051,0.362384335867059,0.9526012881894224,0.9523525774468728,0.0020081996917724,80,8856,10897.0,1951.0,2349.0,100,99,100,98
0.6599999999999997,0.8500000000000005,1778.0070906173896,383.51103541582,6.657038917378777e-07,0.5138408873464714,0.2971089885120502,0.9265484812880104,0.9322018155493648,0.0019998550415039,72,10633,12680.0,2272.0,2725.0,97,93,96,90
0.6599999999999997,0.8600000000000005,1257.6024224456537,291.289274049819,6.238204328253896e-07,0.7558860425265419,0.5543736057188351,0.9640712143484366,0.9567767209148396,0.0019998550415039,66,10764,12308.0,2294.0,2633.0,92,87,90,84
0.6599999999999997,0.9000000000000006,2652.320286089144,655.5183826560473,1.1525697267233611e-06,-0.1177270902833831,-0.5548068713409708,0.8358930548565761,0.8345425712534285,0.0019993782043457,80,11074,15237.0,2525.0,3337.0,100,99,99,97
0.6599999999999997,0.9200000000000006,2407.521104095801,722.6388217267785,1.5440388587657126e-06,-0.510465283093906,-1.4390800565733757,0.828598821399507,0.7734748971506198,0.0010020732879638,85,9437,14165.0,2384.0,3606.0,100,99,100,99
0.6599999999999997,0.9300000000000006,2136.901027188672,474.96115630649206,7.168276530684677e-07,0.5631992627173474,0.310886501269164,0.9246831548104734,0.9233473142506884,0.0009963512420654,70,12455,15306.0,2659.0,3334.0,95,91,90,87
0.6599999999999997,0.9600000000000006,2497.031981029821,598.2157279300312,8.485147762459672e-07,0.4090501149802485,-0.0876918674511872,0.8979310996770056,0.8698275615024261,0.002000093460083,65,12837,16107.0,2734.0,3509.0,91,86,86,83
0.6599999999999997,0.9800000000000006,2474.629019815756,570.0960863039209,1.6529669736697268e-06,0.4151191770084832,0.2926802030481401,0.892421850453764,0.8660750552352622,0.0020017623901367,58,13506,16331.0,2898.0,3563.0,84,79,79,76
0.6599999999999997,0.9900000000000007,2481.730071208685,556.7959515902725,1.5274201123994638e-06,0.4339241795924581,0.3513535850319227,0.8980278875891878,0.8811720717174262,0.0009984970092773,59,13681,16752.0,2976.0,3653.0,84,80,80,76
0.6699999999999997,0.2,6.077622890571609,1.661450169781407,1.5278480924454918e-05,-2.600038071468607,-0.9391721930025154,-2.4970414201183435,-0.8689611397136612,0.0019998550415039,4,13,5.0,5.0,0.0,95,4,81,4
0.6699999999999997,0.22000000000000003,0.2041241452319315,0.1443375672974064,5.411536294899964e-06,0.9515885022692888,-0.0212765957446807,0.9874827888346476,0.3127147766323026,0.0019998550415039,4,10,5.0,1.0,0.0,1,4,2,4
0.6699999999999997,0.23000000000000004,15.062370331392067,3.458082320207738,9.167722631200596e-06,-0.9869845517576936,-0.7341389728096677,-0.9780507209259242,-0.6929406733420831,0.0020041465759277,4,45,5.0,11.0,0.0,100,4,94,4
0.6699999999999997,0.24000000000000005,4.40407008724127,1.1133657679906157,1.4258163205187444e-05,-1.7104991811730454,-0.5868870676482849,-1.3671798522737384,-0.5567765567765575,0.0019974708557128,4,14,4.0,4.0,0.0,99,4,95,4
0.6699999999999997,0.4100000000000002,2.395742751910842,0.3818813079129867,5.444424064549235e-06,-2.390769230769231,-2.652173913043476,-0.3966692859496592,-1.9473684210526327,0.0020027160644531,4,10,6.0,1.0,1.0,1,4,3,4
0.6699999999999997,0.4200000000000002,1.620185174601965,0.2041241452319315,5.375791057465519e-06,-8.50943396226415,0.0,-0.031265346210509,-1.0408163265306136,0.0019986629486083,4,10,4.0,1.0,1.0,1,4,3,96
0.6699999999999997,0.4400000000000002,381.72696939915926,92.95288905318291,5.406384446707761e-06,-0.57187506592452,-0.5986081498965159,-0.5368735851902222,-0.5598349573986214,0.0020205974578857,4,1183,15.0,299.0,3.0,100,99,100,95
0.6699999999999997,0.5000000000000002,382.7090387400504,96.3523806140772,3.127226154887761e-06,-0.3818103552414278,-0.3987146339313867,-0.3530363335320401,-0.3673824805883094,0.001000165939331,4,1258,90.0,309.0,23.0,100,99,99,99
0.6699999999999997,0.5100000000000002,155.88199997647794,40.598517009040286,2.6105628322682578e-06,0.0459413542125075,0.0340591625866897,0.064861196435344,0.0551641969504742,0.0020010471343994,4,641,160.0,167.0,41.0,100,99,99,99
0.6699999999999997,0.5300000000000002,360.5829770431951,88.91633473852447,3.284640134316573e-06,-0.0750578980583536,-0.0724393023532148,-0.0551116880921664,-0.0515160821818088,0.0020017623901367,4,1357,240.0,314.0,63.0,100,99,100,99
0.6699999999999997,0.5400000000000003,129.23468639133483,33.54459096983198,3.7101477163754687e-06,0.1544187246154124,0.137677466908101,0.1643933420636947,0.1500550261534543,0.0020017623901367,4,583,130.0,144.0,34.0,100,99,100,99
0.6699999999999997,0.5500000000000003,313.98464001709806,81.16001427221823,2.2422214002628225e-06,0.0716666765572071,0.0697712848966142,0.0872108897079813,0.0862736203218913,0.0019984245300292,4,1300,299.0,338.0,79.0,100,99,100,99
0.6699999999999997,0.5700000000000003,14.53616180427282,20.627651344736268,2.383599841492385e-07,0.9983323742972868,0.9145515411849522,0.999984925866546,0.9994302738899292,0.0009970664978027,90,4142,4150.0,930.0,922.0,100,99,100,99
0.6699999999999997,0.6000000000000003,446.25451678386406,109.79274983652913,2.086905029327981e-06,0.4084968499839138,0.4386726431951452,0.4199278358150942,0.449926980841378,0.0019998550415039,4,2359,1078.0,595.0,292.0,100,99,100,99
0.6699999999999997,0.6100000000000003,65.84174524317127,17.063911724259867,6.388118446052016e-06,0.8309825513926828,0.8362463030156871,0.8334417273006928,0.838971240930719,0.0029993057250976,4,692,527.0,189.0,146.0,100,99,100,99
0.6699999999999997,0.6300000000000003,49.46109582287882,37.04321800275997,4.790226661869802e-07,0.9726061020848208,0.6859494296647564,0.9998696220094686,0.998837072253106,0.0009963512420654,95,3919,3913.0,949.0,976.0,100,99,99,99
0.6699999999999997,0.6700000000000004,155.49260432573635,37.31286641361127,1.9815450947986958e-07,0.9831561730756536,0.9720426941043518,0.9987672470320768,0.9986779764991404,0.0020010471343994,80,6674,6924.0,1427.0,1459.0,100,99,95,98
0.6699999999999997,0.7000000000000004,318.8352239009988,110.44002897500523,7.819801230548304e-07,0.8004786115671803,0.488725082316645,0.9942599179318108,0.989266290875377,0.0010011196136474,90,5357,6005.0,1301.0,1509.0,100,99,100,99
0.6699999999999997,0.7700000000000005,870.4866215705634,177.26004908044,3.736051356101932e-07,0.7916822501463459,0.7333302450237696,0.976702481630811,0.9816777792888198,0.0009994506835937,76,9108,9964.0,1945.0,2114.0,100,97,96,93
0.6699999999999997,0.7800000000000005,1078.6726843672272,225.5501718021957,4.7253150810644316e-07,0.7203562446588269,0.6507858144281888,0.9635734042273066,0.9698519438525516,0.0009996891021728,75,9124,10357.0,2012.0,2205.0,100,96,96,93
0.6699999999999997,0.8200000000000005,1132.5188050315105,249.1061520717624,5.797358922384331e-07,0.7396483917379763,0.5779567561938881,0.9651224233764928,0.9640153576835108,0.0020012855529785,68,9610,11059.0,2094.0,2359.0,92,90,92,86
0.6699999999999997,0.8400000000000005,4406.093643797947,1004.616489844093,2.490746957261251e-06,-100.49401622091246,-67.78939257612267,-99.41060021364348,-67.00252943515868,0.0019991397857666,4,1995,13262.0,558.0,2868.0,100,96,100,93
0.6699999999999997,0.8500000000000005,1182.5465715731427,266.5921865685376,6.893778032015619e-07,0.7676767109861551,0.5979146207202513,0.9684471079499762,0.9647862667762882,0.0019998550415039,67,10602,12067.0,2271.0,2580.0,92,88,88,85
0.6699999999999997,0.8800000000000006,1542.1599850063672,346.1076189149377,6.168539694342241e-07,0.6917651518249794,0.4795051068415965,0.9524406377413732,0.948908121699397,0.001000165939331,69,11291,13309.0,2395.0,2869.0,94,90,92,87
0.6699999999999997,0.8900000000000006,1440.1398658926616,347.2267910810519,1.0897760952442787e-06,0.7138567378314102,0.479992977610611,0.9578839636335263,0.944728128875923,0.0009996891021728,64,11473,13316.0,2476.0,2862.0,90,85,85,82
0.6699999999999997,0.9100000000000006,2024.3930751167488,447.6212756914185,6.717734873137853e-07,0.5224686435051408,0.2210904283745429,0.9253177235975778,0.9240227147937724,0.001000165939331,69,11815,14479.0,2569.0,3143.0,93,90,91,86
0.6699999999999997,0.9400000000000006,1742.1455402271458,412.84695846174174,1.0259310316393015e-06,0.683274272151626,0.4758947425424811,0.9495762263601086,0.935472771198866,0.0009999275207519,64,12844,15066.0,2787.0,3261.0,89,85,84,82
0.6699999999999997,0.9500000000000006,2147.6564669425134,504.0329354318029,1.3834121807540873e-06,0.5204746317630744,0.3347217574237084,0.916953783683316,0.8929365695047801,0.0020012855529785,60,13021,15365.0,2781.0,3334.0,85,81,82,78
0.6699999999999997,0.9800000000000006,2258.022706590494,482.3502470918463,2.539776912385924e-06,0.553228801852208,0.6156124494897068,0.9013529546164266,0.8938382335385608,0.0009963512420654,54,13594,15947.0,2933.0,3460.0,80,75,75,72
0.6699999999999997,0.9900000000000007,2129.525476615754,473.7545543609874,2.545269100706802e-06,0.6300420136953877,0.6538073753419216,0.9192321141917116,0.9063026806897336,0.0019998550415039,55,14139,16406.0,3017.0,3567.0,80,76,75,73
0.6799999999999997,0.2,0.3227486121839514,0.2282177322938192,5.669473062653261e-06,0.7887323943661972,-0.019108280254777,0.963077831930291,-0.0183299389002036,0.0020008087158203,4,10,4.0,2.0,0.0,1,4,7,4
0.6799999999999997,0.25000000000000006,33.83338464692332,7.750672013875098,1.0673456012907303e-05,-0.8125266736628118,-0.7077340209937966,-0.7852631756795723,-0.6648383371824484,0.0020051002502441,4,84,7.0,29.0,0.0,94,4,99,4
0.6799999999999997,0.2900000000000001,14.512925273699992,3.87029283991104,1.4558020975792164e-05,-1.2985135776798642,-0.7453442063341551,-1.291428448390164,-0.7025004735745406,0.0020029544830322,4,40,8.0,18.0,1.0,100,4,100,4
0.6799999999999997,0.3000000000000001,25.611073451406394,5.79691009647956,5.512025087794492e-06,-2.6160332302862663,-1.9899208341378647,-2.471242583456954,-1.7888480657013193,0.0020034313201904,4,48,8.0,14.0,0.0,86,4,86,4
0.6799999999999997,0.3100000000000001,76.90531245195831,18.295889793429925,7.240405371099591e-06,-0.7490130400676227,-0.7480913824493882,-0.7117770629742273,-0.6973019052986349,0.0019998550415039,4,203,3.0,51.0,0.0,100,4,99,4
0.6799999999999997,0.35000000000000014,16.878857583774245,4.25,6.779506659928618e-06,-0.7645920254634608,-0.7589180050718511,-0.7591818357239342,-0.7295205417967463,0.0020008087158203,4,51,4.0,15.0,0.0,99,4,98,4
0.6799999999999997,0.37000000000000016,0.9519716382329886,0.338501600193165,8.555425142250528e-06,-0.0966386554621849,-0.0486593843098315,0.6925795053003534,0.0316901408450702,0.002002477645874,4,10,5.0,2.0,0.0,1,4,18,4
0.6799999999999997,0.4400000000000002,26.968345642005307,7.786874640487457,6.561372758098426e-06,-0.4877054419932665,-0.4602124407164973,-0.4654828621203535,-0.4287502546518451,0.0019998550415039,4,95,6.0,30.0,1.0,100,97,99,90
0.6799999999999997,0.46000000000000024,82.21130041950843,21.35025370653317,4.137775700844718e-06,-0.2257075118097133,-0.2727096461463887,-0.2091031912415559,-0.2494022084383182,0.001997947692871,4,310,25.0,79.0,6.0,100,99,100,98
0.6799999999999997,0.48000000000000026,152.98015257978184,38.19344948199014,4.9077590094998686e-06,-0.3697089328661214,-0.4000063107704545,-0.3464843985116663,-0.3714691444171041,0.0019969940185546,4,507,25.0,125.0,6.0,100,99,100,99
0.6799999999999997,0.5100000000000002,997.040547904982,236.63947173566237,3.729720757176867e-06,-0.4478090501793501,-0.4837953196047284,-0.4151650012162784,-0.447373934748027,0.0019986629486083,4,2994,167.0,683.0,43.0,100,99,100,99
0.6799999999999997,0.5200000000000002,147.33055238702755,38.91978931083774,3.32220315759822e-06,0.1946876040316668,0.1775031225270849,0.2082811550151976,0.1923976436378515,0.0019989013671875,4,668,190.0,172.0,49.0,100,99,99,99
0.6799999999999997,0.5800000000000003,0.0,0.0,3.8671742030683697e-07,,,1.0,1.0,0.0009996891021728,99,3142,3142.0,735.0,725.0,100,99,99,99
0.6799999999999997,0.6400000000000003,319.651443692259,100.76254715463932,6.790221690703708e-07,0.9245014751723192,0.7496623640917086,0.9948307290482524,0.989895292890424,0.0020008087158203,78,6728,6021.0,1407.0,1247.0,100,98,99,95
0.6799999999999997,0.6500000000000004,147.25233444669053,48.39292303632836,4.1689950654451e-07,0.897404141308398,0.8090600910366019,0.99876059577685,0.997865053650182,0.0009999275207519,92,4581,4859.0,1138.0,1191.0,100,99,100,99
0.6799999999999997,0.6700000000000004,234.60001420858157,69.36167289408948,3.640447737089074e-06,0.8801958234831596,0.8453063884455316,0.881878248172789,0.8475967077193123,0.0020124912261962,4,2848,4004.0,733.0,1066.0,100,99,100,99
0.6799999999999997,0.6900000000000004,284.18201327083784,74.33819117160887,4.153740409499842e-07,0.8963856050305605,0.8534947006140103,0.9958314091880685,0.9955159320178238,0.0020003318786621,88,5975,6489.0,1426.0,1563.0,100,99,100,99
0.6799999999999997,0.7200000000000004,301.6648250404191,66.33375209248054,2.587472142199189e-07,0.9662690971001652,0.9441164593217564,0.9966426266149035,0.9967995762207844,0.0019996166229248,76,7994,8306.0,1692.0,1745.0,99,97,93,93
0.6799999999999997,0.7300000000000004,700.319248628795,161.76897106676546,3.88212855522617e-07,0.7926685466156094,0.699287025892529,0.9810058227989172,0.981927724988056,0.0020008087158203,80,7899,9056.0,1716.0,1938.0,100,99,100,98
0.6799999999999997,0.7800000000000005,1348.6538761957338,336.61179420810555,8.14043639396866e-07,0.2577060504613523,0.0224307172875065,0.9284011870840732,0.9273089271006568,0.0009992122650146,82,8099,10443.0,1900.0,2386.0,100,99,100,99
0.6799999999999997,0.8500000000000005,1596.1967968536069,337.6247917437344,5.846900960239052e-07,0.6097900355855117,0.4561480212714135,0.9416948959714576,0.9480929721047796,0.0009999275207519,72,10623,12506.0,2265.0,2685.0,97,93,93,90
0.6799999999999997,0.8600000000000005,1435.8301605691393,312.5455466807998,5.95094614594586e-07,0.712328385610965,0.5521227350462619,0.9548990774905464,0.9546236483768236,0.0019998550415039,68,10901,12570.0,2385.0,2704.0,93,89,92,86
0.6799999999999997,0.9200000000000006,1520.5953850383737,342.200562536066,1.804575766591521e-06,0.7232696408630923,0.6696155911638408,0.955303636155953,0.9464119385652824,0.0009999275207519,60,12637,14007.0,2678.0,3017.0,84,81,81,78
0.6799999999999997,0.9700000000000006,2210.5520803636364,531.5074212923926,9.757440226242913e-07,0.5789391310845446,0.2804395839824939,0.9286081799458388,0.9053720289061884,0.002000093460083,64,13772,16434.0,2979.0,3587.0,90,84,85,81
0.6899999999999997,0.22000000000000003,14.588094460895158,3.677068578818368,1.3530752024715572e-05,-3.0023590344284354,-1.2692307692307692,-2.991707876540364,-1.2070701059325637,0.0019998550415039,4,34,8.0,11.0,0.0,100,4,99,4
0.6899999999999997,0.26000000000000006,0.4564354645876384,0.2700308624336608,6.852871824048187e-06,0.8779247202441506,-0.0786516853932586,0.9462524522318668,0.3636363636363635,0.002000093460083,4,10,6.0,2.0,0.0,1,4,4,4
0.6899999999999997,0.2700000000000001,0.6123724356957945,0.25,6.38394469982174e-06,0.7946768060836501,-0.0666666666666666,0.9134532166554477,-0.0638297872340425,0.0019996166229248,4,10,6.0,1.0,0.0,1,4,9,4
0.6899999999999997,0.2800000000000001,19.96689969257454,5.032188059548914,1.1133302471710085e-05,-1.933480664394958,-1.516156160041401,-1.866341735217816,-1.37228592339595,0.0019996166229248,4,49,3.0,18.0,0.0,100,4,98,4
0.6899999999999997,0.3000000000000001,0.4330127018922193,0.338501600193165,7.192164479104436e-06,0.7852882703777335,-0.083076923076923,0.934714011098618,-0.079489695780176,0.002000093460083,4,10,4.0,2.0,0.0,1,4,14,4
0.6899999999999997,0.3100000000000001,28.32273085938807,7.097534783289195,8.145298813369967e-06,-0.7704100204224733,-0.6664429217024239,-0.7517907123176988,-0.6231510476976831,0.002007246017456,4,93,4.0,26.0,1.0,100,4,100,4
0.6899999999999997,0.3300000000000001,0.9682458365518544,0.25,5.416292653693343e-06,0.465048603801622,0.109737248840804,0.7814260734408395,0.2949471210340774,0.002514362335205,4,10,8.0,2.0,1.0,1,4,6,4
0.6899999999999997,0.34000000000000014,132.2905577381344,31.48428840972377,8.097862716940728e-06,-0.7326313285449786,-0.7256401266955199,-0.6917753199654422,-0.6769640150847636,0.0015032291412353,4,371,8.0,94.0,1.0,100,4,99,4
0.6899999999999997,0.38000000000000017,174.72362104191865,41.57185045195848,4.021434604561167e-06,-0.6300826717546013,-0.6701239522444951,-0.5937161343865847,-0.6265243794837285,0.002000093460083,4,525,5.0,122.0,1.0,100,4,99,4
0.6899999999999997,0.3900000000000002,48.43401869209973,11.557825631723873,5.138647055342735e-06,-0.6217002497578632,-0.6873684210526316,-0.5961572359678504,-0.6435568189537066,0.0019998550415039,4,137,8.0,37.0,1.0,100,4,100,4
0.6899999999999997,0.4300000000000002,209.9520530581526,52.044452153903975,3.0010800434115827e-06,-0.5290670489073022,-0.5418035775873571,-0.4969872176522549,-0.5056787798412943,0.0019998550415039,4,682,17.0,165.0,4.0,100,99,99,99
0.6899999999999997,0.45000000000000023,197.60912069875047,50.72803301265814,6.491139124798758e-06,-0.4770421953629702,-0.481890644280611,-0.4484249978375469,-0.4508445366987788,0.0009996891021728,4,662,15.0,179.0,3.0,100,99,100,96
0.6899999999999997,0.5500000000000003,327.5140741250672,84.801852377567,3.638545322408744e-06,0.0530251474531158,0.0521224852660014,0.0675111534612338,0.0673382285343543,0.0019996166229248,4,1407,273.0,378.0,72.0,100,99,100,99
0.6899999999999997,0.5600000000000003,370.0472942746643,90.71176880647847,3.263736307982737e-06,0.1864347346167661,0.193844846865139,0.199940991497429,0.208632754067472,0.0020027160644531,4,1655,470.0,396.0,125.0,100,99,99,99
0.6899999999999997,0.6200000000000003,556.6866825243801,141.4315941836665,2.822533851156192e-06,0.4068069763795686,0.4249688907571644,0.4157794195428484,0.4341239669513059,0.002000093460083,4,2940,1218.0,740.0,334.0,100,99,100,99
0.6899999999999997,0.6300000000000003,67.04049948671752,38.50231903961853,1.987744080879028e-07,0.992948689563198,0.94470833224706,0.9997284254916936,0.9984352142167272,0.001000165939331,86,5658,5699.0,1306.0,1283.0,100,99,100,99
0.6899999999999997,0.6600000000000004,314.2746277806509,82.4756908630254,2.2926484685950084e-06,0.6348795517080459,0.6608567869541406,0.6395119676429961,0.6653584412526716,0.0019998550415039,4,2333,3626.0,621.0,966.0,100,99,100,99
0.6899999999999997,0.6700000000000004,401.5164019721132,84.69511885518986,2.7376671126402184e-07,0.8302291554733191,0.7996049904126366,0.9910866437388428,0.9927574699364048,0.0010058879852294,81,6361,6868.0,1425.0,1461.0,100,99,100,99
0.6899999999999997,0.6900000000000004,431.33985606314127,118.7437216385415,5.409446379474036e-07,0.8173632604461621,0.7066633550235344,0.9896905717380414,0.987206528344598,0.0010180473327636,86,6154,6949.0,1457.0,1652.0,100,99,99,99
0.6899999999999997,0.7300000000000004,864.5794497904748,207.98497541889896,4.941314390987874e-07,0.4604414814572454,0.2624817518248175,0.965657750417009,0.9677737091764598,0.0010228157043457,84,6944,8495.0,1629.0,1958.0,100,99,99,99
0.6899999999999997,0.7500000000000004,456.2015845153168,118.35370716627342,1.2710437030216862e-06,0.937690650749115,0.865385306045869,0.993108346625868,0.9893881168858608,0.001000165939331,65,8731,8622.0,1876.0,1808.0,91,87,87,83
0.6899999999999997,0.7600000000000005,948.162327874294,202.93668963496967,4.480971002681044e-07,0.7045290080015387,0.6780035568451757,0.9684684903350712,0.9753535790972124,0.0009999275207519,80,8560,10028.0,1909.0,2157.0,100,99,98,98
0.6899999999999997,0.7800000000000005,593.2250536564637,137.42101627584375,4.25530793057329e-07,0.9212862385924154,0.8491192926328395,0.9906731009500586,0.9894601108139862,0.001000165939331,72,9554,10152.0,2003.0,2150.0,95,93,93,90
0.6899999999999997,0.8100000000000005,1480.0890474006264,411.8507725178252,9.96494375203325e-07,0.2494309390091,-0.2797198010527955,0.9215749565625634,0.9019008333828272,0.0019996166229248,83,8397,11244.0,1952.0,2649.0,100,99,100,99
0.6899999999999997,0.8200000000000005,1572.2847343004655,359.4173856992134,7.425164911743149e-07,0.4529287674629815,0.3015614640659944,0.931402255946211,0.938211144332184,0.002000093460083,79,9844,12149.0,2173.0,2609.0,100,99,100,96
0.6899999999999997,0.8700000000000006,1074.8287589709864,260.77747005615515,1.0923717523629093e-06,0.821441353976982,0.6800428762838479,0.9759994476560726,0.9672743782151244,0.0010027885437011,64,11288,12617.0,2389.0,2700.0,88,85,87,82
0.6899999999999997,0.8900000000000006,1740.3709800350466,369.680392491396,6.492158425509958e-07,0.6470458512187015,0.4984743874929717,0.9467292119447672,0.952406194899693,0.0020005702972412,73,11794,14184.0,2548.0,3073.0,97,93,94,90
0.6899999999999997,0.9300000000000006,1632.990564642223,376.3147129171204,1.4188173829892576e-06,0.6967371294063268,0.6093285598584974,0.952695799477902,0.9426038277603616,0.0010023117065429,62,12722,14573.0,2838.0,3156.0,86,83,82,79
0.6899999999999997,0.9600000000000006,2059.922160590615,473.55117775032295,1.4619338139506006e-06,0.6057250714662714,0.4735885202091107,0.9305297857999378,0.9145301760622768,0.0009989738464355,61,13452,15675.0,2916.0,3408.0,85,82,82,79
0.6999999999999996,0.2,0.25,0.2282177322938192,5.422530216996709e-06,0.9469759734879868,-0.019108280254777,0.9795994695862092,0.1438356164383558,0.0019996166229248,4,10,5.0,2.0,0.0,1,4,6,4
0.6999999999999996,0.21000000000000002,0.699702317656111,0.2700308624336608,1.1569083640852076e-05,0.7264791464597479,0.045454545454545,0.8853546687481706,0.0489130434782607,0.0020008087158203,4,10,8.0,1.0,1.0,1,4,5,4
0.6999999999999996,0.23000000000000004,13.370131512691511,3.0121282619879697,1.4465000027391177e-05,-1.6524127538173223,-1.1568303755674785,-1.643146701495848,-1.1102362204724407,0.0010254383087158,4,30,7.0,7.0,1.0,79,4,72,4
0.6999999999999996,0.3200000000000001,68.71362674171696,16.341409567924877,6.95267894052298e-06,-0.8852845931880331,-0.8059456159301175,-0.8396098226812077,-0.7495441194134156,0.0020182132720947,4,186,5.0,45.0,0.0,100,4,96,4
0.6999999999999996,0.38000000000000017,161.16570794268446,39.76729183638232,5.0754552119729175e-06,-0.6536116942776076,-0.6552701647396386,-0.615894740811473,-0.6129923346262653,0.0020003318786621,4,450,2.0,111.0,0.0,100,4,99,4
0.6999999999999996,0.5200000000000002,435.214326989205,109.77941898795665,2.763653971327097e-06,-0.2479983965145038,-0.2488696910539294,-0.2251884829686485,-0.2249917044496834,0.002000093460083,4,1532,149.0,392.0,38.0,100,99,100,99
0.6999999999999996,0.5400000000000003,12.590092003899995,5.239075936333302,3.304071267866035e-06,0.9411117612450268,0.8758166469316462,0.9416614565674012,0.8774470475900787,0.0019998550415039,4,237,188.0,67.0,49.0,100,99,99,99
0.6999999999999996,0.5600000000000003,112.1883337171126,54.93733804172816,5.810930784454027e-07,0.917233431041904,0.5257874542696528,0.9992033257709906,0.9965927016022056,0.001002550125122,91,4365,4135.0,997.0,909.0,100,99,100,99
0.6999999999999996,0.6200000000000003,69.49190600350518,27.85677655436824,3.090317586316357e-07,0.9745057259088372,0.928302082912266,0.9997105553128708,0.9992320619851064,0.0009999275207519,92,4527,4660.0,1119.0,1122.0,100,99,100,99
0.6999999999999996,0.6400000000000003,205.675350978186,70.21716314406329,4.95324319079643e-07,0.9615219715335758,0.8351363440942192,0.9977960796147508,0.995058580503328,0.0019972324371337,80,6440,6030.0,1375.0,1248.0,100,99,99,96
0.6999999999999996,0.6500000000000004,174.26990560621763,67.50555532695068,5.336180185297451e-07,0.9000247583983478,0.700113092210774,0.9981411548065298,0.9954553212250664,0.0010015964508056,91,4710,5090.0,1117.0,1248.0,100,99,98,99
0.6999999999999996,0.7200000000000004,424.67411034815865,97.46178738356896,2.904062257990831e-07,0.926171702628324,0.8927375835902098,0.99325255025994,0.9935685488448154,0.0020041465759277,80,7891,8685.0,1734.0,1848.0,100,99,99,98
0.6999999999999996,0.7600000000000005,386.953007004248,91.28973006212044,6.045937853492107e-07,0.9627871682837428,0.92775039084483,0.9958284671152354,0.9952666530508414,0.0020008087158203,73,9160,9560.0,1971.0,2019.0,97,94,93,90
0.6999999999999996,0.8300000000000005,720.6048135401936,171.65364246928456,1.4233644507116815e-06,0.9024676707909216,0.8428340190508905,0.9869485218519256,0.983238251680857,0.0020039081573486,63,10496,11040.0,2244.0,2344.0,87,85,82,81
0.6999999999999996,0.8500000000000005,140.11780757633915,100.69011868103048,1.7463808008253637e-06,0.8551499716643081,0.0684254957474544,0.9989421001176692,0.9930575877631564,0.0020003318786621,96,4006,4270.0,1078.0,1269.0,100,99,100,99
0.6999999999999996,0.8800000000000006,2047.596451274696,470.5639749762561,8.758718200578456e-07,0.4407356421325096,0.2377467532077732,0.9174340380636972,0.92292456418263,0.0020005702972412,78,11612,14444.0,2500.0,3138.0,100,98,99,95
0.6999999999999996,0.9000000000000006,1979.0728498030555,434.8727915466616,6.889724758395273e-07,0.6091641628253048,0.4225165329956637,0.9314756952001229,0.9338490382278416,0.0010020732879638,71,12275,14598.0,2634.0,3160.0,97,92,92,89
0.7099999999999996,0.21000000000000002,15.350081433008752,3.598321367897352,1.2023261836744684e-05,-2.4810934203692185,-1.360920404408128,-2.430334040530109,-1.2734339277549154,0.0019969940185546,4,32,5.0,10.0,2.0,85,4,85,4
0.7099999999999996,0.23000000000000004,8.194891701541883,2.1913656320507844,1.4107823611382444e-05,-2.7951667596686267,-1.5021767399785153,-2.733257668320874,-1.3603502124827194,0.002000093460083,4,14,2.0,5.0,0.0,52,4,49,4
0.7099999999999996,0.25000000000000006,35.672847984613355,8.321032588166767,9.1162156017473e-06,-0.9926629990157184,-0.7858878054787466,-0.9580300549158792,-0.7401616855509248,0.0019986629486083,4,95,8.0,23.0,1.0,100,4,91,4
0.7099999999999996,0.26000000000000006,0.338501600193165,0.1020620726159657,5.375791057465519e-06,0.8252812706816678,0.4893617021276596,0.9652107909801068,0.6563573883161513,0.0019998550415039,4,10,5.0,1.0,1.0,1,4,3,4
0.7099999999999996,0.3000000000000001,0.1767766952966369,0.0,5.375791057465519e-06,0.8633776091081593,1.0,0.9918247220405494,1.0,0.0019998550415039,4,11,3.0,1.0,0.0,2,4,2,4
0.7099999999999996,0.34000000000000014,0.338501600193165,0.2041241452319315,5.565352466406346e-06,0.6161395856052345,-0.0434782608695647,0.9619324473975636,-0.0416666666666665,0.0019998550415039,4,10,2.0,1.0,0.0,1,4,6,4
0.7099999999999996,0.36000000000000015,27.33682650443049,6.653633092779714,8.364710292318194e-06,-0.6344523506150257,-0.6041771514846501,-0.616350370489197,-0.5663236724946192,0.0020003318786621,4,80,4.0,22.0,0.0,100,4,100,4
0.7099999999999996,0.37000000000000016,39.704376333094565,10.29259442511945,5.039842358517431e-06,-0.7550557467907617,-0.6623079437724746,-0.7252372346546305,-0.622333000997009,0.0009999275207519,4,135,7.0,30.0,2.0,100,4,98,4
0.7099999999999996,0.4000000000000002,23.28603837782059,6.242495494591887,1.1654783776542704e-05,-0.6047418315125124,-0.6214180907018219,-0.5870180067322124,-0.5820924557745741,0.0019998550415039,4,71,2.0,19.0,0.0,99,4,94,4
0.7099999999999996,0.4300000000000002,100.2397646479014,26.1699175262998,7.822773579497654e-06,-0.4985948134495725,-0.529009259988251,-0.4710855839289047,-0.4953120113717129,0.0020010471343994,4,310,7.0,77.0,1.0,100,99,100,88
0.7099999999999996,0.46000000000000024,264.73833386320666,68.48311835773835,5.556575855471304e-06,-0.4571731991575702,-0.4648951551405671,-0.4287884283472114,-0.4343707385489346,0.0020003318786621,4,852,24.0,230.0,5.0,100,99,100,97
0.7099999999999996,0.48000000000000026,601.2325534544294,148.44517085442692,3.184169139811828e-06,-0.4703058141196479,-0.4894064012161936,-0.4402567407823832,-0.4570382402895885,0.002000093460083,4,1907,49.0,499.0,12.0,100,99,100,99
0.7099999999999996,0.5900000000000003,93.90724907360148,28.814678798933613,2.391409814430396e-07,0.916395731385953,0.7903146002556385,0.99947139378925,0.9991425662628244,0.0010004043579101,93,4098,4183.0,927.0,975.0,100,99,98,99
0.7099999999999996,0.6000000000000003,86.71615943809036,52.44777622329884,3.801327471131065e-07,0.9833978687555454,0.8329734449047344,0.9995372973353784,0.9970505482095564,0.0020167827606201,87,5319,5125.0,1212.0,1137.0,100,99,99,99
0.7099999999999996,0.6200000000000003,664.1994881057949,179.2637163510787,1.257758389335894e-06,0.5270744336345105,-0.3701748394580717,0.975785021471354,0.9630510073483304,0.001000165939331,75,6157,5187.0,1332.0,1067.0,96,93,90,90
0.7099999999999996,0.6500000000000004,447.5521422136196,131.64801555663496,8.447946256457465e-07,0.8744590478492849,0.6077594395015649,0.990666723584552,0.9835253161760572,0.0009994506835937,75,6858,6152.0,1462.0,1274.0,96,95,95,92
0.7099999999999996,0.6800000000000004,216.46609764249789,44.727747859370574,2.516258532999261e-07,0.9719046421057764,0.9643958601549234,0.9978949332863593,0.9983245590187652,0.0009984970092773,79,7193,7327.0,1560.0,1529.0,100,99,100,96
0.7099999999999996,0.7000000000000004,148.60403763020707,64.37421844185761,5.375549959058198e-07,0.991411212972631,0.9488906073406668,0.9991672792696008,0.9969152620471552,0.001002550125122,75,8008,7785.0,1717.0,1631.0,100,96,92,93
0.7099999999999996,0.7200000000000004,388.5175414315292,82.76424348714848,4.74764175277769e-07,0.938567597482127,0.9134838908710388,0.9942872643711732,0.99500156263047,0.0009999275207519,75,7973,8227.0,1757.0,1727.0,100,96,96,93
0.7099999999999996,0.7600000000000005,941.053133462718,252.4421963539376,7.286555629055451e-07,0.5702479749924668,0.346922344656086,0.9640803630190764,0.9582358578772494,0.0009994506835937,84,7748,9424.0,1789.0,2220.0,100,99,100,99
0.7099999999999996,0.7700000000000005,834.5765153657272,167.3002092048901,4.104251478541092e-07,0.8391538078684053,0.8120160447591663,0.9795583439314868,0.9844120249465949,0.0019998550415039,75,9358,10157.0,1991.0,2158.0,99,96,95,93
0.7099999999999996,0.8000000000000005,451.4653302795736,120.14250797374852,1.4413837065108988e-06,0.9588736290534252,0.9163430037413424,0.9946749998950972,0.9913575040512148,0.0020022392272949,64,10201,10110.0,2253.0,2135.0,88,86,84,82
0.7099999999999996,0.8500000000000005,711.1794975797444,189.619795028543,1.5775977253424383e-06,0.9238391201249186,0.8361441721475575,0.989492278604704,0.9826132666380016,0.0019977092742919,64,11511,11913.0,2473.0,2540.0,88,85,84,82
0.7099999999999996,0.8700000000000006,1090.7106373573351,257.7554288683579,1.3767980837812062e-06,0.8292017258818228,0.7311028867440827,0.975952780441082,0.9694073386855988,0.0020010471343994,64,11597,12543.0,2549.0,2681.0,88,85,84,81
0.7099999999999996,0.9300000000000006,1600.5703632783152,342.44472582287267,1.98326694562852e-06,0.7092728309788272,0.7248305193286955,0.9511667483131254,0.948186991067709,0.0020010471343994,59,12753,14361.0,2795.0,3101.0,84,80,82,76
0.7099999999999996,0.9400000000000006,1518.458585602675,335.217235890542,2.3081765368996115e-06,0.7596704064772347,0.7661604479350878,0.9568657786012166,0.9509540361000116,0.0020327568054199,58,13205,14701.0,2842.0,3182.0,82,79,79,76
0.7099999999999996,0.9500000000000006,1635.6415662770785,342.01435967254685,3.11088564782818e-06,0.7677998431563953,0.8119247593563093,0.9475193744705238,0.94688215936329,0.0020005702972412,55,13679,14882.0,3001.0,3216.0,81,76,76,73
0.7199999999999996,0.22000000000000003,4.95395464923395,1.496523749672331,2.9611878443573607e-05,-1.921604340244139,-1.0576213737414015,-1.5994086235050091,-0.9770114942528734,0.0029959678649902,4,12,6.0,5.0,0.0,99,4,99,4
0.7199999999999996,0.23000000000000004,0.9298297335175584,0.3818813079129867,5.634407057007318e-06,0.6166281755196306,-0.05,0.8,-0.0479041916167675,0.0020012855529785,4,10,4.0,3.0,0.0,1,4,11,4
0.7199999999999996,0.25000000000000006,0.5400617248673217,0.0,5.375791057465519e-06,0.4874141876430206,1.0,0.886345185906803,1.0,0.0019989013671875,4,10,3.0,0.0,0.0,1,4,1,4
0.7199999999999996,0.34000000000000014,20.83016642596341,5.430431229040042,8.762047546181751e-06,-0.8348036874250657,-0.6542656797818465,-0.8210107409643479,-0.6120399052478136,0.0019998550415039,4,70,8.0,18.0,1.0,99,4,98,4
0.7199999999999996,0.35000000000000014,76.10464287194749,18.1429508808977,6.008405089502139e-06,-0.6306647543678947,-0.626477439970833,-0.6037269929550679,-0.5900083072902385,0.0029981136322021,4,239,5.0,60.0,1.0,100,4,100,4
0.7199999999999996,0.37000000000000016,4.307212942650192,1.4648663192705789,9.034719962955544e-06,-1.642433234421365,-0.8727272727272728,-1.4164224465429285,-0.809557273366128,0.0029983520507812,4,19,5.0,7.0,0.0,99,4,99,4
0.7199999999999996,0.47000000000000025,430.3760589104991,108.39832986105766,2.6536289506359783e-06,-0.3998530399725348,-0.410824852356594,-0.3724442940858947,-0.3815809529541518,0.0029983520507812,4,1430,65.0,362.0,16.0,100,99,100,99
0.7199999999999996,0.48000000000000026,104.19148037787608,26.38556265586669,3.5428785292415767e-06,-0.0550937119777024,-0.0577349638794826,-0.0393895345416104,-0.0405672543363715,0.0035042762756347,4,418,63.0,99.0,15.0,100,99,99,99
0.7199999999999996,0.49000000000000027,399.5911582480273,103.3494779054705,3.375186692914444e-06,-0.3197613001079971,-0.3344239125706356,-0.2961744008763789,-0.3092300188364763,0.0025742053985595,4,1410,82.0,365.0,21.0,100,99,99,99
0.7199999999999996,0.5100000000000002,193.34328278996404,49.84528145505183,6.074342270576841e-06,0.0250032628278378,0.0296949147026338,0.0409075345065571,0.0463128644944356,0.002000093460083,4,808,160.0,220.0,41.0,100,99,100,99
0.7199999999999996,0.5300000000000002,17.460371798255995,3.976493430146717,4.488236731646106e-06,0.6739046869167816,0.7786472889882616,0.6762174426609933,0.7823893023842563,0.0019998550415039,4,145,192.0,40.0,50.0,100,99,100,99
0.7199999999999996,0.5500000000000003,369.7283913000641,93.5272910260244,5.0244679214622444e-06,0.1633261712715501,0.1631780563596698,0.1763706236946154,0.1771882152880951,0.0020046234130859,4,1641,423.0,433.0,112.0,100,99,100,99
0.7199999999999996,0.5600000000000003,69.51138995397325,15.72153512436577,2.576993988092953e-07,0.8979891764584452,0.8973950946137614,0.9997014813920276,0.9997401907538755,0.0010077953338623,94,3670,3737.0,861.0,860.0,100,99,100,99
0.7199999999999996,0.6100000000000003,147.67087559840633,65.40021024431037,4.480341622048628e-07,0.967524002270412,0.8061245972069236,0.9986602634692062,0.9952543620967792,0.0010156631469726,84,5606,5387.0,1253.0,1159.0,100,99,97,99
0.7199999999999996,0.6300000000000003,144.75005681300584,73.25226779316873,5.827126191681264e-07,0.979900208438968,0.8465071057563164,0.9988378622463882,0.9945579373843072,0.002000093460083,81,6285,5956.0,1383.0,1245.0,100,99,99,98
0.7199999999999996,0.7000000000000004,291.5460941257832,99.58413528268446,7.20742561050671e-07,0.7154612271917465,0.409578827414591,0.99457292527483,0.9905464475969938,0.0010004043579101,92,4662,5181.0,1179.0,1348.0,100,99,100,99
0.7199999999999996,0.7300000000000004,377.94973210732667,87.36447632841355,6.942073214954473e-07,0.949709383805885,0.9018493402688296,0.9948374937342936,0.994247704601504,0.0009999275207519,71,8175,8369.0,1736.0,1754.0,95,92,91,89
0.7199999999999996,0.7400000000000004,504.3532258948962,138.44270422431504,1.4317928642067717e-06,0.923174037640918,0.7965238509237231,0.9913746249901126,0.985382967083374,0.0015091896057128,66,8714,8262.0,1848.0,1730.0,92,87,89,84
0.7199999999999996,0.7500000000000004,786.5651594114756,156.07450144081832,3.9325098053410585e-07,0.819216891998538,0.807309599730916,0.9789195207619408,0.9844008262206926,0.0020112991333007,76,8682,9471.0,1909.0,2003.0,100,97,95,94
0.7199999999999996,0.7800000000000005,460.1888199424232,180.43038823878865,1.23412737842697e-06,0.6003578801917536,-0.0211735667861083,0.9891433734844768,0.9761232125002156,0.0019998550415039,92,5405,6309.0,1384.0,1726.0,100,99,100,99
0.7199999999999996,0.8100000000000005,896.8349284505421,186.20896266769165,4.496533859819525e-07,0.8647494069217345,0.8039985341675282,0.9814176419423946,0.9840404759191614,0.0010020732879638,73,10304,11402.0,2194.0,2433.0,96,94,94,91
0.7199999999999996,0.8500000000000005,1330.8145196511366,278.53814819518,4.980364621736e-07,0.7720568453609542,0.684488460465497,0.9631077447326204,0.9678362018196318,0.0019996166229248,72,11131,12641.0,2381.0,2716.0,98,93,92,90
0.7199999999999996,0.8600000000000005,1669.7900826151772,356.72701047159296,6.397296226064115e-07,0.6667455844153871,0.5840059282640632,0.945278687671247,0.9534788884031172,0.0019943714141845,75,11592,13582.0,2539.0,2939.0,99,96,95,92
0.7199999999999996,0.8700000000000006,1226.945597815975,291.6497256984824,6.871785586562787e-07,0.8131057992506923,0.6294917782567153,0.9712241994826256,0.9648263577582816,0.0009982585906982,68,11631,13010.0,2487.0,2803.0,93,89,90,86
0.7199999999999996,0.8800000000000006,1102.4152495103383,266.1798927306825,9.54286958244068e-07,0.8408830862303458,0.7069190258012406,0.9770935653385142,0.9701552886775427,0.0020003318786621,66,11777,13074.0,2548.0,2804.0,90,87,88,83
0.7199999999999996,0.9000000000000006,1257.7842831862315,310.9224788894941,8.577857339978951e-07,0.8430757287079222,0.6916106554259721,0.974093268896847,0.9650949375378988,0.0009989738464355,67,12689,14127.0,2746.0,3053.0,91,88,87,85
0.7199999999999996,0.9300000000000006,1554.6897839518738,357.7297409603618,1.1889651353384613e-06,0.7566846643325791,0.655250272305158,0.959944353527768,0.9518524570369236,0.001000165939331,63,13103,14838.0,2870.0,3212.0,88,84,84,81
0.7199999999999996,0.9500000000000006,1734.986592822183,372.2899651908687,2.7170998569838014e-06,0.7198452780082143,0.7576994143539694,0.942928493916481,0.9392249333887818,0.002000093460083,56,13486,15072.0,2939.0,3266.0,81,77,77,74
0.7199999999999996,0.9600000000000006,1773.7850701254647,391.8366049771256,1.9012692548114508e-06,0.7121339972963954,0.7054067485746398,0.9488667683240084,0.9426801672644578,0.0019996166229248,60,13891,15625.0,3069.0,3390.0,83,81,82,77
0.7199999999999996,0.9800000000000006,2070.94825301519,449.310185570217,2.3793728324233447e-06,0.6539828383935284,0.6758133592098554,0.93108207741261,0.9241317812810698,0.001000165939331,58,14605,16265.0,3106.0,3545.0,83,78,79,75
0.7199999999999996,0.9900000000000007,2329.03553631364,554.4757990793701,9.316695124354604e-07,0.6277905875044555,0.3968085699029565,0.9321726540607864,0.9155561183792652,0.0009996891021728,66,14735,17448.0,3229.0,3827.0,91,86,87,83
0.7299999999999996,0.2,0.5590169943749475,0.2282177322938192,5.517623241167294e-06,0.8896889842193964,0.1111111111111111,0.9382258463059056,0.5093228655544653,0.0019993782043457,4,10,8.0,2.0,1.0,1,4,3,4
0.7299999999999996,0.21000000000000002,0.4208127057650866,0.0,5.375791057465519e-06,0.5999019367492033,1.0,0.9170731707317074,1.0,0.0019984245300292,4,10,3.0,0.0,0.0,1,4,1,4
0.7299999999999996,0.24000000000000005,0.2282177322938192,0.0,5.375791057465519e-06,0.836901121304791,1.0,0.9805258033106136,1.0,0.0019996166229248,4,10,3.0,1.0,0.0,1,4,3,4
0.7299999999999996,0.3000000000000001,0.2282177322938192,0.0,5.375791057465519e-06,0.8913043478260869,1.0,0.9811206766349494,1.0,0.0019996166229248,4,10,4.0,0.0,0.0,1,4,1,4
0.7299999999999996,0.35000000000000014,9.74037986938908,2.7003086243366083,7.424877673113295e-06,-0.889250926942257,-0.6153846153846154,-0.8840603693651949,-0.5852885225110973,0.0019986629486083,4,41,5.0,13.0,0.0,100,4,100,4
0.7299999999999996,0.4100000000000002,340.67767941266715,82.78976889286099,3.568902370589356e-06,-0.5885637983854646,-0.6175772343749728,-0.5518977437793988,-0.5769023461430518,0.0019984245300292,4,995,13.0,242.0,3.0,100,99,100,4
0.7299999999999996,0.4200000000000002,171.6696197157008,42.339156423654295,4.213596937464164e-06,-0.4827154386607659,-0.4983741184582109,-0.4528640674002755,-0.4648321124838526,0.0010013580322265,4,564,24.0,140.0,5.0,100,99,100,96
0.7299999999999996,0.47000000000000025,716.6398153884558,173.42871974772038,3.416056912160446e-06,-0.5058183466735553,-0.5288241509429801,-0.4728123963205748,-0.492916950440764,0.0019993782043457,4,2141,60.0,525.0,15.0,100,99,100,99
0.7299999999999996,0.5000000000000002,79.0266305325827,21.768191626009425,7.116449182247562e-06,0.2185892534408452,0.1752178560771174,0.2272950515603404,0.1871653243905437,0.0019993782043457,4,375,94.0,96.0,24.0,100,99,99,99
0.7299999999999996,0.5500000000000003,807.9948109878759,202.44348491204485,3.192480783539266e-06,-0.159578968013899,-0.1640588272126981,-0.1396040532849003,-0.1427829795315478,0.001997947692871,4,2907,364.0,726.0,96.0,100,99,100,99
0.7299999999999996,0.5600000000000003,153.81174234541825,40.00208327908269,5.354388010001605e-06,-5472.942607516759,-5121.311913858977,-3334.055800293686,-4892.7878305192735,0.0020003318786621,4,10,579.0,3.0,154.0,1,99,7,99
0.7299999999999996,0.5700000000000003,724.7582068064723,182.76122856521476,2.3158859306649024e-06,-0.1544032508980861,-0.1609355878695135,-0.1358491911149144,-0.1408938631729122,0.0019984245300292,4,2674,315.0,660.0,85.0,100,99,100,99
0.7299999999999996,0.6000000000000003,103.76699010424323,54.340430187303234,5.267344854614364e-07,0.9812179168719056,0.863438355927636,0.9992951816998312,0.9963884461503706,0.0009973049163818,83,5475,5245.0,1229.0,1107.0,100,99,99,99
0.7299999999999996,0.6100000000000003,499.7581915286632,126.64007396291797,3.167897410619699e-06,0.3596862585890117,0.3791942348124494,0.3696914180204491,0.3893514888776535,0.001997947692871,4,2512,987.0,626.0,270.0,100,99,100,99
0.7299999999999996,0.6700000000000004,696.9983859378729,175.09640201900208,1.6371368737749634e-06,0.7173352267909214,0.2813886434924704,0.9783395500104688,0.969477395467067,0.0009999275207519,68,7260,6387.0,1563.0,1324.0,92,89,89,85
0.7299999999999996,0.7000000000000004,355.5319957472182,117.19783843285391,7.836542725174829e-07,0.6990980208194165,0.4036879776260117,0.9929496209863092,0.9882223481080892,0.0009992122650146,91,5174,5805.0,1269.0,1480.0,100,99,100,99
0.7299999999999996,0.7400000000000004,299.76294982361736,69.87971031024297,3.234860438320327e-07,0.9757175693275858,0.9582983990272635,0.9972605433776548,0.9971669629955738,0.0009965896606445,77,8890,9210.0,1885.0,1943.0,99,98,97,94
0.7299999999999996,0.8000000000000005,609.4798484890913,157.31751332893614,1.503705042285824e-06,0.930913559774104,0.8569379629241287,0.990805749704844,0.9860359717695992,0.0019996166229248,65,10312,10275.0,2215.0,2177.0,91,86,86,83
0.7299999999999996,0.8100000000000005,1066.4737349193028,230.95463938735992,4.392263569789498e-07,0.7922065252407859,0.7360917691356346,0.9729257103321618,0.9772187131380046,0.0020837783813476,78,10260,11805.0,2252.0,2532.0,100,98,97,95
0.7299999999999996,0.8300000000000005,888.4485243883322,192.9900161704315,2.443486988794648e-06,0.8598238301045962,0.8610330758910567,0.9796547332310206,0.9773784865245192,0.0019989013671875,59,10892,10982.0,2332.0,2331.0,83,80,81,76
0.7299999999999996,0.8600000000000005,951.5271083042448,215.43582477061372,1.4121619718141575e-06,0.8683832024130056,0.8107242180864223,0.9809203488857624,0.9772599079139213,0.0020074844360351,63,11609,12241.0,2461.0,2617.0,87,84,84,81
0.7299999999999996,0.8800000000000006,1206.1938461933034,285.41927433542776,1.4015441225188706e-06,0.8156087025606746,0.7108594574242664,0.9715527920484665,0.9630736379011322,0.0030665397644042,63,12123,12929.0,2600.0,2773.0,88,84,85,81
0.7299999999999996,0.9000000000000006,1093.966840159436,254.53321570030275,1.7155938700342154e-06,0.8576803545325709,0.809220532240108,0.9777804448190706,0.9723247584107076,0.0010006427764892,62,12479,13537.0,2743.0,2914.0,85,83,83,80
0.7299999999999996,0.9200000000000006,1410.9217377303391,314.8175265133757,2.0748687950042905e-06,0.7951737318919305,0.7674344507941419,0.9642549730717234,0.9584065040535116,0.002000093460083,60,13063,14265.0,2883.0,3080.0,84,81,83,78
0.7299999999999996,0.9300000000000006,1487.9269816434887,358.9067107578612,1.5059088726559322e-06,0.7878929410300936,0.6673815277296409,0.9648938338217816,0.9528479627668872,0.0019998550415039,63,13531,14872.0,2919.0,3218.0,88,84,83,81
0.7299999999999996,0.9700000000000006,1721.82325602833,387.3874997983286,2.175264795936576e-06,0.7563117432754662,0.7358357015644589,0.954794278824157,0.9467515395892652,0.002000093460083,60,14492,16026.0,3051.0,3484.0,84,81,80,77
0.7299999999999996,0.9800000000000006,1908.4327994456603,422.5002071005409,2.288065723397012e-06,0.7122401795691892,0.6950787394513426,0.946400891792228,0.9396728338830644,0.002000093460083,60,14530,16605.0,3159.0,3620.0,85,81,81,78
0.7299999999999996,0.9900000000000007,1390.15210763173,276.37272360517267,4.946288100077852e-06,0.8939046647752527,0.9268039229532374,0.9629846426058242,0.9671567048441446,0.002000093460083,49,14977,16115.0,3338.0,3496.0,73,70,70,67
0.7399999999999997,0.21000000000000002,7.048936089935842,1.9094065395649331,1.8548131794128903e-05,-0.9695822723831812,-0.5671641791044775,-0.931361751749158,-0.5397474814130483,0.0019993782043457,4,20,7.0,5.0,2.0,88,4,81,4
0.7399999999999997,0.25000000000000006,0.3679900360969936,0.2282177322938192,6.765884915057811e-06,0.8598225317308772,-0.0549450549450545,0.9616519174041298,-0.0526315789473683,0.0019993782043457,4,10,5.0,1.0,0.0,1,4,7,4
0.7399999999999997,0.2800000000000001,0.2041241452319315,0.0,5.375791057465519e-06,0.7239396117900792,1.0,0.9808098253694107,1.0,0.0019996166229248,4,10,3.0,0.0,0.0,1,4,1,4
0.7399999999999997,0.3000000000000001,0.3679900360969936,0.1443375672974064,5.537731010129836e-06,0.5660639777468706,-0.0212765957446807,0.9537102976783932,0.3127147766323026,0.0019991397857666,4,10,4.0,1.0,0.0,1,4,3,4
0.7399999999999997,0.3200000000000001,48.78321518036028,11.524882501208706,6.255722124531686e-06,-0.7545855332063358,-0.7231299383015832,-0.7284312455665927,-0.6860625790899679,0.0019998550415039,4,140,10.0,35.0,2.0,99,4,99,4
0.7399999999999997,0.3300000000000001,109.0577541947385,25.72369206263621,5.110375990721652e-06,-0.812867461450582,-0.7703136852244235,-0.7667666001028319,-0.7203338949162084,0.0019974708557128,4,329,7.0,77.0,1.0,100,4,97,4
0.7399999999999997,0.38000000000000017,149.90201660862783,36.154615887878,5.072835364306973e-06,-0.639945215841881,-0.6715701510563288,-0.6040237683361436,-0.6278409090909092,0.002000093460083,4,446,4.0,101.0,1.0,100,4,99,4
0.7399999999999997,0.4000000000000002,94.49900793130053,22.39419567655869,4.376587110129855e-06,-0.5631544399197717,-0.5793742678627811,-0.5326064075364063,-0.5445368073862122,0.0020003318786621,4,261,8.0,65.0,1.0,100,4,97,4
0.7399999999999997,0.4100000000000002,348.7225198253381,82.9855032520741,4.537810745480535e-06,-0.5805936844137549,-0.6121641911380467,-0.5463503404796468,-0.5733106459942172,0.0019998550415039,4,1000,5.0,246.0,1.0,100,99,100,95
0.7399999999999997,0.4300000000000002,174.20405300489807,42.55853811712365,3.344227766887378e-06,-0.5366406540464546,-0.5731158276546202,-0.5049336176172317,-0.5363672960296095,0.0019998550415039,4,569,15.0,146.0,3.0,100,99,99,96
0.7399999999999997,0.4400000000000002,184.7254155947867,45.35301349781879,4.948680177514781e-06,-0.3970339913399809,-0.4286893676539005,-0.3739882763545419,-0.4013688934599264,0.0019996166229248,4,593,15.0,146.0,3.0,100,99,98,96
0.7399999999999997,0.46000000000000024,65.90246897246466,16.439599042150228,5.025087438858549e-06,-0.082538119215477,-0.0973925295780753,-0.0704360315493151,-0.0815175343817948,0.0019996166229248,4,267,33.0,72.0,8.0,100,99,98,99
0.7399999999999997,0.49000000000000027,300.72758991042593,75.14707800928346,3.1861806922672816e-06,-0.2451012171959017,-0.2497711769476327,-0.2228503643708046,-0.2257670653673096,0.0019991397857666,4,1036,99.0,250.0,25.0,100,99,100,99
0.7399999999999997,0.5100000000000002,679.3303611523139,171.64920016320107,2.5034765510839744e-06,-0.3005644517248851,-0.3111334072056981,-0.2760932968392606,-0.2856113663514714,0.0019993782043457,4,2308,174.0,587.0,45.0,100,99,100,99
0.7399999999999997,0.5300000000000002,722.8362034951856,180.05580732095257,2.649791388186437e-06,-0.2670196184049702,-0.2935015539387464,-0.2470899248605358,-0.2709562907327627,0.0009989738464355,4,2504,149.0,607.0,39.0,100,99,100,99
0.7399999999999997,0.5600000000000003,313.342331431083,110.36907779506602,9.036263324841322e-07,0.7069807936667913,0.1058751567422088,0.9935167204772458,0.9854581042946956,0.0020017623901367,88,4816,4311.0,1100.0,927.0,100,99,99,99
0.7399999999999997,0.5900000000000003,413.7307794867779,135.90437814875574,1.0023013195150762e-06,0.7615488999307717,0.2403581202877487,0.9890583441885684,0.9775575000472474,0.001000165939331,81,5767,4890.0,1252.0,1004.0,100,99,100,96
0.7399999999999997,0.6200000000000003,360.64137311184913,122.03872336270976,8.430336583032049e-07,0.8755126339940891,0.503084566158856,0.9931149302596955,0.9851115329540376,0.0009989738464355,80,6393,5654.0,1371.0,1166.0,100,99,97,95
0.7399999999999997,0.6400000000000003,563.3859607238547,153.10103175983474,1.1670029111354923e-06,0.8045228937204927,0.4090204781662719,0.9847949532123152,0.9765441899645776,0.0019981861114501,73,6833,5967.0,1430.0,1234.0,97,94,95,90
0.7399999999999997,0.6800000000000004,312.75721266515035,93.21003760921413,8.125810681783766e-07,0.9554712907411248,0.8481446948910125,0.9959005360416224,0.992376541611965,0.0009994506835937,73,7474,6935.0,1599.0,1443.0,99,94,92,91
0.7399999999999997,0.7100000000000004,1159.3926256521847,315.2038031179192,3.3020275879475856e-06,-233.3097952240249,-204.3510141945068,-231.10222001963373,-201.8386993048396,0.0022790431976318,4,346,5102.0,97.0,1371.0,100,99,100,99
0.7399999999999997,0.7600000000000005,370.5248690323344,78.02289041410494,5.889139100866304e-07,0.9660157775709084,0.9487721958070588,0.996033758347568,0.996463819700366,0.0020215511322021,72,9147,9480.0,1991.0,2004.0,96,93,94,90
0.7399999999999997,0.7800000000000005,646.3022383787119,116.36956217155756,3.1164932200394965e-07,0.9211311798028275,0.9277942841927522,0.9891476230993138,0.9934837336266348,0.0010027885437011,76,9946,10474.0,2153.0,2229.0,100,97,96,93
0.7399999999999997,0.8400000000000005,760.459417063133,167.4680566555903,2.665935689611109e-06,0.9146035095569952,0.9072097777768422,0.986590997573656,0.9847148839315653,0.0009996891021728,60,11466,11310.0,2476.0,2408.0,83,82,80,78
0.7399999999999997,0.8600000000000005,801.3012762339254,211.5885296568624,1.1325730425926988e-06,0.9189836461705996,0.8187621336674132,0.9877309382114936,0.9807876170420812,0.0020036697387695,66,11596,12534.0,2514.0,2685.0,91,87,85,84
0.7399999999999997,0.8900000000000006,1144.362850381527,231.9910917829964,3.59416271969223e-06,0.8515686144559885,0.8855178459501848,0.9698923545989756,0.9708447028820598,0.0010011196136474,55,12346,12846.0,2694.0,2753.0,79,77,76,73
0.7399999999999997,0.9200000000000006,1714.2273222942167,400.4889589614176,7.493715425033621e-07,0.7407757482010437,0.5359701808612676,0.9556863939561832,0.9484624259973848,0.001000165939331,68,13091,15138.0,2784.0,3291.0,93,89,88,85
0.7399999999999997,0.9400000000000006,1259.681960995371,280.10389229032586,3.2100155556201323e-06,0.8501712237519681,0.8590898475415869,0.9716274078196152,0.9676251934481848,0.0009999275207519,58,13643,14718.0,2938.0,3187.0,82,78,77,75
0.7399999999999997,0.9600000000000006,1592.1621689052354,342.17508778061915,2.916720493950005e-06,0.7809144349220677,0.805531595782137,0.955475418486192,0.952134125337549,0.0020003318786621,57,13957,15375.0,3023.0,3336.0,81,78,78,74
0.7399999999999997,0.9800000000000006,1518.72414306459,329.3334521837597,3.0901207192759173e-06,0.8358409695225978,0.8598312493102067,0.9620973490819688,0.9590892154764452,0.001000165939331,56,14934,16224.0,3252.0,3530.0,80,77,76,74
0.7399999999999997,0.9900000000000007,2030.937652908134,495.51101568649983,1.3458763104958937e-06,0.6803405966209675,0.5131206358744869,0.9460844054707588,0.9279752734722052,0.0020029544830322,64,14652,17222.0,3244.0,3770.0,88,84,83,81
0.7499999999999997,0.2900000000000001,25.897433914064408,6.178760663218259,1.0602753069024826e-05,-1.0332640332640333,-0.9488202060485212,-1.0109352902668047,-0.8845609975575266,0.0020017623901367,4,61,8.0,16.0,1.0,97,4,79,4
0.7499999999999997,0.3000000000000001,55.566120523210905,12.354992243353832,6.475561256026579e-06,-1.169916910988173,-1.129322871258355,-1.1029527284202736,-1.0465222807536971,0.0020010471343994,4,117,4.0,28.0,1.0,93,4,87,4
0.7499999999999997,0.3200000000000001,66.51589722264394,15.935743367244172,6.328338595958807e-06,-1.0309843715351183,-1.046427034986412,-0.9793184639755416,-0.967516090632125,0.0019981861114501,4,164,6.0,42.0,1.0,100,4,95,4
0.7499999999999997,0.3900000000000002,104.120323024214,25.62245922363165,8.419022884534154e-06,-0.4666576161822662,-0.5191887214850806,-0.4442355754519138,-0.4882793719402016,0.0019993782043457,4,320,4.0,78.0,1.0,100,4,97,4
0.7499999999999997,0.4000000000000002,159.05541487167295,40.71611576922992,5.434528582598888e-06,-0.6659885801330157,-0.6467891806874857,-0.6263137945342441,-0.6052961893468589,0.0020008087158203,4,501,6.0,142.0,1.0,100,4,99,87
0.7499999999999997,0.4400000000000002,83.36434839506234,22.59332497295016,3.4654405891340765e-06,-0.2467373262744969,-0.2501498781841142,-0.2291650542038974,-0.2301500735896036,0.0020003318786621,4,327,22.0,89.0,5.0,100,99,100,98
0.7499999999999997,0.47000000000000025,42.75012183218507,11.89669071632948,6.264475223667511e-06,0.1887706350293106,0.1318898463180831,0.1947765738715514,0.1431539024745555,0.0019989013671875,4,211,44.0,59.0,11.0,100,99,100,99
0.7499999999999997,0.5000000000000002,9.03119593409422,2.1262251370288454,8.165210291630516e-06,-171.72058823529417,-58.1818181818182,-50.1764705882353,-57.96739130434783,0.0019996166229248,4,10,31.0,1.0,8.0,1,99,6,99
0.7499999999999997,0.5500000000000003,830.0902373135907,207.012756249464,2.398866340139515e-06,-0.2210922054370678,-0.2302560580387345,-0.1993058628421753,-0.2067065307976625,0.002000093460083,4,2917,303.0,706.0,80.0,100,99,99,99
0.7499999999999997,0.5900000000000003,217.46214777355092,74.28804941384776,4.984796733164748e-07,0.9036317121977848,0.6438052485369141,0.9970370433316093,0.9937077981807352,0.00099778175354,86,5284,4929.0,1179.0,1068.0,100,99,97,99
0.7499999999999997,0.6100000000000003,379.0999895586036,98.05068842185658,3.3183775627145934e-06,0.3934504862873099,0.4052299100118215,0.4017087218881746,0.4139336853866345,0.002002477645874,4,2056,769.0,563.0,211.0,100,99,100,99
0.7499999999999997,0.6200000000000003,207.09691773016164,69.65151350353653,3.952973095630653e-07,0.953999402615336,0.85063984519252,0.9976703831579856,0.9953679566646164,0.0010046958923339,85,6104,5731.0,1370.0,1262.0,100,99,98,99
0.7499999999999997,0.6600000000000004,403.263199825292,111.9511147033978,5.369250068560836e-06,-294789.9236821401,-614385.2127659573,-58043.45270672219,-413460.5120274915,0.0010054111480712,4,10,1700.0,1.0,476.0,1,99,3,99
0.7499999999999997,0.6700000000000004,190.8911432503577,79.23803800364233,5.528929968020699e-07,0.9819195208195312,0.911030713241479,0.9984636511513498,0.9950848418652436,0.0013728141784667,79,7526,7078.0,1644.0,1475.0,100,99,99,96
0.7499999999999997,0.7000000000000004,479.3740890383828,132.70891142803407,1.108811236520562e-06,0.9153300878193096,0.7512827624136608,0.9918713060994876,0.986645281727344,0.0030279159545898,71,8142,7434.0,1749.0,1548.0,94,92,89,89
0.7499999999999997,0.8100000000000005,808.2306756118577,171.51800197063864,2.678763835084668e-06,0.875033157040201,0.8664766932691887,0.982820345054234,0.9815039246616506,0.0034940242767333,60,10700,10374.0,2284.0,2198.0,85,81,82,78
0.7499999999999997,0.8500000000000005,1272.9005617093585,260.12250959884267,4.722716168277941e-07,0.7852088403342841,0.7226951745862407,0.9688515351369368,0.9754671255664722,0.0020375251770019,75,11388,12946.0,2441.0,2792.0,98,95,93,92
0.7499999999999997,0.8700000000000006,867.7154821107763,200.2025290339234,1.9901400163179077e-06,0.905309112786588,0.8756472132980235,0.9855279761196614,0.9820144512259528,0.0020005702972412,62,12147,12680.0,2596.0,2718.0,85,83,81,80
0.7499999999999997,0.9000000000000006,1377.6555923141614,319.7622500416898,6.533959236447683e-07,0.821115696706243,0.6795502054854645,0.9716498252363144,0.9684409083083036,0.0022101402282714,71,12841,14589.0,2773.0,3159.0,93,91,93,88
0.7499999999999997,0.9100000000000006,1079.525501177396,239.45204541052067,1.9462492892036903e-06,0.8789809387600304,0.8674730635639049,0.9799022589592656,0.9768867245002422,0.0009992122650146,61,13341,13993.0,2839.0,3018.0,85,82,81,79
0.7499999999999997,0.9200000000000006,1282.053190141868,317.0339098582358,1.0867899915441862e-06,0.8496988752248106,0.7154018264249191,0.9755208230271896,0.96639479141136,0.0010004043579101,66,13326,14778.0,2836.0,3198.0,90,87,87,83
0.7499999999999997,0.9400000000000006,1342.5022141962936,297.8628756373087,2.650382179807365e-06,0.8224986456614607,0.8329617935408296,0.968800894453292,0.964674104524626,0.0009999275207519,59,13555,14892.0,2918.0,3231.0,83,79,78,76
0.7499999999999997,0.9800000000000006,1529.4476753028728,309.0169381847966,4.388981253083372e-06,0.8454462480431766,0.8884270778246556,0.9582264785293768,0.960793770373688,0.0019998550415039,53,14782,15968.0,3229.0,3465.0,76,74,73,70
0.7599999999999997,0.22000000000000003,0.5590169943749475,0.338501600193165,7.324769246582354e-06,0.8232586683031604,-0.0038022813688212,0.91263577856082,-2.220446049250313e-16,0.0019998550415039,4,10,5.0,2.0,1.0,1,4,11,4
0.7599999999999997,0.25000000000000006,0.4330127018922193,0.2041241452319315,5.399761895618579e-06,0.9188236952130407,-0.0434782608695645,0.9660499066372432,0.3855606758832565,0.0020065307617187,4,10,7.0,1.0,0.0,1,4,2,4
0.7599999999999997,0.3100000000000001,29.764002307037497,7.195195156028316,8.534959746161215e-06,-0.8010878775357944,-0.7311104257750844,-0.7766496931714324,-0.691057131871833,0.0019996166229248,4,82,3.0,24.0,1.0,99,4,97,4
0.7599999999999997,0.34000000000000014,160.087411018689,38.94788184227738,4.751709306991462e-06,-0.5939656624554583,-0.5829215934951653,-0.5621207555358791,-0.5468531566581571,0.0030112266540527,4,516,6.0,122.0,1.0,100,4,100,4
0.7599999999999997,0.4000000000000002,191.0003544935628,45.827234442705205,4.050320909334992e-06,-0.5839989760193751,-0.640615221553454,-0.5508600784286337,-0.5995574208450627,0.0029995441436767,4,578,7.0,130.0,1.0,100,99,100,4
0.7599999999999997,0.4300000000000002,353.9949240455292,85.95062778518064,4.970882118992647e-06,-0.4735163787526026,-0.5154559676737371,-0.4454921099262123,-0.4830798539716296,0.002000093460083,4,1150,19.0,292.0,4.0,100,99,100,97
0.7599999999999997,0.47000000000000025,333.61692103369097,84.7793705253033,5.360812199397689e-06,-0.2995259135431498,-0.3222070837752058,-0.2804620237139839,-0.3007139049412497,0.0019991397857666,4,1212,44.0,317.0,11.0,100,99,100,99
0.7599999999999997,0.49000000000000027,269.3152195847832,66.49154081535485,3.855487535586805e-06,-0.3350557751833065,-0.3902096695740278,-0.3152417801006015,-0.3653570140878563,0.0009996891021728,4,933,24.0,228.0,6.0,100,99,99,99
0.7599999999999997,0.5200000000000002,91.19690235967448,66.1409479823203,1.04354109198302e-06,0.8742101801652983,-0.3300775311644877,0.9994500032972564,0.9949107806937744,0.0009987354278564,92,3941,3742.0,932.0,801.0,100,99,100,99
0.7599999999999997,0.5300000000000002,42.93478581911564,10.73302923999868,5.9043792045098445e-06,-0.6055344119786503,-0.3340168878166465,-0.592613174881375,-0.3182739301466206,0.0020086765289306,4,145,305.0,42.0,79.0,100,99,100,99
0.7599999999999997,0.5600000000000003,715.9512902425695,179.92608436058774,2.673498809330412e-06,-0.2221032514800309,-0.2258008565550142,-0.2004609641411119,-0.2028707383033363,0.0020198822021484,4,2570,263.0,636.0,70.0,100,99,99,99
0.7599999999999997,0.5700000000000003,843.2792615993104,223.50099698250543,1.655947141921626e-06,0.0328737251718969,-1.7795552455120005,0.955464882878078,0.9352764342506172,0.002000093460083,77,5674,4399.0,1242.0,900.0,98,93,94,90
0.7599999999999997,0.5800000000000003,196.03188516157263,84.28028634661054,7.016623166941405e-07,0.902444827430583,0.5671088449193515,0.997502340363522,0.9920586041510684,0.002000093460083,88,4973,4653.0,1159.0,1023.0,100,99,100,99
0.7599999999999997,0.6100000000000003,247.14330357102537,64.42477848881852,2.312537764801541e-06,0.7434574207194968,0.7509611678600968,0.7469142078397726,0.7544256364269492,0.001000165939331,4,2066,1292.0,545.0,351.0,100,99,100,99
0.7599999999999997,0.6200000000000003,27.28290935470671,42.54157630231529,3.127920936946592e-07,0.9988367266696936,0.9431333884816888,0.9999547734547786,0.9981140295095348,0.002000093460083,86,5552,5530.0,1288.0,1240.0,100,99,100,99
0.7599999999999997,0.6500000000000004,235.2653596976916,96.68968268042929,6.095290449512793e-07,0.9600808739495232,0.8033229292080472,0.997471651022323,0.99223913068295,0.0014450550079345,81,6994,6502.0,1522.0,1361.0,100,99,98,98
0.7599999999999997,0.6800000000000004,82.39751209836375,42.29243431158817,2.876390989756794e-07,0.9967446465234756,0.973812756634692,0.99972306391746,0.9986508068891397,0.0019996166229248,80,7608,7422.0,1643.0,1558.0,100,99,97,97
0.7599999999999997,0.7700000000000005,737.1263781043908,172.87059681519943,2.0624988194084717e-06,0.8815828526241853,0.8258963081421615,0.9846374270130444,0.9804407477293674,0.0020022392272949,63,9881,9190.0,2079.0,1932.0,89,85,83,81
0.7599999999999997,0.8100000000000005,608.8436580929459,145.96340050065388,1.6638690511404062e-06,0.9368281642471846,0.8898127499725302,0.9916117678675418,0.9888800536403952,0.0020008087158203,65,10877,10612.0,2289.0,2249.0,90,86,83,83
0.7599999999999997,0.8400000000000005,1344.9553741047816,282.33180833905345,5.199485759192296e-07,0.7566633387503876,0.7071038851785132,0.9622663156315868,0.9697290965811056,0.0009987354278564,76,11203,12912.0,2424.0,2783.0,100,97,96,93
0.7599999999999997,0.8700000000000006,947.9049729998457,223.9651275944056,1.8494194412970944e-06,0.8913466263162547,0.8401346248794309,0.9829100003928848,0.9783053161041464,0.002000093460083,63,12125,12737.0,2671.0,2731.0,87,84,84,81
0.7599999999999997,0.8900000000000006,1102.172513720062,242.34563385792612,9.91317160621996e-07,0.8762482901089362,0.8117874175381359,0.9800278665125997,0.9794309372391714,0.0019989013671875,68,12520,13834.0,2756.0,2991.0,92,89,89,86
0.7599999999999997,0.9100000000000006,1203.7046668514663,256.18547968220213,2.761423883236478e-06,0.840006149964245,0.8478680506551513,0.9736466808611636,0.9719928604487988,0.0020036697387695,60,13012,13735.0,2824.0,2953.0,86,81,80,77
0.7699999999999997,0.2,18.971195270725563,4.381542726787754,1.477378530434812e-05,-1.2917518529087233,-1.0214105361774082,-1.2792761413202665,-0.9733179151141378,0.0019972324371337,4,47,9.0,13.0,0.0,100,4,96,4
0.7699999999999997,0.21000000000000002,5.749094131542233,1.6393596310755,1.2720591422507134e-05,-4.953561097646784,-1.284028033935817,-4.615929203539823,-1.2241379310344829,0.0022933483123779,4,11,6.0,5.0,0.0,96,4,96,4
0.7699999999999997,0.22000000000000003,4.081206929328627,1.194605932235954,1.599527647277768e-05,-2.4761656740415314,-0.7473096851335193,-1.9997748761819003,-0.7187303976916324,0.001997947692871,4,10,3.0,4.0,0.0,1,4,25,4
0.7699999999999997,0.23000000000000004,0.2700308624336608,0.2282177322938192,7.727257379963585e-06,0.8349299926308033,-0.0549450549450545,0.9750854214123008,0.1134751773049648,0.0019991397857666,4,10,3.0,1.0,0.0,1,4,2,4
0.7699999999999997,0.25000000000000006,46.187570478069816,10.867574092991806,7.033064606517548e-06,-0.9791714232216524,-0.8669040500975089,-0.9356468040977536,-0.8043250967966782,0.002000093460083,4,118,7.0,30.0,1.0,98,4,94,4
0.7699999999999997,0.2700000000000001,0.6692657668420421,0.2282177322938192,7.887262225020387e-06,0.4579831932773107,-0.0549450549450545,0.8283021881488579,-0.0526315789473683,0.0019996166229248,4,10,3.0,1.0,0.0,1,4,7,4
0.7699999999999997,0.3100000000000001,19.200151909121274,4.924428900898052,1.1707043500894837e-05,-1.7892519746774953,-1.496180136710897,-1.7394630528563877,-1.370406573601735,0.0019998550415039,4,44,4.0,13.0,0.0,94,4,100,4
0.7699999999999997,0.3200000000000001,2.376096238230542,0.6535161308899218,1.0247486033395892e-05,-1.125837555156071,-0.451862781261527,-0.4438317483150857,-0.3988399863527807,0.001997947692871,4,10,4.0,2.0,0.0,1,4,34,4
0.7699999999999997,0.34000000000000014,109.28212723649432,27.28380930148868,4.357276923486379e-06,-0.75210219760718,-0.6408382270250408,-0.7126535003239509,-0.6009611636478336,0.0009999275207519,4,318,7.0,81.0,2.0,100,4,95,4
0.7699999999999997,0.35000000000000014,33.51600985598773,8.456383190623914,5.727021866361002e-06,-0.8394607564420389,-0.6863351176524772,-0.808075923797209,-0.6449457155933189,0.0019998550415039,4,101,5.0,29.0,1.0,100,4,100,4
0.7699999999999997,0.38000000000000017,0.5773502691896257,0.0,5.375791057465519e-06,-0.2821368948247076,1.0,0.8709677419354838,1.0,0.0020039081573486,4,10,4.0,0.0,0.0,1,4,1,4
0.7699999999999997,0.3900000000000002,91.80691921999488,23.08431105029272,5.165212615780625e-06,-0.5234438121633169,-0.5089155600372752,-0.4993937841397151,-0.478811943696628,0.0023932456970214,4,310,2.0,78.0,0.0,100,4,100,4
0.7699999999999997,0.4400000000000002,356.6503598297171,90.2433053842038,3.537718913571828e-06,-0.519881091188447,-0.5443099484051421,-0.4877808908701826,-0.5093590260098346,0.0010395050048828,4,1146,20.0,275.0,4.0,100,99,100,96
0.7699999999999997,0.45000000000000023,208.6442596462537,54.65564548455478,3.189410243237296e-06,-0.4872355792689227,-0.4673501480440449,-0.4591621327923911,-0.4382562882179839,0.002009630203247,4,702,14.0,180.0,3.0,100,99,98,97
0.7699999999999997,0.48000000000000026,251.2165607930072,64.67144527017571,5.815274565660932e-06,-0.2874012536834711,-0.3163442726909455,-0.2676598681846003,-0.2935296519870118,0.0019981861114501,4,892,45.0,223.0,11.0,100,99,99,99
0.7699999999999997,0.49000000000000027,449.84545957472994,114.9232080565105,3.551227532340204e-06,-0.3186714062221312,-0.3313054400110513,-0.2970853303849194,-0.3080752181861168,0.0011587142944335,4,1550,72.0,376.0,18.0,100,99,100,99
0.7699999999999997,0.5400000000000003,321.11728776258684,84.98792806432374,4.920199023435764e-06,-0.0229835556168176,-0.0416451582919361,-0.0095526040984459,-0.0263587441923058,0.0019989013671875,4,1313,184.0,344.0,48.0,100,99,100,99
0.7699999999999997,0.5800000000000003,286.7427916642868,92.3111972777796,6.92910203581688e-07,0.8239200398517569,0.4398258891019027,0.994864164344488,0.9902364904772972,0.0020163059234619,86,5229,4767.0,1138.0,1021.0,100,99,100,99
0.7699999999999997,0.6300000000000003,937.1101665683252,230.04828685672555,1.5712661820522266e-06,0.4818219980088176,-0.3288285153403236,0.9597001423890312,0.9479201192147216,0.0010106563568115,72,6982,5639.0,1481.0,1161.0,94,92,90,88
0.7699999999999997,0.6500000000000004,686.7982883561147,180.4055103042813,1.2015999232050617e-06,0.7721793549753879,0.3595624320048647,0.979971275743312,0.9712548750808876,0.002000093460083,73,7365,6257.0,1567.0,1297.0,97,94,93,90
0.7699999999999997,0.6600000000000004,906.3066534015956,215.0432369315529,1.828506043802334e-06,0.5782976658696171,0.0989016170810267,0.9642068674363452,0.954799947917806,0.0020222663879394,68,7391,6156.0,1589.0,1275.0,93,89,83,85
0.7699999999999997,0.7200000000000004,630.49038773978,168.28547174370104,1.432926728258006e-06,0.8661833277231892,0.6421793147123931,0.987303248911128,0.9800303352019148,0.0009999275207519,69,8609,7867.0,1854.0,1649.0,92,89,87,86
0.7699999999999997,0.7400000000000004,339.68975408784127,108.27354843322806,1.1475599162176556e-06,0.9675041377698216,0.874889128322233,0.9966243871650192,0.9925411915757416,0.002000093460083,69,8946,8700.0,1925.0,1829.0,93,90,89,86
0.7699999999999997,0.7700000000000005,637.4279044200475,117.73593334237428,4.278640079755434e-07,0.9150130601320988,0.9191118763700656,0.9887372305307182,0.9929839518357508,0.0009994506835937,76,9686,10252.0,2132.0,2177.0,100,97,99,94
0.7699999999999997,0.8200000000000005,674.1577315872181,165.9881285620433,1.5917803831158888e-06,0.930591612813588,0.8711194925725106,0.9904128458357102,0.9868460238146478,0.002000093460083,66,11083,11114.0,2463.0,2360.0,89,87,86,84
0.7699999999999997,0.8600000000000005,631.4537648496976,159.78440832214244,1.8363828221671656e-06,0.9445165527948526,0.9035690407767862,0.9926234117784192,0.98933414071657,0.0019993782043457,65,11944,12375.0,2582.0,2647.0,87,86,84,82
0.7699999999999997,0.8800000000000006,928.0584653735534,224.45698784831671,1.0419342270273834e-06,0.9127368082295038,0.8415177161949201,0.986011647213934,0.981738140565212,0.0019993782043457,67,12752,13430.0,2742.0,2890.0,90,88,87,85
0.7699999999999997,0.9300000000000006,1296.9453856401717,274.1449477574817,3.048669395712544e-06,0.8439313674953584,0.8620937149214584,0.9697847315028963,0.9687841296488976,0.002000093460083,58,13577,14498.0,2934.0,3137.0,82,79,80,76
0.7699999999999997,0.9400000000000006,1590.9418279748634,348.41828310236536,2.4278078098261537e-06,0.7649595320837875,0.7586582082619769,0.9583062724036628,0.953743548233534,0.0019998550415039,60,13743,15003.0,3035.0,3245.0,84,81,80,77
0.7699999999999997,0.9600000000000006,1226.7047491824048,244.53527352919863,4.58751864747394e-06,0.8952372405562234,0.9294611493723038,0.9704428245486312,0.9733728666217224,0.0019993782043457,52,14230,15125.0,3076.0,3271.0,76,73,72,69
0.7799999999999997,0.2,7.745294270286529,1.9552280344416777,1.2600486270453484e-05,-1.7398259559537737,-0.7110388033606918,-1.7078876219583874,-0.6745756524913307,0.0022275447845458,4,19,6.0,7.0,0.0,93,4,80,4
0.7799999999999997,0.21000000000000002,0.338501600193165,0.2041241452319315,5.512952259059258e-06,0.8880288410560916,-0.0434782608695645,0.9622045079714128,0.1578947368421053,0.0030055046081542,4,10,5.0,1.0,0.0,1,4,3,4
0.7799999999999997,0.25000000000000006,0.4677071733467426,0.0,5.375791057465519e-06,0.7093006488824802,1.0,0.8992129007487042,1.0,0.0019991397857666,4,10,4.0,0.0,0.0,1,4,1,4
0.7799999999999997,0.2800000000000001,1.361677886530683,0.5103103630798288,1.0549703867769911e-05,0.604297888106706,-0.0643015521064303,0.738235294117647,-0.0313531353135314,0.0020027160644531,4,11,11.0,2.0,2.0,5,4,5,4
0.7799999999999997,0.3100000000000001,61.89667128906584,14.76693942562236,7.458205608741e-06,-0.6356859068646812,-0.5843599889312769,-0.6072279219575796,-0.5481678091436115,0.0020041465759277,4,160,5.0,44.0,1.0,99,4,99,4
0.7799999999999997,0.3200000000000001,45.62768256953959,10.871407452579447,8.844810049511804e-06,-0.8279551534644785,-0.8009523809523809,-0.7936792731551834,-0.7520182335900778,0.002000093460083,4,117,2.0,31.0,0.0,99,4,99,4
0.7799999999999997,0.3300000000000001,87.83702949212251,21.84438333607368,9.45104454021584e-06,-0.7324956427268992,-0.6848674090406672,-0.6949215762983705,-0.6428541457240928,0.0019998550415039,4,237,5.0,65.0,0.0,100,4,99,4
0.7799999999999997,0.38000000000000017,0.3227486121839514,0.0,5.375791057465519e-06,0.3478260869565215,1.0,0.934878874706955,1.0,0.002000093460083,4,10,2.0,0.0,0.0,1,4,1,4
0.7799999999999997,0.4100000000000002,146.06705081343063,36.67296347447258,4.973056491571219e-06,-0.6117541907497241,-0.6292793101286145,-0.5740747230381751,-0.5883632960146921,0.0019998550415039,4,459,7.0,122.0,1.0,100,98,100,4
0.7799999999999997,0.5000000000000002,325.4063194335241,125.84983837169526,1.5447956656097897e-06,0.075846820512813,-2.2206899101563944,0.9919092442659364,0.977111244361862,0.0009973049163818,89,4122,3501.0,944.0,715.0,100,99,100,90
0.7799999999999997,0.5200000000000002,133.013470495786,32.56371958688585,6.2158994514358254e-06,0.0402110646441098,0.031859471039024,0.0505441382006078,0.0446575978053345,0.0019996166229248,4,587,86.0,143.0,22.0,100,99,99,99
0.7799999999999997,0.5300000000000002,110.6530802403018,29.58444833579517,3.2529409027838872e-06,0.2683595727552639,0.2475886331912874,0.2795448213222624,0.2611026747444732,0.0019998550415039,4,518,169.0,146.0,44.0,100,99,100,99
0.7799999999999997,0.5800000000000003,72.1033979781813,64.45541094431096,6.017741609728478e-07,0.9811059047672764,0.6631329888848887,0.9996685611119934,0.9957297247237376,0.0009996891021728,90,4748,4626.0,1120.0,1052.0,100,99,100,99
0.7799999999999997,0.6100000000000003,49.338119137235054,49.00850266365352,4.2248962299987996e-07,0.9947101508807934,0.8764180000428776,0.9998489044611336,0.9975315258353352,0.002000093460083,88,5207,5183.0,1259.0,1183.0,100,99,100,99
0.7799999999999997,0.6400000000000003,93.199070095504,49.26459174701441,2.86754335588128e-07,0.9919319756935764,0.9442451544870972,0.999564585846729,0.997911849360596,0.0009958744049072,85,6316,6224.0,1460.0,1391.0,100,99,99,99
0.7799999999999997,0.6500000000000004,554.8309652497777,156.8441264440591,1.0765204915123818e-06,0.84236997340759,0.556697345705517,0.9865251805149168,0.9783895451132248,0.0009996891021728,75,7303,6295.0,1567.0,1306.0,99,96,95,92
0.7799999999999997,0.8000000000000005,412.23921049151386,102.53666011074608,8.854315683229911e-07,0.973961468282672,0.94474833908657,0.9963173669177688,0.9951579486200614,0.0009994506835937,70,10665,10770.0,2292.0,2286.0,93,91,92,87
0.7799999999999997,0.8200000000000005,466.0299748943194,127.57167103240435,1.1779169638483346e-06,0.9660873487104288,0.9091800340404842,0.995527140715366,0.9926512467306288,0.0020277500152587,68,10960,11331.0,2358.0,2419.0,91,89,87,86
0.7799999999999997,0.8700000000000006,918.1131920048492,211.61482304728403,1.7924194633008402e-06,0.904470668320893,0.8629745269644777,0.9853029948923748,0.9820834835084428,0.002002477645874,64,12627,12965.0,2764.0,2779.0,88,85,84,82
0.7799999999999997,0.9300000000000006,1007.7635807979016,201.10282898578765,4.976927223438451e-06,0.9213896767761658,0.9460461376900268,0.9803225005870908,0.9820505895852464,0.002002477645874,54,13893,14295.0,3023.0,3078.0,77,75,72,72
0.7799999999999997,0.9500000000000006,1260.6884516378434,247.85545299911269,3.597409495153828e-06,0.8813178878147786,0.9168138936872632,0.9740436712603212,0.9767669517313464,0.0020051002502441,57,14834,15276.0,3153.0,3317.0,81,78,77,74
0.7799999999999997,0.9600000000000006,1470.9986403800651,339.2406745868155,1.0942730212473551e-06,0.8418921804025556,0.7589275348622775,0.9729156532388304,0.9674938926367695,0.001000165939331,66,14632,16368.0,3208.0,3573.0,89,86,87,83
0.7799999999999997,0.9800000000000006,1386.2015846670113,304.4157949096534,3.171237730756708e-06,0.8688752651027385,0.8812800472932063,0.9716161170670102,0.9687060462644516,0.0020058155059814,58,15200,16460.0,3289.0,3591.0,82,79,77,76
0.7899999999999996,0.2,11.166822138221182,2.688710967483613,1.0532177326886433e-05,-6.344594205955097,-2.1204159055781933,-6.253568918296614,-1.9154763905226024,0.0019989013671875,4,18,7.0,6.0,1.0,54,4,56,4
0.7899999999999996,0.22000000000000003,17.7235718747661,4.484928464684061,9.81375134806682e-06,-2.3178909728549573,-1.2514847877573327,-2.28364027174203,-1.170370120601095,0.0019977092742919,4,41,8.0,14.0,0.0,99,4,99,4
0.7899999999999996,0.23000000000000004,38.059027619387926,9.90738361021718,7.270547082892039e-06,-1.175573172220327,-0.8814368343222956,-1.1325347619038857,-0.8215876403451796,0.0019996166229248,4,100,9.0,31.0,0.0,100,4,100,4
0.7899999999999996,0.2700000000000001,4.428835437599068,1.070436048222094,1.395039818752042e-05,-2.6148539204511367,-0.7789757412398923,-2.1840240788650456,-0.7252195734002509,0.002000093460083,4,10,4.0,3.0,0.0,1,4,77,4
0.7899999999999996,0.3100000000000001,95.35908014796844,22.76098635824028,5.680401091632252e-06,-0.9768691429889318,-0.9304249311943578,-0.9156333700830568,-0.863201856982942,0.002000093460083,4,249,6.0,63.0,1.0,100,4,100,4
0.7899999999999996,0.37000000000000016,0.0,0.0,5.375791057465519e-06,1.0,1.0,1.0,1.0,0.002000093460083,4,10,1.0,1.0,1.0,1,4,5,4
0.7899999999999996,0.4200000000000002,385.8260618465269,95.94507977657496,3.708322619661332e-06,-0.5900432554363597,-0.6054311342411349,-0.553886873595087,-0.5667217690281541,0.0019996166229248,4,1196,11.0,311.0,2.0,100,98,100,93
0.7899999999999996,0.4400000000000002,316.3574422231916,80.89930726938684,3.7424232060131934e-06,-0.4448889796105788,-0.4607342137078025,-0.4185179629939872,-0.4318888703401835,0.0019998550415039,4,1073,20.0,274.0,4.0,100,99,100,96
0.7899999999999996,0.48000000000000026,215.03415426392152,59.063701486897465,5.198064846043392e-06,-0.1685657860835931,-0.195240601305856,-0.1528582294680054,-0.1771106600642633,0.0019998550415039,4,858,66.0,229.0,16.0,100,99,100,99
0.7899999999999996,0.5300000000000002,14.571661996262929,44.00378771575617,8.784758847692327e-07,0.9842982268745994,-0.8795297670405522,0.9999917790357394,0.9987815978206304,0.0020015239715576,97,3373,3359.0,822.0,775.0,100,99,100,99
0.7899999999999996,0.5500000000000003,50.1717051733345,47.63612074886032,5.325628200901262e-07,0.9594960075279628,0.450854742222136,0.9998694208737596,0.9980672849219948,0.0019962787628173,95,3847,3751.0,918.0,869.0,100,99,100,99
0.7899999999999996,0.5900000000000003,735.258959035594,204.04733712909288,1.216066837124834e-06,0.4608185296814596,-0.3894182771095742,0.9720559172098806,0.9583337642671584,0.0019946098327636,81,6197,5035.0,1323.0,1035.0,99,99,100,95
0.7899999999999996,0.6100000000000003,21.583724026616512,33.24154027718932,1.636756803975701e-07,0.9974160063391442,0.8953934073407186,0.9999710653829388,0.9989610699142984,0.0010004043579101,93,4309,4331.0,1054.0,1053.0,100,99,100,99
0.7899999999999996,0.6600000000000004,614.3705450838823,179.4822414613769,1.046361182742874e-06,0.8373787617908172,0.5445642967433701,0.9851240350322776,0.975151322493003,0.0009999275207519,76,7697,6601.0,1667.0,1373.0,100,96,94,93
0.7899999999999996,0.7000000000000004,143.60884373881714,44.77499302065831,4.006850454537319e-07,0.9920731134565188,0.979418157957476,0.9992551713890212,0.9987038826238172,0.0009999275207519,80,8220,8262.0,1860.0,1744.0,100,99,99,97
0.7899999999999996,0.7100000000000004,841.3635695999678,191.33209022534612,1.6449759607011457e-06,0.7950245596890391,0.6089239496555372,0.9778233164257476,0.9740662211294574,0.001000165939331,68,8786,7676.0,1869.0,1606.0,91,89,89,86
0.7899999999999996,0.7200000000000004,173.62338552165144,65.9539233101413,5.4808115648085e-07,0.9923633661691365,0.9617920260729966,0.9990862963295052,0.9974071093391988,0.001000165939331,75,8922,8552.0,1920.0,1801.0,97,96,95,93
0.7899999999999996,0.7300000000000004,700.8146152870958,169.47879660889737,1.5923988174448656e-06,0.8828578382787139,0.7509941446947209,0.986124091420138,0.9818276370163423,0.0019991397857666,68,9415,8404.0,1973.0,1767.0,92,89,90,86
0.7899999999999996,0.7400000000000004,210.4942156326744,82.33850636020567,7.908960254345762e-07,0.990059115656712,0.94843390610978,0.998783211670802,0.9962752988763616,0.0009999275207519,73,9399,9099.0,1960.0,1918.0,98,94,95,91
0.7899999999999996,0.7600000000000005,904.2804665379884,201.8928000269021,2.5538694728266127e-06,0.8205680045103222,0.7743081872404514,0.9771430372261576,0.9734571914240908,0.0009996891021728,63,9975,8844.0,2118.0,1858.0,86,85,85,81
0.7899999999999996,0.7700000000000005,472.4137743478152,138.1155430275914,1.296141228690103e-06,0.9571215453931392,0.8747708132074767,0.994667247651956,0.9901417573838286,0.001000165939331,69,10214,9649.0,2197.0,2041.0,92,90,90,86
0.7899999999999996,0.8600000000000005,823.318712363359,169.02177878051,5.098393577959412e-06,0.928922339989854,0.9491180875056316,0.9825545364238332,0.9831470558923132,0.0020778179168701,53,12135,11690.0,2716.0,2488.0,77,74,72,71
0.7899999999999996,0.8700000000000006,767.2713355297338,154.8944126486409,3.336796364867518e-06,0.934883573197825,0.948543988809249,0.987217087110966,0.9877926716563676,0.0010011196136474,57,12571,12371.0,2685.0,2648.0,81,79,79,75
0.7899999999999996,0.9000000000000006,919.6014911030888,180.44741143248055,3.077401470470184e-06,0.9187807905782605,0.9381035498457012,0.9847374035606524,0.9862998764708936,0.0019910335540771,59,13280,13505.0,2879.0,2901.0,83,80,81,77
0.7899999999999996,0.9100000000000006,1087.1583345789354,219.47158763215293,4.741345031200343e-06,0.8990564816241252,0.9256079406516476,0.9765445030631426,0.9780426774911322,0.0009963512420654,55,13492,13734.0,2950.0,2955.0,81,76,73,73
0.7899999999999996,0.9400000000000006,1067.658136218393,204.7582415923716,5.286890272631534e-06,0.9244133171687214,0.9511802989413576,0.9776650690754852,0.9811623025099544,0.0009994506835937,52,14361,14424.0,3097.0,3111.0,76,73,71,70
0.7899999999999996,0.9800000000000006,1415.2093838015633,265.31323206939965,4.692165381510169e-06,0.8734544945462025,0.9246332660659158,0.9681680316325012,0.974620332307913,0.0020129680633544,55,15193,16221.0,3388.0,3529.0,78,75,74,72
0.7899999999999996,0.9900000000000007,1167.786062796409,225.8604913181177,6.863100455586016e-06,0.9318743107269258,0.9558907039284924,0.9740020863157838,0.978544640446854,0.0009999275207519,48,15394,16091.0,3392.0,3496.0,72,69,68,66
0.7999999999999996,0.22000000000000003,1.3268069440075547,0.3818813079129867,6.163938452075969e-06,0.3915163334958559,-0.0803858520900318,0.6584202441587841,-0.0769230769230773,0.0029988288879394,4,10,4.0,2.0,0.0,1,4,10,4
0.7999999999999996,0.23000000000000004,28.736409831431622,6.294011704257733,1.5645429651535785e-05,-1.4482902277819685,-1.3644523888165692,-1.3802732322474105,-1.2612811349811812,0.001997947692871,4,62,5.0,15.0,0.0,97,4,79,4
0.7999999999999996,0.25000000000000006,0.2700308624336608,0.2282177322938192,5.991663022749297e-06,0.855639097744361,-0.0549450549450545,0.974145891043398,-0.0526315789473688,0.0019991397857666,4,10,2.0,1.0,0.0,1,4,6,4
0.7999999999999996,0.2700000000000001,0.6208193510729725,0.2041241452319315,5.698130424887443e-06,0.6696428571428572,-0.0434782608695645,0.8716347488204275,0.2907801418439717,0.0019972324371337,4,10,4.0,1.0,0.0,1,4,2,4
0.7999999999999996,0.3000000000000001,57.02165158954973,13.442005058770064,7.790556258917813e-06,-0.8275288805690837,-0.8125391849529782,-0.7908142435770364,-0.7583821181479511,0.0019996166229248,4,158,5.0,37.0,0.0,100,4,100,4
0.7999999999999996,0.37000000000000016,1.084934713857628,0.25,5.415938607473245e-06,-0.3621295831240583,-0.0666666666666666,0.563554903248233,0.0783410138248846,0.0020003318786621,4,10,3.0,1.0,0.0,1,4,3,4
0.7999999999999996,0.4000000000000002,306.83569843376006,76.66764039236719,4.72865736827144e-06,-0.567042429171656,-0.5865233754646253,-0.5339922907935446,-0.5499979055233066,0.0019998550415039,4,949,4.0,236.0,1.0,100,4,100,98
0.7999999999999996,0.48000000000000026,47.3990154609425,12.937349032935613,4.499683180404671e-06,-0.0095996241931417,-0.0486204348449736,0.0039485533516521,-0.0278053719909603,0.0019991397857666,4,184,38.0,58.0,9.0,100,99,100,98
0.7999999999999996,0.5400000000000003,0.0,0.0,3.461381592361384e-07,,,1.0,1.0,0.0020008087158203,99,3018,3018.0,761.0,761.0,100,99,100,99
0.7999999999999996,0.6200000000000003,802.5413135783105,212.23816810366603,1.44512873423031e-06,0.5624801459011393,-0.148847632757241,0.96902818646405,0.9555373327975604,0.0010056495666503,75,6748,5488.0,1442.0,1132.0,98,95,92,91
0.7999999999999996,0.6300000000000003,342.6029447885376,101.66775955696738,5.994263922205522e-07,0.912809307389519,0.764384104820612,0.994292923776214,0.9907599521949624,0.0009987354278564,82,6655,6096.0,1460.0,1292.0,100,99,99,99
0.7999999999999996,0.6600000000000004,495.4012427359744,139.8923499167034,8.462475651214085e-07,0.90419397474262,0.7566207630107116,0.99034443099507,0.9851388395660132,0.001023530960083,77,7786,6866.0,1635.0,1429.0,100,98,94,95
0.7999999999999996,0.6900000000000004,898.6913448639267,208.7338017667479,1.665295376968328e-06,0.7119857512935343,0.3870320503689923,0.97397065386886,0.9687851727459932,0.0019900798797607,70,8444,7222.0,1800.0,1506.0,92,90,88,87
0.7999999999999996,0.7200000000000004,70.3019461776389,30.875115016348158,4.0216828756085163e-07,0.9986373011116711,0.9925708578201752,0.9998450066558504,0.9994529422811412,0.0019977092742919,78,8777,8850.0,1920.0,1862.0,100,99,97,95
0.7999999999999996,0.7300000000000004,682.4388479929905,169.516223412392,1.7183826478315646e-06,0.8809705592897477,0.7440875788086267,0.9866629098782624,0.9816099821939168,0.0019998550415039,68,9236,8329.0,1985.0,1750.0,91,89,87,86
0.7999999999999996,0.7700000000000005,671.6565999342924,173.98039105194653,2.121473571346326e-06,0.9008537110699278,0.792886068671502,0.9887453106982226,0.982904185027455,0.0019998550415039,66,10091,9442.0,2168.0,1988.0,88,87,86,83
0.7999999999999996,0.7900000000000005,995.686148832424,214.2842602386991,4.470730484013343e-06,0.8352876822965938,0.8681566386282984,0.9713537783235784,0.9687877538664726,0.0009996891021728,57,10765,9502.0,2364.0,2003.0,80,78,77,74
0.7999999999999996,0.8000000000000005,361.9154770108623,114.91872127725752,1.4283032268309688e-06,0.97827962034029,0.925085519970712,0.9972350223837312,0.993886669371802,0.0019993782043457,68,10916,10743.0,2340.0,2287.0,91,89,90,86
0.7999999999999996,0.8900000000000006,793.4540524399213,156.29935664899227,4.831413055496644e-06,0.9424661626901208,0.961578312700771,0.986706241296776,0.9880771257822892,0.0010004043579101,55,13156,12885.0,2822.0,2756.0,78,76,73,72
0.7999999999999996,0.9300000000000006,942.0681291711338,171.7910358546103,6.449093701716391e-06,0.9444998876405404,0.9674368183693128,0.981494287921278,0.9859413664432752,0.0019969940185546,50,14250,14024.0,3113.0,3013.0,74,71,69,68
0.7999999999999996,0.9400000000000006,1197.5715292071566,274.92234775895776,2.1313332389095955e-06,0.8759269118167181,0.8516665702741748,0.979683935624462,0.9753937914945991,0.0019936561584472,63,14169,15281.0,3089.0,3318.0,87,83,81,80
0.7999999999999996,0.9600000000000006,1508.462423702006,322.2413511206981,3.506336413794479e-06,0.8335446730259655,0.8565535691077235,0.9629038553731346,0.9611605035503836,0.0009994506835937,57,14702,15599.0,3273.0,3388.0,82,78,78,75
0.7999999999999996,0.9900000000000007,1412.5689440657864,279.1529111904208,4.804991697873722e-06,0.889670060569153,0.9268527519933224,0.968917528448527,0.972586540109792,0.0020012855529785,54,15743,16531.0,3424.0,3601.0,77,74,74,71
0.8099999999999996,0.2,0.962851667357612,0.25,5.461051679872918e-06,0.7529421970332245,-0.0285714285714282,0.8514165511945107,0.2146596858638744,0.0020008087158203,4,10,7.0,2.0,0.0,1,4,10,4
0.8099999999999996,0.21000000000000002,0.568257570707744,0.3061862178478972,8.832514071124771e-06,0.4187499999999998,-0.1034482758620689,0.8604295169060376,-0.0989010989010987,0.0009973049163818,4,10,3.0,1.0,0.0,1,4,6,4
0.8099999999999996,0.22000000000000003,0.5400617248673217,0.2886751345948128,9.431263058127847e-06,0.7876106194690267,0.0191570881226054,0.9176736938049456,0.1828396322778346,0.0019996166229248,4,10,6.0,1.0,1.0,1,4,2,4
0.8099999999999996,0.23000000000000004,0.478713553878169,0.2282177322938192,5.399504226099638e-06,0.8921513557677577,-0.0549450549450545,0.948764526421202,0.1134751773049645,0.0019998550415039,4,10,7.0,1.0,0.0,1,4,4,4
0.8099999999999996,0.26000000000000006,1.015504800579495,0.2700308624336608,5.9888985381015965e-06,0.508456167571761,-0.0386398763523954,0.7614400346996313,-0.0370370370370372,0.0019977092742919,4,10,5.0,2.0,0.0,1,4,13,4
0.8099999999999996,0.3200000000000001,207.03710919381905,49.34476922633239,5.455924489626295e-06,-0.7186772389639904,-0.7200918206227855,-0.6760669179587819,-0.6741011959226448,0.0019998550415039,4,563,5.0,149.0,0.0,100,4,99,4
0.8099999999999996,0.36000000000000015,1.4433756729740643,0.568257570707744,8.12192246668709e-06,-0.0170030192277133,-0.2161830813240703,0.5107033639143734,-0.1814024390243902,0.0019986629486083,4,10,3.0,2.0,0.0,1,4,22,4
0.8099999999999996,0.37000000000000016,0.8228507357554792,0.0,5.375791057465519e-06,0.3489148580968281,1.0,0.7982556876377294,1.0,0.0019984245300292,4,10,6.0,1.0,0.0,1,4,2,4
0.8099999999999996,0.38000000000000017,173.6178754237785,43.33373397250691,5.759814753968827e-06,-0.4747781281158767,-0.5070318171886892,-0.450043651478005,-0.478793379415708,0.0019800662994384,4,563,4.0,138.0,1.0,100,4,99,4
0.8099999999999996,0.4200000000000002,102.94061799568397,26.476601305051723,4.168228875121019e-06,-0.5283942101653156,-0.4930174611424465,-0.4977915492129923,-0.4584368154468561,0.0019996166229248,4,313,15.0,89.0,3.0,100,99,100,95
0.8099999999999996,0.4400000000000002,744.2823305036873,181.80472582783247,4.563458254189516e-06,-0.5428466580097004,-0.5743311676774752,-0.5090463964609973,-0.5372425097334474,0.0019996166229248,4,2217,26.0,536.0,6.0,100,99,100,99
0.8099999999999996,0.45000000000000023,371.7229451038322,94.71866236386576,3.600166394638836e-06,-0.3658595341163839,-0.3782965159406233,-0.3438705920023632,-0.3540592819364874,0.002000093460083,4,1306,34.0,324.0,8.0,100,99,99,98
0.8099999999999996,0.46000000000000024,37.18450618201081,9.412978628822373,6.2944035513107485e-06,-0.2016299286463014,-0.2998186949538617,-0.1878321700474396,-0.2755014058106844,0.0020010471343994,4,125,16.0,32.0,3.0,100,99,99,95
0.8099999999999996,0.5100000000000002,855.3548179459407,216.31080551681492,3.621266850386457e-06,-0.361689925705869,-0.3791108722340894,-0.336604313174875,-0.3521818398274003,0.002000093460083,4,2873,131.0,707.0,34.0,100,99,100,99
0.8099999999999996,0.5700000000000003,750.6378953929784,211.6558527421342,1.5370994124521022e-06,0.2767333235288071,-0.997678719998359,0.9670785868600532,0.9484959612830424,0.001000165939331,80,5851,4563.0,1263.0,937.0,100,97,98,93
0.8099999999999996,0.5900000000000003,966.4619166649228,257.5144303105786,1.6982140235644296e-06,0.1808422344895486,-1.162774188370617,0.9526600299426852,0.9327270859315552,0.001000165939331,78,6336,4890.0,1392.0,1005.0,97,96,93,92
0.8099999999999996,0.6000000000000003,167.33459494876325,82.23867703216048,6.627145654328468e-07,0.958350478522324,0.7909442130486355,0.9982883110918352,0.992808159416218,0.0009999275207519,85,5687,5321.0,1320.0,1163.0,100,99,100,99
0.8099999999999996,0.6200000000000003,663.3628343523626,196.30397346971864,1.1421503019360833e-06,0.6988207908136814,0.1483685512568969,0.9796002612048568,0.966696530902586,0.0009987354278564,80,6930,5767.0,1481.0,1191.0,100,99,100,96
0.8099999999999996,0.6300000000000003,666.1893499599045,203.0395281712406,1.1992663606695923e-06,0.7521391489859509,0.3420125851412336,0.981319120333904,0.9678723930438085,0.0020003318786621,80,7329,6113.0,1603.0,1265.0,100,99,97,96
0.8099999999999996,0.6400000000000003,0.0,0.0,5.907793737662183e-07,,,1.0,1.0,0.002002477645874,99,3065,3065.0,822.0,822.0,100,99,100,99
0.8099999999999996,0.6800000000000004,70.94638037905027,58.18504962617116,3.593332502591368e-07,0.997729291204583,0.967225290830568,0.999791496740572,0.997641868453448,0.0010061264038085,82,7766,7604.0,1779.0,1674.0,100,99,99,99
0.8099999999999996,0.7300000000000004,658.2601954003333,159.20122582138086,1.744998983846711e-06,0.8811957981850342,0.7498140560821034,0.9869773841715352,0.9827927591567784,0.002000093460083,67,9021,8234.0,1950.0,1726.0,89,88,86,85
0.8099999999999996,0.8000000000000005,777.591866669856,184.45158955370616,2.2594400395686844e-06,0.90288949915246,0.8565267826244688,0.9864962464715904,0.982617693396482,0.0019998550415039,64,11151,10427.0,2410.0,2207.0,88,85,82,82
0.8099999999999996,0.9600000000000006,985.06810435257,190.4801324313479,4.652291618469301e-06,0.9422146814136784,0.9636145166023156,0.9829556008083656,0.9857345528803052,0.0019998550415039,53,15118,15372.0,3352.0,3332.0,76,74,72,70
0.8199999999999996,0.23000000000000004,16.653640743092783,3.810621121724559,2.228307552448028e-05,-1.6279857866684213,-1.2127349989252467,-1.600882492861615,-1.124481833699098,0.0019996166229248,4,39,4.0,11.0,1.0,100,4,58,4
0.8199999999999996,0.26000000000000006,0.5496210815947049,0.25,5.518409019316881e-06,0.8673527730131504,0.1097372488408032,0.9307727196772576,0.1111111111111117,0.0019991397857666,4,10,7.0,2.0,1.0,1,4,13,4
0.8199999999999996,0.2700000000000001,0.67700320038633,0.2700308624336608,5.6267236540191085e-06,0.7547465598327817,-0.0386398763523954,0.8891659739540039,0.0837696335078529,0.002000093460083,4,10,5.0,2.0,0.0,1,4,10,4
0.8199999999999996,0.2800000000000001,15.865318570181104,4.130677910464576,7.603713046054569e-06,-1.6023632514732462,-0.9894736842105258,-1.579738737930828,-0.9298741693765024,0.0019803047180175,4,41,8.0,15.0,1.0,93,4,93,4
0.8199999999999996,0.3000000000000001,15.927570436196476,3.977802994954208,8.53177839871973e-06,-1.485316018917445,-0.9289144036296773,-1.473564628655526,-0.8696765299591354,0.001000165939331,4,34,7.0,11.0,0.0,100,4,100,4
0.8199999999999996,0.3300000000000001,31.55088482647251,8.171979564340576,9.675076129224913e-06,-0.7411057726979771,-0.7763154476894703,-0.7216567279802544,-0.731490659241234,0.002000093460083,4,88,6.0,23.0,2.0,100,4,98,4
0.8199999999999996,0.36000000000000015,109.27183229603746,27.86444119901444,5.725371791486717e-06,-0.6068828169756466,-0.5825884903934004,-0.5769048655492404,-0.5475589358411965,0.0020010471343994,4,371,6.0,97.0,0.0,100,4,99,4
0.8199999999999996,0.37000000000000016,41.077543540641926,10.870449239413553,4.133439655670005e-06,-0.8109933744139162,-0.7609551960777974,-0.779592912916542,-0.7122217677361515,0.0019962787628173,4,120,8.0,39.0,0.0,100,4,100,4
0.8199999999999996,0.4000000000000002,1.403121520040228,0.1020620726159657,5.375791057465519e-06,-4.565644171779142,-0.0105263157894739,0.2967441860465114,0.4897959183673466,0.0019981861114501,4,10,4.0,1.0,0.0,1,4,3,4
0.8199999999999996,0.4100000000000002,101.32420120583237,25.855568388002357,8.374076507789553e-06,-0.4598699547218867,-0.4786904847907809,-0.4372830816944757,-0.4517857029749197,0.001000165939331,4,324,6.0,87.0,1.0,100,4,100,4
0.8199999999999996,0.4200000000000002,562.7844280894773,135.12120330774638,3.9330622738851405e-06,-0.5864032108245629,-0.6198535240850105,-0.5497459831771327,-0.5796821253190827,0.0020039081573486,4,1626,14.0,385.0,3.0,100,98,99,4
0.8199999999999996,0.4300000000000002,447.8199159074252,112.96519559876248,7.174337178812998e-06,-0.5098705811616653,-0.5150345570739341,-0.4808361476872753,-0.484310402057533,0.0020036697387695,4,1409,4.0,338.0,1.0,100,96,99,97
0.8199999999999996,0.5200000000000002,799.2021933361628,202.86895400726056,4.111827828834401e-06,-0.3201156498905451,-0.3383299509353192,-0.2992786976358184,-0.3158767159284723,0.0020022392272949,4,2849,102.0,669.0,26.0,100,99,99,99
0.8199999999999996,0.5900000000000003,612.2339331406655,179.34758307698365,1.1650074494876808e-06,0.6581697561983296,0.0966169554783726,0.9793792520496608,0.967239341458118,0.0010018348693847,82,6250,5143.0,1334.0,1066.0,100,99,96,98
0.8199999999999996,0.6200000000000003,789.5357744462468,218.68500276603928,1.347873393730331e-06,0.6495484266272906,0.0436381979850286,0.9718091695421156,0.9578368159914464,0.0010023117065429,77,7092,5720.0,1498.0,1183.0,98,97,96,93
0.8199999999999996,0.6400000000000003,874.2326158790157,228.0372776543344,1.6155025414477965e-06,0.6031653159577346,-0.0160640801719931,0.9680681445251648,0.9545342514752682,0.0019991397857666,73,7312,5995.0,1555.0,1238.0,95,93,94,89
0.8199999999999996,0.6700000000000004,484.86150787434326,134.83980394257745,7.69575684624261e-07,0.9078024626115364,0.7447323133062472,0.9917151589088402,0.9875922498984094,0.0010037422180175,78,7979,7175.0,1722.0,1496.0,100,98,96,95
0.8199999999999996,0.6800000000000004,830.2101680158604,215.04865281355072,1.3770954528118215e-06,0.7821229126012119,0.4741928632472797,0.977221098858064,0.9686975831838146,0.0020058155059814,74,8429,7076.0,1785.0,1474.0,97,94,96,91
0.8199999999999996,0.6900000000000004,1034.845744198484,229.4000871839416,2.5863864279363317e-06,0.5539487526764386,0.3391281229004609,0.9607198949571034,0.9548111112428556,0.0020003318786621,65,8375,6964.0,1779.0,1446.0,90,85,84,82
0.8199999999999996,0.7400000000000004,635.521885277499,168.0506867981602,1.4222922223330655e-06,0.9187006538034044,0.790645356061857,0.9897711006102068,0.9846717417208358,0.0020029544830322,70,9795,8836.0,2105.0,1857.0,92,91,89,88
0.8199999999999996,0.7900000000000005,977.3570633439411,206.5223663550223,3.98200513002302e-06,0.8271058015828215,0.8605607820955139,0.9741495910233816,0.9727982814239328,0.0010042190551757,59,10874,9603.0,2343.0,2030.0,82,80,78,76
0.8199999999999996,0.8200000000000005,733.6243122872547,164.76937630646373,3.0007476524993598e-06,0.9068412822827948,0.8912949936126962,0.9876025600319104,0.9853828488341528,0.0019967555999755,62,11190,10728.0,2461.0,2277.0,85,83,82,79
0.8199999999999996,0.8300000000000005,827.518664161047,175.5606302213595,4.306299877297261e-06,0.9064952652123568,0.9238293876124748,0.9830039055491776,0.9822703237445578,0.0019993782043457,57,11639,11006.0,2567.0,2338.0,81,78,76,75
0.8199999999999996,0.8600000000000005,718.023158686582,154.24821820855118,3.085520270553317e-06,0.9359847096940171,0.941475017509344,0.9900857809278334,0.9893402117057474,0.002000093460083,61,12557,12227.0,2699.0,2616.0,84,81,81,78
0.8199999999999996,0.8700000000000006,769.4348427727505,160.68956519835496,5.210966608325888e-06,0.9439131105496376,0.9580180705328531,0.9873759301594724,0.9873220413842232,0.0010027885437011,56,13092,12216.0,2864.0,2608.0,78,77,74,73
0.8199999999999996,0.9100000000000006,1109.135016509931,274.8171844126288,1.3701796384841245e-06,0.8930570668969555,0.7936441221718097,0.9830148347956048,0.9765401545060916,0.0009996891021728,67,13848,14628.0,2958.0,3164.0,90,87,86,84
0.8199999999999996,0.9200000000000006,820.9707385092188,173.42983300673558,4.377349760820386e-06,0.9456640308178677,0.9564303578284048,0.9882490535542942,0.9879536161427346,0.0009999275207519,57,14088,14306.0,3072.0,3088.0,80,78,76,75
0.8199999999999996,0.9500000000000006,1358.8425974134952,278.09493964210395,3.8297367598646605e-06,0.8607990916783519,0.8995462982451801,0.968696860857373,0.9701126137435884,0.0009992122650146,56,14300,15310.0,3082.0,3318.0,80,76,77,73
0.8199999999999996,0.9700000000000006,1763.2502126754443,418.9333926771653,9.31719015686954e-07,0.8208810026860096,0.6859075047732393,0.9645009461103944,0.9568342644685104,0.0009994506835937,68,15313,17121.0,3353.0,3758.0,93,88,88,85
0.8199999999999996,0.9800000000000006,984.259813260706,190.1566722468607,5.89473926207968e-06,0.953820420110594,0.9703026877173888,0.983328659003838,0.9862008028066256,0.0009994506835937,50,15813,16088.0,3403.0,3487.0,73,71,70,68
0.8299999999999996,0.21000000000000002,0.2282177322938192,0.0,5.375791057465519e-06,0.6657381615598887,1.0,0.9774561522160602,1.0,0.0019996166229248,4,10,2.0,1.0,0.0,1,4,2,4
0.8299999999999996,0.2900000000000001,20.860149408221726,5.722761571129799,1.0376081462659562e-05,-0.9924798282920622,-0.5975609756097562,-0.9750403764179024,-0.5602667937112911,0.0015060901641845,4,75,5.0,24.0,0.0,100,4,100,4
0.8299999999999996,0.3000000000000001,39.40560979522248,9.00925450115972,9.303313730229669e-06,-0.6059750890570306,-0.6235588276149464,-0.5890184624568282,-0.5840489201144936,0.0025031566619873,4,115,5.0,28.0,0.0,98,4,98,4
0.8299999999999996,0.3200000000000001,26.787940383687584,6.499198668553943,6.146210843689757e-06,-1.1110010214504595,-0.9365237289821906,-1.085727711243171,-0.8848980388693402,0.0020041465759277,4,73,8.0,21.0,1.0,100,4,92,4
0.8299999999999996,0.36000000000000015,174.34021457101247,41.784915539781416,4.749933202630771e-06,-0.7521781078294982,-0.7911122410497504,-0.7074483408125811,-0.7399076140551206,0.0020005702972412,4,501,7.0,119.0,2.0,100,4,99,4
0.8299999999999996,0.4000000000000002,274.6319506782365,70.1246657746046,7.736985175671058e-06,-0.4035178206548662,-0.4342600522423259,-0.3826843987159358,-0.4094232461192921,0.0020015239715576,4,928,5.0,228.0,1.0,100,4,100,4
0.8299999999999996,0.4200000000000002,581.8183959220723,142.21726336841107,3.5552879174571142e-06,-0.5525598786343504,-0.5700813796044817,-0.5183993084857839,-0.5339387479321116,0.0019996166229248,4,1786,22.0,426.0,5.0,100,99,100,98
0.8299999999999996,0.45000000000000023,308.50037142063,80.18111009874251,3.645799136753887e-06,-0.3356439940635496,-0.3534110757123836,-0.3132484404948565,-0.3294076513534658,0.0029990673065185,4,1129,50.0,313.0,12.0,100,99,100,99
0.8299999999999996,0.47000000000000025,613.0027018700652,155.46623427612826,4.566355955501448e-06,-0.3677585808307486,-0.3815369420302419,-0.3451618983563542,-0.3574839165697594,0.0020008087158203,4,2073,50.0,507.0,12.0,100,99,100,99
0.8299999999999996,0.5200000000000002,451.0547823343265,115.98989718936733,3.196008548639322e-06,-0.113277527198043,-0.125854654692699,-0.0963722430767337,-0.1074508227005746,0.002000093460083,4,1756,203.0,429.0,52.0,100,99,100,99
0.8299999999999996,0.5300000000000002,798.5530730118485,202.37478124344776,2.401472061523233e-06,-0.3071340005679666,-0.3154465912531834,-0.2848491095411241,-0.2919498344003466,0.0019974708557128,4,2769,152.0,649.0,40.0,100,99,99,99
0.8299999999999996,0.5500000000000003,0.0,17.67766952966369,2.912366894036049e-07,1.0,-4.555555555555555,1.0,0.9998427472190656,0.0010013580322265,98,3196,3196.0,764.0,789.0,100,99,100,99
0.8299999999999996,0.6500000000000004,379.4286563547328,135.06509152023116,7.961884074176521e-07,0.9251994932471496,0.7409647814235183,0.9940451732053516,0.98657742556277,0.0010006427764892,81,7408,6748.0,1645.0,1420.0,100,99,96,98
0.8299999999999996,0.6600000000000004,97.19953703593448,55.92629077634239,3.631053037773559e-07,0.9939599602078556,0.9493095446225716,0.9995791724963105,0.9976543440699678,0.0009994506835937,84,7207,6900.0,1649.0,1538.0,100,99,100,99
0.8299999999999996,0.7300000000000004,695.02925597896,171.05213630157715,1.4409504025905149e-06,0.8871123322590582,0.7358834856104219,0.9872669577263992,0.9831427923649328,0.0009996891021728,70,9395,8509.0,2047.0,1786.0,93,91,89,87
0.8299999999999996,0.8300000000000005,410.6478215373038,118.96119815581324,1.0178614719273716e-06,0.9782837146034884,0.9367228388412516,0.9969759173425748,0.9945495061901046,0.0019991397857666,70,11612,11858.0,2567.0,2540.0,92,91,88,87
0.8299999999999996,0.8700000000000006,727.7302567095944,161.66114725131777,6.633593490940228e-06,0.9565375022293184,0.9643319726480898,0.986759990268014,0.9853609136219488,0.0019993782043457,51,12974,11992.0,2832.0,2552.0,74,72,70,68
0.8299999999999996,0.8800000000000006,1366.9737644619493,289.93196694146275,4.690525991486841e-07,0.8177578139296693,0.7952786677301193,0.968794064321358,0.9760891773564212,0.0009975433349609,78,12663,14684.0,2776.0,3198.0,100,98,98,95
0.8299999999999996,0.9000000000000006,864.821055671827,173.51993161209657,6.014310092986278e-06,0.9455034417872435,0.9627529152381172,0.9837876906948344,0.985239447542005,0.0019989013671875,52,13822,13050.0,2957.0,2794.0,75,73,72,70
0.8299999999999996,0.9400000000000006,973.0847213886364,181.41532689751804,5.918077766530107e-06,0.94174269810182,0.965941488899678,0.9819972216982052,0.9859312311379028,0.002000093460083,52,14675,14505.0,3208.0,3130.0,76,72,70,69
0.8299999999999996,0.9600000000000006,963.470908481082,189.7900856097196,5.33656483709312e-06,0.9456718135183152,0.9634159537116072,0.9838850030052017,0.9858584363544824,0.001000165939331,53,15115,15389.0,3282.0,3330.0,76,74,74,70
0.8399999999999996,0.22000000000000003,0.25,0.0,5.375791057465519e-06,0.7982486865148862,1.0,0.964728704955617,1.0,0.0019984245300292,4,10,4.0,1.0,0.0,1,4,4,4
0.8399999999999996,0.23000000000000004,0.6922186552431729,0.338501600193165,1.1062789459263004e-05,0.6745283018867925,-0.083076923076923,0.8731244483671668,-2.220446049250313e-16,0.0019986629486083,4,10,6.0,2.0,0.0,1,4,29,4
0.8399999999999996,0.26000000000000006,0.2886751345948128,0.1020620726159657,5.375791057465519e-06,0.5947229551451189,-0.0105263157894739,0.9690354544047066,0.4897959183673467,0.0019998550415039,4,10,3.0,1.0,0.0,1,4,2,4
0.8399999999999996,0.2800000000000001,0.6454972243679028,0.3227486121839514,5.669409521852359e-06,0.7499837228986262,-0.0389610389610388,0.9024651922654896,-0.0373443983402488,0.0020008087158203,4,10,7.0,2.0,0.0,1,4,7,4
0.8399999999999996,0.2900000000000001,43.47329160914013,10.675126853266583,6.258175866935944e-06,-0.9210645463035132,-0.7866086009798583,-0.8849517923472621,-0.7425626502243508,0.0022616386413574,4,109,6.0,31.0,0.0,97,4,100,4
0.8399999999999996,0.3000000000000001,0.4564354645876384,0.0,5.375791057465519e-06,0.7085610200364298,1.0,0.932657665241254,1.0,0.0019960403442382,4,10,6.0,0.0,0.0,1,4,1,4
0.8399999999999996,0.34000000000000014,77.36318568931867,19.02903483276718,4.258488652517412e-06,-1.1530134588478642,-0.9824398404140298,-1.0813431681228902,-0.9074804489015612,0.0020003318786621,4,219,4.0,54.0,0.0,100,4,97,4
0.8399999999999996,0.4000000000000002,95.59522957065728,24.95850723367352,1.2251843377288364e-05,-0.329424256887266,-0.3467433017601815,-0.3157397442786402,-0.3284921932395095,0.002000093460083,4,322,7.0,92.0,2.0,100,4,99,4
0.8399999999999996,0.4100000000000002,249.2905767706968,64.62270305395775,6.075905496090798e-06,-0.4313720834852044,-0.4457725418212057,-0.4080392377514292,-0.4194464787190481,0.0010874271392822,4,859,9.0,233.0,2.0,100,98,100,4
0.8399999999999996,0.45000000000000023,317.35544609580387,84.81880196434436,7.196538483254955e-06,-0.3819503059359868,-0.3844550471405139,-0.360583340318187,-0.3616392160989843,0.0020003318786621,4,1128,17.0,287.0,4.0,100,99,98,99
0.8399999999999996,0.46000000000000024,184.7154060981379,49.16098130970672,4.387161763797766e-06,-0.2399087591413566,-0.2417208198020182,-0.2208219368176169,-0.221168678210029,0.0019996166229248,4,704,52.0,197.0,13.0,100,99,100,99
0.8399999999999996,0.5300000000000002,230.00821241376968,110.51143731658628,1.3339168776743087e-06,0.7057289248861291,-0.6579042632709773,0.9963755872536766,0.9860225579929238,0.0009999275207519,91,4343,3882.0,1039.0,843.0,100,99,100,99
0.8399999999999996,0.5600000000000003,433.1943641633131,159.7987573704591,1.314961034990642e-06,0.6256540776818198,-0.2776047638836845,0.9885491990999404,0.9725164676789296,0.0009975433349609,86,5394,4584.0,1243.0,963.0,100,99,100,99
0.8399999999999996,0.6300000000000003,736.2095150159362,207.5610753489199,1.0761336196185497e-06,0.7101625874936999,0.2783959511945448,0.9775323461410088,0.9664764821865132,0.002000093460083,80,7281,6094.0,1613.0,1261.0,99,99,97,96
0.8399999999999996,0.6500000000000004,1381.2099561099112,302.7874785106827,3.0440027476733127e-06,-0.0103043722260836,-0.4327367279272121,0.9173950438654148,0.9066641942288168,0.0009963512420654,65,7646,5780.0,1602.0,1191.0,89,85,82,81
0.8399999999999996,0.6900000000000004,149.63065639545036,34.5224564595279,2.514805969169782e-07,0.9868295114506412,0.984244588059624,0.9990913693172296,0.9992325402244226,0.0020017623901367,85,7348,7634.0,1728.0,1754.0,100,99,100,99
0.8399999999999996,0.7200000000000004,841.6353315124074,214.76469681956576,2.240374407528074e-06,0.7997816152703343,0.5436444636984867,0.9798681532102774,0.9710233042011936,0.0009982585906982,68,9114,8089.0,1990.0,1694.0,91,89,88,85
0.8399999999999996,0.7400000000000004,850.483979860879,209.0163235955789,2.4298437350765827e-06,0.8223624045993598,0.6689563246288521,0.9800377483437188,0.972867396713922,0.0009946823120117,66,9616,8506.0,2075.0,1781.0,89,87,84,83
0.8399999999999996,0.7500000000000004,864.1272353003803,202.07566839571692,2.213282975198204e-06,0.8432975274271253,0.7165548139444453,0.9813296788384628,0.9768009917137772,0.0019998550415039,67,10068,8876.0,2155.0,1866.0,89,88,88,85
0.8399999999999996,0.8100000000000005,700.2106627453071,159.37726033255532,2.483346228666797e-06,0.924041565084629,0.8971834663551607,0.9895710582331602,0.9874844942126488,0.0019998550415039,64,11432,10704.0,2511.0,2268.0,87,85,84,82
0.8399999999999996,0.8200000000000005,655.1801914995091,123.85710852968162,4.39230056947167e-07,0.9486936659541152,0.9472291303444916,0.9920587191382604,0.9947800855363064,0.0009996891021728,76,11710,12286.0,2549.0,2642.0,100,96,95,93
0.8399999999999996,0.8300000000000005,861.6107396421348,180.2202972907201,5.14424728115408e-06,0.9109693978174004,0.932132066824523,0.9809887069506612,0.9806577340877588,0.0010006427764892,55,11838,10813.0,2539.0,2293.0,79,77,75,73
0.8399999999999996,0.9300000000000006,1063.9244758546447,261.3156538895861,1.0487176419438742e-06,0.921232146293033,0.8511251249951468,0.9862633760458568,0.9821570735082792,0.0009996891021728,69,14570,15704.0,3174.0,3430.0,92,89,91,86
0.8399999999999996,0.9400000000000006,792.2702054421663,146.9027956594054,8.264087591888188e-06,0.9674873860784772,0.9803390171798736,0.9876105255678662,0.9904431865415546,0.0009999275207519,49,14861,14433.0,3304.0,3117.0,71,70,68,66
0.8499999999999996,0.2,2.316157018281216,0.568257570707744,1.1843506297808528e-05,-0.5543259557344067,-0.3244325767690252,-0.0396479328165373,-0.2831125827814575,0.002000093460083,4,10,3.0,2.0,0.0,1,4,39,4
0.8499999999999996,0.23000000000000004,29.07300437404661,6.545513730793023,1.08388077544611e-05,-1.3724816628783802,-1.282266035478333,-1.3099894667919263,-1.1904340925915076,0.0020003318786621,4,69,1.0,15.0,0.0,99,4,99,4
0.8499999999999996,0.24000000000000005,11.14441190313184,2.5310570914145734,9.269812306078285e-06,-2.666359163591636,-1.2697216669229583,-2.658944512810756,-1.2008302318923565,0.002000093460083,4,26,7.0,9.0,1.0,97,4,94,4
0.8499999999999996,0.2800000000000001,11.399470016920375,2.8540906315906183,1.3991860525358136e-05,-1.4287015086097634,-0.7592800899887515,-1.4243119132339248,-0.7296675587799428,0.0019996166229248,4,31,7.0,12.0,0.0,100,4,100,4
0.8499999999999996,0.3100000000000001,0.2886751345948128,0.2282177322938192,5.767327866892548e-06,0.902389425521098,0.1111111111111111,0.9743950838561004,0.2319508448540708,0.0019998550415039,4,10,5.0,1.0,1.0,1,4,4,4
0.8499999999999996,0.3300000000000001,0.7216878364870323,0.2700308624336608,5.788076968142359e-06,0.6655285345968921,-0.0786516853932588,0.8595663408605775,-0.0752688172043012,0.0019991397857666,4,10,5.0,1.0,0.0,1,4,6,4
0.8499999999999996,0.36000000000000015,187.1101224323972,48.23877244153987,6.790936764030844e-06,-0.6877293314163602,-0.6584882074588907,-0.6471135521934068,-0.6159254922283091,0.0019974708557128,4,593,3.0,157.0,0.0,100,4,100,4
0.8499999999999996,0.37000000000000016,227.6367949534228,57.818411859891135,5.004798374134292e-06,-0.6810762641585693,-0.6759237726888854,-0.6405327042016655,-0.6323816918112197,0.0019962787628173,4,674,7.0,175.0,0.0,100,4,99,4
0.8499999999999996,0.38000000000000017,14.6411947372246,3.7693942926328807,7.086325260981858e-06,-1.5741447244980926,-1.5699986261309884,-1.536746396856156,-1.4381524381524384,0.0020031929016113,4,32,6.0,9.0,1.0,96,4,94,4
0.8499999999999996,0.4200000000000002,658.3930247200376,157.83479627973887,4.790106972220058e-06,-0.5119741112630636,-0.5502896929115564,-0.4815906692804488,-0.516174895895338,0.0020027160644531,4,1977,14.0,464.0,3.0,100,99,99,97
0.8499999999999996,0.45000000000000023,998.5349476441306,239.5372274477045,4.081676223445789e-06,-0.5455803957473386,-0.586258768698722,-0.5114198103660628,-0.5483927231656545,0.002000093460083,4,2864,35.0,648.0,8.0,100,99,97,98
0.8499999999999996,0.46000000000000024,52.64474095291951,14.145817992136992,4.094382513434634e-06,-0.0095750085021066,-0.0513263862878798,0.0007173655033577,-0.0349858625564636,0.0020003318786621,4,214,33.0,60.0,8.0,100,99,100,99
0.8499999999999996,0.47000000000000025,789.207104736562,197.46924866081469,4.331851418123543e-06,-0.4011525803486711,-0.422053673928189,-0.3764789553461491,-0.3953675648968999,0.0019986629486083,4,2601,58.0,626.0,14.0,100,99,100,99
0.8499999999999996,0.5200000000000002,147.66696059037716,38.70858001356633,3.383680650372844e-06,0.1002524095675654,0.0848027490317541,0.1132710177633715,0.0992013852466844,0.0019981861114501,4,641,136.0,173.0,35.0,100,99,100,99
0.8499999999999996,0.5400000000000003,345.747363812558,93.76855371960616,3.676436557917088e-06,0.1801904554147452,0.1552239083871952,0.190515838634523,0.1669631597795834,0.0019998550415039,4,1655,361.0,429.0,95.0,100,99,100,99
0.8499999999999996,0.5700000000000003,131.95737948292245,94.79055860158226,9.530114961292816e-07,0.9268626475433348,0.490461933238406,0.9989556095516524,0.9915696462035292,0.0009996891021728,92,4586,4321.0,1158.0,994.0,100,99,100,99
0.8499999999999996,0.6000000000000003,487.1621336315503,154.54898540232767,1.0992242106614236e-06,0.7715907430058542,0.2192956651849269,0.9877350415219674,0.9773010489155324,0.0009992122650146,82,6295,5440.0,1357.0,1128.0,100,99,97,98
0.8499999999999996,0.6300000000000003,179.87084486745852,50.839002416124046,7.254715290797092e-06,0.8478948811032987,0.8381327441710774,0.8497967676088243,0.8402604277402669,0.002000093460083,4,2021,1448.0,550.0,398.0,100,99,99,99
0.8499999999999996,0.6400000000000003,40.078048854703496,32.98673976009148,1.972751178658055e-07,0.9952567358618776,0.9468280049354362,0.9999085780536128,0.9990651578944396,0.0009968280792236,92,4942,4959.0,1289.0,1226.0,100,99,100,99
0.8499999999999996,0.6600000000000004,998.7292092120532,260.1407952116187,2.1361903864890358e-06,0.5794303255081948,0.0276231988826894,0.9619789921696328,0.9449929540386642,0.001011848449707,70,7785,6397.0,1702.0,1328.0,93,90,88,86
0.8499999999999996,0.6700000000000004,697.0731994952506,196.15485533814163,1.0393219468976147e-06,0.8463349383339878,0.6184065128397384,0.9838252351409968,0.9758787641807593,0.0019989013671875,78,8458,7244.0,1858.0,1511.0,100,99,96,95
0.8499999999999996,0.6800000000000004,1054.7056935467829,260.1526474975798,2.202831294993131e-06,0.6082350352787754,0.1473853008409862,0.9639263027001034,0.9521680919855492,0.0019991397857666,70,8422,6966.0,1850.0,1451.0,93,90,88,86
0.8499999999999996,0.6900000000000004,788.5464475856828,194.30848080895933,1.4554960410839672e-06,0.7919817352222843,0.5184468212965575,0.980723082233638,0.9748930541269284,0.0019998550415039,72,8468,7405.0,1849.0,1542.0,93,92,91,89
0.8499999999999996,0.7600000000000005,938.6452864017432,212.4778006980345,3.120839088522566e-06,0.8154029189251115,0.7735675966210085,0.9758403306253096,0.9710698102516048,0.002000093460083,62,10150,8921.0,2186.0,1875.0,86,84,82,80
0.8499999999999996,0.8000000000000005,774.0732659462097,174.8274337137835,2.981691402986676e-06,0.902898210227104,0.8871655391314979,0.9861517201407426,0.9835990799603735,0.0009996891021728,62,11130,10248.0,2399.0,2171.0,84,84,82,80
0.8499999999999996,0.8100000000000005,874.0377702419523,190.33185305070268,4.006693522936032e-06,0.887196139893011,0.9009906016804604,0.9806013964086931,0.9785898274741696,0.0009994506835937,58,11323,10319.0,2449.0,2189.0,82,79,80,76
0.8499999999999996,0.8600000000000005,719.4756945165,155.5610008967543,3.4226782307993538e-06,0.9405287043170945,0.9451346415210524,0.989817001310576,0.989023323287571,0.0009999275207519,60,12447,12179.0,2714.0,2604.0,83,81,80,78
0.8499999999999996,0.8800000000000006,840.5484725427068,166.25153060519904,6.302887042408093e-06,0.9398590419901184,0.9607257631060088,0.9827562788042594,0.9848207289306316,0.0010004043579101,51,12765,12420.0,2760.0,2652.0,75,72,72,69
0.8499999999999996,0.8900000000000006,818.6762180496023,163.20476541616503,4.748998848872008e-06,0.9456722558933665,0.9617908270630072,0.9870957890441144,0.988220432299769,0.001000165939331,56,13798,13080.0,2975.0,2809.0,80,77,78,74
0.8499999999999996,0.9100000000000006,877.6703600267957,172.93118762147537,5.86308025589964e-06,0.9436038177982432,0.963195387385879,0.985111657754981,0.9869791834034616,0.0019989013671875,54,14069,13700.0,3125.0,2944.0,77,75,74,72
0.8499999999999996,0.9200000000000006,1047.8574407886867,241.51240805234676,2.607136006292689e-06,0.9071981924625324,0.8840419021168786,0.984116336725078,0.980680706386636,0.0010073184967041,63,14251,14651.0,3090.0,3170.0,86,84,84,80
0.8499999999999996,0.9600000000000006,866.2761967061035,157.85992240603952,6.21975814480811e-06,0.9628204959246418,0.9784797400886688,0.9869665475358338,0.9902768347891144,0.0019981861114501,51,15700,15324.0,3453.0,3313.0,74,72,70,69
0.8499999999999996,0.9700000000000006,1365.7043855644604,319.5586800573566,1.068724521310234e-06,0.8866347656291201,0.8196565767088073,0.9796718310182948,0.9757443568044016,0.0010015964508056,68,15478,16999.0,3407.0,3725.0,90,88,85,85
0.8599999999999995,0.21000000000000002,14.19323489084383,3.5044614422190468,1.5898298783692014e-05,-1.3489733844152818,-0.7836892285871877,-1.3313932181158863,-0.7294744099397106,0.0020003318786621,4,36,3.0,16.0,0.0,99,4,99,4
0.8599999999999995,0.24000000000000005,0.8660254037844386,0.2886751345948128,7.058663062862698e-06,0.1814306016106112,-0.0491803278688525,0.7417040358744394,0.1452991452991449,0.0020010471343994,4,10,2.0,2.0,0.0,1,4,10,4
0.8599999999999995,0.3300000000000001,185.89148940533383,45.023142197467,5.877006428239059e-06,-0.6457274904317121,-0.6291068201407333,-0.6093172628417993,-0.5904857242055253,0.0020043849945068,4,550,5.0,138.0,2.0,100,4,100,4
0.8599999999999995,0.34000000000000014,124.41609455104005,30.375943058062685,4.745178108798091e-06,-0.7604844706019289,-0.74581325125584,-0.7181847446084577,-0.696444149337033,0.0019993782043457,4,354,9.0,97.0,1.0,100,4,99,4
0.8599999999999995,0.35000000000000014,165.3026265167415,40.641599172932814,7.574493967644579e-06,-0.6179750609085397,-0.6572091286965671,-0.5832832651628816,-0.6171395353580675,0.0020005702972412,4,536,5.0,130.0,0.0,100,4,99,4
0.8599999999999995,0.37000000000000016,282.5347692467837,70.26905139058968,4.49348223378701e-06,-0.6346045575904149,-0.6364807603627511,-0.5972450258611581,-0.5967456802967004,0.0020067691802978,4,832,5.0,214.0,0.0,100,4,100,4
0.8599999999999995,0.38000000000000017,146.49303168865518,36.87718920055233,9.595921517835288e-06,-0.5172360749079985,-0.5517456427800875,-0.4908532997111123,-0.5189666935664774,0.0019984245300292,4,459,6.0,110.0,0.0,100,4,99,4
0.8599999999999995,0.4000000000000002,31.08506474176948,8.411301920630361,7.051520265091015e-06,-0.4642707337345919,-0.5387548968707223,-0.4496719434102383,-0.5057329585258359,0.0010004043579101,4,112,5.0,35.0,1.0,99,4,99,4
0.8599999999999995,0.4400000000000002,272.54202657571915,71.03344282800883,6.331660791763423e-06,-0.3581651733457318,-0.3853410853703909,-0.3381406545383032,-0.362541791118331,0.0010008811950683,4,959,15.0,232.0,3.0,100,99,100,95
0.8599999999999995,0.45000000000000023,337.4525892625511,86.43277734748548,3.3657276500399736e-06,-0.3873475613054946,-0.3953176460159457,-0.3640729573162102,-0.3702429348747327,0.0019998550415039,4,1187,29.0,300.0,7.0,100,99,100,99
0.8599999999999995,0.48000000000000026,165.05996385152477,43.65167522558556,5.486133253153438e-06,-0.207537750270913,-0.2238419191643241,-0.189311796078212,-0.2032719524856077,0.0020022392272949,4,636,51.0,164.0,13.0,100,99,100,99
0.8599999999999995,0.49000000000000027,39.408120990476064,40.5,1.506392128439598e-06,0.9027992927443708,-2.183406113537118,0.9999288177620934,0.9987005766476816,0.001000165939331,96,3455,3415.0,795.0,777.0,100,99,99,96
0.8599999999999995,0.5000000000000002,580.0241553878022,149.62714075327378,3.4332275531572016e-06,-0.2613558992584999,-0.2932934356456229,-0.2419993943180731,-0.2712921885168962,0.0020029544830322,4,2073,115.0,522.0,29.0,100,99,100,99
0.8599999999999995,0.5200000000000002,1397.440789443331,346.6789292702976,3.148486539367231e-06,-2.57327804456038,-9.299537897302468,0.8663026691810632,0.824653012790921,0.0010056495666503,75,5370,3595.0,1184.0,784.0,92,86,90,76
0.8599999999999995,0.5400000000000003,520.0397420710588,168.65719670384658,1.434737937517572e-06,0.4228897161925576,-1.012746377552224,0.9840066860254436,0.9707438600057922,0.0009996891021728,88,5246,4303.0,1162.0,906.0,100,99,100,99
0.8599999999999995,0.5500000000000003,78.58662190765769,71.77743377970545,1.0644404404889613e-06,0.9510256206093844,0.2276145660594415,0.9996346311142876,0.9951240420765316,0.0009989738464355,93,4173,4010.0,1025.0,906.0,100,99,100,99
0.8599999999999995,0.5600000000000003,896.7359817987854,253.0534580510192,1.8214662864636533e-06,0.0687538074402587,-1.8100976002897975,0.9566340100457744,0.9338567121731284,0.0009999275207519,81,5950,4539.0,1269.0,931.0,100,97,97,93
0.8599999999999995,0.5800000000000003,520.3473387470877,175.69860557215586,1.215633012575157e-06,0.6376785463852399,-0.2787027776368374,0.9840687633604506,0.9675092854882332,0.0014293193817138,83,5794,4920.0,1280.0,1028.0,100,99,98,99
0.8599999999999995,0.5900000000000003,808.2598873224783,219.91630639445955,1.4652051873247252e-06,0.4631505042006288,-0.420078231224009,0.965729543127166,0.949962531647985,0.0020012855529785,78,6465,5045.0,1374.0,1039.0,100,97,96,93
0.8599999999999995,0.6200000000000003,271.2443547799659,103.47083785161055,6.135841241302133e-07,0.919512046421778,0.7122776611928501,0.9962017009934276,0.9907105887958496,0.0009992122650146,86,6153,5723.0,1435.0,1281.0,100,99,100,99
0.8599999999999995,0.6300000000000003,1097.788062255019,266.3727546962047,1.8186392319866343e-06,0.3528660793780126,-0.5876924147921747,0.9521721230571606,0.9396667302571484,0.0009996891021728,73,7432,5837.0,1564.0,1204.0,94,92,90,89
0.8599999999999995,0.7000000000000004,1126.183700500379,259.5904116453106,2.3707547548811224e-06,0.65161026882838,0.3912423834414463,0.9608463175029772,0.9530596798447796,0.0010006427764892,67,8948,7427.0,1945.0,1549.0,89,88,88,85
0.8599999999999995,0.7400000000000004,1100.03372184183,243.0581623197836,3.605417195060613e-06,0.7198070296417893,0.6834354105558653,0.9666891319905538,0.9618901222313596,0.002000093460083,63,10134,8487.0,2152.0,1778.0,86,84,84,80
0.8599999999999995,0.7500000000000004,543.9301754033194,149.9248621333843,1.2338045824248629e-06,0.9487177690133471,0.8665884664608914,0.99315956164377,0.9892026303106178,0.0020010471343994,72,10221,9392.0,2187.0,1983.0,95,93,92,90
0.8599999999999995,0.7600000000000005,1128.659403894727,254.8303847660243,4.537826745495074e-06,0.7507539924415043,0.7685346753732017,0.9638891079680468,0.9571846659409752,0.0010004043579101,60,10579,8799.0,2301.0,1846.0,83,81,79,76
0.8599999999999995,0.7700000000000005,504.863757654581,148.74069081273043,1.31633392147122e-06,0.961277732254091,0.8793353837938975,0.9945600556607082,0.9900698313837156,0.002000093460083,71,10705,9986.0,2291.0,2110.0,94,92,93,89
0.8599999999999995,0.7800000000000005,1106.966323724649,241.24415886409875,5.48570869691546e-06,0.8008131549711384,0.839956611597117,0.964208910865148,0.9601638281601172,0.0019991397857666,57,10824,9152.0,2329.0,1928.0,79,78,75,74
0.8599999999999995,0.7900000000000005,616.4066263695241,158.96236113641655,1.604972889001488e-06,0.9506498318995764,0.8914485514857061,0.9927244361591224,0.9894647233792548,0.0020003318786621,69,11298,10576.0,2452.0,2250.0,93,90,88,87
0.8599999999999995,0.8000000000000005,1054.4872582339617,229.94743360651407,5.790015570844295e-06,0.8512608847827383,0.8815637247294994,0.9686099024449876,0.9654469605753534,0.0019998550415039,55,11288,9817.0,2445.0,2070.0,78,76,76,73
0.8599999999999995,0.8200000000000005,846.5688636543935,178.7132670457955,4.424026451087575e-06,0.9072592026849672,0.927222846222673,0.9817157651298232,0.981083697750452,0.001000165939331,56,11666,10652.0,2585.0,2259.0,80,78,77,74
0.8599999999999995,0.8300000000000005,950.3502205327604,212.60546402511235,6.791362737777281e-06,0.9118539425830572,0.9269926681472151,0.9754128821883032,0.9722261183401468,0.002000093460083,52,12130,10684.0,2653.0,2264.0,75,73,72,70
0.8599999999999995,0.8600000000000005,681.0502531887211,155.37636818214563,3.073782983790399e-06,0.9479720775665302,0.9420175348214482,0.9915080707898796,0.9897736019763584,0.0009999275207519,62,12761,12243.0,2771.0,2617.0,85,83,81,79
0.8599999999999995,0.8700000000000006,752.2674420362921,166.12037280499212,5.714169808613201e-06,0.9501267650529176,0.9584578028934028,0.9873617521474624,0.985983959673853,0.0020017623901367,54,12928,12178.0,2792.0,2599.0,77,76,74,72
0.8599999999999995,0.9600000000000006,937.5581116741284,178.22827819663237,6.458149331592647e-06,0.9515956440642344,0.9705379086632178,0.9853055040329888,0.9880683065692932,0.002000093460083,53,15346,15412.0,3384.0,3342.0,76,73,72,70
0.8599999999999995,0.9700000000000006,1031.2141096784896,186.7442636334514,6.686007573770945e-06,0.948752767038338,0.971042982596743,0.9812243038088548,0.9862714733627864,0.0020802021026611,50,15619,15584.0,3445.0,3375.0,73,70,70,67
0.8699999999999996,0.22000000000000003,5.824695986344123,1.5645819462932156,1.5892376405617866e-05,-1.7572729918253245,-0.6785714285714286,-1.684392282269164,-0.5987482141642291,0.0019989013671875,4,12,6.0,5.0,1.0,68,4,85,4
0.8699999999999996,0.25000000000000006,15.747354275136718,3.741657386773941,1.7395165975527107e-05,-1.0720764502148803,-0.8567810269399034,-1.063047479730034,-0.7952553964522338,0.0019998550415039,4,34,5.0,10.0,0.0,90,4,100,4
0.8699999999999996,0.2800000000000001,88.87555672586998,20.065777250499583,7.358925600805285e-06,-1.0350386688717506,-1.020491939405192,-0.97581874530972,-0.9412507112763092,0.0019986629486083,4,203,8.0,53.0,0.0,100,4,98,4
0.8699999999999996,0.2900000000000001,153.62183004594974,35.31745909131441,7.499284657550337e-06,-0.8328125641105526,-0.852464553590536,-0.7814512201005894,-0.7913799293878283,0.0019993782043457,4,413,6.0,94.0,1.0,100,4,100,4
0.8699999999999996,0.3300000000000001,0.4208127057650866,0.2041241452319315,5.543427376133237e-06,0.748729792147806,-0.0434782608695645,0.9431514178705188,0.4764397905759162,0.0020036697387695,4,10,3.0,2.0,0.0,1,4,3,4
0.8699999999999996,0.34000000000000014,29.23895802977026,7.611668673819165,7.040813599365379e-06,-1.2474088475704097,-0.9711827051930936,-1.200711707892471,-0.8974451695658252,0.0019991397857666,4,80,6.0,23.0,1.0,100,4,99,4
0.8699999999999996,0.45000000000000023,580.7833341703255,148.9803538502085,3.6424923885200136e-06,-0.3684553128751666,-0.3866543884817175,-0.3469144518426645,-0.3632893477404064,0.002000093460083,4,1943,35.0,490.0,8.0,100,99,100,98
0.8699999999999996,0.49000000000000027,197.5527883039535,52.76757211267794,4.117398109265742e-06,-0.1742272518925471,-0.1901196613352136,-0.1573804982182121,-0.1715591421861002,0.0019998550415039,4,813,64.0,220.0,16.0,100,99,100,99
0.8699999999999996,0.5200000000000002,18.634645153584223,23.382685902179844,7.576631197054897e-07,0.990895624131512,0.8150802206861564,0.9999830737414682,0.9995695300657356,0.0020034313201904,96,3567,3548.0,846.0,817.0,100,99,100,99
0.8699999999999996,0.5300000000000002,150.33771506654134,80.84376466811949,1.0821628079685922e-06,0.8119412636327173,-0.1745569508831641,0.9986061112988388,0.9932985953904276,0.0020005702972412,93,4082,3804.0,955.0,843.0,100,99,100,99
0.8699999999999996,0.5400000000000003,45.09596249481026,11.486405007660142,5.588802207455632e-06,-5423.62518089725,-2671.386813186812,-1150.3918376975705,-1944.6221198156688,0.0020003318786621,4,10,167.0,1.0,44.0,1,99,3,99
0.8699999999999996,0.5500000000000003,967.7284644735738,269.1030958396357,2.041849584810549e-06,-0.3718379626128953,-3.2525389531635245,0.9446540738922324,0.914864088970858,0.0009968280792236,79,5751,4224.0,1221.0,864.0,100,94,97,90
0.8699999999999996,0.6000000000000003,746.3430846467327,219.11424561533863,1.3980599600531397e-06,0.6055548406527897,-0.0502340850239273,0.972644726382404,0.956661864308786,0.0019941329956054,81,6774,5385.0,1464.0,1111.0,100,99,97,96
0.8699999999999996,0.6100000000000003,1286.3790126886065,314.03576911828736,2.44483249300574e-06,-0.0826837862182188,-1.489974276418601,0.925391268669132,0.9040005273280834,0.0009999275207519,72,6942,5169.0,1515.0,1064.0,92,90,90,86
0.8699999999999996,0.6200000000000003,292.4574919802613,107.49275467533758,6.344689108757187e-07,0.9089273283149752,0.690191370479935,0.9953872271862292,0.9897949077423238,0.0009996891021728,87,5991,5532.0,1376.0,1263.0,100,99,99,99
0.8699999999999996,0.6400000000000003,510.1967112894068,162.30413296939597,8.82487629458532e-07,0.8810931413078716,0.6696204694404952,0.9893710648549132,0.9809232023495844,0.002000093460083,81,7520,6672.0,1664.0,1410.0,100,99,97,99
0.8699999999999996,0.6600000000000004,801.1005430031863,216.7046838441661,1.3516791128034566e-06,0.762813439929268,0.4322619135907568,0.976931625449764,0.9662504735423592,0.001000165939331,75,7987,6716.0,1692.0,1397.0,98,96,98,92
0.8699999999999996,0.6800000000000004,1160.5607211602503,276.2076890674841,2.5540079810709823e-06,0.4881153668143527,0.0267380217448904,0.9548511757904428,0.9427210871711474,0.0009996891021728,68,8442,6856.0,1807.0,1424.0,91,88,87,85
0.8699999999999996,0.6900000000000004,558.2121759092445,170.04509205893987,1.0377122945195763e-06,0.9157258459079948,0.7572524467096745,0.9900809725958064,0.982450225824672,0.0010023117065429,76,8733,7703.0,1911.0,1612.0,98,97,97,93
0.8699999999999996,0.7000000000000004,1340.3506902945114,295.54941965678,3.541108647954324e-06,0.4566220138744831,0.4014619712100495,0.9398105455795108,0.9313255990638538,0.0009996891021728,63,9211,7137.0,1936.0,1484.0,86,84,83,80
0.8699999999999996,0.7700000000000005,914.5677181658616,203.21178060776344,2.8213668774775176e-06,0.845704307787307,0.7921687711629475,0.9798820389067524,0.9769271473237624,0.0010023117065429,64,10711,9444.0,2307.0,1989.0,87,85,85,82
0.8699999999999996,0.7800000000000005,909.6674745673356,203.0401789935044,2.812645777785374e-06,0.8553975998023616,0.8102857165439936,0.9816721819205624,0.97887663448593,0.0010068416595458,65,11088,9803.0,2387.0,2067.0,88,86,85,82
0.8699999999999996,0.8000000000000005,679.6021976559696,171.71359533691387,2.2312529121054416e-06,0.931846879708256,0.8795586870620418,0.990683950193734,0.9867423373946436,0.0019977092742919,66,11432,10625.0,2530.0,2252.0,89,87,84,84
0.8699999999999996,0.8100000000000005,442.70916987443246,73.72800134154039,2.926095638332708e-07,0.9762212421150812,0.9830897069227732,0.9961656859333712,0.9981587959450116,0.0010006427764892,78,11707,12163.0,2574.0,2611.0,100,99,98,95
0.8699999999999996,0.8500000000000005,817.2646867336299,172.31511831525404,4.774177180283385e-06,0.9313736528894536,0.9477416470939628,0.9852572258102984,0.9849346382418392,0.0020003318786621,56,12559,11738.0,2741.0,2506.0,80,77,77,74
0.8799999999999996,0.2,0.3679900360969936,0.2886751345948128,5.648865436752201e-06,0.8611945278611945,-0.0491803278688525,0.9554122650569352,0.3437243642329782,0.0020003318786621,4,10,4.0,2.0,0.0,1,4,4,4
0.8799999999999996,0.23000000000000004,41.89321743035102,10.343576911945563,1.4251630391642718e-05,-0.953967234598362,-0.8132260372091482,-0.920374728614454,-0.759805634941848,0.0019993782043457,4,109,8.0,38.0,0.0,100,4,97,4
0.8799999999999996,0.25000000000000006,88.79975131346559,21.183228428798728,8.314112845239675e-06,-1.039900093136371,-0.9620745149242402,-0.9791871579749007,-0.8939347309590928,0.0019998550415039,4,245,7.0,62.0,0.0,100,4,96,4
0.8799999999999996,0.2800000000000001,16.052972206624748,3.8051500189436247,9.975738260019308e-06,-2.2892548934879526,-1.6679996001199644,-2.2172693980315863,-1.5009446013782184,0.0020005702972412,4,30,2.0,9.0,1.0,80,4,75,4
0.8799999999999996,0.2900000000000001,20.77984801035208,4.808846015417836,1.3750446104467366e-05,-1.3179035068916995,-0.9946838381191272,-1.2954663252603735,-0.9369023522021356,0.0019991397857666,4,48,6.0,12.0,0.0,100,4,90,4
0.8799999999999996,0.3000000000000001,60.07460639349486,14.886725070791538,7.523807576854468e-06,-0.7385951633205232,-0.6312069765565911,-0.7038777012591808,-0.5910360542604993,0.0019996166229248,4,198,5.0,51.0,0.0,100,4,100,4
0.8799999999999996,0.36000000000000015,57.15065980954784,15.283092509916528,5.89393869400296e-06,-0.7694082903540196,-0.735158389241187,-0.7360469012541417,-0.6901958389960885,0.0019984245300292,4,171,8.0,47.0,0.0,100,4,98,4
0.8799999999999996,0.38000000000000017,1.1547005383792517,0.3227486121839514,6.536860828807199e-06,-0.0330390920554855,0.0153846153846153,0.6323001350147941,0.0909090909090906,0.0019996166229248,4,10,6.0,2.0,1.0,1,4,24,4
0.8799999999999996,0.4200000000000002,700.5315392614383,171.3586030327434,4.566249990994909e-06,-0.519656490581816,-0.5422823917044723,-0.4887245771232307,-0.5087485430727032,0.0020039081573486,4,2205,15.0,536.0,3.0,100,98,100,95
0.8799999999999996,0.4300000000000002,260.98553200640583,66.40775243398419,5.72356539501706e-06,-0.3758863274645634,-0.3959177650952965,-0.353194100397542,-0.3702801027971443,0.0019998550415039,4,883,27.0,242.0,6.0,100,99,100,98
0.8799999999999996,0.46000000000000024,368.9654878847072,97.42277924934533,5.5073612016653945e-06,-0.3520943479533931,-0.3696498756358837,-0.3319316872920463,-0.3473103476829757,0.0020027160644531,4,1287,25.0,339.0,6.0,100,99,100,98
0.8799999999999996,0.47000000000000025,943.7186087494512,231.71260036231664,4.483113740692663e-06,-0.427132264210242,-0.4517151080815704,-0.4006429018666679,-0.4231541751285959,0.0020008087158203,4,2983,61.0,704.0,15.0,100,99,100,99
0.8799999999999996,0.49000000000000027,21.434493229372137,5.0836748519156885,5.714713675956951e-06,-297.53881407318613,-440.06666666666666,-94.1811648935023,-336.09239130434776,0.002000093460083,4,10,72.0,1.0,18.0,1,99,3,99
0.8799999999999996,0.5000000000000002,206.4530385895474,107.00066755465994,1.6859372491935114e-06,0.5514886525675606,-2.467507262500772,0.9973880564492242,0.988203911584626,0.0010046958923339,93,4032,3673.0,952.0,806.0,100,99,100,93
0.8799999999999996,0.5200000000000002,266.28497422873863,72.09845698764988,3.129923067743259e-06,0.1148771304968528,0.0868000821425363,0.1264223032731262,0.0997035400644877,0.003007173538208,4,1256,232.0,320.0,60.0,100,99,99,99
0.8799999999999996,0.5700000000000003,998.0428943926304,273.4185697528869,1.888865722621303e-06,0.0306901567912165,-1.5785340997986954,0.9453677048827942,0.9200639417995728,0.0014724731445312,79,6125,4537.0,1348.0,931.0,100,97,97,93
0.8799999999999996,0.6200000000000003,1272.4450362865855,307.20255110823445,2.0823773383122874e-06,0.2280377488244017,-0.8425347658913107,0.9358562372132788,0.920614808329458,0.0020003318786621,73,7462,5631.0,1598.0,1160.0,95,92,95,89
0.8799999999999996,0.6300000000000003,1230.2715567907258,302.20842316931333,2.359796921929805e-06,0.1524430166142482,-0.909526376824248,0.9384158494917864,0.9196259492510164,0.0020053386688232,71,7350,5676.0,1616.0,1173.0,91,90,89,86
0.8799999999999996,0.6500000000000004,1313.4252806086592,312.54723513982395,2.4862147375594725e-06,0.2650331539769174,-0.422634591880729,0.9373815654160236,0.9218305249081702,0.002997875213623,69,7935,6176.0,1744.0,1280.0,91,89,86,86
0.8799999999999996,0.6800000000000004,1294.5025276598135,294.05451675417163,2.9443804828669974e-06,0.414016868812264,0.1282628427554093,0.9434657039060932,0.9330011252065482,0.0020022392272949,66,8693,6811.0,1878.0,1414.0,88,87,86,83
0.8799999999999996,0.7100000000000004,893.4881284685799,230.1875787886293,1.5949742306709256e-06,0.8217389662624909,0.571882647795839,0.9782925382282148,0.9700240435793608,0.0009987354278564,72,9327,7997.0,2033.0,1673.0,94,93,92,90
0.8799999999999996,0.7200000000000004,1169.4720124392836,256.72211128814445,2.3997111482669605e-06,0.6990389216625702,0.5439098533989517,0.9634583297830482,0.9595257433189416,0.0029959678649902,67,9689,8038.0,2092.0,1683.0,87,88,87,85
0.8799999999999996,0.7600000000000005,601.217653322544,165.11460666256434,1.5738327932843038e-06,0.9374094576309238,0.8372750106867122,0.9920034984273904,0.9870447871848512,0.0020017623901367,70,10458,9598.0,2278.0,2028.0,92,91,90,87
0.8799999999999996,0.8900000000000006,967.5444513334376,187.6116810253105,8.397676577674891e-06,0.9409078620828436,0.9612338096175478,0.9802064791817972,0.9829589072467944,0.0025088787078857,51,14097,12697.0,3063.0,2713.0,75,72,71,69
0.8799999999999996,0.9700000000000006,785.8617916374071,149.85422546224342,6.244394284572305e-06,0.9672733645399794,0.9800690261649164,0.9907356205630656,0.9924848953368618,0.0020008087158203,55,16010,15983.0,3496.0,3469.0,77,76,74,72
0.8799999999999996,0.9800000000000006,1059.9364792288263,203.9356270983567,7.653547900592864e-06,0.9499111708624308,0.9676450158893388,0.9811594932683376,0.9844570793581816,0.0020010471343994,50,16077,16063.0,3572.0,3484.0,73,70,68,67
0.8899999999999996,0.21000000000000002,9.302217477569528,2.240721609958125,1.5289456325422807e-05,-3.272255347872905,-1.388109000825764,-3.2499961628781486,-1.287069988137604,0.002000093460083,4,20,4.0,6.0,0.0,91,4,91,4
0.8899999999999996,0.22000000000000003,24.519125188309637,5.5537149728807655,1.7533826949562846e-05,-1.7960403074736777,-1.464611783066719,-1.6988631049691936,-1.3415259062440694,0.002000093460083,4,52,2.0,15.0,0.0,99,4,98,4
0.8899999999999996,0.24000000000000005,0.1020620726159657,0.0,5.375791057465519e-06,0.9831903344423044,1.0,0.9961971402494676,1.0,0.001000165939331,4,10,5.0,1.0,0.0,1,4,4,4
0.8899999999999996,0.26000000000000006,0.3679900360969936,0.2282177322938192,5.585891463141355e-06,0.8907180385288967,-0.0549450549450545,0.9641468325105492,0.1134751773049645,0.0019977092742919,4,10,5.0,1.0,0.0,1,4,4,4
0.8899999999999996,0.2700000000000001,0.699702317656111,0.1443375672974064,5.375791057465519e-06,0.7795044714851195,0.6571428571428573,0.8904428904428905,0.7037037037037037,0.0019998550415039,4,10,7.0,2.0,2.0,1,4,5,4
0.8899999999999996,0.2800000000000001,16.032843894123502,3.9303837810914426,1.1290939929550494e-05,-1.633664775253918,-1.0029544591229476,-1.6049853319807157,-0.9256989261274366,0.002000093460083,4,40,5.0,13.0,0.0,100,4,97,4
0.8899999999999996,0.2900000000000001,31.07149014772224,8.049974120041215,1.137823871983751e-05,-0.6515804825730098,-0.63238441459048,-0.6376430675990263,-0.5921113582212165,0.0019977092742919,4,90,7.0,25.0,0.0,99,4,99,4
0.8899999999999996,0.3200000000000001,220.5673083210656,55.24311797258853,6.1561058707914216e-06,-0.6284766907542623,-0.5931638091906293,-0.5936836160514776,-0.5572938139014412,0.0019996166229248,4,684,10.0,177.0,1.0,100,4,98,4
0.8899999999999996,0.3300000000000001,107.76203529072752,25.79021939935112,5.71991740887602e-06,-0.627353218761874,-0.6165116096926015,-0.5975037891841539,-0.5809987976555275,0.0019998550415039,4,318,7.0,84.0,0.0,100,4,98,4
0.8899999999999996,0.36000000000000015,86.77275157943689,22.114757516192665,9.15950040818097e-06,-0.4653130393409026,-0.462633909274641,-0.4455683952219547,-0.4370652648010837,0.0021703243255615,4,290,3.0,73.0,0.0,100,4,100,4
0.8899999999999996,0.38000000000000017,1.8285923547909744,0.2700308624336608,5.500250312092803e-06,0.0213414634146341,0.3107692307692308,0.4304875452416434,0.3130520117762515,0.0019974708557128,4,10,8.0,2.0,2.0,1,4,5,4
0.8899999999999996,0.4100000000000002,1.4142135623730951,13.435028842544405,3.14190396077055e-06,0.9969242599000384,0.82373046875,0.9999999471808836,0.999914051671716,0.0010113716125488,98,3106,3104.0,743.0,743.0,100,99,99,98
0.8899999999999996,0.45000000000000023,659.7211137417588,166.2046304008004,4.561204967610842e-06,-0.4129564136361761,-0.422747667176961,-0.3892363102728513,-0.3975876829481952,0.0025064945220947,4,2143,24.0,524.0,5.0,100,99,100,97
0.8899999999999996,0.46000000000000024,839.3607190395954,205.55858856621228,3.928241186110117e-06,-0.4234528983355672,-0.4561298863764482,-0.3976897276626145,-0.4275603135518775,0.0019996166229248,4,2652,49.0,636.0,12.0,100,99,100,99
0.8899999999999996,0.5000000000000002,541.7815519192214,199.87475244929428,2.1004766243657547e-06,0.0046786639037431,-2.1497359610388544,0.9798610100265136,0.9520953662416616,0.0009989738464355,88,4767,3709.0,1088.0,766.0,100,99,100,89
0.8899999999999996,0.5200000000000002,796.5017655347664,204.05475674436016,5.793842989017117e-06,-0.3059741383831078,-0.3247600661138994,-0.2854188570435396,-0.302436048238605,0.0019993782043457,4,2805,115.0,733.0,30.0,100,99,100,99
0.8899999999999996,0.5300000000000002,560.8676951194207,207.47409476847943,1.963215573204201e-06,0.2513063688598885,-1.257342789810635,0.9788601637553735,0.9495601515178274,0.0009992122650146,86,5070,4032.0,1205.0,830.0,100,99,99,99
0.8899999999999996,0.5600000000000003,179.23926546857496,89.97618732594911,9.9239607239524e-07,0.8460272278486658,0.4204658012149049,0.9982128638576232,0.992741532248402,0.0009994506835937,93,4533,4194.0,1091.0,961.0,100,99,100,99
0.8899999999999996,0.6700000000000004,1208.938251925919,280.1893840049814,2.5803906487982577e-06,0.432188593965252,0.0626613215431872,0.9481745599070164,0.936922969935024,0.0009987354278564,67,8310,6594.0,1792.0,1367.0,88,88,86,84
0.8899999999999996,0.6900000000000004,1101.726372562625,266.09789722786405,2.6690297492886417e-06,0.6343399972850914,0.3035434810270132,0.9617370060212634,0.950414278037544,0.001002550125122,67,8764,7274.0,1908.0,1516.0,89,88,86,85
0.8899999999999996,0.7000000000000004,1037.154793975647,248.8938193956076,1.9853223514640616e-06,0.6891578023355467,0.3431525801980907,0.969325107016294,0.9612852760393916,0.0009999275207519,70,9035,7586.0,1947.0,1586.0,92,90,88,87
0.8899999999999996,0.7200000000000004,748.6166322417406,194.80865944075344,1.6488705531266151e-06,0.8745983914559796,0.6894499033349359,0.9855151563902854,0.9791463140568082,0.0019993782043457,71,9521,8437.0,2057.0,1767.0,95,92,90,88
0.8899999999999996,0.8000000000000005,924.0372941892722,207.7464927818467,3.713112340239049e-06,0.869285614216486,0.8645131705628638,0.9812941842366972,0.9781033788645316,0.002000093460083,62,11537,10353.0,2539.0,2192.0,86,83,80,79
0.8899999999999996,0.8100000000000005,966.4049828664434,218.5737861684241,5.1201890567864885e-06,0.8850341512638695,0.9005707744738417,0.9761070325450892,0.9718193447092104,0.001000165939331,56,11709,10277.0,2530.0,2178.0,80,78,73,74
0.8899999999999996,0.8300000000000005,608.7354298292582,151.3824529422863,2.0414451843930034e-06,0.9566855265397268,0.920021542426052,0.9932862522952296,0.99073166679797,0.0009996891021728,66,12140,11708.0,2632.0,2497.0,90,87,87,84
0.8899999999999996,0.8600000000000005,838.7255780278167,182.706048066286,4.719471327129418e-06,0.9308324078613582,0.9451857970255336,0.9861714257855216,0.9849555210903812,0.0019998550415039,58,13239,12092.0,2870.0,2585.0,81,79,75,75
0.8899999999999996,0.9100000000000006,685.7779524015044,140.85879454261988,3.944036316838784e-06,0.9633439158465796,0.9725412440898924,0.9927866619266792,0.993059685870146,0.0010023117065429,60,14569,14136.0,3286.0,3047.0,83,80,79,77
0.8899999999999996,0.9400000000000006,819.0557325990999,174.4104354676061,1.1776549682462496e-05,0.9709586868443923,0.9761615612043292,0.9848898570340432,0.9851434283613356,0.0019996166229248,42,15025,14287.0,3261.0,3073.0,65,63,64,59
0.8899999999999996,0.9500000000000006,987.6548087649832,185.1971922033377,6.215321770042017e-06,0.9479630638119632,0.9687800633810154,0.9836514591157116,0.9870501608327124,0.0019998550415039,53,15429,15076.0,3369.0,3262.0,76,74,73,70
0.8899999999999996,0.9800000000000006,936.458888579739,174.83414759899355,7.180024394650303e-06,0.9586823237474192,0.97568319624765,0.9860468971096752,0.9892314088371952,0.0020043849945068,52,16105,16132.0,3493.0,3505.0,75,73,72,69
0.8899999999999996,0.9900000000000007,972.029231086677,169.00115770120578,6.195085701429256e-06,0.9553971601264674,0.9779094384227176,0.9863461989613248,0.990892238278765,0.00099778175354,54,16370,16734.0,3675.0,3647.0,78,74,73,71
0.8999999999999996,0.25000000000000006,39.06724971123512,9.303897032964198,1.4527724068971823e-05,-0.8325231587636428,-0.7741404616821597,-0.799632114516148,-0.7247140523723636,0.0019989013671875,4,90,4.0,23.0,0.0,99,4,88,4
0.8999999999999996,0.26000000000000006,73.35508673568589,18.18596070232933,1.1403876392083984e-05,-0.5372688517284578,-0.5197030396553743,-0.5167540494986818,-0.4914709003457866,0.0019998550415039,4,216,8.0,55.0,1.0,100,4,99,4
0.8999999999999996,0.3000000000000001,54.5307634887562,13.699528580696978,9.90288564127803e-06,-0.7115196342327712,-0.7230430832496533,-0.6852219601306326,-0.6771061099832352,0.0019996166229248,4,184,9.0,42.0,1.0,100,4,99,4
0.8999999999999996,0.3200000000000001,109.08573654088175,25.793652319902275,6.134653998232483e-06,-0.7303330522539437,-0.7060590706592464,-0.6913401717879073,-0.6605292686807593,0.0020005702972412,4,298,5.0,76.0,1.0,100,4,100,4
0.8999999999999996,0.34000000000000014,0.4894725051862804,0.25,5.443917832058492e-06,0.8283048211508552,-0.0666666666666666,0.949499385209907,0.2673992673992676,0.0019996166229248,4,11,5.0,1.0,0.0,2,4,2,4
0.8999999999999996,0.35000000000000014,25.3482001333428,7.131210743391803,1.0809002473140371e-05,-0.47378392134268,-0.4189797994477546,-0.4655822329131234,-0.3955908248907995,0.0019998550415039,4,80,4.0,25.0,0.0,100,4,98,4
0.8999999999999996,0.36000000000000015,106.62902981833793,24.59230062438242,4.633806814992611e-06,-0.7216801723855348,-0.6876517547458603,-0.68188675749474,-0.6438293332608518,0.001000165939331,4,288,4.0,76.0,0.0,100,4,98,4
0.8999999999999996,0.38000000000000017,105.83305446157485,26.538494054235,5.954358543579072e-06,-0.4272681615506015,-0.4580821858724835,-0.4085769056979429,-0.4318460589714226,0.0019996166229248,4,351,6.0,84.0,0.0,100,4,100,4
0.8999999999999996,0.4400000000000002,0.4894725051862804,0.0,5.375791057465519e-06,-22.2421052631579,1.0,0.8370643241711533,1.0,0.0020003318786621,4,10,2.0,0.0,0.0,1,98,1,4
0.8999999999999996,0.48000000000000026,86.66458330829266,53.150729063673246,1.3388813194458965e-06,0.7054398474401367,-2.6822810590631363,0.9996451617455762,0.997748882634488,0.0009996891021728,96,3525,3400.0,827.0,765.0,100,99,99,96
0.8999999999999996,0.5600000000000003,1362.2810527445013,344.16624966345466,2.936717337468213e-06,-1.230438593750125,-4.578344906872054,0.8921323676435607,0.8531926111609444,0.001000165939331,73,5964,4171.0,1295.0,852.0,93,88,89,85
0.8999999999999996,0.6100000000000003,1687.418111302869,366.437620082552,3.828031471835519e-06,-0.8461949357717755,-1.2732596179221534,0.8702339016860194,0.8555408058882557,0.0019998550415039,66,7404,5058.0,1548.0,1039.0,87,84,86,80
0.8999999999999996,0.6200000000000003,1364.8321194512218,326.9063867749997,2.454666896317401e-06,0.0620258791638157,-1.0544784720063007,0.925306592593512,0.907391546963703,0.0019998550415039,72,7456,5523.0,1623.0,1139.0,94,91,91,87
0.8999999999999996,0.6500000000000004,1059.5046556691557,275.1718344263062,1.7922852088358014e-06,0.5747236491374986,-0.1063399587048381,0.960270724543353,0.9453887688812092,0.0019989013671875,74,7965,6387.0,1702.0,1324.0,97,94,92,91
0.8999999999999996,0.7200000000000004,1073.0706562632924,256.6116391228842,2.101985698490332e-06,0.765241468446903,0.5215097137970788,0.972264197739393,0.9654265082393728,0.0009996891021728,70,9904,8400.0,2114.0,1763.0,92,91,87,87
0.8999999999999996,0.7300000000000004,1413.8268600659355,308.7002650768809,5.315245450989044e-06,0.5721914005877131,0.6557941944715477,0.9372445744229668,0.9296080274518116,0.001000165939331,59,10073,7897.0,2243.0,1654.0,81,80,78,76
0.8999999999999996,0.7400000000000004,1217.535831094921,262.2356312856616,4.046203908702366e-06,0.6865422601327478,0.6881019315658687,0.9596003990554118,0.9556547485913952,0.002000093460083,62,10372,8482.0,2194.0,1779.0,84,83,81,79
0.8999999999999996,0.7500000000000004,990.6664720396716,232.58451974181216,2.478069406580168e-06,0.8068956297286951,0.7053104694402603,0.97666776202825,0.970768274791016,0.0009999275207519,66,10407,9022.0,2270.0,1896.0,88,87,85,84
0.8999999999999996,0.8000000000000005,1120.6797141641898,232.7080649188181,6.361155153716091e-06,0.8580474938580468,0.8937521452800338,0.965616694837026,0.9651647086061466,0.0020015239715576,54,11719,9902.0,2522.0,2089.0,77,75,73,72
0.8999999999999996,0.8900000000000006,760.642283157352,163.46029576836978,4.8110915161204656e-06,0.9518930370928536,0.9614768785700556,0.990188178719704,0.9896423617695814,0.0020027160644531,59,14125,13283.0,3076.0,2859.0,82,79,78,76
0.8999999999999996,0.9600000000000006,715.3033224704432,138.3878465705402,7.937176226724859e-06,0.9766850975623528,0.9848454397289328,0.9907096035503248,0.9923463353495332,0.0010013580322265,49,15784,15199.0,3421.0,3288.0,71,70,67,66
0.9099999999999996,0.2,0.5773502691896257,0.2886751345948128,1.0357582692980271e-05,0.7972544878563886,0.0576687116564418,0.9189360354654844,0.3846153846153843,0.0019998550415039,4,10,7.0,2.0,1.0,1,4,2,4
0.9099999999999996,0.22000000000000003,52.46615972859712,12.45031793436082,1.174317694951014e-05,-0.9936307834777582,-0.9486356865762036,-0.939969656017104,-0.8811111462250736,0.0019996166229248,4,151,5.0,38.0,1.0,99,4,98,4
0.9099999999999996,0.23000000000000004,0.2886751345948128,0.0,5.375791057465519e-06,0.9297989031078612,1.0,0.9781486438502088,1.0,0.0019998550415039,4,10,6.0,2.0,2.0,1,4,4,4
0.9099999999999996,0.25000000000000006,36.18715817339995,8.86883588753338,7.524999218303069e-06,-1.209343043244253,-0.9860599684376644,-1.1528812316426773,-0.9213936019705034,0.0019998550415039,4,89,5.0,25.0,1.0,100,4,100,4
0.9099999999999996,0.2800000000000001,1.194605932235954,0.4677071733467426,8.533656358117135e-06,0.4407212110903215,-0.0862068965517244,0.6418862400669174,-0.080246913580247,0.0029959678649902,4,10,6.0,2.0,1.0,1,4,13,4
0.9099999999999996,0.3100000000000001,73.68132395661739,17.1300175131259,9.541921955153335e-06,-0.6068614110885928,-0.6231877098895295,-0.5821052577896169,-0.588907765511733,0.0019998550415039,4,209,7.0,52.0,1.0,99,4,98,4
0.9099999999999996,0.3300000000000001,117.8677313064663,29.6475828132188,6.897770005304841e-06,-0.645860947032358,-0.6167418289461395,-0.613442419063853,-0.5797730931965399,0.0019969940185546,4,360,10.0,88.0,2.0,100,4,100,4
0.9099999999999996,0.34000000000000014,73.13493522250498,18.165328696906823,5.804804093388435e-06,-0.8067391574301226,-0.7742802733281058,-0.7677078903824675,-0.725114415852885,0.002000093460083,4,199,4.0,54.0,0.0,100,4,100,4
0.9099999999999996,0.37000000000000016,0.3952847075210474,0.0,5.375791057465519e-06,0.5406698564593302,1.0,0.9155215138544716,1.0,0.001000165939331,4,10,4.0,0.0,0.0,1,4,1,4
0.9099999999999996,0.38000000000000017,121.97570625606832,29.53405520186259,6.468315765786801e-06,-0.5816537452707577,-0.6210066683322877,-0.5505218463843353,-0.582731392505742,0.0020003318786621,4,346,4.0,84.0,2.0,100,4,100,4
0.9099999999999996,0.4300000000000002,849.061448747969,206.7493954041946,4.631964601452002e-06,-0.5073240190134869,-0.5469670457929865,-0.4769294624125895,-0.51296682306415,0.0019981861114501,4,2512,19.0,602.0,4.0,100,99,99,4
0.9099999999999996,0.5000000000000002,562.5453037311751,147.91122055701746,9.450264709155858e-06,-0.287317803460692,-0.3042121242870104,-0.2678095850079918,-0.2831489189597036,0.002000093460083,4,2039,86.0,520.0,22.0,100,99,100,99
0.9099999999999996,0.5300000000000002,341.25108058436973,128.68605208024684,1.3554318310708652e-06,0.5100727391933733,-1.1009249849980145,0.9925066655694608,0.981721093858019,0.0010004043579101,90,4632,4036.0,1062.0,867.0,100,99,100,99
0.9099999999999996,0.5900000000000003,341.364052979611,133.79960139452334,9.174660257571658e-07,0.8231082185506648,0.2672329597587778,0.9938362294082216,0.9843947338120684,0.0020067691802978,88,5676,5136.0,1338.0,1145.0,100,99,99,99
0.9099999999999996,0.6000000000000003,937.3092694872204,253.87567260936436,1.5530484551576194e-06,0.4195266808944969,-0.539696560110315,0.9605917847536304,0.9442683602766054,0.0010004043579101,79,6811,5385.0,1498.0,1109.0,100,98,95,94
0.9099999999999996,0.6100000000000003,631.7291086111726,199.4068983538712,1.139762336187698e-06,0.7604094161629128,0.4236610779016907,0.9816768747404244,0.9676338404837193,0.0009980201721191,82,7157,5869.0,1557.0,1239.0,100,99,98,99
0.9099999999999996,0.6300000000000003,1591.6277651690873,363.9362581551885,3.953042070061406e-06,-0.3195311295913063,-0.6881625018340798,0.8883769837764773,0.8661211576370654,0.0009999275207519,65,7638,5412.0,1674.0,1114.0,85,84,85,80
0.9099999999999996,0.6400000000000003,1367.803779264931,321.19453384425543,2.2250286205002114e-06,0.2339670464687906,-0.6723165094048111,0.9349752023757508,0.9223354791378426,0.0019998550415039,72,8031,6060.0,1705.0,1254.0,93,91,90,87
0.9099999999999996,0.6900000000000004,1256.047794671843,281.5859105140028,2.5629296687754397e-06,0.5303592522838394,0.2386511540801593,0.953121952394366,0.9464422223618322,0.001000165939331,68,9092,7252.0,1927.0,1512.0,91,88,86,85
0.9099999999999996,0.7300000000000004,196.5658575735785,87.86482386442981,6.15396533956674e-07,0.9917035514283172,0.9511569945008924,0.9989959319957052,0.9963487427620544,0.001000165939331,78,9735,9296.0,2124.0,1964.0,100,99,95,95
0.9099999999999996,0.7800000000000005,81.55703525754231,44.9199287621875,3.853698833272638e-07,0.9990362100455924,0.9921957385204973,0.9998623481497828,0.9992869695683028,0.0009973049163818,80,11254,11185.0,2451.0,2394.0,100,99,100,97
0.9099999999999996,0.8000000000000005,1171.671379791374,260.5626817315003,6.71622217103145e-06,0.8461077824216774,0.8756199886894582,0.9639859284294432,0.9590555138883762,0.0009996891021728,55,11878,9936.0,2579.0,2096.0,77,76,72,72
0.9099999999999996,0.8100000000000005,1070.299079251972,232.0374559255056,4.809053147542391e-06,0.8648513074832258,0.8879903152769513,0.9737331890920582,0.9712058718728368,0.0019996166229248,58,12180,10465.0,2602.0,2219.0,82,79,77,76
0.9099999999999996,0.8400000000000005,797.5995878660561,191.1440589766035,3.739127379385697e-06,0.9301160051404744,0.9255427322176664,0.9880073413764356,0.9842563968637504,0.002000093460083,61,12904,11714.0,2809.0,2497.0,84,82,80,79
0.9099999999999996,0.8800000000000006,859.5091886969827,182.7958995959453,5.621976371247435e-06,0.939008801852804,0.9533575876146908,0.9856616776389074,0.985323347388001,0.0020010471343994,56,13699,12807.0,3070.0,2748.0,80,77,75,74
0.9099999999999996,0.8900000000000006,842.3178957495799,181.68556858851872,7.432777255833531e-06,0.9532807986949928,0.9641731354833488,0.9853689570523492,0.984806975804008,0.002000093460083,52,14189,12912.0,3110.0,2763.0,75,73,70,70
0.9099999999999996,0.9100000000000006,785.5971252093881,161.45156500677612,9.32336463444142e-06,0.963996638187724,0.974329644385023,0.9867980127362572,0.987625548283276,0.0019998550415039,49,14217,13401.0,3122.0,2873.0,71,70,70,66
0.9099999999999996,0.9300000000000006,802.7454014114186,171.41956325538422,3.904227424159002e-06,0.9527322394157712,0.9598442496524088,0.9909491766576368,0.9906704497365778,0.0019996166229248,61,15004,14965.0,3316.0,3244.0,83,81,81,78
0.9099999999999996,0.9400000000000006,741.1839582721688,151.68427736584962,9.418985634957949e-06,0.972693071646934,0.9800689601028106,0.9898243113553143,0.9905253547869298,0.0019996166229248,50,15310,14601.0,3377.0,3145.0,72,71,69,67
0.9099999999999996,0.9500000000000006,1105.1140665107837,261.02375370835506,1.0122590873489204e-06,0.933241487198014,0.8870630612801049,0.9868575096621884,0.9847922447919872,0.0009999275207519,70,15498,16705.0,3393.0,3665.0,94,90,88,87
0.9199999999999996,0.26000000000000006,5.763570941699252,1.7108720973039842,1.5413778326881108e-05,-1.0235306559500832,-0.801763291477424,-0.9447967995316392,-0.7585581075161154,0.0020034313201904,4,21,8.0,6.0,1.0,100,4,96,4
0.9199999999999996,0.35000000000000014,41.470747722541326,9.669001154893577,7.229153242267919e-06,-0.4412683978983702,-0.4854583352729116,-0.4292678083230006,-0.4635283834819419,0.002000093460083,4,142,8.0,33.0,2.0,100,4,100,4
0.9199999999999996,0.36000000000000015,36.542925671963744,9.358596760910972,1.1628852539173464e-05,-0.4584745955539375,-0.4699729013083131,-0.4471121197234484,-0.4497076618291351,0.0019991397857666,4,122,4.0,31.0,0.0,99,4,95,4
0.9199999999999996,0.4400000000000002,390.9757691767271,100.92256726487555,3.4466845249709744e-06,-0.3765708835137011,-0.3937187991710587,-0.355431058575242,-0.3707368558553481,0.0010030269622802,4,1365,18.0,338.0,4.0,100,99,100,98
0.9199999999999996,0.47000000000000025,986.1578820964992,275.1693258608903,3.290742634954449e-06,-6.103985587540974,-42.36664255139567,0.919251221766376,0.8687982462348864,0.0010027885437011,81,4351,3390.0,913.0,775.0,99,85,92,82
0.9199999999999996,0.5000000000000002,517.6267960606367,193.44146401431107,2.1597044706581994e-06,-0.0900309083641754,-3.7599155366728576,0.9822661007986128,0.9578789404642862,0.001002550125122,90,4560,3645.0,1045.0,765.0,100,99,100,91
0.9199999999999996,0.5200000000000002,89.12350980521357,94.50837705374764,1.5710333066024596e-06,0.8825281901450343,-1.2609056391506115,0.9995282962269518,0.9916176353627618,0.0010011196136474,94,3916,3748.0,968.0,827.0,100,99,99,99
0.9199999999999996,0.5400000000000003,536.9800585993239,179.08331394446924,1.4989042386979944e-06,0.3765954883598472,-0.7259808289132996,0.9823767229125744,0.9663356004853608,0.0010027885437011,88,5261,4276.0,1210.0,912.0,100,99,99,99
0.9199999999999996,0.5500000000000003,85.26331763034636,54.35531252784773,6.845634629109222e-07,0.9388150009082576,0.0603482547507354,0.9995717678471324,0.9973267296896238,0.0010027885437011,94,4092,3946.0,973.0,914.0,100,99,100,99
0.9199999999999996,0.5600000000000003,689.680464314557,226.5462740495069,1.5177368964258269e-06,0.3716530817734788,-0.538385425930137,0.97353140547174,0.9503964860765112,0.0010030269622802,86,5906,4581.0,1338.0,968.0,100,99,100,99
0.9199999999999996,0.5900000000000003,1555.6512990659935,366.77752112145583,2.8775179946621627e-06,-0.6699665308886287,-2.613789060738603,0.889160372494527,0.865063615643217,0.0020027160644531,72,6865,4758.0,1472.0,978.0,92,89,89,86
0.9199999999999996,0.6100000000000003,1581.0032747716589,364.1307811850732,3.545852015510978e-06,-0.7223318430551404,-2.0770029229315856,0.8933866348832633,0.8722884852910691,0.0010011196136474,69,7322,5183.0,1604.0,1065.0,88,86,86,83
0.9199999999999996,0.6600000000000004,1554.159386935587,334.8517795767469,3.4845518286625e-06,0.089456772123005,-0.1389040756769479,0.9120896297581936,0.9036210615354876,0.0020010471343994,65,8521,6232.0,1829.0,1288.0,87,85,84,81
0.9199999999999996,0.6800000000000004,1513.729302088058,325.4518178076222,3.2158799231772773e-06,0.3080283846681636,0.0720577494649141,0.9250610745002829,0.9188044388541844,0.0020849704742431,65,8936,6769.0,1914.0,1404.0,89,86,85,83
0.9199999999999996,0.7300000000000004,1177.780732795988,273.58091152621586,2.767902348054324e-06,0.6783391746889877,0.5153627164642332,0.9658284994081208,0.9580822613640068,0.0019996166229248,67,10022,8399.0,2178.0,1759.0,90,87,82,84
0.9199999999999996,0.8100000000000005,1116.617504866332,254.50006406422705,7.143395188701329e-06,0.8664467163008662,0.8871532307726844,0.9671048830954326,0.9609665707974524,0.0019996166229248,54,11972,10150.0,2590.0,2144.0,76,75,73,72
0.9199999999999996,0.8500000000000005,760.8669032389597,179.33418525200375,3.072720077950088e-06,0.936441588788577,0.9289392963045504,0.990588885207548,0.9881479193664447,0.0013377666473388,64,13131,12309.0,2943.0,2633.0,87,84,82,81
0.9199999999999996,0.8600000000000005,1029.2489420035292,235.5460921740404,1.0383630583729078e-05,0.9324320808826906,0.9388586060783932,0.9733784819089594,0.9690823907927104,0.0014829635620117,48,13455,11594.0,2903.0,2469.0,71,69,69,66
0.9199999999999996,0.9300000000000006,821.8214108749838,172.68598953126497,8.257537047802421e-06,0.967717446993221,0.9749661561365504,0.9871450912347026,0.9873785522698352,0.0020020008087158,49,15372,14154.0,3318.0,3045.0,73,70,70,67
0.9199999999999996,0.9600000000000006,825.7469951504517,156.42902543965425,9.907476326275962e-06,0.9711207320320864,0.982036512843496,0.9887628351645106,0.9910492010106156,0.0019998550415039,50,16321,15419.0,3576.0,3331.0,73,71,69,68
0.9199999999999996,0.9800000000000006,828.197043043057,160.4875794505442,3.2100318983530197e-06,0.9613772410671148,0.9730196409411171,0.992206034777412,0.9934297443529932,0.0019960403442382,62,16592,17039.0,3781.0,3730.0,84,82,81,79
0.9199999999999996,0.9900000000000007,804.0335813882402,151.81719270227595,8.557145259683843e-06,0.9742895723456192,0.9842442498316364,0.9899142561334988,0.9921620021965636,0.0009999275207519,50,16695,16552.0,3753.0,3595.0,73,71,69,68
0.9299999999999996,0.23000000000000004,11.531659319745216,2.7137765813222967,1.979153255161285e-05,-1.1728128900487915,-1.129785364629095,-1.1626328352241826,-1.0540980272523903,0.0015046596527099,4,30,7.0,7.0,1.0,98,4,77,4
0.9299999999999996,0.24000000000000005,39.61191950242587,10.120111988840176,1.34387531171035e-05,-0.9205232435832322,-0.7582391380479407,-0.8897823113394845,-0.7099754947572001,0.0020005702972412,4,125,6.0,36.0,0.0,100,4,100,4
0.9299999999999996,0.2700000000000001,0.7288689868556626,0.0,5.375791057465519e-06,0.1570247933884297,1.0,0.8586905322656617,1.0,0.0020012855529785,4,11,7.0,1.0,1.0,2,4,2,4
0.9299999999999996,0.3100000000000001,89.80372115526913,21.86797506248197,1.0544228213213822e-05,-0.673622240542719,-0.6401962652439024,-0.6426107762762305,-0.6047573638186428,0.0019989013671875,4,303,9.0,68.0,2.0,100,4,99,4
0.9299999999999996,0.38000000000000017,202.67492444799385,50.77708636777026,5.096049018513004e-06,-0.5357194411587243,-0.5650245093599906,-0.5059756379797105,-0.5308391561292292,0.0020027160644531,4,654,10.0,159.0,2.0,100,4,100,4
0.9299999999999996,0.4300000000000002,772.2962986552938,191.71373516261164,5.812768473559759e-06,-0.4487751099132804,-0.4682790589447889,-0.4234816174716707,-0.4408971912824522,0.0020060539245605,4,2525,8.0,598.0,2.0,100,97,100,98
0.9299999999999996,0.46000000000000024,50.91823510950342,49.05099387372289,1.965920085823204e-06,0.8202560507787826,-9.83783783783784,0.9999013528568518,0.9985054167894792,0.0015065670013427,97,3449,3372.0,829.0,799.0,100,99,99,97
0.9299999999999996,0.5100000000000002,133.54774427147768,92.29301165310405,1.513784705122985e-06,0.8000394277924827,-0.9896574769174872,0.9989184189272496,0.9918541850025072,0.002000093460083,94,3910,3673.0,929.0,807.0,100,99,99,99
0.9299999999999996,0.5300000000000002,12.98075498574717,42.228544848242166,8.805333020227396e-07,0.9950606789001584,-0.0191819967851401,0.9999914453939664,0.9986070624422057,0.0019977092742919,96,3544,3521.0,890.0,818.0,100,99,100,99
0.9299999999999996,0.5400000000000003,58.35808998473705,31.22498999199199,7.129252600675873e-07,0.9009026776419164,0.5389344262295082,0.9998529864813396,0.9993628513991344,0.0020005702972412,97,3571,3480.0,878.0,833.0,100,99,100,99
0.9299999999999996,0.6000000000000003,1666.9747014194347,385.2272056851645,2.9393243949019666e-06,-0.3600388953916238,-1.574774339713322,0.886095770267264,0.8663794582603896,0.0019986629486083,71,7433,5088.0,1642.0,1048.0,92,90,89,86
0.9299999999999996,0.6500000000000004,1614.9116504901713,357.1504896009835,4.253031687386112e-06,-0.1840432198669797,-0.2162114721350845,0.8980256113727313,0.8832413785789077,0.0020034313201904,64,8212,5926.0,1770.0,1224.0,86,83,81,79
0.9299999999999996,0.6600000000000004,1276.0631442636952,319.1560050438587,2.099356325812236e-06,0.5031993704788593,-0.1474779723916131,0.9498018366778724,0.9348962274980606,0.0022284984588623,73,8684,6710.0,1895.0,1393.0,94,93,92,90
0.9299999999999996,0.6700000000000004,1591.5963120442384,334.2068298646889,4.7182909310645605e-06,0.1500143794695568,0.2487277755062458,0.9030710946547916,0.896787033415869,0.0014011859893798,61,8789,6380.0,1854.0,1321.0,83,81,78,78
0.9299999999999996,0.6800000000000004,1095.3572397892026,268.0659980496311,1.9956149782334943e-06,0.6818080304183722,0.2769780629115798,0.963711948608443,0.9537792085699542,0.0025076866149902,71,8774,7218.0,1867.0,1501.0,95,92,90,89
0.9299999999999996,0.7100000000000004,995.5426522323356,257.3924281500245,2.055303984065154e-06,0.7750791499319722,0.4483432319118885,0.9743307108015986,0.9639225765564348,0.0015060901641845,71,9503,8081.0,2052.0,1689.0,93,92,87,88
0.9299999999999996,0.7300000000000004,340.24185771173194,142.97901943991644,8.806815637493396e-07,0.978360861985574,0.8840160074652942,0.9970928899622156,0.9907688655940092,0.0009999275207519,77,9966,9307.0,2230.0,1966.0,100,98,97,95
0.9299999999999996,0.7500000000000004,894.3837308809436,234.44993963221316,2.2999965542670987e-06,0.8565906046081153,0.6791532338873068,0.982610937019735,0.9742382550716516,0.0009999275207519,69,10458,9315.0,2282.0,1966.0,92,90,89,86
0.9299999999999996,0.9000000000000006,575.3274751858316,130.44283550020418,7.555638561954499e-07,0.9787419931678636,0.9658846227457236,0.9960500033508788,0.9959742211546544,0.0009825229644775,73,14453,15128.0,3216.0,3294.0,95,93,93,90
0.9299999999999996,0.9500000000000006,877.487504998545,185.14367008198948,1.1911684892575326e-05,0.9707413569281907,0.976331620783324,0.9849891864379796,0.9854085633788244,0.0020017623901367,44,15993,14719.0,3561.0,3172.0,67,65,63,62
0.9299999999999996,0.9900000000000007,741.6947459392213,151.4727698300919,9.054584494026682e-06,0.979830540902613,0.9857225800069132,0.9910613297347424,0.9920483954409842,0.002004861831665,48,16751,16359.0,3766.0,3566.0,70,68,66,65
0.9399999999999996,0.2,6.143255108925018,1.5645819462932156,2.212186218372729e-05,-1.7611040986925146,-0.9557867360208064,-1.673820470999786,-0.8837675350701404,0.0020070075988769,4,13,2.0,5.0,0.0,68,4,67,4
0.9399999999999996,0.21000000000000002,8.053855184527055,1.661450169781407,9.577152685500284e-06,-2.1706375304975074,-0.6812053925455988,-2.1483840957812568,-0.6468833509415204,0.0020010471343994,4,18,8.0,6.0,1.0,80,4,78,4
0.9399999999999996,0.23000000000000004,12.275059402436035,3.4034296427770228,1.195308770548009e-05,-2.1884936489130133,-1.3803598902936651,-2.1761611157953915,-1.2928307800160828,0.0014538764953613,4,31,8.0,10.0,1.0,99,4,99,4
0.9399999999999996,0.24000000000000005,8.724964183307574,2.247683993210196,1.680463030661008e-05,-1.6633057474755146,-0.866057472646387,-1.6367060657228212,-0.8301886792452831,0.0020060539245605,4,22,3.0,6.0,0.0,99,4,95,4
0.9399999999999996,0.25000000000000006,0.8228507357554792,0.2282177322938192,7.626624846873727e-06,-0.0955056179775286,-0.0549450549450545,0.766010295546996,0.1134751773049648,0.0029993057250976,4,10,1.0,1.0,0.0,1,7,2,4
0.9399999999999996,0.26000000000000006,0.6922186552431729,0.2886751345948128,6.271831749778811e-06,0.5265358636217433,-0.0491803278688525,0.8380908802928443,-0.0471204188481675,0.0020663738250732,4,10,3.0,2.0,0.0,1,4,10,4
0.9399999999999996,0.2700000000000001,5.666053888436525,1.3693063937629153,1.0077163777688175e-05,-2.5022727272727274,-0.82760444209413,-2.306725033260375,-0.782178217821782,0.0030622482299804,4,13,7.0,5.0,1.0,96,4,67,4
0.9399999999999996,0.2800000000000001,0.5951190357119042,0.25,5.71634406469915e-06,0.7786818551668022,0.109737248840804,0.9112827471036428,0.2146596858638744,0.0020029544830322,4,10,5.0,2.0,1.0,1,4,6,4
0.9399999999999996,0.3300000000000001,18.94619574831141,5.201161729203711,9.5516265960755e-06,-0.4848494777469618,-0.3839671816279291,-0.481465558935116,-0.3630327873154497,0.0021021366119384,4,72,4.0,20.0,0.0,100,4,99,4
0.9399999999999996,0.4000000000000002,343.6246134955993,86.11577720332862,4.637332911769219e-06,-0.4458369001198032,-0.4757850974199082,-0.4214660003466677,-0.4485427915356947,0.0020036697387695,4,1084,6.0,264.0,1.0,100,4,100,4
0.9399999999999996,0.4200000000000002,429.5937640182098,106.9518485892912,5.660581000214025e-06,-0.4933839521264158,-0.5233085673260836,-0.4648626410874283,-0.4917471753335958,0.0020005702972412,4,1350,8.0,327.0,1.0,100,99,100,85
0.9399999999999996,0.4300000000000002,78.03231168347294,21.046575335035705,5.80591128367563e-06,-0.2487264534523543,-0.2989980449657869,-0.2337720325517684,-0.2799181314712256,0.002000093460083,4,288,17.0,80.0,4.0,100,99,100,99
0.9399999999999996,0.4400000000000002,615.5644513371448,158.33706135961978,7.229904957157756e-06,-0.4220591362257642,-0.4478195901219239,-0.3984921995403865,-0.4218034340536356,0.0020029544830322,4,2033,13.0,495.0,3.0,100,99,100,98
0.9399999999999996,0.46000000000000024,537.60715633765,181.95004309375196,2.5596944006342814e-06,-1.081292515913692,-8.784476946976582,0.978420416147773,0.9530638530034176,0.0009999275207519,89,4156,3257.0,878.0,736.0,100,93,98,90
0.9399999999999996,0.47000000000000025,928.7394234480772,229.99646736417495,4.0486356842067065e-06,-0.4385059190221687,-0.4706755124946491,-0.413021185323533,-0.4422988646213901,0.0019984245300292,4,2966,25.0,708.0,6.0,100,99,100,99
0.9399999999999996,0.49000000000000027,356.801065020832,165.66700201173302,2.40653070282792e-06,0.1349281944228658,-3.2224252415972767,0.9913040130877236,0.968428557693085,0.0010061264038085,91,4268,3538.0,1022.0,780.0,100,99,100,91
0.9399999999999996,0.5000000000000002,209.57377380451652,117.64777940955793,1.7339651023882791e-06,0.5766449780807035,-0.8496592275825203,0.9973064355823108,0.9867122175760816,0.0009987354278564,94,3970,3577.0,985.0,781.0,100,99,100,99
0.9399999999999996,0.5200000000000002,225.15486733738243,107.2946543735654,1.5205366120416163e-06,0.6240385823279861,-2.033975882878134,0.9970050874355398,0.9887658478428644,0.0009994506835937,93,4241,3843.0,1016.0,840.0,100,99,99,99
0.9399999999999996,0.5500000000000003,1410.8773570607286,362.2664765059003,2.7380318247546904e-06,-0.7529837551666068,-3.237358877347419,0.8914843428383599,0.8539984764534407,0.0010004043579101,76,6211,4133.0,1339.0,844.0,97,92,95,87
0.9399999999999996,0.5700000000000003,1522.4710299500075,371.6210236049425,3.099530135049516e-06,-0.8997154536373733,-3.788547581214085,0.8864572836837165,0.8555094269392308,0.0020062923431396,73,6611,4495.0,1427.0,922.0,94,89,93,86
0.9399999999999996,0.5900000000000003,1464.5824079339577,357.83303576036894,2.606196406052288e-06,-0.2368887722416153,-1.921490893731004,0.9032224399012836,0.8782208725866896,0.0010006427764892,73,7117,4891.0,1502.0,1005.0,95,91,92,87
0.9399999999999996,0.6000000000000003,943.561565861724,263.63195846446524,1.645502302186233e-06,0.3852599138307372,-0.738362386672919,0.9618295056050128,0.9424051081531004,0.0010027885437011,79,6971,5421.0,1478.0,1119.0,100,97,95,93
0.9399999999999996,0.6100000000000003,1629.658943683393,368.7653848870703,3.5565514436043742e-06,-0.5035108031231308,-1.3075417250716543,0.8805911271965695,0.8602176163970313,0.0009996891021728,67,7386,5103.0,1583.0,1047.0,90,86,86,82
0.9399999999999996,0.6200000000000003,541.6546985857318,179.59764057470244,9.368445787249208e-07,0.8184635201218318,0.53174183535588,0.986924100653066,0.9756816802097564,0.001997947692871,84,7047,6070.0,1634.0,1327.0,100,99,100,99
0.9399999999999996,0.6300000000000003,1555.772281812844,359.9617539207663,2.477504673080357e-06,0.0882925793616941,-1.114627753530515,0.9159592921967986,0.9025703517572252,0.0019977092742919,72,8136,5849.0,1748.0,1207.0,93,92,93,87
0.9399999999999996,0.6600000000000004,1649.4003990755514,359.9946078027542,3.487476004140061e-06,0.1092947953133903,-0.225166639155987,0.9098325197961632,0.900445341049653,0.0019998550415039,66,8780,6387.0,1914.0,1322.0,88,87,85,83
0.9399999999999996,0.7300000000000004,1469.8341851769858,322.74214066604645,7.669535393097951e-06,0.6626566193440414,0.7405981713169024,0.9221373378903246,0.9130489089216104,0.0019991397857666,53,10139,7815.0,2209.0,1630.0,75,74,71,70
0.9399999999999996,0.7400000000000004,1409.866982015234,309.74411795004465,6.1361982508663e-06,0.6495174920784283,0.715614546927055,0.937120021727482,0.9289017501218384,0.0020027160644531,57,10405,8114.0,2286.0,1698.0,79,78,74,74
0.9399999999999996,0.7500000000000004,1336.6867368356852,297.1877648349063,4.07693063730954e-06,0.6738641059284196,0.6609430552920086,0.956204049823174,0.9495061501007028,0.0009987354278564,63,10737,8765.0,2317.0,1840.0,85,84,81,80
0.9399999999999996,0.7800000000000005,966.5967587974042,229.53604099933207,2.7336946991141624e-06,0.8566971616760838,0.7937921678689178,0.9808890643375836,0.9756461212370954,0.0010023117065429,66,11352,9994.0,2498.0,2113.0,88,87,86,83
0.9399999999999996,0.7900000000000005,1154.0095526550235,252.89900110895013,5.310604932245236e-06,0.8183305838091626,0.8479528984174219,0.9668424648403836,0.9627486188398856,0.0020003318786621,58,11487,9775.0,2480.0,2066.0,80,79,75,76
0.9399999999999996,0.8300000000000005,1035.9228924637368,238.6918151271544,7.993213591222472e-06,0.8972544298411818,0.9129348341363548,0.9737923698811032,0.9685337783198108,0.0009999275207519,54,12419,10836.0,2761.0,2297.0,76,75,71,71
0.9399999999999996,0.8400000000000005,1047.7925123497353,236.89202136676963,7.93337236887324e-06,0.9082981945143768,0.921751462630855,0.9740137885046274,0.9698953116412842,0.0009994506835937,53,12816,11177.0,2823.0,2374.0,75,74,74,71
0.9399999999999996,0.8500000000000005,1001.085595523788,216.79804266724324,7.945764965151684e-06,0.9148069990721664,0.9341770930902642,0.97775868012557,0.9763307352816912,0.0020079612731933,54,13164,11670.0,2826.0,2482.0,77,75,76,72
0.9399999999999996,0.8900000000000006,942.582104545553,198.1772895546765,5.696851774557893e-06,0.9381884844654326,0.9536125487775008,0.9853990064740946,0.9851741823111648,0.002000093460083,58,14675,13219.0,3218.0,2842.0,80,78,75,75
0.9399999999999996,0.9100000000000006,901.3344029173372,214.7339439088908,9.835458065941074e-06,0.9599811896303566,0.9607809451817062,0.983758649669612,0.979810528280684,0.0020027160644531,49,15029,13385.0,3304.0,2870.0,72,70,67,67
0.9399999999999996,0.9700000000000006,722.175955783015,133.01562147189915,7.167953291157188e-06,0.9746005713502868,0.9857097215288724,0.992424293862705,0.9942935237626112,0.001997947692871,55,16427,15939.0,3650.0,3463.0,77,75,72,72
0.9399999999999996,0.9800000000000006,744.6046889841232,132.1329597323054,5.207098476924064e-06,0.971877059704768,0.9852143452658488,0.9929565321754,0.9950021359551796,0.0020005702972412,58,16676,16598.0,3732.0,3621.0,80,78,77,75
0.9499999999999995,0.23000000000000004,0.5103103630798288,0.1020620726159657,5.375791057465519e-06,0.8475222363405337,-0.0105263157894739,0.9410043420804228,0.6563573883161513,0.0020003318786621,4,10,8.0,1.0,0.0,1,4,2,4
0.9499999999999995,0.25000000000000006,26.0364328073823,6.259159954285666,1.368403596596215e-05,-1.0286956671393537,-0.8791787024748223,-1.0074501268421727,-0.8263398905458625,0.0020089149475097,4,62,8.0,19.0,0.0,100,4,99,4
0.9499999999999995,0.26000000000000006,40.00468722537398,9.8239715322606,8.925934363166543e-06,-1.3777524851118987,-1.130543199407863,-1.3033624059699478,-1.0547793302284316,0.0019972324371337,4,99,4.0,26.0,0.0,97,4,93,4
0.9499999999999995,0.2800000000000001,88.19952522547953,21.357570866869043,9.133884862951148e-06,-0.7348638115516763,-0.730248730663611,-0.6963290304864671,-0.6827997422192127,0.0019974708557128,4,267,6.0,74.0,0.0,100,4,100,4
0.9499999999999995,0.2900000000000001,63.79834767975317,16.00390577327922,9.517326499994944e-06,-0.8108197245520361,-0.7199266692509243,-0.7710718465244513,-0.6739341332652542,0.0030007362365722,4,189,5.0,55.0,0.0,100,4,99,4
0.9499999999999995,0.36000000000000015,192.6084921544219,47.93843708340938,4.116492372460954e-06,-0.7262382332820074,-0.6816350849756732,-0.6826957184078126,-0.6384020765554559,0.002000093460083,4,584,8.0,152.0,1.0,100,4,99,4
0.9499999999999995,0.4000000000000002,89.341806190234,24.3122054395181,1.1056369656396e-05,-0.4011323229824417,-0.4071409622317836,-0.3827180561467243,-0.3837988428999099,0.0030004978179931,4,358,6.0,90.0,1.0,100,4,99,91
0.9499999999999995,0.4200000000000002,332.0992415679385,85.60842296954975,7.660510579398322e-06,-0.4027578867703478,-0.4047255780522341,-0.3802710612222963,-0.3808784240731979,0.0020029544830322,4,1151,18.0,317.0,4.0,100,99,100,98
0.9499999999999995,0.45000000000000023,658.8417709637623,166.7593388189499,4.241735824135928e-06,-0.4108067484203408,-0.4228445185154692,-0.3870789742230316,-0.3977626147563793,0.0020010471343994,4,2171,28.0,547.0,6.0,100,99,100,97
0.9499999999999995,0.48000000000000026,464.70076393309273,172.13134519894976,2.4899575692999937e-06,-0.504285064258549,-5.727243004659019,0.9857475344564608,0.9646517289620532,0.0009994506835937,90,4299,3498.0,975.0,776.0,100,97,100,91
0.9499999999999995,0.49000000000000027,213.6188193956703,113.84011344236896,1.958851060835499e-06,0.3796127769941302,-2.890189664044696,0.997229071444714,0.9862556554594611,0.0010004043579101,93,3959,3558.0,913.0,794.0,100,99,99,93
0.9499999999999995,0.5000000000000002,0.0,0.0,1.7339111923211792e-06,,,1.0,1.0,0.0009999275207519,99,3071,3071.0,765.0,765.0,100,99,100,99
0.9499999999999995,0.5500000000000003,751.5936845574653,243.10450427748145,1.8146319665622557e-06,0.2121101847884881,-1.489532600958635,0.9692699435418812,0.9429433677237592,0.0009999275207519,85,5893,4512.0,1302.0,928.0,100,99,98,98
0.9499999999999995,0.5800000000000003,1395.6313696675063,344.37253084414266,2.450222001238874e-06,-0.4015429603286244,-2.584148056680393,0.9097493607564208,0.8850524134798768,0.002000093460083,75,6677,4730.0,1439.0,969.0,95,92,91,89
0.9499999999999995,0.6000000000000003,1679.0717673762488,372.6750008385322,3.582131275390801e-06,-0.8735411120789103,-2.255701148018612,0.8683397376037733,0.8506184023135112,0.0009999275207519,68,7127,4837.0,1526.0,991.0,89,86,85,82
0.9499999999999995,0.6100000000000003,880.311092198445,244.33495744279293,1.547859447717542e-06,0.5669383382850264,-0.1171050166109235,0.9674726447822308,0.952176826741864,0.0009999275207519,79,7260,5736.0,1548.0,1185.0,100,98,97,95
0.9499999999999995,0.6300000000000003,1649.3748278001108,378.9646761987872,3.4325557131513857e-06,-0.295605297605696,-1.1668040518605136,0.9001773610675675,0.8817711248126057,0.0020003318786621,69,8048,5678.0,1717.0,1170.0,89,87,84,84
0.9499999999999995,0.6500000000000004,1612.1931232537454,367.5183359680538,3.6892954915225455e-06,-0.0158838652815511,-0.4460671970157468,0.909145105046013,0.8929677900649127,0.0019991397857666,67,8455,6128.0,1821.0,1266.0,90,86,85,83
0.9499999999999995,0.6800000000000004,1616.002843187223,334.40770552353234,4.05251185561751e-06,0.1553101122820865,0.2031154731394219,0.9118248544201856,0.9085959278848388,0.0020010471343994,63,8981,6693.0,1957.0,1389.0,86,83,80,79
0.9499999999999995,0.6900000000000004,1664.383377002133,358.99346469303265,4.844809173632243e-06,0.2455363598138258,0.3736622434119413,0.905795616501502,0.8957497906151551,0.001000165939331,61,9408,6844.0,2038.0,1421.0,83,81,82,78
0.9499999999999995,0.7100000000000004,538.0924219364686,169.93916023629805,8.908931159582108e-07,0.942957607219392,0.8456763761868904,0.9922545241051272,0.9860831073593466,0.0010006427764892,78,9733,8782.0,2160.0,1848.0,99,99,97,96
0.9499999999999995,0.7500000000000004,1362.5996699196417,293.7279234653318,5.372967172771266e-06,0.6965792574649186,0.7584147530813335,0.9449950874973044,0.9396352155505572,0.0009994506835937,57,10762,8514.0,2296.0,1786.0,80,78,74,75
0.9499999999999995,0.8000000000000005,1337.0876591171073,301.09673677733406,8.747839191330036e-06,0.8481791590884438,0.871006635570817,0.9507259279012442,0.943573717521091,0.0019996166229248,51,12334,9871.0,2667.0,2079.0,74,72,70,69
0.9499999999999995,0.8400000000000005,720.7282229998847,173.01956949597184,3.0027741882995945e-06,0.939957756114853,0.921626010716645,0.9914774842829546,0.9888996550005164,0.0020003318786621,65,12778,12116.0,2809.0,2588.0,87,85,81,82
0.9499999999999995,0.8500000000000005,1029.573962121353,228.4170956062996,7.4370777190888145e-06,0.918568788650845,0.9325094261315714,0.9770870367513572,0.9743473458165904,0.0010008811950683,54,13387,11676.0,2924.0,2483.0,75,75,72,71
0.9499999999999995,0.9600000000000006,705.0828435911135,160.64423870332675,8.223388177907228e-06,0.979192509549012,0.9816334056934808,0.9920982967931062,0.9910170386195858,0.0020079612731933,51,16441,15501.0,3625.0,3355.0,74,72,70,69
0.9499999999999995,0.9700000000000006,818.0064035143467,155.43648220414664,4.465640671735425e-06,0.9656054644862968,0.9782528777224908,0.9912246773731104,0.9929031983085024,0.0009996891021728,58,16486,16370.0,3601.0,3569.0,81,79,78,76
0.9499999999999995,0.9800000000000006,802.3186914242343,151.94957687681622,7.213507619930859e-06,0.9727814426332916,0.9834911462627168,0.9910679866621974,0.9929231010159164,0.0019998550415039,54,17286,16486.0,3786.0,3586.0,77,75,74,71
0.9599999999999995,0.22000000000000003,0.9842509842514764,0.2886751345948128,7.872534998112687e-06,0.0105286490080908,0.0576687116564418,0.5873818714228672,0.2149165848871443,0.0020010471343994,4,10,3.0,2.0,1.0,1,4,21,4
0.9599999999999995,0.25000000000000006,0.4677071733467426,0.25,5.769267582070423e-06,0.1679735864630621,-0.0285714285714282,0.892616076907343,0.111111111111111,0.0019941329956054,4,10,3.0,2.0,0.0,1,4,7,4
0.9599999999999995,0.26000000000000006,43.63520654242397,11.545652139802815,1.55935487939513e-05,-0.803605494086227,-0.7159139160167161,-0.7703313970651473,-0.67395706340029,0.0019996166229248,4,146,6.0,40.0,1.0,100,4,100,4
0.9599999999999995,0.3100000000000001,13.34400614508252,3.400367627183861,1.6370559434797292e-05,-1.2667079207920795,-0.8431202975006489,-1.2419801403631183,-0.792751469733187,0.0019998550415039,4,31,3.0,10.0,1.0,98,4,97,4
0.9599999999999995,0.3300000000000001,0.2041241452319315,0.0,5.375791057465519e-06,0.7890109890109891,1.0,0.9807052240605856,1.0,0.0009996891021728,4,10,3.0,0.0,0.0,1,4,1,4
0.9599999999999995,0.34000000000000014,1.0752906583803283,0.3227486121839514,5.68227136102135e-06,0.5939024390243903,0.0153846153846153,0.7655210291725638,0.0909090909090907,0.0020027160644531,4,10,5.0,2.0,1.0,1,4,6,4
0.9599999999999995,0.38000000000000017,97.1666845340178,24.23753975413621,7.155300707759732e-06,-0.5198386880407808,-0.5598845216349064,-0.494303921598368,-0.5289721460618986,0.002000093460083,4,317,7.0,77.0,0.0,100,4,98,4
0.9599999999999995,0.4400000000000002,830.562409856518,206.63753995019076,4.895590675087731e-06,-0.4414941009291637,-0.4759759872789186,-0.4158634082542312,-0.4474407363045694,0.0020003318786621,4,2633,23.0,656.0,5.0,100,99,100,97
0.9599999999999995,0.48000000000000026,113.33313725473234,78.99620244037051,1.655952750207732e-06,0.6603254258229263,-1.6271386231981682,0.9993330163245424,0.9945005950477068,0.0009968280792236,95,3771,3547.0,909.0,786.0,100,99,100,95
0.9599999999999995,0.5200000000000002,574.6522136620259,152.88983642915358,3.515598591138706e-06,-0.2361868833236633,-0.2476740143482974,-0.219357513851383,-0.2298470260515668,0.0019972324371337,4,2137,102.0,561.0,26.0,100,99,100,99
0.9599999999999995,0.5500000000000003,214.23451769364476,115.89835448110802,1.3641151854029612e-06,0.7887954156652349,-0.3329060348319155,0.9973531840579464,0.9880897397619348,0.0020003318786621,93,4486,4096.0,1087.0,935.0,100,99,100,99
0.9599999999999995,0.5600000000000003,1576.6289886152467,366.3665536220565,3.734126656620307e-06,-2.073018952452527,-4.9497340164235,0.8555355536584492,0.8241972717392276,0.0019993782043457,69,6160,4180.0,1306.0,854.0,92,84,87,79
0.9599999999999995,0.5700000000000003,1293.079131375957,330.3052527587172,2.6237997189545077e-06,-0.6809130901168403,-4.090988427914801,0.9175381587249132,0.8880161492568397,0.001000165939331,75,6340,4588.0,1393.0,941.0,95,91,90,87
0.9599999999999995,0.6500000000000004,1512.3370701642882,351.6373033445801,2.577610920914954e-06,0.2129014391772885,-0.5687367495142726,0.9263534078273112,0.9129800684595154,0.0010004043579101,71,8415,6280.0,1808.0,1303.0,94,91,88,87
0.9599999999999995,0.6700000000000004,157.70415340123418,86.2461593347785,5.011875956944775e-07,0.9754587979044156,0.8474235702523549,0.99877926565118,0.9948475633318016,0.0009999275207519,90,6153,5898.0,1506.0,1466.0,100,99,100,99
0.9599999999999995,0.7000000000000004,1402.098508868556,321.7252598990991,3.549978066889605e-06,0.5015052546039711,0.3210967614254789,0.942659039196412,0.9310333977628968,0.0010020732879638,65,9605,7447.0,2086.0,1551.0,87,86,85,83
0.9599999999999995,0.7200000000000004,1363.904290735136,313.74603013993885,3.710307085270792e-06,0.5854153598673573,0.4638353986661317,0.9508157968479108,0.9405218883777904,0.0009980201721191,65,10067,8010.0,2184.0,1673.0,87,86,84,83
0.9599999999999995,0.7300000000000004,1503.962243067102,325.1315850837129,6.050258041806413e-06,0.591295445505774,0.6711918611987302,0.929561684137674,0.922327062042316,0.001002550125122,58,10392,7914.0,2257.0,1655.0,80,79,77,75
0.9599999999999995,0.7400000000000004,1282.354193574372,287.3353151517114,3.888056798322433e-06,0.663335072696883,0.6038573096112949,0.9586133458145458,0.9518368719145762,0.0020015239715576,64,10358,8543.0,2241.0,1790.0,86,85,82,81
0.9599999999999995,0.8100000000000005,1103.6291887965072,267.8454014742629,6.237802310176102e-06,0.8695513685587908,0.8746517303886365,0.9705034253801212,0.9607752739174228,0.0010004043579101,56,12096,10345.0,2701.0,2193.0,78,78,74,74
0.9599999999999995,0.8200000000000005,1134.9118508020388,250.89077667021124,6.356146948400334e-06,0.8703903170368538,0.8935907247339043,0.9709054377970028,0.9672728116030022,0.0019989013671875,56,12579,10786.0,2740.0,2292.0,79,78,77,74
0.9599999999999995,0.8400000000000005,881.7855688735692,205.0705911836728,3.591878060004992e-06,0.9207461605011849,0.9122907322370866,0.9862179992261212,0.9829773099228826,0.0019998550415039,62,13035,11801.0,2840.0,2520.0,84,83,81,80
0.9599999999999995,0.8800000000000006,932.9168080988428,199.4361322161392,8.682836587581019e-06,0.9450846438614536,0.9569610874263664,0.982211388314862,0.981603941650279,0.002000093460083,52,14097,12662.0,3098.0,2706.0,74,73,72,70
0.9599999999999995,0.9700000000000006,730.4915757951575,169.7258536128641,9.9018735032419e-06,0.979840495441634,0.9813345638682514,0.991027293567738,0.9896054339414508,0.002000093460083,48,16470,15603.0,3683.0,3386.0,70,69,67,65
0.9699999999999995,0.2,37.95254712576395,8.780304664417972,1.816024935276567e-05,-1.405929654944424,-1.2118947997609086,-1.3331459320536505,-1.122308759936224,0.0020010471343994,4,85,5.0,25.0,1.0,98,4,90,4
0.9699999999999995,0.21000000000000002,8.986679957952585,2.005201569252661,1.5051026226637753e-05,-2.005475602073945,-1.145561924613514,-1.9923849149526616,-1.0712599270229664,0.0019991397857666,4,20,5.0,6.0,1.0,85,4,91,4
0.9699999999999995,0.22000000000000003,22.44762422469989,5.1020829079896375,1.119466356861246e-05,-1.6707292035092864,-1.189244682113101,-1.626881687147264,-1.1007767577927972,0.0020029544830322,4,49,7.0,15.0,0.0,95,4,95,4
0.9699999999999995,0.23000000000000004,85.84081682587447,21.958056607996983,8.646570482677762e-06,-0.780592114819693,-0.7202053924817435,-0.7379247165771763,-0.6736239796794634,0.002263069152832,4,251,4.0,65.0,1.0,100,4,98,4
0.9699999999999995,0.2800000000000001,1.3693063937629153,0.3818813079129867,1.1472903432529734e-05,0.6026398693862536,0.1515151515151515,0.6896551724137931,0.1545893719806762,0.0020012855529785,4,10,6.0,2.0,2.0,1,4,5,4
0.9699999999999995,0.3000000000000001,295.3564760025869,70.425862318706,7.525846479042688e-06,-0.6654888015955991,-0.6959623923664227,-0.6259381214605826,-0.6510080597693206,0.0029985904693603,4,813,7.0,199.0,0.0,100,4,99,4
0.9699999999999995,0.3100000000000001,0.5951190357119042,0.3061862178478972,6.630917957775235e-06,0.3855421686746986,-0.0601226993865029,0.8783803119187295,0.0384615384615382,0.002000093460083,4,10,2.0,2.0,0.0,1,4,21,4
0.9699999999999995,0.3200000000000001,26.49331676731574,6.641881008670159,8.376789693559214e-06,-0.775289970955563,-0.6926458832933653,-0.7604891391390474,-0.6596193260417194,0.0020008087158203,4,83,5.0,24.0,1.0,99,4,99,4
0.9699999999999995,0.38000000000000017,362.8383909079449,90.84997936158268,7.251126189913477e-06,-0.4930891605590637,-0.5208523940713479,-0.4660155334419991,-0.4903799817488141,0.0019984245300292,4,1203,7.0,308.0,1.0,100,4,100,4
0.9699999999999995,0.4000000000000002,2.0155644370746373,0.3227486121839514,5.588492793477943e-06,-4.2007223225448,-0.7777777777777777,-0.118279569892473,-0.3586956521739133,0.0029971599578857,4,10,5.0,1.0,1.0,1,4,2,4
0.9699999999999995,0.4400000000000002,204.1947599719444,104.4892338951722,2.670828177812847e-06,-0.2529490719563541,-9.62521626297578,0.9974854556999424,0.9878766914502716,0.0009996891021728,94,3580,3204.0,787.0,713.0,100,97,99,95
0.9699999999999995,0.49000000000000027,690.5315585354034,246.64836643826908,2.6128221044414832e-06,-0.659303278461725,-5.605265935789364,0.9688315299892836,0.9301989999285798,0.0009996891021728,88,4843,3598.0,1141.0,828.0,100,96,100,88
0.9699999999999995,0.5200000000000002,1287.925586277978,347.22562056816514,2.7012914401704334e-06,-1.225957995833927,-5.264397298393494,0.9057295610067786,0.8656050357801254,0.0019989013671875,81,5757,3799.0,1236.0,811.0,100,93,93,81
0.9699999999999995,0.5300000000000002,252.8230606570532,105.24435851863984,1.3709525113994185e-06,0.7026061999206146,-0.4196186650272053,0.9961451410077892,0.9890153391737136,0.0010201930999755,92,4509,4035.0,1018.0,889.0,100,99,100,99
0.9699999999999995,0.5800000000000003,1849.744942242403,396.9825035289441,5.382049340892593e-06,-1.6459846925289514,-1.0677367187928437,0.8050887253432998,0.7851664769370339,0.0009982585906982,63,6893,4407.0,1444.0,903.0,86,78,78,74
0.9699999999999995,0.5900000000000003,1678.330477679439,402.412866822888,2.9055957899114414e-06,-0.5186643416806318,-2.4905952994656797,0.884062477691822,0.8590150760684405,0.001002550125122,74,7265,4887.0,1555.0,1002.0,94,92,92,87
0.9699999999999995,0.6000000000000003,1209.0733605965968,313.3143302902333,2.080408517767211e-06,0.185211231806293,-1.1832490706325958,0.9418250133420648,0.9219841518792408,0.0020003318786621,77,7302,5423.0,1559.0,1118.0,98,95,93,92
0.9699999999999995,0.6400000000000003,1671.3355526080825,365.1880659734266,3.6482180674490648e-06,-0.1317168239033657,-0.5971062540259982,0.8961902127043632,0.8846487864831492,0.0009996891021728,66,8176,5861.0,1774.0,1209.0,87,86,85,83
0.9699999999999995,0.6700000000000004,1527.373374208947,350.45546122586006,3.3824362996903654e-06,0.3257821461274767,-0.0537667641190722,0.9279409360776856,0.9145316461586618,0.0009987354278564,67,9037,6767.0,1932.0,1405.0,88,88,88,85
0.9699999999999995,0.6900000000000004,1615.5264125799954,354.36288079037183,5.048748673901918e-06,0.2918656594375418,0.4030583687632291,0.9121863820509588,0.9005837208831667,0.0019996166229248,61,9478,6948.0,2038.0,1443.0,83,81,82,78
0.9699999999999995,0.7000000000000004,1432.5524833830902,315.40771932811776,3.393247329361666e-06,0.4863578379430116,0.3189765890630998,0.943508168142237,0.9366606950557524,0.0019998550415039,66,9624,7569.0,2045.0,1579.0,89,87,85,83
0.9699999999999995,0.7200000000000004,1120.045211525887,280.6631924321515,2.080243298248518e-06,0.7700829815938394,0.5029356812700911,0.9708046543100362,0.9614029892165404,0.0009999275207519,71,10085,8481.0,2181.0,1777.0,95,92,89,89
0.9699999999999995,0.7400000000000004,1215.5275603621665,280.36349173884963,2.596173566047169e-06,0.741388608675742,0.5707111853145466,0.9677225633250964,0.9615809450387878,0.0009999275207519,68,10620,8919.0,2394.0,1880.0,89,89,86,86
0.9699999999999995,0.7800000000000005,1219.8244157513643,286.0642180387216,4.954367530176871e-06,0.7801608521012532,0.762342329328541,0.967021432925024,0.9584782212958772,0.0010008811950683,62,11537,9703.0,2473.0,2048.0,84,83,80,80
0.9699999999999995,0.8100000000000005,1206.0209686912897,291.5250022263561,9.688344096503052e-06,0.8869101238791713,0.8880277476180671,0.95663406250365,0.9444303514849756,0.0019998550415039,48,12151,9997.0,2668.0,2113.0,70,69,68,66
0.9699999999999995,0.8200000000000005,1160.5391690032257,269.48767068488087,6.352479717395849e-06,0.8700051334072462,0.8850299000244298,0.9708085967515346,0.96425661992628,0.0020027160644531,57,12721,10863.0,2782.0,2306.0,80,78,76,74
0.9699999999999995,0.8700000000000006,1016.4670918614185,239.16531209945123,6.149642612548375e-06,0.9241681211005957,0.9306170392638168,0.9815585950887088,0.97686115321483,0.0009994506835937,57,14167,12534.0,3098.0,2682.0,79,78,76,75
0.9699999999999995,0.8900000000000006,962.4965386724888,209.51730238813207,8.578963844897934e-06,0.942321441842111,0.9540710259001436,0.9830803116156908,0.9818973037385446,0.001000165939331,54,14657,13125.0,3209.0,2812.0,76,75,72,72
0.9699999999999995,0.9000000000000006,917.113167771568,210.05981291051367,9.68222778896528e-06,0.9538327058835134,0.9586134327080575,0.9842120832398916,0.9814920358134795,0.0020203590393066,52,14807,13312.0,3253.0,2856.0,73,73,72,70
0.9699999999999995,0.9200000000000006,826.8005910685504,187.0772916296317,7.653165832312259e-06,0.9626113795573854,0.9685348600503052,0.9884563233171686,0.9868555810029308,0.0019991397857666,54,15255,14079.0,3397.0,3034.0,76,74,74,71
0.9699999999999995,0.9500000000000006,821.328438474009,195.37217934378083,1.0135050082473593e-05,0.9733677153660438,0.9737237161521308,0.988162216729009,0.9854677012012344,0.0025007724761962,48,16147,14875.0,3685.0,3215.0,70,69,68,66
0.9699999999999995,0.9600000000000006,809.1521387683958,165.09830095913114,1.0057327523050438e-05,0.9723689570613404,0.9803107885539122,0.9894707133909464,0.9903151640600132,0.0019993782043457,51,16508,15387.0,3583.0,3329.0,74,71,70,68
0.9699999999999995,0.9800000000000006,812.064531870201,164.58623104919923,9.42432052783682e-06,0.9760547679685556,0.9829568910041068,0.9897081620979152,0.9907853043824052,0.002000093460083,49,17170,16095.0,3751.0,3498.0,71,70,70,66
0.9799999999999995,0.22000000000000003,8.374067112222113,2.0,1.705325365754658e-05,-1.0283790781978248,-0.8465237427369265,-0.9982190560997328,-0.7964071856287431,0.0020031929016113,4,22,3.0,6.0,0.0,100,4,92,4
0.9799999999999995,0.26000000000000006,98.9486398761162,24.641597621366465,8.159440169921478e-06,-0.9373084801989966,-0.8688580761358271,-0.8812095205309465,-0.8078379756382885,0.0020005702972412,4,291,6.0,70.0,1.0,100,4,98,4
0.9799999999999995,0.2700000000000001,0.4677071733467426,0.2700308624336608,5.55340165032454e-06,0.7564923299915449,0.045454545454545,0.925349258824784,0.0489130434782606,0.002007246017456,4,10,4.0,1.0,1.0,1,4,5,4
0.9799999999999995,0.3100000000000001,147.51836043918962,36.37091901505927,9.519834103842985e-06,-0.4918710662839896,-0.5096784116099085,-0.4684474943036611,-0.4808403100887282,0.0019941329956054,4,453,8.0,105.0,3.0,100,4,100,4
0.9799999999999995,0.35000000000000014,205.9549404602861,50.977527728728994,8.680727614527647e-06,-0.5108695899192472,-0.5181180979025553,-0.4847154079254923,-0.4877923688887298,0.0019993782043457,4,661,4.0,165.0,1.0,100,4,99,4
0.9799999999999995,0.4000000000000002,363.2189995948266,92.37288563209444,8.305782192185286e-06,-0.4575401041163309,-0.4722388705518561,-0.432602090841151,-0.4452922315313183,0.0019993782043457,4,1203,7.0,299.0,1.0,100,4,100,4
0.9799999999999995,0.4200000000000002,156.83782760120937,42.59303542442903,9.458147777218944e-06,-0.3636227408469574,-0.3744992997348562,-0.3450246031569732,-0.3535111358076983,0.0019989013671875,4,589,10.0,163.0,2.0,100,99,100,95
0.9799999999999995,0.5000000000000002,493.6562885753609,132.8680815069343,3.5121112324988726e-06,-0.224204539917747,-0.2441330494279221,-0.207550924149473,-0.2259000196104712,0.0019996166229248,4,1890,97.0,499.0,25.0,100,99,100,99
0.9799999999999995,0.5500000000000003,947.3265599101036,279.6349803265361,2.065265262689435e-06,0.0434393947293422,-1.843342949028734,0.9526513672000836,0.9235383752214568,0.0019996166229248,82,6148,4489.0,1337.0,920.0,100,98,97,93
0.9799999999999995,0.5700000000000003,1730.650576908822,395.9146617073416,3.901450108739132e-06,-1.9056682541946623,-3.523450648083496,0.8409500876567948,0.8096061631926732,0.0020008087158203,69,6556,4329.0,1394.0,886.0,90,83,89,79
0.9799999999999995,0.5800000000000003,860.9336587135401,250.9875787880395,1.4912589763930104e-06,0.4553595237911204,-0.5549735272945431,0.967252673279828,0.949957270331034,0.001000165939331,83,6864,5335.0,1483.0,1105.0,100,99,99,98
0.9799999999999995,0.5900000000000003,804.1528539400952,248.00239414166955,1.5233451372347067e-06,0.5418454165846609,-0.1580975850288499,0.9699372173465988,0.9506485235047928,0.0009987354278564,84,6702,5328.0,1531.0,1129.0,100,99,99,99
0.9799999999999995,0.6000000000000003,1621.7911834934678,395.833929824112,3.15575968786438e-06,-0.5755858034010646,-2.3783394306208003,0.891711384501295,0.8619251502820127,0.0020098686218261,72,7298,5051.0,1584.0,1039.0,92,89,90,86
0.9799999999999995,0.6100000000000003,1497.779946864949,368.2581661322352,2.712346951281324e-06,-0.1163527844197001,-1.920304598135219,0.9166082176784536,0.8946271427975867,0.0010116100311279,74,7492,5449.0,1651.0,1121.0,94,92,89,89
0.9799999999999995,0.6700000000000004,1692.0355534933992,370.6430705062294,4.162616912273022e-06,0.049741783690821,-0.0432113124245172,0.9067689195505628,0.8952698772731887,0.0025126934051513,65,8967,6532.0,1945.0,1353.0,87,84,81,80
0.9799999999999995,0.6800000000000004,1192.4251665315428,297.8321053260762,1.81829371456262e-06,0.6707922408772424,0.2627854450730189,0.9605750911647936,0.949480996314966,0.0009996891021728,73,9130,7380.0,1999.0,1539.0,95,94,92,90
0.9799999999999995,0.7200000000000004,1374.2388526898897,316.60811260878484,3.1474654315530613e-06,0.607707091763976,0.4078355602338073,0.9540595187599108,0.9449922776973044,0.0009999275207519,67,10219,8196.0,2222.0,1715.0,89,88,84,85
0.9799999999999995,0.7400000000000004,1441.028526534334,324.8808939259051,6.599898108901558e-06,0.6512231908206023,0.6963619097569114,0.938925626350588,0.9278788230664208,0.0019998550415039,58,10622,8277.0,2327.0,1735.0,80,79,77,76
0.9799999999999995,0.7600000000000005,1427.7409298576188,314.9740853127518,6.370012983429077e-06,0.7190492068983354,0.7669552120166956,0.943561530602086,0.935847315751,0.0009999275207519,57,11221,8820.0,2449.0,1852.0,79,78,77,75
0.9799999999999995,0.8700000000000006,966.4741724883064,233.28728324051252,7.435739341956927e-06,0.9357905093507254,0.9390622246496304,0.9815001790019618,0.9760136610935144,0.0009999275207519,54,13863,12418.0,3029.0,2652.0,77,75,73,72
0.9799999999999995,0.8900000000000006,689.2707053568706,170.49509948197462,3.750897741268721e-06,0.9631043088238036,0.957116276184442,0.9930460454266732,0.9904004436057622,0.0015056133270263,62,14548,13634.0,3159.0,2936.0,85,83,80,80
0.9799999999999995,0.9800000000000006,730.5013098115319,156.33402468025722,1.1106280890659424e-05,0.98181339972299,0.9850875129673472,0.9908028383045342,0.9908787494571372,0.0019960403442382,45,16781,15912.0,3750.0,3450.0,68,66,63,62
0.9799999999999995,0.9900000000000007,698.5352394612821,163.47188655028023,1.2206566570323351e-05,0.9837887918114624,0.9845146371815008,0.9925433438275708,0.9911976645714504,0.0019996166229248,48,17381,16435.0,3886.0,3576.0,71,69,66,65
0.9899999999999995,0.25000000000000006,75.92382421436194,18.705224314791487,9.740131188427964e-06,-0.9012915944309524,-0.7901254375324425,-0.8499522372442521,-0.7352818250810707,0.0019996166229248,4,200,3.0,55.0,0.0,100,4,97,4
0.9899999999999995,0.34000000000000014,167.59978371107763,40.21763709286429,5.6475706667188405e-06,-0.617390249505932,-0.6087361416245058,-0.5834909414595038,-0.5712339401750015,0.0019993782043457,4,496,6.0,131.0,1.0,100,4,100,4
0.9899999999999995,0.3900000000000002,449.286795933288,114.3542103145602,5.712030295490354e-06,-0.4636020120646691,-0.48964278260916,-0.4380771880804366,-0.461239296105931,0.002009630203247,4,1467,8.0,360.0,3.0,100,4,99,4
0.9899999999999995,0.4000000000000002,597.4308973289993,147.481213492883,6.323526688973952e-06,-0.496192799920351,-0.521316140286602,-0.4680618263705478,-0.490524282623068,0.0019991397857666,4,1871,8.0,464.0,1.0,100,4,100,85
0.9899999999999995,0.45000000000000023,880.5396486908847,218.6418065771808,4.486535915300246e-06,-0.4401539034513362,-0.47522938810058,-0.4143816488478213,-0.4463523952436232,0.0019977092742919,4,2827,29.0,704.0,7.0,100,99,100,99
0.9899999999999995,0.49000000000000027,316.84933328003075,140.06828691748893,1.9907408072820062e-06,0.3728933724779811,-1.2949196903123927,0.9935289234794134,0.9787531657584024,0.0019977092742919,92,4196,3627.0,984.0,768.0,100,99,100,93
0.9899999999999995,0.5000000000000002,504.6775373113674,134.00369242425126,5.780968255163148e-06,-0.2169987433250879,-0.2299717456346053,-0.2011314437316074,-0.2129422375143812,0.002000093460083,4,1894,94.0,504.0,24.0,100,99,100,99
0.9899999999999995,0.5300000000000002,427.0740242887903,158.83814263443008,1.673216945084257e-06,0.3828072505527415,-1.2981251490029737,0.9893350386391262,0.9756837181673949,0.0019974708557128,91,4842,4088.0,1193.0,889.0,100,99,100,99
0.9899999999999995,0.5500000000000003,838.4642376260169,268.52581088437495,2.046994160371717e-06,0.2229593558418061,-1.3225061821977555,0.9615663182831228,0.92899313045698,0.0019993782043457,82,6104,4553.0,1349.0,933.0,100,99,100,95
0.9899999999999995,0.6000000000000003,1676.1597974735782,403.90611303636905,3.050853696157856e-06,-0.4533726290591244,-2.2211648342219297,0.894110559759909,0.8689420669346429,0.002000093460083,73,7578,5221.0,1716.0,1076.0,92,90,89,86
0.9899999999999995,0.6100000000000003,1241.5604487201124,327.3009517912807,2.000509402234673e-06,0.3471715531951707,-0.550501838562613,0.9398964229452608,0.9188794656047208,0.0020055770874023,77,7595,5608.0,1631.0,1159.0,98,96,94,93
0.9899999999999995,0.6200000000000003,1369.593461579019,348.52923119876186,2.0953962361031976e-06,0.3501764642846172,-0.4506724887990407,0.9326726009394204,0.9134736042117144,0.0010004043579101,76,7994,5833.0,1716.0,1207.0,99,96,94,92
0.9899999999999995,0.6300000000000003,1305.6817149446265,328.2316819519972,2.324021629393765e-06,0.2950627635567966,-0.6830229288376135,0.9394266222228388,0.9204170264221262,0.0009982585906982,73,7850,6007.0,1687.0,1241.0,97,93,93,90
0.9899999999999995,0.6700000000000004,1552.6846508547703,357.8665952558299,3.19318850545289e-06,0.2623537665234932,-0.198080048271769,0.9257273943780548,0.9116040338142896,0.001002550125122,68,9013,6668.0,1963.0,1385.0,90,88,85,85
0.9899999999999995,0.7000000000000004,1482.0020242901155,336.15729543284834,3.378560473232795e-06,0.4580420135009733,0.2431018867194799,0.94161885256437,0.9317373893757852,0.0020008087158203,67,9783,7576.0,2102.0,1579.0,89,87,86,84
0.9899999999999995,0.7500000000000004,1483.1074085735847,331.50495710526843,5.918530540529792e-06,0.6567051289262913,0.7087887031811897,0.941142201811802,0.9316211917703544,0.0009992122650146,59,10932,8629.0,2340.0,1813.0,80,80,76,76
0.9899999999999995,0.7900000000000005,1326.8098498947684,306.66090574299017,7.240792245956248e-06,0.8128903043817034,0.8384813430714773,0.9541186567576424,0.9444206609403962,0.0009992122650146,55,11979,9693.0,2637.0,2042.0,78,76,73,73
0.9899999999999995,0.8000000000000005,1370.98033862229,315.4775216503811,8.183898662917955e-06,0.8232227650226618,0.8461896509418496,0.9542234676721716,0.9449715909226168,0.0009961128234863,55,12418,10041.0,2709.0,2118.0,76,76,74,73
0.9899999999999995,0.8200000000000005,1257.9298718529585,290.8696729923329,8.052992940536754e-06,0.8741668957389176,0.8885916744937947,0.9602954391228308,0.9523041238460188,0.0009996891021728,52,12820,10509.0,2847.0,2223.0,73,73,70,70
0.9899999999999995,0.9100000000000006,986.1139054974252,226.4027215112316,1.1341290726701972e-05,0.9549158868488246,0.9583508137377458,0.9806129077659544,0.9775653537234962,0.0020010471343994,48,15274,13410.0,3299.0,2880.0,71,69,66,66
0.9899999999999995,0.9400000000000006,840.3063633661984,191.21151413357643,9.456637900568802e-06,0.9702328081980413,0.9732993622964016,0.9875049064469248,0.9858245862319668,0.0019998550415039,49,15997,14570.0,3457.0,3143.0,71,70,68,66
0.9899999999999995,0.9500000000000006,766.9980443260596,160.34603538544314,9.522937164340891e-06,0.9720814648424774,0.979928591828192,0.990577664072602,0.9909291337681242,0.0009999275207519,53,16018,15101.0,3499.0,3265.0,75,73,71,70
