beta,alpha,rmse_I,rmse_Inc,rmse_Beta,r2,r2_Inc,r2_full,r2_Inc_full,time_predict,fraq_people,actual_peak_I,predicted_peak_I,actual_peak_Inc,predicted_peak_inc,actual_peak_day,predicted_peak_day,actual_peak_day_Inc,predicted_peak_day_inc
0.1,0.2800000000000001,0.5400617248673217,0.1443375672974064,4.019674802544387e-06,0.4996276991809382,0.3118279569892472,0.8935523114355232,0.4791666666666667,0.0404691696166992,4,10,5.0,1.0,1.0,1,4,4,4
0.1,0.3200000000000001,0.1767766952966369,0.0,9.999999999999994e-08,0.9194405594405596,1.0,0.9851160944631872,1.0,0.0392825603485107,4,10,4.0,0.0,0.0,1,4,1,4
0.1,0.34000000000000014,1.3030413142593242,0.3679900360969936,5.263517034741463e-06,-0.0002556890820764,-0.1073646850044367,0.5448325933372427,-0.1026293469041557,0.0495445728302001,4,10,4.0,2.0,0.0,1,4,16,4
0.1,0.35000000000000014,0.3535533905932738,0.1020620726159657,5.817243549258298e-07,0.8540848638378721,-0.0105263157894739,0.9592100343315544,-0.0101010101010103,0.0395195484161376,4,10,5.0,1.0,0.0,1,4,8,4
0.1,0.37000000000000016,0.1767766952966369,0.0,9.999999999999994e-08,0.7880794701986755,1.0,0.9858028488949884,1.0,0.0370044708251953,4,10,3.0,0.0,0.0,1,4,1,4
0.1,0.3900000000000002,0.6454972243679028,0.25,9.654943630052805e-07,0.8260790796684633,0.109737248840804,0.9145299145299144,0.2146596858638743,0.0436329841613769,4,10,8.0,2.0,1.0,1,4,6,4
0.1,0.4300000000000002,0.568257570707744,0.0,9.999999999999994e-08,0.7747502270663034,1.0,0.9083274189732672,1.0,0.0478062629699707,4,10,6.0,0.0,0.0,1,4,1,4
0.1,0.46000000000000024,0.3535533905932738,0.0,9.999999999999994e-08,0.7125031195408038,1.0,0.9586933324154074,1.0,0.0381805896759033,4,10,5.0,0.0,0.0,1,4,1,4
0.1,0.49000000000000027,0.1767766952966369,0.0,9.999999999999994e-08,0.6785714285714286,1.0,0.9792516771560964,1.0,0.040316104888916,4,10,2.0,0.0,0.0,1,4,1,4
0.1,0.5000000000000002,0.9071475440448852,0.3679900360969936,5.705419927356249e-06,0.2019362306640009,-0.1073646850044367,0.6562078419426434,-0.0350318471337578,0.0426390171051025,4,10,3.0,2.0,0.0,1,4,8,4
0.1,0.5100000000000002,0.1443375672974064,0.0,9.999999999999994e-08,0.3118279569892472,1.0,0.9898042414355628,1.0,0.0517711639404296,4,10,1.0,0.0,0.0,1,4,1,4
0.1,0.5300000000000002,0.67700320038633,0.3061862178478972,2.1391056274834087e-06,0.8026537095869932,-0.0601226993865031,0.8985333456323218,0.0384615384615382,0.0439479351043701,4,10,6.0,2.0,0.0,1,4,8,4
0.1,0.5700000000000003,1.3110110602126894,0.408248290463863,1.193351364244361e-06,0.6289963695983135,-0.0165453342157513,0.7635120608848949,-0.0132995566814435,0.0370023250579834,4,10,9.0,2.0,1.0,1,4,7,4
0.1,0.6100000000000003,1.4215601757693317,0.1443375672974064,3.402562524545245e-07,0.2651515151515151,-0.0212765957446807,0.5956985661887295,-0.0204081632653068,0.036527395248413,4,10,4.0,1.0,0.0,1,4,7,4
0.1,0.6400000000000003,1.8624580532189172,0.6123724356957945,3.2217840000591748e-06,-0.0207222452824167,-0.1999999999999999,0.4173840016796137,-0.1707317073170731,0.0300374031066894,4,10,6.0,2.0,0.0,1,4,14,4
0.1,0.6500000000000004,1.361677886530683,0.3818813079129867,3.716763084223106e-06,-0.3435018476295308,-0.1707317073170728,0.3479853479853479,-0.1627906976744184,0.0329978466033935,4,10,5.0,1.0,0.0,1,4,6,4
0.1,0.6700000000000004,0.1443375672974064,0.0,9.999999999999994e-08,0.7644171779141105,1.0,0.9908571428571428,1.0,0.0350253582000732,4,10,2.0,0.0,0.0,1,4,1,4
0.1,0.7000000000000004,0.2282177322938192,0.0,1.0268076332223225e-07,0.8843652132016382,1.0,0.9799164524421594,1.0,0.0329999923706054,4,10,4.0,1.0,0.0,1,4,2,4
0.1,0.7100000000000004,0.9519716382329886,0.1767766952966369,7.560498223698264e-07,0.3396062307266547,-0.032258064516129,0.7034663758137631,-0.030927835051546,0.0395567417144775,4,10,4.0,1.0,0.0,1,4,11,4
0.1,0.7700000000000005,2.0816659994661326,0.5951190357119042,2.6034502667820693e-06,-0.3441486318198647,-0.2142857142857142,0.1918406993686255,-0.088348271446863,0.0349862575531005,4,10,7.0,3.0,0.0,1,4,24,4
0.1,0.7900000000000005,0.2041241452319315,0.0,9.999999999999994e-08,0.8445973290165926,1.0,0.9783491204330176,1.0,0.031480073928833,4,10,3.0,0.0,0.0,1,4,1,4
0.1,0.8100000000000005,0.8955910525085282,0.25,1.4063456705066738e-06,0.4596491228070175,-0.0666666666666666,0.8033908691655602,-0.0638297872340425,0.0320100784301757,4,10,5.0,1.0,0.0,1,4,8,4
0.1,0.8300000000000005,0.8720187306856813,0.3061862178478972,1.6504982516213637e-06,0.7218054066928665,-0.1034482758620689,0.8649548616249815,-0.0989010989010987,0.0357365608215332,4,10,7.0,1.0,0.0,1,4,7,4
0.1,0.8500000000000005,0.1767766952966369,0.0,1.0440479799058227e-07,0.932820153953814,1.0,0.9895437593670487,1.0,0.0350446701049804,4,10,4.0,1.0,1.0,1,4,3,4
0.1,0.8900000000000006,0.5863019699779287,0.1767766952966369,5.354069704960285e-07,0.6082601706442438,-0.032258064516129,0.8872758326216909,-0.030927835051546,0.0379998683929443,4,10,4.0,1.0,0.0,1,4,6,4
0.1,0.9100000000000006,1.3228756555322954,0.408248290463863,2.7955731331885087e-06,-0.7921991332370262,-0.1034482758620689,0.1830383193931143,-0.0450685826257348,0.0365943908691406,4,10,1.0,2.0,0.0,1,4,16,4
0.1,0.9300000000000006,0.478713553878169,0.0,9.999999999999994e-08,0.7448967266578088,1.0,0.9183097545579444,1.0,0.0319995880126953,4,10,5.0,0.0,0.0,1,4,1,4
0.1,0.9500000000000006,1.3654974673478282,0.4677071733467426,1.0097450836240786e-06,0.4344205641312576,-0.0862068965517244,0.6551325524044389,-0.0442565887618096,0.031531810760498,4,10,7.0,2.0,1.0,1,4,10,4
0.1,0.9900000000000007,0.6846531968814576,0.3061862178478972,1.785762262451179e-06,0.7954157984466754,-0.0601226993865031,0.8992725237828764,-0.0575793184488842,0.0483708381652832,4,10,7.0,2.0,0.0,1,4,14,4
0.11,0.2,0.2282177322938192,0.1020620726159657,2.119309268057932e-06,0.7115384615384617,-0.0105263157894739,0.9642115811323456,-0.0101010101010103,0.0484476089477539,4,10,2.0,1.0,0.0,1,4,7,4
0.11,0.24000000000000005,0.6123724356957945,0.408248290463863,4.82095226684923e-06,0.7390516460283902,-0.0434782608695649,0.893491124260355,0.0117356392835088,0.0375330448150634,4,10,5.0,3.0,0.0,1,4,10,4
0.11,0.2700000000000001,0.9298297335175584,0.2700308624336608,5.827255929121017e-06,0.619974245242524,0.0454545454545455,0.7993424233633111,0.1452991452991457,0.0478665828704834,4,10,7.0,1.0,1.0,1,4,4,4
0.11,0.2800000000000001,0.3061862178478972,0.0,1.0578794325881769e-07,0.8711217183770883,1.0,0.971153846153846,1.0,0.0463945865631103,4,10,5.0,1.0,0.0,1,4,3,4
0.11,0.3000000000000001,0.1443375672974064,0.0,9.999999999999994e-08,0.9599916649301938,1.0,0.9929318631608708,1.0,0.0338442325592041,4,10,5.0,0.0,0.0,1,4,1,4
0.11,0.3100000000000001,1.3228756555322954,0.3227486121839514,4.95780980472725e-06,0.282051282051282,-0.116279069767442,0.6076233183856501,-0.0214504596527067,0.0391862392425537,4,10,7.0,1.0,0.0,1,4,4,4
0.11,0.3300000000000001,0.2041241452319315,0.1020620726159657,5.015608502547489e-07,0.9542802714608882,-0.0105263157894739,0.987682832948422,0.796334012219959,0.0354504585266113,4,10,6.0,2.0,0.0,1,4,4,4
0.11,0.35000000000000014,0.1767766952966369,0.0,1.0391834157937393e-07,0.981245115915603,1.0,0.9944108057755008,1.0,0.032841682434082,4,11,8.0,1.0,0.0,3,4,3,4
0.11,0.36000000000000015,0.7905694150420949,0.25,4.091384019512578e-06,0.4108019639934533,-0.0285714285714282,0.8348517794720762,0.111111111111111,0.0360002517700195,4,10,5.0,2.0,0.0,1,4,22,4
0.11,0.4000000000000002,0.1020620726159657,0.0,9.999999999999994e-08,0.9827089337175792,1.0,0.996824489536693,1.0,0.0445168018341064,4,10,5.0,0.0,0.0,1,4,1,4
0.11,0.4100000000000002,0.3818813079129867,0.2041241452319315,8.280676974613459e-07,0.8932570883964737,-0.0105263157894739,0.9631734006734006,0.1853360488798362,0.0300016403198242,4,10,6.0,2.0,0.0,1,4,10,4
0.11,0.4200000000000002,1.0752906583803283,0.3227486121839514,4.704111928862127e-06,0.1256974072858551,-0.0714285714285714,0.6198109330045211,-0.0683760683760685,0.0322649478912353,4,10,5.0,2.0,0.0,1,4,16,4
0.11,0.46000000000000024,0.3061862178478972,0.1020620726159657,1.825554064697783e-07,0.8822085889570552,-0.0105263157894739,0.9726310667801972,-0.0101010101010103,0.0409376621246337,4,10,5.0,1.0,0.0,1,4,6,4
0.11,0.47000000000000025,0.7569125885243729,0.2700308624336608,4.375720031383375e-06,0.1115598182735991,-0.0786516853932584,0.8101549825687756,-0.0752688172043007,0.0347802639007568,4,10,5.0,1.0,0.0,1,4,13,4
0.11,0.48000000000000026,0.2041241452319315,0.0,9.999999999999994e-08,0.8194640338504937,1.0,0.9817609776116,1.0,0.0320150852203369,4,10,3.0,0.0,0.0,1,4,1,4
0.11,0.49000000000000027,0.1443375672974064,0.0,1.044314242589508e-07,0.9433962264150944,1.0,0.9899086734951308,1.0,0.0320100784301757,4,10,4.0,1.0,1.0,1,4,5,4
0.11,0.5000000000000002,0.2041241452319315,0.2041241452319315,2.029090285141948e-06,0.9431868619618288,-0.0105263157894739,0.988720956462892,0.3150684931506846,0.0360863208770751,4,10,5.0,2.0,0.0,1,4,11,4
0.11,0.6100000000000003,0.3535533905932738,0.1020620726159657,1.0898131225831055e-07,0.7548936170212766,-0.0105263157894739,0.9466453247965854,0.4897959183673466,0.0412812232971191,4,10,4.0,1.0,0.0,1,4,3,4
0.11,0.6200000000000003,0.4894725051862804,0.1767766952966369,5.698553472874865e-07,0.7616580310880829,-0.032258064516129,0.9330207635632952,-0.030927835051546,0.0349941253662109,4,10,5.0,1.0,0.0,1,4,8,4
0.11,0.6400000000000003,2.447362525931402,0.5951190357119042,3.7494243261586658e-06,-0.4749893116716543,-0.1741007194244608,0.0064966480060817,-0.1443958263211038,0.0310018062591552,4,10,6.0,3.0,0.0,1,4,24,4
0.11,0.7100000000000004,0.3952847075210474,0.1020620726159657,4.794526494919344e-07,0.767404296559522,-0.0105263157894739,0.9454227914422938,-0.0101010101010103,0.0314366817474365,4,10,4.0,1.0,0.0,1,4,8,4
0.11,0.7200000000000004,1.25,0.4677071733467426,3.3680474343752886e-06,0.0844354018311287,-0.1673422119281991,0.4987301162946131,-0.1194029850746269,0.0335874557495117,4,10,4.0,2.0,0.0,1,4,11,4
0.11,0.7500000000000004,1.20761472884912,0.338501600193165,2.3320693138085404e-06,-0.1682892906815025,-0.083076923076923,0.5316315947944197,-2.220446049250313e-16,0.0369660854339599,4,10,4.0,2.0,0.0,1,4,29,4
0.11,0.8200000000000005,0.6291528696058958,0.1767766952966369,7.401177848686342e-07,0.5430289364900414,-0.032258064516129,0.8686893120011058,-0.0309278350515465,0.0321872234344482,4,10,5.0,1.0,0.0,1,4,10,4
0.11,0.8400000000000005,2.508319490548735,0.6208193510729725,3.87945717904476e-06,-0.7208487906217538,-0.2476290832455217,-0.2826230065192923,-0.2288276320159414,0.0336644649505615,4,10,7.0,2.0,2.0,1,4,5,4
0.11,0.8900000000000006,0.7839536550927825,0.25,1.8216964835564275e-06,0.3830065359477124,-0.0666666666666666,0.7878537269425766,0.0783410138248846,0.0339136123657226,4,10,5.0,1.0,0.0,1,4,4,4
0.11,0.9100000000000006,1.282900359861721,0.3227486121839514,9.482154323119184e-07,0.0409105279797659,-0.0714285714285711,0.4639706880173699,-0.0683760683760685,0.0309903621673584,4,10,2.0,2.0,0.0,1,4,13,4
0.11,0.9600000000000006,0.1443375672974064,0.0,9.999999999999994e-08,0.8898450946643718,1.0,0.9886208466090124,1.0,0.0315523147583007,4,10,3.0,0.0,0.0,1,4,1,4
0.11,0.9700000000000006,0.2700308624336608,0.0,9.999999999999994e-08,0.5757575757575757,1.0,0.9580209895052474,1.0,0.0299937725067138,4,10,2.0,0.0,0.0,1,4,1,4
0.12,0.2700000000000001,0.3818813079129867,0.1020620726159657,6.965138302005334e-07,0.8992730270553849,0.4893617021276596,0.965065502183406,0.4897959183673466,0.0320799350738525,4,10,6.0,1.0,1.0,1,4,5,4
0.12,0.2800000000000001,0.3227486121839514,0.0,9.999999999999994e-08,0.5158850226928895,1.0,0.9371227364185112,1.0,0.032520055770874,4,10,2.0,0.0,0.0,1,4,1,4
0.12,0.2900000000000001,0.2282177322938192,0.0,9.999999999999994e-08,0.8436991208075546,1.0,0.9828178694158076,1.0,0.0325589179992675,4,10,4.0,0.0,0.0,1,4,1,4
0.12,0.3200000000000001,0.9298297335175584,0.2886751345948128,6.5502801842718085e-06,0.0646789529287471,0.0191570881226054,0.620588773084659,0.0231990231990237,0.0334482192993164,4,10,4.0,1.0,1.0,1,4,5,4
0.12,0.36000000000000015,0.25,0.1020620726159657,1.0447771697048053e-07,0.9363324859069304,-0.0105263157894739,0.9802754857161644,-0.0101010101010103,0.0328140258789062,4,10,5.0,1.0,0.0,1,4,6,4
0.12,0.37000000000000016,0.3952847075210474,0.25,8.530707799561982e-07,0.8981900452488689,-0.0285714285714282,0.9604263402279444,-0.0273972602739729,0.0338704586029052,4,10,6.0,2.0,0.0,1,4,7,4
0.12,0.38000000000000017,0.2041241452319315,0.0,1.0409745728791277e-07,0.9367484763630374,1.0,0.988467304809134,1.0,0.0401167869567871,4,10,5.0,1.0,0.0,1,4,4,4
0.12,0.3900000000000002,0.75,0.3061862178478972,2.1742891065384323e-06,0.7928057553956834,0.0357142857142858,0.8984886081660275,0.0384615384615382,0.0406787395477294,4,10,8.0,2.0,1.0,1,4,14,4
0.12,0.4100000000000002,0.6922186552431729,0.3227486121839514,2.9077145302797e-06,0.7430018041087121,0.0153846153846153,0.874573960463531,0.0909090909090906,0.0383236408233642,4,10,6.0,2.0,1.0,1,4,9,4
0.12,0.4300000000000002,0.3679900360969936,0.1443375672974064,7.171519040766376e-07,0.8149191754411984,-0.0212765957446807,0.9493197146310084,0.3127147766323026,0.0378448963165283,4,10,4.0,1.0,0.0,1,4,3,4
0.12,0.4400000000000002,0.25,0.1020620726159657,4.645824179301197e-07,0.9281347473487211,-0.0105263157894739,0.9780211729367376,-0.0101010101010103,0.0390365123748779,4,10,5.0,1.0,0.0,1,4,8,4
0.12,0.45000000000000023,0.5400617248673217,0.1767766952966369,3.19401438241864e-06,0.3586256263421618,-0.032258064516129,0.8840867693326709,-0.030927835051546,0.0359296798706054,4,10,4.0,1.0,0.0,1,4,12,4
0.12,0.48000000000000026,0.7144345083117603,0.1020620726159657,4.228784870198558e-07,0.7277777777777779,-0.0105263157894739,0.8793103448275862,0.4897959183673466,0.0376231670379638,4,10,6.0,1.0,0.0,1,4,4,4
0.12,0.5600000000000003,0.3061862178478972,0.1020620726159657,1.0380659090320733e-07,0.8285374082159159,-0.0105263157894739,0.9657469077069458,-0.0101010101010103,0.0341768264770507,4,10,4.0,1.0,0.0,1,4,11,4
0.12,0.5800000000000003,0.8539125638299665,0.2282177322938192,2.3490271735758995e-06,0.2679738562091504,-0.0549450549450545,0.7395445750855781,0.1134751773049644,0.0323054790496826,4,10,4.0,1.0,0.0,1,4,4,4
0.12,0.5900000000000003,0.5773502691896257,0.2282177322938192,3.439811258303373e-06,0.5660404011866083,-0.0549450549450545,0.8901249828320286,0.2319508448540705,0.0328309535980224,4,10,5.0,1.0,0.0,1,4,2,4
0.12,0.6800000000000004,0.6692657668420421,0.2282177322938192,1.8617759528356807e-06,0.5400557103064065,0.1111111111111111,0.8240877106856488,0.1134751773049645,0.0328214168548584,4,10,4.0,1.0,1.0,1,4,5,4
0.12,0.7000000000000004,0.6846531968814576,0.2282177322938192,1.1556852597272627e-06,0.7287624788095687,-0.0549450549450545,0.8873422791908672,-0.0526315789473685,0.0340008735656738,4,10,7.0,1.0,0.0,1,4,10,4
0.12,0.7600000000000005,1.0458250331675945,0.3227486121839514,1.89546662205196e-06,0.0645011600928078,-0.1162790697674418,0.6325973616991498,-0.0214504596527065,0.0315067768096923,4,10,4.0,1.0,0.0,1,4,4,4
0.12,0.7700000000000005,0.7905694150420949,0.2886751345948128,1.3496080352933218e-06,0.7654723127035832,-0.0909090909090912,0.8648526894314803,0.0231990231990233,0.0455818176269531,4,10,5.0,1.0,0.0,1,4,4,4
0.12,0.8100000000000005,1.489546910976623,0.408248290463863,1.1698999091005432e-06,0.1535022354694486,-0.0696378830083561,0.5641943734015344,-0.0132995566814435,0.0516574382781982,4,10,5.0,2.0,0.0,1,4,15,4
0.12,0.8700000000000006,1.3956778520370188,0.3952847075210474,2.8010586664835016e-06,-0.1473125838818947,-0.1329661683713612,0.4614675728602697,-0.1269722013523668,0.0544729232788085,4,10,4.0,2.0,0.0,1,4,46,4
0.12,0.8800000000000006,0.1443375672974064,0.1020620726159657,5.787802287050463e-07,0.9491525423728814,-0.0105263157894739,0.9895833333333334,0.4897959183673466,0.0428056716918945,4,10,4.0,1.0,0.0,1,4,4,4
0.12,0.9000000000000006,0.2700308624336608,0.0,1.022717735752016e-07,0.8759002770083102,1.0,0.9743580350928606,1.0,0.0367178916931152,4,10,4.0,1.0,0.0,1,4,3,4
0.12,0.9100000000000006,2.757565351295716,0.82915619758885,2.523755106572655e-06,-0.4868878893320885,-0.3378378378378381,-0.0504201680672264,-0.315002988643156,0.0393919944763183,4,10,7.0,4.0,0.0,1,4,20,4
0.12,0.9300000000000006,2.064077679416806,0.7144345083117603,2.7002919287248177e-06,-0.6240900066181336,-0.3424657534246575,-0.0152914308410287,-0.3228941684665223,0.0356965065002441,4,10,8.0,2.0,1.0,1,4,6,4
0.12,0.9900000000000007,4.235268586524354,1.0992421631894098,2.835607456031894e-06,-2.842409873788439,-0.527153044432255,-2.384766584766585,-0.5004527228042941,0.0382850170135498,4,10,5.0,4.0,0.0,1,4,27,4
0.13,0.2,0.3952847075210474,0.1020620726159657,2.4898353131630285e-07,0.8969957081545065,-0.0105263157894739,0.9612152553329024,-0.0101010101010103,0.0348238945007324,4,10,6.0,1.0,0.0,1,4,10,4
0.13,0.25000000000000006,0.4208127057650866,0.1767766952966369,2.4401134522603896e-06,0.7279546591098518,0.2173913043478266,0.9338418430884184,0.2187500000000002,0.0402674674987793,4,10,4.0,1.0,1.0,1,4,5,4
0.13,0.2700000000000001,1.1636866703140785,0.3061862178478972,1.7959846681757052e-06,0.549637328136841,-0.0601226993865031,0.7232806147427575,-0.0575793184488842,0.0377812385559082,4,10,6.0,2.0,0.0,1,4,15,4
0.13,0.2800000000000001,0.5590169943749475,0.0,9.999999999999994e-08,0.8049837486457204,1.0,0.9234127288044728,1.0,0.0384373664855957,4,10,7.0,0.0,0.0,1,4,1,4
0.13,0.3100000000000001,0.4448782605013046,0.2282177322938192,5.7052531301501225e-06,0.8487562189054727,-0.0549450549450545,0.9440699420093608,-0.0526315789473683,0.0337588787078857,4,10,6.0,1.0,0.0,1,4,8,4
0.13,0.3200000000000001,0.7359800721939872,0.2041241452319315,6.649960791865058e-06,0.3927007299270073,-0.0434782608695645,0.7866754184443715,-0.0416666666666665,0.0373432636260986,4,10,4.0,1.0,0.0,1,4,12,4
0.13,0.34000000000000014,0.2282177322938192,0.0,1.0434228799317123e-07,0.935897435897436,1.0,0.9871725801072372,1.0,0.0412116050720214,4,10,6.0,1.0,0.0,1,4,4,4
0.13,0.37000000000000016,1.8874586088176877,0.5590169943749475,8.388234113653112e-06,-0.7346647646219686,-0.25,0.0038157933063411,-0.2376237623762376,0.0396869182586669,4,10,3.0,2.0,0.0,1,4,9,4
0.13,0.3900000000000002,0.1443375672974064,0.0,9.999999999999994e-08,0.3118279569892472,1.0,0.9888709587669022,1.0,0.0392191410064697,4,10,1.0,0.0,0.0,1,4,1,4
0.13,0.4300000000000002,0.1020620726159657,0.0,9.999999999999994e-08,0.9347826086956522,1.0,0.996090543023574,1.0,0.0367178916931152,4,10,3.0,0.0,0.0,1,4,1,4
0.13,0.45000000000000023,0.1443375672974064,0.0,9.999999999999994e-08,0.9673413845892158,1.0,0.9923942804989352,1.0,0.0361263751983642,4,10,5.0,0.0,0.0,1,4,1,4
0.13,0.48000000000000026,0.2041241452319315,0.0,9.999999999999994e-08,0.9386875299377296,1.0,0.9852376734573368,1.0,0.0377845764160156,4,10,5.0,0.0,0.0,1,4,1,4
0.13,0.5200000000000002,1.2458263656438378,0.3535533905932738,3.971857927801435e-06,0.2074468085106383,-0.1428571428571428,0.6464083153373359,-0.0610079575596822,0.0382819175720214,4,10,6.0,1.0,0.0,1,4,4,4
0.13,0.5900000000000003,0.67700320038633,0.25,7.993562065016627e-07,0.8323809523809524,-0.0666666666666666,0.9222559898226024,-0.0638297872340425,0.0452573299407959,4,10,9.0,1.0,0.0,1,4,7,4
0.13,0.6600000000000004,0.5496210815947049,0.1443375672974064,7.609490622392219e-07,0.1944444444444444,-0.0212765957446807,0.8936755270394133,-0.0204081632653068,0.0407631397247314,4,10,2.0,1.0,0.0,1,4,11,4
0.13,0.6700000000000004,0.9789450103725608,0.2886751345948128,3.903140630284689e-06,0.4035253596272035,0.0191570881226054,0.7658973510776356,0.0231990231990233,0.0416595935821533,4,10,7.0,1.0,1.0,1,4,5,4
0.13,0.7000000000000004,1.2374368670764582,0.3227486121839514,2.8704413798145733e-06,-0.2053296891014693,-0.1162790697674418,0.4541606327280827,-0.1111111111111111,0.0397901535034179,4,10,2.0,1.0,0.0,1,4,8,4
0.13,0.7100000000000004,0.3818813079129867,0.1443375672974064,2.0850633538730145e-07,0.7636715315632144,-0.0212765957446807,0.9442031007134032,0.3127147766323026,0.0337238311767578,4,10,4.0,1.0,0.0,1,4,4,4
0.13,0.7200000000000004,0.1443375672974064,0.0,9.999999999999994e-08,0.5923566878980892,1.0,0.9892813119674152,1.0,0.0385470390319824,4,10,2.0,0.0,0.0,1,4,1,4
0.13,0.7300000000000004,1.0752906583803283,0.2886751345948128,2.0929366104413003e-06,0.04,-0.0491803278688525,0.556425831202046,-0.0471204188481684,0.0398738384246826,4,10,2.0,2.0,0.0,1,4,8,4
0.13,0.7500000000000004,0.6123724356957945,0.1443375672974064,2.73134481887936e-07,0.8180956892468024,-0.0212765957446807,0.9172718080705948,0.3127147766323026,0.0346302986145019,4,10,7.0,1.0,0.0,1,4,4,4
0.13,0.7600000000000005,3.738872379029092,0.8599903100229289,4.936052224436785e-06,-4.023277576324716,-0.6170818505338078,-2.9793618787806904,-0.5791814946619209,0.0333809852600097,4,10,4.0,2.0,0.0,1,4,9,4
0.13,0.7700000000000005,0.8955910525085282,0.2886751345948128,1.662838489519902e-06,0.474850809889173,-0.0909090909090912,0.7591039919909899,0.2727272727272726,0.0333294868469238,4,10,5.0,2.0,0.0,1,4,4,4
0.13,0.8300000000000005,1.7707107800729815,0.5863019699779287,3.236835309699003e-06,0.253719008264463,-0.1785714285714286,0.4588180298099573,-0.1685552407932009,0.0362606048583984,4,10,7.0,2.0,1.0,1,4,8,4
0.13,0.8700000000000006,0.5773502691896257,0.0,9.999999999999994e-08,0.6502334054423318,1.0,0.8861209964412812,1.0,0.0351583957672119,4,10,5.0,0.0,0.0,1,4,1,4
0.13,0.8800000000000006,2.0129787215301937,0.4330127018922193,8.698330816484116e-07,0.0948006302266389,-0.1279373368146217,0.4334731445881395,-0.0746268656716417,0.0371434688568115,4,10,5.0,2.0,0.0,1,4,13,4
0.13,0.9500000000000006,0.2041241452319315,0.0,1.025421967125144e-07,0.6275460717749757,1.0,0.9838082901554404,1.0,0.0345528125762939,4,10,3.0,1.0,1.0,1,4,5,4
0.13,0.9800000000000006,4.406434688800762,0.9736101204623268,1.6375245090528797e-06,-0.2443603794053017,-0.2340726091255822,-0.124388493114327,-0.2191854233654875,0.0360138416290283,4,14,8.0,5.0,1.0,15,4,11,5
0.13,0.9900000000000007,1.5343293866268306,0.408248290463863,1.8527442274683096e-06,0.1756525703864129,0.1090487238979117,0.5163809890650745,0.1130820399113079,0.0405302047729492,4,10,6.0,2.0,2.0,1,4,5,4
0.13999999999999999,0.21000000000000002,2.104063528825433,0.4564354645876384,1.4167853084148378e-05,-0.9005030743432085,-0.16012084592145,-0.1721227833089718,-0.1111111111111111,0.0373942852020263,4,10,3.0,2.0,1.0,1,4,48,4
0.13999999999999999,0.22000000000000003,1.3919410907075054,0.2282177322938192,2.468754006832355e-06,0.184061414732224,-0.0549450549450545,0.5060548119821542,0.1134751773049645,0.0407578945159912,4,10,4.0,1.0,0.0,1,4,4,4
0.13999999999999999,0.23000000000000004,0.5863019699779287,0.0,1.0467067682541636e-07,0.773179637717477,1.0,0.9143391132800333,1.0,0.0360763072967529,4,10,6.0,1.0,0.0,1,4,3,4
0.13999999999999999,0.24000000000000005,0.408248290463863,0.1443375672974064,1.4105914617606046e-06,0.6558368810217344,-0.0212765957446807,0.9211783831715848,-0.0204081632653068,0.033299446105957,4,10,3.0,1.0,0.0,1,4,9,4
0.13999999999999999,0.25000000000000006,0.8354140689901426,0.3227486121839514,6.527583198452594e-06,0.7392573374412195,-0.0714285714285714,0.8612577913068687,-0.0683760683760685,0.0337183475494384,4,10,6.0,2.0,0.0,1,4,6,4
0.13999999999999999,0.3200000000000001,0.9185586535436918,0.3061862178478972,8.153618083680577e-06,0.4840422002521399,-0.0601226993865031,0.780434252256648,-0.0575793184488839,0.0360093116760253,4,10,6.0,2.0,0.0,1,4,26,4
0.13999999999999999,0.3300000000000001,1.4860462083439174,0.3952847075210474,4.565870219865346e-06,-0.0937231298366292,-0.0917361637604248,0.4236624619399738,-0.0877447425670772,0.0313348770141601,4,10,4.0,2.0,0.0,1,4,16,4
0.13999999999999999,0.34000000000000014,0.3227486121839514,0.1020620726159657,2.932914345726886e-07,0.8659966499162479,-0.0105263157894739,0.9645390070921986,0.8287671232876712,0.0333654880523681,4,10,4.0,2.0,0.0,1,4,4,4
0.13999999999999999,0.36000000000000015,2.7060888135215864,0.6454972243679028,8.154038746544075e-06,-2.0974848540481,-0.43070044709389,-1.1162587675727744,-0.4064697609001408,0.0323250293731689,4,10,5.0,2.0,0.0,1,4,63,4
0.13999999999999999,0.3900000000000002,0.2282177322938192,0.1020620726159657,1.2969408067463091e-06,0.9135446685878964,0.4893617021276596,0.9799164524421594,0.6563573883161513,0.0340161323547363,4,10,5.0,1.0,1.0,1,4,3,4
0.13999999999999999,0.4400000000000002,0.5863019699779287,0.1020620726159657,1.1081851223172247e-07,0.4673839946200405,-0.0105263157894739,0.8887952822240943,0.6563573883161513,0.0345773696899414,4,10,3.0,1.0,0.0,1,4,2,4
0.13999999999999999,0.46000000000000024,0.5303300858899106,0.1767766952966369,3.26449551240825e-06,0.5120481927710842,0.2173913043478266,0.8717400598546388,0.2187500000000002,0.0349996089935302,4,10,4.0,1.0,1.0,1,4,5,4
0.13999999999999999,0.47000000000000025,0.4208127057650866,0.1020620726159657,1.1025379653011849e-07,0.8828848223896664,0.4893617021276596,0.9478703504952316,0.4897959183673466,0.03251314163208,4,10,6.0,1.0,1.0,1,4,5,4
0.13999999999999999,0.49000000000000027,0.816496580927726,0.2282177322938192,1.1777979741605835e-06,0.7429288702928871,0.411042944785276,0.8672722370849666,0.4658119658119657,0.0331306457519531,4,10,7.0,2.0,2.0,1,4,5,4
0.13999999999999999,0.5100000000000002,0.5590169943749475,0.1020620726159657,6.644724833237363e-07,0.477408818726184,-0.0105263157894739,0.884947267497603,-0.0101010101010103,0.0330276489257812,4,10,3.0,1.0,0.0,1,4,13,4
0.13999999999999999,0.5400000000000003,1.0557382882766606,0.338501600193165,2.6216336211823407e-06,0.4367185786356655,-0.083076923076923,0.7270686664626058,0.2023205221174767,0.0340242385864257,4,10,6.0,2.0,0.0,1,4,4,4
0.13999999999999999,0.6700000000000004,0.4564354645876384,0.1443375672974064,7.575456470658943e-07,0.6417910447761195,-0.0212765957446814,0.9189101524489134,-0.0204081632653065,0.0319993495941162,4,10,3.0,1.0,0.0,1,4,6,4
0.13999999999999999,0.7100000000000004,0.4894725051862804,0.2041241452319315,1.1033037104059511e-06,0.425,-0.0434782608695645,0.91047448522829,-0.0416666666666663,0.0320239067077636,4,10,2.0,1.0,0.0,1,4,6,4
0.13999999999999999,0.7300000000000004,2.3540744819709225,0.5863019699779287,2.9842521229010712e-06,-0.6388140161725067,-0.3614095401804897,-0.0496409123194696,-0.2997243009058687,0.0309994220733642,4,10,7.0,2.0,0.0,1,4,43,4
0.13999999999999999,0.7600000000000005,0.67700320038633,0.25,1.4218104486269008e-06,0.7821669846836162,-0.0285714285714284,0.9057331390864684,0.2146596858638743,0.0320236682891845,4,10,7.0,2.0,0.0,1,4,11,4
0.13999999999999999,0.7800000000000005,0.3818813079129867,0.1443375672974064,1.539593964999175e-07,0.8835657974530019,-0.0212765957446807,0.967475141715454,-0.0204081632653068,0.0309998989105224,4,10,5.0,1.0,0.0,1,4,6,4
0.13999999999999999,0.8000000000000005,0.6208193510729725,0.2041241452319315,9.816930234331892e-07,0.2861736334405147,-0.0434782608695645,0.8758389261744967,-0.0416666666666663,0.0330243110656738,4,10,2.0,1.0,0.0,1,4,7,4
0.13999999999999999,0.8100000000000005,0.338501600193165,0.1767766952966369,6.098443390415622e-07,0.7332659762566305,-0.032258064516129,0.9575273176570523,-0.0309278350515467,0.0319993495941162,4,10,4.0,1.0,0.0,1,4,8,4
0.13999999999999999,0.8700000000000006,4.595060754041597,1.118033988749895,3.5408539089402336e-06,-1.5017291696128976,-0.5007816571130799,-1.364151669601931,-0.475833230844914,0.0343413352966308,4,12,4.0,4.0,0.0,33,4,37,4
0.13999999999999999,0.9300000000000006,1.4684175155588413,0.5,2.204343069405688e-06,0.1451800232288037,0.0253807106598984,0.45438730593848,0.0306946688206783,0.0317707061767578,4,10,5.0,2.0,2.0,1,4,5,4
0.14999999999999997,0.21000000000000002,0.25,0.0,9.999999999999994e-08,0.9332096474953616,1.0,0.9823420347861916,1.0,0.0395596027374267,4,10,6.0,0.0,0.0,1,4,1,4
0.14999999999999997,0.2800000000000001,0.25,0.0,9.999999999999994e-08,0.768860353130016,1.0,0.9696969696969696,1.0,0.0330042839050293,4,10,4.0,0.0,0.0,1,4,1,4
0.14999999999999997,0.3000000000000001,0.8416254115301732,0.3061862178478972,3.275559455791166e-06,0.3054580274497287,-0.0601226993865031,0.7246963562753036,-0.0575793184488839,0.0330283641815185,4,10,3.0,2.0,0.0,1,4,15,4
0.14999999999999997,0.34000000000000014,1.3768926368215255,0.2886751345948128,3.866798836769526e-06,0.4986082015668494,-0.0909090909090908,0.7016931373031094,0.0231990231990237,0.0329642295837402,4,10,8.0,1.0,0.0,1,4,3,4
0.14999999999999997,0.35000000000000014,0.2700308624336608,0.0,9.999999999999994e-08,0.6910344827586207,1.0,0.9646803572329584,1.0,0.0324294567108154,4,10,3.0,0.0,0.0,1,4,1,4
0.14999999999999997,0.36000000000000015,0.5400617248673217,0.1020620726159657,2.8275515470672086e-06,0.8101560844692423,-0.0105263157894739,0.9301310043668124,0.4897959183673467,0.0319964885711669,4,10,6.0,1.0,0.0,1,4,4,4
0.14999999999999997,0.38000000000000017,0.25,0.1443375672974064,2.6783362937760157e-06,0.9109874826147428,-0.0212765957446807,0.9786103882214536,-0.0204081632653065,0.033825397491455,4,10,5.0,1.0,0.0,1,4,18,4
0.14999999999999997,0.4000000000000002,0.60380736442456,0.2041241452319315,1.4063404356726757e-06,0.7534487819195772,-0.0434782608695645,0.9041516047759888,-0.0416666666666663,0.0310132503509521,4,10,6.0,1.0,0.0,1,4,6,4
0.14999999999999997,0.4100000000000002,0.957427107756338,0.2041241452319315,1.4631256241586565e-06,0.5678993401872028,-0.0434782608695645,0.7716421008926718,-0.0416666666666665,0.0330369472503662,4,10,5.0,1.0,0.0,1,4,6,4
0.14999999999999997,0.4200000000000002,2.275320490246008,0.4894725051862804,5.2164752126862045e-06,-0.6532224532224533,-0.2495755517826825,-0.1260648903389523,-0.2004175365344465,0.030165672302246,4,10,4.0,2.0,0.0,1,4,21,4
0.14999999999999997,0.45000000000000023,2.01038968030247,0.5400617248673217,4.290717295886796e-06,0.3228498191139308,-0.2727272727272727,0.5031437681679065,-0.2307692307692308,0.0320065021514892,4,10,8.0,2.0,0.0,1,4,10,4
0.14999999999999997,0.46000000000000024,0.2041241452319315,0.0,9.999999999999994e-08,0.8278798744957419,1.0,0.9786734911494988,1.0,0.031480073928833,4,10,3.0,0.0,0.0,1,4,1,4
0.14999999999999997,0.49000000000000027,1.4361406616345072,0.3679900360969936,2.918615579965372e-06,0.1437452137483672,-0.1073646850044367,0.4814582023884349,-0.0350318471337574,0.0337345600128173,4,10,5.0,2.0,0.0,1,4,15,4
0.14999999999999997,0.5200000000000002,0.25,0.0,9.999999999999994e-08,0.6617733411626541,1.0,0.9682606855691918,1.0,0.0313081741333007,4,10,2.0,0.0,0.0,1,4,1,4
0.14999999999999997,0.5400000000000003,1.0752906583803283,0.3227486121839514,2.8932288600978227e-06,0.0219366681964203,-0.1162790697674418,0.6223976051163422,0.2038216560509556,0.0311040878295898,4,10,4.0,2.0,0.0,1,4,4,4
0.14999999999999997,0.5500000000000003,0.6614378277661477,0.25,3.8323477956882e-06,0.3996426444312089,-0.0666666666666666,0.8630092305685116,-0.0638297872340427,0.0324201583862304,4,10,4.0,1.0,0.0,1,4,13,4
0.14999999999999997,0.5700000000000003,0.1020620726159657,0.1020620726159657,1.0530226695427125e-07,0.911764705882353,-0.0105263157894739,0.9945684645049157,0.4897959183673466,0.0300276279449462,4,10,2.0,1.0,0.0,1,4,3,4
0.14999999999999997,0.5800000000000003,3.245188746436793,0.6846531968814576,3.364856592013977e-06,-0.7888858169753941,-0.2735849056603776,-0.4833616996302596,-0.2349066959385286,0.0320074558258056,4,10,8.0,3.0,1.0,1,4,19,4
0.14999999999999997,0.5900000000000003,9.093839489823134,1.848422751068236,3.967843135564906e-06,-6.419915105728415,-1.3570626543902988,-6.384841494269981,-1.2614451185879756,0.0330018997192382,4,16,8.0,6.0,1.0,66,4,65,4
0.14999999999999997,0.6300000000000003,0.4677071733467426,0.1020620726159657,1.737452449874517e-07,0.819726370383618,-0.0105263157894739,0.950884086444008,0.6563573883161513,0.0330467224121093,4,10,8.0,1.0,0.0,1,4,3,4
0.14999999999999997,0.6500000000000004,0.2041241452319315,0.1020620726159657,2.020149594222453e-07,0.8048780487804879,-0.0105263157894739,0.9807497954665768,-0.0101010101010103,0.0320079326629638,4,10,3.0,1.0,0.0,1,4,9,4
0.14999999999999997,0.6600000000000004,0.338501600193165,0.0,1.027817162664201e-07,0.8052738336713997,1.0,0.9593721144967682,1.0,0.0331964492797851,4,10,4.0,1.0,0.0,1,4,2,4
0.14999999999999997,0.6700000000000004,0.3952847075210474,0.1443375672974064,2.1346219499898526e-07,0.8376733175515725,-0.0212765957446807,0.9619781501102632,0.3127147766323026,0.0325114727020263,4,10,6.0,1.0,0.0,1,4,3,4
0.14999999999999997,0.7200000000000004,3.2371540999258386,0.7772815877574012,3.4281520476531643e-06,-0.6006629651114612,-0.4637223974763407,-0.2497049652790715,-0.4317452480868919,0.0354304313659668,4,10,9.0,3.0,0.0,1,4,29,4
0.14999999999999997,0.7300000000000004,0.7905694150420949,0.1443375672974064,1.860974363113996e-07,0.7182960825548981,-0.0212765957446807,0.8687060986017199,-0.0204081632653068,0.0325264930725097,4,10,6.0,1.0,0.0,1,4,8,4
0.14999999999999997,0.7700000000000005,3.120830551845668,0.8660254037844386,2.962062421772552e-06,-1.0782107383482669,-0.3871161950632149,-0.6193560678224428,-0.3649289099526065,0.0321111679077148,4,10,4.0,3.0,1.0,1,4,21,4
0.14999999999999997,0.8200000000000005,0.962851667357612,0.5863019699779287,4.20509291565865e-06,-0.2136363636363634,-0.128607053794086,0.54337899543379,-0.1228308948621981,0.0335097312927246,4,10,3.0,3.0,0.0,1,4,9,4
0.14999999999999997,0.8500000000000005,0.3227486121839514,0.1020620726159657,1.7581574639208009e-07,0.856801909307876,-0.0105263157894739,0.9678415230254696,0.4897959183673466,0.0303316116333007,4,10,5.0,1.0,0.0,1,4,3,4
0.14999999999999997,0.8800000000000006,2.181837910264341,0.568257570707744,4.0613875781684615e-06,-0.888754950921302,-0.3701657458563536,-0.2576020253721898,-0.3478260869565222,0.0339999198913574,4,10,6.0,2.0,1.0,1,4,69,4
0.14999999999999997,0.8900000000000006,1.1086778913041726,0.3818813079129867,8.750660370670668e-07,0.5317266752097889,-0.080385852090032,0.7199544332637176,-0.0769230769230773,0.0315160751342773,4,10,6.0,2.0,0.0,1,4,14,4
0.14999999999999997,0.9100000000000006,5.003124024047375,1.2119199643540823,1.7292674621632718e-06,-0.5518347852409942,-0.3829178586023705,-0.4787692307692308,-0.3684006211180126,0.0295073986053466,4,14,6.0,5.0,1.0,11,4,11,4
0.14999999999999997,0.9200000000000006,1.25,0.3952847075210474,2.0815770462937464e-06,0.2665036674816625,-0.0746268656716415,0.6050448932304695,-0.0683760683760681,0.0305094718933105,4,10,7.0,2.0,1.0,1,4,28,4
0.14999999999999997,0.9300000000000006,3.129163892586431,0.7359800721939872,2.279912778177617e-06,-0.1601506755974957,-0.3506493506493506,0.0143030913132836,-0.314459049544995,0.0300025939941406,4,10,9.0,2.0,0.0,1,4,6,4
0.14999999999999997,0.9600000000000006,3.719318934070233,0.8720187306856813,4.030213547974169e-06,-4.124321717110816,-0.8643256185155626,-3.040895813047712,-0.7302678359800898,0.0349674224853515,4,10,4.0,2.0,0.0,1,4,3,4
0.14999999999999997,0.9800000000000006,1.7260262647673317,0.5303300858899106,1.851872643459009e-06,-0.0615937826238255,-0.0964467005076141,0.3007163989339592,-0.0904684975767367,0.0320024490356445,4,10,6.0,3.0,1.0,1,4,41,4
0.14999999999999997,0.9900000000000007,9.414085191881366,2.1360009363293826,2.210737851950066e-06,-9.529838720074258,-1.5918757319854526,-9.318230328902688,-1.470249844904404,0.0305273532867431,4,18,7.0,5.0,1.0,52,4,30,4
0.15999999999999998,0.25000000000000006,0.4208127057650866,0.1020620726159657,1.065157269920723e-07,0.8348846620801296,-0.0105263157894739,0.9575382156059546,0.4897959183673466,0.0320029258728027,4,10,7.0,1.0,0.0,1,4,4,4
0.15999999999999998,0.26000000000000006,1.4684175155588413,0.408248290463863,6.5162597367840444e-06,0.1763925729442971,-0.1034482758620689,0.4571346148802812,-0.0989010989010987,0.0293068885803222,4,10,4.0,2.0,0.0,1,4,16,4
0.15999999999999998,0.2700000000000001,0.1443375672974064,0.0,9.999999999999994e-08,0.3118279569892472,1.0,0.9844466910335172,1.0,0.0420217514038085,4,10,1.0,0.0,0.0,1,4,1,4
0.15999999999999998,0.3100000000000001,2.6358901089891185,0.7216878364870323,7.057643446976438e-06,-0.9505300353356888,-0.2711864406779662,-0.3990561090718405,-0.2465719272001993,0.0295062065124511,4,10,5.0,3.0,0.0,1,4,17,4
0.15999999999999998,0.36000000000000015,0.9128709291752768,0.3061862178478972,5.409534518193983e-06,0.2982456140350877,0.0357142857142859,0.7212446426704764,0.0384615384615384,0.030513048171997,4,10,6.0,2.0,1.0,1,4,38,4
0.15999999999999998,0.37000000000000016,0.2700308624336608,0.0,1.115301126146354e-07,0.929024081115336,1.0,0.9781106351042872,1.0,0.0315523147583007,4,10,6.0,1.0,1.0,1,4,2,4
0.15999999999999998,0.4000000000000002,0.2282177322938192,0.1020620726159657,1.0367570557002667e-07,-0.7204301075268817,-0.0105263157894739,0.9753694581280788,-0.0101010101010103,0.0319962501525878,4,10,1.0,1.0,0.0,1,4,9,4
0.15999999999999998,0.4100000000000002,0.5103103630798288,0.1767766952966369,8.882293173942547e-07,0.9005305039787799,0.2173913043478266,0.9551682088802812,0.368421052631579,0.0315234661102294,4,10,10.0,1.0,1.0,1,4,2,4
0.15999999999999998,0.4300000000000002,1.0944937947136415,0.408248290463863,3.87665424719392e-06,-0.0299468233977049,-0.1034482758620689,0.5640471587247432,-0.0989010989010987,0.0341560840606689,4,10,3.0,2.0,0.0,1,4,19,4
0.15999999999999998,0.45000000000000023,0.1443375672974064,0.0,9.999999999999994e-08,0.9080019166267368,1.0,0.9891745602165088,1.0,0.030008316040039,4,10,3.0,0.0,0.0,1,4,1,4
0.15999999999999998,0.46000000000000024,0.9354143466934852,0.3061862178478972,4.3365502985717125e-06,0.0597014925373134,-0.1034482758620689,0.6986547085201793,-2.220446049250313e-16,0.0309991836547851,4,10,4.0,1.0,0.0,1,4,3,4
0.15999999999999998,0.49000000000000027,3.845993586404776,1.0801234497346437,6.784197229963335e-06,-1.6643733875381126,-0.5033557046979866,-1.3403378656777916,-0.4736842105263157,0.0325384140014648,4,10,2.0,4.0,0.0,1,4,60,4
0.15999999999999998,0.5100000000000002,2.8080984075823743,0.6692657668420421,6.469268819246619e-06,-1.853015075376884,-0.4961942732874229,-1.2603087396614008,-0.4670760832480383,0.0324809551239013,4,10,3.0,2.0,0.0,1,4,32,4
0.15999999999999998,0.5800000000000003,0.2700308624336608,0.0,9.999999999999994e-08,0.9113456464379948,1.0,0.9768602690820138,1.0,0.0319492816925048,4,10,6.0,0.0,0.0,1,4,1,4
0.15999999999999998,0.6700000000000004,0.25,0.0,1.0275580335431316e-07,0.6187954996690933,1.0,0.9547477185308092,1.0,0.0320355892181396,4,10,2.0,1.0,0.0,1,4,2,4
0.15999999999999998,0.7000000000000004,0.6208193510729725,0.2886751345948128,2.701716442111877e-06,0.2739165985282094,-0.0491803278688525,0.8338945005611673,0.0599294947121031,0.0310094356536865,4,10,4.0,2.0,0.0,1,4,13,4
0.15999999999999998,0.7300000000000004,0.9947780321927768,0.4330127018922193,8.045648931941592e-07,0.7566637316897462,-0.0614250614250613,0.8478027523670677,-0.0588235294117645,0.0310003757476806,4,10,7.0,3.0,0.0,1,4,6,4
0.15999999999999998,0.7400000000000004,1.070436048222094,0.2886751345948128,9.346295931627478e-07,0.5216524732741437,-0.090909090909091,0.7106709802993241,-0.0869565217391306,0.0339999198913574,4,10,5.0,1.0,0.0,1,4,9,4
0.15999999999999998,0.7500000000000004,0.3061862178478972,0.0,9.999999999999994e-08,-0.0046511627906977,1.0,0.935251798561151,1.0,0.0309996604919433,4,10,1.0,0.0,0.0,1,4,1,4
0.15999999999999998,0.7800000000000005,0.957427107756338,0.3227486121839514,2.362292809006304e-06,0.0248181923121324,-0.116279069767442,0.6207550422340975,-0.1111111111111111,0.0324277877807617,4,10,3.0,1.0,0.0,1,4,6,4
0.15999999999999998,0.8300000000000005,0.2282177322938192,0.0,9.999999999999994e-08,0.4915254237288133,1.0,0.9776895274641916,1.0,0.0335206985473632,4,10,3.0,0.0,0.0,1,4,1,4
0.15999999999999998,0.8400000000000005,1.5811388300841898,0.5303300858899106,5.204506588080817e-06,-1.093784078516903,-0.2564226854095974,0.0631952847495999,-0.243666513127591,0.0310194492340087,4,10,3.0,2.0,0.0,1,4,87,4
0.15999999999999998,0.8700000000000006,1.1501811451535218,0.4564354645876384,2.107776488342573e-06,0.390856857356982,-0.1538461538461542,0.7290666666666666,-0.1043622308117058,0.0315284729003906,4,11,5.0,2.0,0.0,2,4,12,4
0.15999999999999998,0.8800000000000006,0.3535533905932738,0.0,9.999999999999994e-08,0.4703448275862069,1.0,0.9394520409707856,1.0,0.0310001373291015,4,10,2.0,0.0,0.0,1,4,1,4
0.15999999999999998,0.8900000000000006,1.7677669529663689,0.4448782605013046,1.8947666523978164e-06,-0.163965566018672,-0.1407129455909943,0.3449781659388644,-0.089449541284404,0.0325167179107666,4,10,5.0,2.0,0.0,1,4,14,4
0.15999999999999998,0.9000000000000006,5.16498628588047,1.3268069440075547,5.111666847146799e-06,-1.081426358164224,-0.6907044601917465,-0.9705456895755746,-0.6446087971973535,0.0315525531768798,4,14,4.0,4.0,1.0,80,4,80,4
0.15999999999999998,0.9300000000000006,0.3535533905932738,0.1020620726159657,2.329670867894073e-07,0.7142148350285289,0.4893617021276596,0.9532910357712816,0.4897959183673466,0.030557632446289,4,10,5.0,1.0,1.0,1,4,5,4
0.15999999999999998,0.9400000000000006,3.553167600887974,0.8779711460710616,2.727208763515163e-06,-1.2368501999384804,-0.5446836268754076,-0.8797983714618065,-0.5105123494590733,0.0299994945526123,4,10,6.0,3.0,1.0,1,4,52,4
0.15999999999999998,0.9500000000000006,2.1384379033927234,0.5590169943749475,1.2102247620571916e-06,0.1278145695364235,-0.1612903225806454,0.3650472237087605,-0.1538461538461537,0.0305132865905761,4,10,5.0,2.0,0.0,1,4,12,4
0.15999999999999998,0.9800000000000006,6.75,1.7677669529663689,2.9063134198548647e-06,-5.949406682885656,-1.655846551088159,-5.71487127527288,-1.4908668216539356,0.0331156253814697,4,12,3.0,4.0,0.0,68,4,44,4
0.16999999999999998,0.21000000000000002,0.2041241452319315,0.1020620726159657,2.848231877100525e-07,0.5844155844155844,-0.0105263157894739,0.982177864908216,0.4897959183673466,0.0333356857299804,4,10,2.0,1.0,0.0,1,4,4,4
0.16999999999999998,0.24000000000000005,0.7216878364870323,0.2041241452319315,6.350228546382871e-06,-0.0069225928256764,-0.0434782608695645,0.8012402607727779,-0.0416666666666663,0.0300016403198242,4,10,3.0,1.0,0.0,1,4,12,4
0.16999999999999998,0.25000000000000006,0.4677071733467426,0.0,1.0529722428544957e-07,0.8018088871411719,1.0,0.9353348729792148,1.0,0.0350270271301269,4,10,5.0,1.0,0.0,1,4,4,4
0.16999999999999998,0.3000000000000001,0.7637626158259734,0.2700308624336608,5.38205811747592e-06,0.5970921082215395,0.0454545454545453,0.8352165725047082,0.0489130434782607,0.0309972763061523,4,10,7.0,1.0,1.0,1,4,5,4
0.16999999999999998,0.36000000000000015,0.3679900360969936,0.0,1.03867227417514e-07,-0.0871080139372819,1.0,0.9459773936170212,1.0,0.0305206775665283,4,10,1.0,1.0,0.0,1,4,3,4
0.16999999999999998,0.37000000000000016,0.4677071733467426,0.25,3.1304029231746894e-06,0.800632911392405,-0.0666666666666666,0.9428166866354428,-0.0638297872340425,0.0320038795471191,4,10,5.0,1.0,0.0,1,4,6,4
0.16999999999999998,0.4400000000000002,2.0,0.5951190357119042,5.274554173001529e-06,-0.4023128423615336,-0.1934186471663623,0.1330067056512608,-0.1826086956521739,0.0309972763061523,4,10,7.0,2.0,1.0,1,4,18,4
0.16999999999999998,0.45000000000000023,0.1767766952966369,0.0,9.999999999999994e-08,0.9296703296703296,1.0,0.9854368932038836,1.0,0.0325129032135009,4,10,4.0,0.0,0.0,1,4,1,4
0.16999999999999998,0.46000000000000024,2.2150056433336687,0.8036375634160796,8.037293588973072e-06,-0.8381235009553232,-0.4794929157345264,-0.1250716606153259,-0.4472455648926243,0.0310020446777343,4,10,6.0,3.0,1.0,1,4,67,4
0.16999999999999998,0.49000000000000027,0.5863019699779287,0.2282177322938192,2.8056745208733363e-06,0.4586466165413532,-0.0549450549450545,0.8744053282588011,0.2319508448540704,0.0335133075714111,4,10,5.0,1.0,0.0,1,4,2,4
0.16999999999999998,0.5200000000000002,1.0752906583803283,0.2886751345948128,2.4413212029760507e-06,0.6433615582850831,0.2699619771863121,0.8208058891902363,0.3214588634435966,0.031029462814331,4,10,10.0,2.0,2.0,1,4,5,4
0.16999999999999998,0.5800000000000003,0.2700308624336608,0.2041241452319315,1.2240676930321943e-06,0.8649517684887461,0.1560439560439565,0.9739776951672864,0.1578947368421049,0.0315170288085937,4,10,4.0,1.0,1.0,1,4,5,4
0.16999999999999998,0.5900000000000003,0.1020620726159657,0.0,9.999999999999994e-08,0.8285714285714286,1.0,0.9941914498141264,1.0,0.0309984683990478,4,10,2.0,0.0,0.0,1,4,1,4
0.16999999999999998,0.6100000000000003,1.5512092057488571,0.478713553878169,4.623892576908239e-06,0.239193083573487,-0.1434759068760145,0.550329952697047,-0.1,0.0305235385894775,4,10,7.0,2.0,1.0,1,4,12,4
0.16999999999999998,0.6400000000000003,0.338501600193165,0.1767766952966369,4.139677105695898e-07,0.8542845315302883,-0.032258064516129,0.9621876181636932,-0.030927835051546,0.0299994945526123,4,10,4.0,1.0,0.0,1,4,6,4
0.16999999999999998,0.6500000000000004,0.2041241452319315,0.0,9.999999999999994e-08,0.9405112316034082,1.0,0.988127393072334,1.0,0.0305135250091552,4,10,5.0,0.0,0.0,1,4,1,4
0.16999999999999998,0.7100000000000004,4.672615256292062,1.181453906563152,2.9848280145811107e-06,-1.1479077711357817,-0.6857554711047043,-0.9704618740070132,-0.6399461510219071,0.0295073986053466,4,10,9.0,4.0,1.0,1,4,57,4
0.16999999999999998,0.7300000000000004,1.7998842555379313,0.408248290463863,1.2500010325793644e-06,-0.1490590001154601,-0.1034482758620689,0.2046849427168575,-0.0989010989010985,0.0320098400115966,4,10,4.0,2.0,0.0,1,4,14,4
0.16999999999999998,0.8000000000000005,1.3228756555322954,0.2700308624336608,6.275427953699547e-07,0.3430817481976292,0.5055187637969094,0.6648780195886776,0.6996996996996996,0.0299963951110839,4,10,7.0,3.0,1.0,1,4,4,5
0.16999999999999998,0.8200000000000005,5.0,1.2119199643540823,3.215447887939129e-06,-6.159059130596898,-1.0364074018354148,-5.2743457687380735,-0.973684210526316,0.0310537815093994,4,10,5.0,4.0,0.0,1,4,78,4
0.16999999999999998,0.8400000000000005,7.96738141842517,1.9012057577583057,3.5234951746194e-06,-3.8577122359505776,-1.4125144843568944,-3.8058420870004097,-1.2828947368421053,0.0319957733154296,4,16,3.0,6.0,1.0,52,4,58,4
0.16999999999999998,0.8500000000000005,0.6846531968814576,0.2282177322938192,5.540884661336089e-07,0.4032324906755077,-0.019108280254777,0.8220710924834922,-0.0183299389002036,0.0320043563842773,4,10,2.0,2.0,0.0,1,4,9,4
0.16999999999999998,0.8600000000000005,5.085723481800139,1.3110110602126894,4.617747616400544e-06,-2.922849055361727,-1.095515279798915,-2.657333078022124,-1.0075434967757635,0.0304470062255859,4,12,2.0,3.0,0.0,93,4,65,4
0.16999999999999998,0.8700000000000006,0.5103103630798288,0.2041241452319315,1.2103112699062151e-06,0.7841726618705036,-0.0434782608695645,0.9248685199098422,-0.0416666666666665,0.0310285091400146,4,10,5.0,1.0,0.0,1,4,8,4
0.16999999999999998,0.9600000000000006,7.594542997003397,1.805662390001704,2.512899593318376e-06,-6.291922739244953,-1.4201030927835054,-6.204850945335781,-1.3132067105165914,0.03151535987854,4,14,7.0,4.0,3.0,39,4,38,4
0.17999999999999997,0.2,0.1767766952966369,0.0,9.999999999999994e-08,0.8645980253878702,1.0,0.9840798132031416,1.0,0.0300002098083496,4,10,3.0,0.0,0.0,1,4,1,4
0.17999999999999997,0.21000000000000002,1.136515141415488,0.2700308624336608,7.111036161638629e-06,-0.0013458950201883,-0.0786516853932586,0.5631341600901916,-0.0752688172043014,0.0348579883575439,4,10,6.0,1.0,0.0,1,4,8,4
0.17999999999999997,0.22000000000000003,0.25,0.0,1.0490601978110165e-07,0.8745644599303136,1.0,0.9691532569019587,1.0,0.0305061340332031,4,10,4.0,1.0,1.0,1,4,5,4
0.17999999999999997,0.3200000000000001,1.334634781503914,0.408248290463863,6.217359292373874e-06,-0.1594039127056992,-0.2000000000000001,0.5989304812834224,-0.1339475549255844,0.0325117111206054,4,10,6.0,1.0,0.0,1,4,3,4
0.17999999999999997,0.3300000000000001,1.735055234471418,0.3818813079129867,3.916717266368186e-06,-0.0946969696969697,-0.1200000000000001,0.3325480957989792,-0.1146496815286621,0.0300178527832031,4,10,6.0,2.0,0.0,1,4,30,4
0.17999999999999997,0.34000000000000014,1.6298006013006625,0.4677071733467426,7.926506935272243e-06,-0.203776553894571,-0.1673422119281991,0.3933771053382813,-0.1194029850746269,0.0335707664489746,4,10,5.0,2.0,0.0,1,4,36,4
0.17999999999999997,0.35000000000000014,0.5204164998665332,0.2282177322938192,1.3535770234483958e-06,0.7652149374470887,-0.019108280254777,0.901350736075277,0.2592592592592592,0.0310032367706298,4,10,5.0,2.0,0.0,1,4,9,4
0.17999999999999997,0.4200000000000002,0.3061862178478972,0.0,3.1425896038504026e-07,0.8895564361498147,1.0,0.9741757768787124,1.0,0.0305094718933105,4,10,7.0,2.0,2.0,1,4,5,4
0.17999999999999997,0.5200000000000002,0.4677071733467426,0.2041241452319315,1.90390922337784e-06,0.7355371900826446,-0.0434782608695645,0.9314531923227576,0.1578947368421049,0.0309991836547851,4,10,6.0,1.0,0.0,1,4,4,4
0.17999999999999997,0.5600000000000003,2.7022367278484936,0.9013878188659972,7.246229257921849e-06,-1.2762819645514814,-0.3278950168469587,-0.8300960735171263,-0.3,0.0320026874542236,4,10,8.0,3.0,3.0,1,4,5,4
0.17999999999999997,0.5700000000000003,1.75,0.5204164998665332,3.883715959396977e-06,0.0438700497984352,-0.1603905160390515,0.3862212943632568,-0.1509517485613098,0.0312042236328125,4,10,6.0,2.0,1.0,1,4,22,4
0.17999999999999997,0.6100000000000003,1.567907310185565,0.5,5.607169534516857e-06,-0.3361641896673744,-0.1761102603369067,0.2488621534740124,-0.1656143759106361,0.0300235748291015,4,10,5.0,2.0,1.0,1,4,13,4
0.17999999999999997,0.6300000000000003,1.3501543121683042,0.5204164998665332,2.344647202862313e-06,0.4354079849442128,-0.1187808157776779,0.6042872648335743,-0.1115861479264637,0.0290002822875976,4,10,6.0,2.0,1.0,1,4,10,4
0.17999999999999997,0.7100000000000004,0.9298297335175584,0.25,2.05290047412491e-06,0.574336235910038,-0.0666666666666666,0.7602472630636355,0.0783410138248842,0.0300178527832031,4,10,4.0,1.0,0.0,1,4,3,4
0.17999999999999997,0.7300000000000004,0.8720187306856813,0.25,2.266174236857955e-06,0.2980066112391067,-0.0666666666666666,0.7436347673397717,-0.0638297872340425,0.0312695503234863,4,10,4.0,1.0,0.0,1,4,11,4
0.17999999999999997,0.7600000000000005,4.528842751373321,1.1319231422671772,3.969844393438709e-06,-6.187224334600761,-1.0288659793814432,-5.134720837487538,-0.9651701549768332,0.0320627689361572,4,10,6.0,3.0,1.0,1,4,29,4
0.17999999999999997,0.8100000000000005,3.984344362627307,1.1726039399558574,3.266391528522968e-06,-0.6251846750274932,-0.5826152116897714,-0.4859014859014858,-0.5458484600070264,0.0315275192260742,4,11,5.0,3.0,1.0,43,4,11,4
0.17999999999999997,0.8500000000000005,4.8218253804964775,1.4361406616345072,4.71145541909535e-06,-3.9453471196454943,-0.802731411229135,-3.452334882607569,-0.7466478475652789,0.0309979915618896,4,10,2.0,5.0,0.0,1,4,50,4
0.17999999999999997,0.8600000000000005,0.4208127057650866,0.2282177322938192,6.356605898544804e-07,0.8582841264327892,0.1111111111111111,0.9506889050036258,0.1134751773049644,0.0305116176605224,4,10,6.0,1.0,1.0,1,4,5,4
0.17999999999999997,0.9000000000000006,4.844455593769025,1.4068285846778443,3.405361391113515e-06,-8.739193083573486,-1.6042261564820106,-7.051029159519727,-1.4833355116978169,0.0310161113739013,4,10,5.0,3.0,0.0,1,4,9,4
0.17999999999999997,0.9100000000000006,8.73629879678269,2.0129787215301937,3.2009837332352173e-06,-3.5724983910915222,-1.4660899425477116,-3.5189621250902,-1.3575757575757574,0.0398194789886474,4,18,4.0,5.0,0.0,63,4,53,4
0.17999999999999997,0.9200000000000006,9.584057943620056,2.028443574106348,3.226397588847027e-06,-3.7926354943356486,-1.6131899937978087,-3.6545016917303146,-1.4547883910260393,0.0329947471618652,4,21,2.0,6.0,0.0,31,4,31,4
0.18999999999999995,0.21000000000000002,0.5103103630798288,0.1443375672974064,2.897018859456797e-06,0.3974391162440369,0.3118279569892472,0.8826235973519884,0.3127147766323026,0.0360760688781738,4,10,3.0,1.0,1.0,1,4,5,4
0.18999999999999995,0.24000000000000005,1.361677886530683,0.2700308624336608,5.166007675595317e-06,0.3096315449256627,-0.0786516853932586,0.6497166246851385,-0.075268817204301,0.0295138359069824,4,10,7.0,1.0,0.0,1,4,9,4
0.18999999999999995,0.3000000000000001,0.2041241452319315,0.0,9.999999999999994e-08,0.8618705035971224,1.0,0.9819258054312956,1.0,0.0315093994140625,4,10,4.0,0.0,0.0,1,4,1,4
0.18999999999999995,0.3300000000000001,0.1443375672974064,0.0,1.0402489011911257e-07,0.987199146609774,1.0,0.9959615539940232,1.0,0.0310165882110595,4,10,8.0,1.0,0.0,1,4,2,4
0.18999999999999995,0.34000000000000014,0.3679900360969936,0.1020620726159657,5.002217653433308e-07,0.8784928439295103,-0.0105263157894739,0.9647457627118644,-0.0101010101010103,0.0337297916412353,4,10,6.0,1.0,0.0,1,4,10,4
0.18999999999999995,0.36000000000000015,0.338501600193165,0.1020620726159657,1.03867227417514e-07,0.7238493723849373,-0.0105263157894739,0.9483179853411012,-0.0101010101010103,0.031998872756958,4,10,3.0,1.0,0.0,1,4,9,4
0.18999999999999995,0.37000000000000016,0.2700308624336608,0.0,2.2007351078081243e-07,0.9230681167716084,1.0,0.9816806678705084,1.0,0.0305140018463134,4,10,6.0,1.0,1.0,1,4,3,4
0.18999999999999995,0.4200000000000002,1.7618645426554975,0.5,5.103660148573888e-06,0.319489045885963,-0.1761102603369067,0.5469127731066884,-0.1342155009451793,0.0333087444305419,4,10,9.0,2.0,1.0,1,4,25,4
0.18999999999999995,0.4300000000000002,0.9298297335175584,0.2282177322938192,2.23314175142717e-06,0.4385569334836526,-0.0549450549450545,0.7929709909954853,0.1134751773049645,0.0325138568878173,4,10,6.0,1.0,0.0,1,4,3,4
0.18999999999999995,0.46000000000000024,1.5811388300841898,0.60380736442456,3.921223448321165e-06,0.1620294599018003,-0.2285191956124317,0.3972726587809838,-0.2173913043478261,0.0330145359039306,4,10,4.0,3.0,0.0,1,4,16,4
0.18999999999999995,0.47000000000000025,1.9012057577583057,0.5590169943749475,5.193987508433825e-06,-0.0845162130485739,-0.176951369023294,0.2232792389479574,-0.1432926829268292,0.0307931900024414,4,10,4.0,2.0,1.0,1,4,11,4
0.18999999999999995,0.48000000000000026,0.7359800721939872,0.2886751345948128,5.6443929575143805e-06,0.0930232558139534,-0.090909090909091,0.7772446881425634,-0.0869565217391306,0.0295584201812744,4,10,4.0,1.0,0.0,1,4,15,4
0.18999999999999995,0.5100000000000002,1.346291201783626,0.4448782605013046,3.753747881714953e-06,0.1980026886883042,-0.1407129455909943,0.5757235863548803,-0.0894495412844038,0.031043529510498,4,10,4.0,2.0,0.0,1,4,20,4
0.18999999999999995,0.5200000000000002,1.5034682127223928,0.3061862178478972,3.6437371396458686e-06,0.0745857580738305,-0.1034482758620689,0.507981135497914,-0.0989010989010983,0.0309996604919433,4,10,5.0,1.0,0.0,1,4,6,4
0.18999999999999995,0.5500000000000003,1.0257111354242645,0.408248290463863,3.494563760704109e-06,0.4684210526315789,-0.1462686567164177,0.7389573802693132,-0.1396011396011398,0.0310232639312744,4,10,5.0,2.0,0.0,1,4,13,4
0.18999999999999995,0.5600000000000003,5.715476066494082,1.3070322617798436,2.44112192883666e-06,-0.4906123742375026,-0.6865559721478305,-0.4662770309760373,-0.6492357200321794,0.0310001373291015,4,16,6.0,4.0,1.0,35,4,35,5
0.18999999999999995,0.6300000000000003,2.432419919887737,0.6373774391990981,1.891997113169224e-06,0.0638487819115144,-0.273469387755102,0.3024169777952447,-0.2580645161290325,0.0310001373291015,4,10,8.0,2.0,1.0,1,4,6,4
0.18999999999999995,0.6400000000000003,0.816496580927726,0.2282177322938192,1.9395231431834805e-06,0.2963811268896013,-0.0549450549450545,0.7734994337485844,-0.0526315789473685,0.0300793647766113,4,10,4.0,1.0,0.0,1,4,14,4
0.18999999999999995,0.6500000000000004,2.9243945242277647,0.5863019699779287,1.9591334561131266e-06,-0.5022872827081428,-0.2241112828438944,-0.2101291197452981,-0.2114537444933923,0.0319998264312744,4,10,5.0,2.0,1.0,1,4,15,4
0.18999999999999995,0.7300000000000004,0.7569125885243729,0.2041241452319315,7.49323992127314e-07,0.7274979355904212,-0.0434782608695645,0.8834350627331299,-0.0416666666666663,0.0315096378326416,4,10,6.0,1.0,0.0,1,4,7,4
0.18999999999999995,0.7600000000000005,8.872945771651413,2.109008455807294,4.128681047445216e-06,-4.706708194709893,-1.6091273629940803,-4.690236704210084,-1.4513462311269305,0.0310025215148925,4,18,7.0,5.0,0.0,88,4,95,4
0.18999999999999995,0.7900000000000005,5.446711546122731,1.5275252316519468,3.719108538959682e-06,-9.432632502766436,-1.3174911089557066,-8.549356223175966,-1.227525855210819,0.0329260826110839,4,10,6.0,4.0,1.0,1,4,79,4
0.18999999999999995,0.8200000000000005,3.24037034920393,0.5590169943749475,4.087972675878627e-06,-0.4389721627408993,-0.25,-0.1562417554686335,-0.2121212121212121,0.0310864448547363,4,10,7.0,2.0,0.0,1,4,24,4
0.18999999999999995,0.8300000000000005,0.7430231041719587,0.25,5.698969235947662e-07,0.5577190542420026,-0.0285714285714282,0.8288721707403699,0.111111111111111,0.0335187911987304,4,10,4.0,2.0,0.0,1,4,9,4
0.18999999999999995,0.8600000000000005,11.62432793756267,2.987822506999593,3.096054647949483e-06,-5.263766774641371,-1.6907378335949763,-5.249638665664565,-1.546124364954396,0.0319972038269043,4,26,9.0,10.0,1.0,100,4,99,5
0.18999999999999995,0.8700000000000006,2.9261749776799064,0.8477912478906585,4.061530510123744e-06,-1.0871773169699537,-0.7363040629095676,-0.3427203972622876,-0.4794168096054889,0.0331995487213134,4,12,9.0,3.0,0.0,3,4,3,4
0.18999999999999995,0.8900000000000006,2.6398390102428597,0.7637626158259734,3.166772782749448e-06,-0.1380776864190531,-0.1917534914653071,0.1207895808965578,-0.1816838995568688,0.0319974422454834,4,10,5.0,4.0,1.0,1,4,15,4
0.18999999999999995,0.9400000000000006,1.8791620472966133,0.5951190357119042,3.484484611898086e-06,-0.0507555211158465,-0.1741007194244608,0.3172342953817646,-0.1659807956104249,0.0305109024047851,4,10,5.0,3.0,0.0,1,4,18,4
0.18999999999999995,0.9800000000000006,6.6669270782472685,1.8680426476216576,3.0321792043108576e-06,-2.57382655731984,-0.8883212964593976,-2.451734765691358,-0.8533886583679116,0.0300331115722656,4,15,7.0,6.0,0.0,33,4,25,4
0.18999999999999995,0.9900000000000007,18.445302021562743,4.448782605013046,2.7986854779900656e-06,-3.943825326849942,-2.7209302325581395,-3.756343344439526,-2.392190819660424,0.0300102233886718,4,38,7.0,10.0,1.0,97,4,83,5
0.19999999999999996,0.2,0.2282177322938192,0.0,1.045251551999672e-07,0.950693374422188,1.0,0.9863309549194892,1.0,0.0319998264312744,4,10,6.0,1.0,0.0,1,4,3,4
0.19999999999999996,0.25000000000000006,0.5863019699779287,0.0,1.1360621541279009e-07,0.8225408917768318,1.0,0.9288854409102664,1.0,0.0310075283050537,4,10,8.0,2.0,2.0,1,4,5,4
0.19999999999999996,0.2700000000000001,0.2282177322938192,0.1020620726159657,1.0534214514802496e-07,0.8404255319148937,-0.0105263157894739,0.975770498158558,-0.0101010101010103,0.0320007801055908,4,10,3.0,1.0,0.0,1,4,9,4
0.19999999999999996,0.2800000000000001,0.5303300858899106,0.2282177322938192,5.036645516446651e-06,0.6651162790697674,-0.0549450549450545,0.9099369558691084,-0.0526315789473683,0.0319981575012207,4,10,6.0,1.0,0.0,1,4,7,4
0.19999999999999996,0.2900000000000001,0.4330127018922193,0.1020620726159657,2.544567267999753e-06,0.5242290748898679,-0.0105263157894739,0.9084621643612694,-0.0101010101010103,0.0312237739562988,4,10,3.0,1.0,0.0,1,4,8,4
0.19999999999999996,0.3000000000000001,2.0207259421636903,0.3952847075210474,3.219072953746453e-06,-0.1719348509856433,-0.1851851851851851,0.1950718685831621,-0.1764705882352941,0.0299990177154541,4,10,4.0,1.0,0.0,1,4,8,4
0.19999999999999996,0.3100000000000001,0.6291528696058958,0.2282177322938192,3.935622501744572e-06,0.6478424558355054,-0.0549450549450545,0.8899061304902075,0.1134751773049645,0.032346487045288,4,10,6.0,1.0,0.0,1,4,4,4
0.19999999999999996,0.3200000000000001,0.4894725051862804,0.1020620726159657,5.85052700125941e-07,0.8445508307519008,0.4893617021276593,0.933572088724584,0.4897959183673467,0.0329959392547607,4,10,7.0,1.0,1.0,1,4,5,4
0.19999999999999996,0.48000000000000026,0.8599903100229289,0.2700308624336608,2.3351442187937643e-06,0.6093311170974951,-0.0386398763523954,0.8285189836730751,0.425758818703856,0.032646894454956,4,10,6.0,2.0,0.0,1,4,4,4
0.19999999999999996,0.49000000000000027,0.8720187306856813,0.2282177322938192,1.464086705828693e-06,0.6438300467574711,0.1111111111111111,0.8206344136219563,0.2319508448540707,0.0320100784301757,4,10,6.0,1.0,1.0,1,4,4,4
0.19999999999999996,0.5300000000000002,0.5400617248673217,0.1767766952966369,2.126703057884976e-06,0.4874141876430206,0.2173913043478266,0.8984734761956561,0.2187500000000001,0.0311763286590576,4,10,4.0,1.0,1.0,1,4,5,4
0.19999999999999996,0.5400000000000003,0.2886751345948128,0.0,1.0313396681068877e-07,0.8231637117200091,1.0,0.9666930346808776,1.0,0.0314698219299316,4,10,5.0,1.0,0.0,1,4,3,4
0.19999999999999996,0.5800000000000003,2.322893310794392,0.7071067811865476,5.348006177662716e-06,-0.3125346424895083,-0.381709145427286,0.0570846075433233,-0.3593882752761264,0.0335831642150878,4,10,4.0,2.0,1.0,1,4,8,4
0.19999999999999996,0.6200000000000003,3.7402651421167104,0.9842509842514764,4.5586440578470456e-06,-1.1540055133238662,-0.572107765451664,-0.8079263367616178,-0.5407554671968196,0.0335121154785156,4,10,8.0,3.0,0.0,1,4,22,4
0.19999999999999996,0.6400000000000003,14.56594201096059,3.0345235760055207,3.3810687382267423e-06,-5.890489547946944,-1.6549868602177449,-5.615134784020787,-1.5541012972754331,0.0325140953063964,4,27,4.0,10.0,0.0,71,4,71,4
0.19999999999999996,0.6700000000000004,3.582364210034113,0.82915619758885,4.515566606225926e-06,-0.8018556041377838,-0.3378378378378379,-0.6210526315789473,-0.32,0.0418789386749267,4,10,2.0,4.0,0.0,1,4,24,4
0.19999999999999996,0.6800000000000004,0.2282177322938192,0.0,9.999999999999994e-08,0.765625,1.0,0.9750548792656156,1.0,0.0421283245086669,4,10,3.0,0.0,0.0,1,4,1,4
0.19999999999999996,0.7200000000000004,0.6535161308899218,0.2282177322938192,1.5715419523430865e-06,0.4698275862068964,-0.0549450549450545,0.8571428571428572,-0.0526315789473685,0.0345463752746582,4,10,4.0,1.0,0.0,1,4,7,4
0.19999999999999996,0.7600000000000005,0.7569125885243729,0.2282177322938192,6.082810421330238e-07,0.8076923076923077,0.5076923076923077,0.8945633003604018,0.5759117896522478,0.038386583328247,4,10,7.0,2.0,1.0,1,4,6,5
0.19999999999999996,0.8100000000000005,2.551551815399144,0.7905694150420949,3.772846890307788e-06,-2.602521765235665,-0.5,-1.000384073742158,-0.4648437499999991,0.0305128097534179,4,10,7.0,2.0,2.0,1,4,5,4
0.19999999999999996,0.8400000000000005,1.7677669529663689,0.6291528696058958,1.9757859977798714e-06,0.041405937957662,-0.1231527093596058,0.4272513793695949,-0.0076902678334656,0.0310413837432861,4,10,5.0,4.0,0.0,1,4,22,4
0.19999999999999996,0.8500000000000005,0.408248290463863,0.2041241452319315,5.025864109818929e-07,0.7655319798504046,-0.0434782608695645,0.9361634216406,-0.0416666666666663,0.030519962310791,4,10,3.0,1.0,0.0,1,4,7,4
0.19999999999999996,0.8600000000000005,5.190134873006674,1.224744871391589,3.886133154659067e-06,-3.6124519257566474,-1.1766650921114783,-3.212000781809889,-1.1003500583430572,0.0311217308044433,4,11,5.0,3.0,1.0,76,4,67,4
0.19999999999999996,0.9700000000000006,0.3061862178478972,0.2282177322938192,1.044278641849606e-06,0.806060606060606,-0.019108280254777,0.968848430307016,0.1438356164383558,0.0310018062591552,4,10,4.0,2.0,0.0,1,4,12,4
0.19999999999999996,0.9900000000000007,23.84957197379721,5.578978401105349,2.620838953519389e-06,-4.207502185488357,-2.5530892335133526,-3.88723251340957,-2.2812088201704293,0.0319962501525878,4,47,5.0,13.0,0.0,92,4,94,4
0.20999999999999996,0.21000000000000002,0.3061862178478972,0.1443375672974064,2.4218669155909287e-06,0.7740585774058578,-0.0212765957446807,0.9577147152790828,-0.0204081632653068,0.0320580005645751,4,10,3.0,1.0,0.0,1,4,6,4
0.20999999999999996,0.2900000000000001,1.136515141415488,0.3952847075210474,5.86833028392072e-06,0.4683578223393329,-0.0746268656716417,0.733968376563472,-0.0169491525423728,0.0309958457946777,4,10,6.0,2.0,1.0,1,4,15,4
0.20999999999999996,0.3300000000000001,3.278719262151,0.8354140689901426,1.2640961451889953e-05,-5.267602960713608,-0.5230878522377456,-2.7796659830061534,-0.490213523131672,0.0320053100585937,4,10,5.0,3.0,0.0,1,4,66,4
0.20999999999999996,0.36000000000000015,0.478713553878169,0.1767766952966369,7.073080696586504e-07,0.8570558375634518,-0.032258064516129,0.9417542559106192,0.2187500000000002,0.0300140380859375,4,10,5.0,1.0,0.0,1,4,3,4
0.20999999999999996,0.4300000000000002,1.5275252316519468,0.3535533905932738,4.130791020226528e-06,-0.1857733664185277,-0.0676552363299349,0.371069182389937,0.0033222591362128,0.0310010910034179,4,10,5.0,1.0,1.0,1,4,3,4
0.20999999999999996,0.4400000000000002,1.2950225223266711,0.2282177322938192,1.3026799784728966e-06,0.2203389830508474,-0.0549450549450545,0.5829447725624286,0.2319508448540703,0.0305423736572265,4,10,5.0,1.0,0.0,1,4,3,4
0.20999999999999996,0.47000000000000025,2.643782013202551,0.7637626158259734,1.0207606096605871e-05,-1.392156862745098,-0.5596170583115754,-0.7394234757362086,-0.5238095238095237,0.0309977531433105,4,10,5.0,2.0,1.0,1,4,19,4
0.20999999999999996,0.5100000000000002,0.2282177322938192,0.0,1.044897412791769e-07,0.906084914889454,1.0,0.9833881524303132,1.0,0.0302455425262451,4,10,4.0,1.0,0.0,1,4,2,4
0.20999999999999996,0.5500000000000003,2.309401076758503,0.6535161308899218,3.2983150118359277e-06,-0.2712929674365669,-0.1728247914183549,0.0974951966297085,-0.1634506242905791,0.0305151939392089,4,10,6.0,3.0,1.0,1,4,20,4
0.20999999999999996,0.6100000000000003,4.234038655153414,1.005194840151235,2.571152063206739e-06,-0.1562056055145388,-0.2778921366817619,-0.0462069678235124,-0.2292485109618549,0.0325441360473632,4,13,6.0,5.0,0.0,13,4,12,4
0.20999999999999996,0.6500000000000004,7.571877794400365,1.9578900207451215,3.889062119936407e-06,-4.493013972055889,-1.3073607210502254,-4.399466331816042,-1.231520223152022,0.0310046672821044,4,17,12.0,5.0,3.0,66,4,63,4
0.20999999999999996,0.6600000000000004,0.338501600193165,0.1767766952966369,7.801434189161409e-07,0.9059494121838262,-0.032258064516129,0.9706008124866368,-0.0309278350515467,0.0328261852264404,4,10,6.0,1.0,0.0,1,4,7,4
0.20999999999999996,0.6700000000000004,3.5370067382840347,0.9409658158863512,6.442166507812364e-06,-1.345703125,-0.6615760537568722,-0.7958878504672897,-0.5685550839638307,0.0309967994689941,4,11,7.0,2.0,0.0,2,4,2,4
0.20999999999999996,0.7100000000000004,5.028046340279691,1.274754878398196,4.954546676002316e-06,-3.724183377602952,-0.6842105263157894,-3.320350327542009,-0.6595744680851059,0.033513069152832,4,11,4.0,4.0,0.0,67,4,35,4
0.20999999999999996,0.7200000000000004,0.9736101204623268,0.2886751345948128,2.660196306626965e-06,0.2699924793181248,0.0191570881226054,0.7125347485468788,0.0231990231990237,0.0300219058990478,4,10,5.0,1.0,1.0,1,4,5,4
0.20999999999999996,0.7700000000000005,2.2150056433336687,0.6614378277661477,1.9428988759585367e-06,-0.2335224792666954,-0.2014302741358757,0.1580114052807524,-0.1918274687854715,0.0299994945526123,4,10,5.0,3.0,0.0,1,4,25,4
0.20999999999999996,0.8000000000000005,3.024207885270676,0.9354143466934852,5.192323201547687e-06,-2.229054131708999,-0.449317038102085,-1.4270234409553293,-0.423728813559322,0.03310227394104,4,10,2.0,4.0,0.0,1,4,96,4
0.20999999999999996,0.8400000000000005,1.141088661469096,0.5303300858899106,2.3526472406715578e-06,0.7165265047718038,-0.1760435571687841,0.7933030177759404,-0.0289634146341466,0.0310027599334716,4,10,8.0,2.0,1.0,1,4,4,4
0.20999999999999996,0.8700000000000006,0.6373774391990981,0.25,5.219452315965483e-07,0.7606750191766812,0.109737248840804,0.9175039661554732,0.2146596858638744,0.0310022830963134,4,11,6.0,2.0,1.0,2,4,8,4
0.20999999999999996,0.9200000000000006,1.3693063937629153,0.4677071733467426,1.1615072299817746e-06,0.1999629612482061,-0.091499729290742,0.4768050226717824,-0.0875194199896429,0.0310235023498535,4,10,2.0,3.0,0.0,1,4,13,4
0.20999999999999996,0.9700000000000006,9.68622303411741,2.539274830865432,3.675462526627003e-06,-2.668107599044658,-1.3154613466334166,-2.6383686923362784,-1.1994030699260945,0.0299997329711914,4,19,5.0,7.0,1.0,78,4,78,4
0.21999999999999995,0.2,0.5204164998665332,0.2282177322938192,6.076971725757383e-06,0.7153284671532847,-0.0549450549450545,0.8978148089922968,-0.0526315789473683,0.0299999713897705,4,10,4.0,1.0,0.0,1,4,6,4
0.21999999999999995,0.24000000000000005,2.6160561920570435,0.60380736442456,1.0004602090976114e-05,-1.411101341794411,-0.2770809578107183,-0.7816949152542374,-0.2630819198845182,0.0315117835998535,4,10,2.0,2.0,0.0,1,4,66,4
0.21999999999999995,0.25000000000000006,1.713913650100261,0.25,4.046260162065888e-06,0.1831759345864886,-0.0666666666666666,0.470829971289711,-0.0638297872340425,0.0309991836547851,4,10,5.0,1.0,0.0,1,4,7,4
0.21999999999999995,0.2700000000000001,0.2282177322938192,0.0,1.1297412064991181e-07,0.9628597957288764,1.0,0.9874068103969372,1.0,0.0315179824829101,4,10,8.0,1.0,1.0,1,4,3,4
0.21999999999999995,0.2900000000000001,0.2041241452319315,0.1443375672974064,8.02425916441984e-07,0.9621413782904468,-0.0212765957446807,0.9861969012043204,0.4791666666666668,0.0309998989105224,4,10,6.0,1.0,0.0,1,4,2,4
0.21999999999999995,0.3000000000000001,0.7905694150420949,0.3061862178478972,9.814934834117932e-06,0.1127541589648798,-0.1034482758620689,0.8093725178713265,-2.220446049250313e-16,0.0315101146697998,4,10,4.0,1.0,0.0,1,4,2,4
0.21999999999999995,0.37000000000000016,0.5590169943749475,0.0,9.999999999999994e-08,0.6994991652754591,1.0,0.9040767386091128,1.0,0.0300016403198242,4,10,6.0,0.0,0.0,1,4,1,4
0.21999999999999995,0.38000000000000017,0.1767766952966369,0.0,9.999999999999994e-08,0.932820153953814,1.0,0.9888372093023255,1.0,0.030510663986206,4,10,4.0,0.0,0.0,1,4,1,4
0.21999999999999995,0.4100000000000002,1.461306493062515,0.4564354645876384,8.36156623742955e-06,-0.7240473061760841,-0.2030075187969924,0.174186271350306,-0.1933174224343676,0.0311677455902099,4,10,3.0,2.0,0.0,1,4,21,4
0.21999999999999995,0.4200000000000002,4.081206929328627,1.1273124382057236,8.787969366460046e-06,-4.622239314361059,-0.7193188490898412,-3.614585437649708,-0.680672268907563,0.0345776081085205,4,10,4.0,4.0,0.0,1,4,59,4
0.21999999999999995,0.5400000000000003,0.1767766952966369,0.0,1.0313396681068877e-07,0.9588806396344944,1.0,0.9904104334484082,1.0,0.0368044376373291,4,10,5.0,1.0,0.0,1,4,3,4
0.21999999999999995,0.5600000000000003,4.616546328154847,1.0752906583803283,5.0340131831773e-06,-5.914352096314289,-1.0003754458419372,-4.979134399018091,-0.939203354297694,0.0358619689941406,4,10,5.0,3.0,0.0,1,4,25,4
0.21999999999999995,0.5700000000000003,3.679900360969936,1.015504800579495,6.620494678650688e-06,-4.012853470437017,-1.0221276595744682,-2.7764350453172204,-0.9411764705882352,0.0515849590301513,4,10,7.0,3.0,1.0,1,4,26,4
0.21999999999999995,0.6200000000000003,4.680411306712264,1.3268069440075547,6.218519464281283e-06,-1.5689418231791112,-0.6907044601917465,-1.4079417422368783,-0.6446087971973533,0.0404419898986816,4,13,5.0,4.0,1.0,98,4,99,4
0.21999999999999995,0.6500000000000004,1.7260262647673317,0.5773502691896257,6.050963178341056e-06,-1.2705921270261331,-0.3426573426573425,-0.0648199858520419,-0.3013420089467264,0.0355021953582763,4,10,4.0,2.0,0.0,1,4,62,4
0.21999999999999995,0.6900000000000004,10.212839141655632,2.327373340628157,4.348446538236766e-06,-3.3500108609079726,-1.4547600314712827,-3.2563049678853666,-1.3197715917201998,0.034658670425415,4,17,4.0,6.0,0.0,82,4,84,4
0.21999999999999995,0.7000000000000004,0.5863019699779287,0.2282177322938192,2.454069926403137e-07,0.7480715705765408,-0.019108280254777,0.9061326658322904,0.2592592592592592,0.033912181854248,4,10,6.0,2.0,0.0,1,4,7,4
0.21999999999999995,0.7800000000000005,2.910111681705704,1.0655593210453684,3.976672436622424e-06,-3.510662890828181,-0.6866537717601546,-2.557831167126164,-0.6405779650812768,0.0379576683044433,4,10,3.0,3.0,1.0,1,4,13,4
0.21999999999999995,0.8000000000000005,6.619887964812294,1.758905909933786,3.455364833814972e-06,-6.816221865262914,-1.819620253164557,-6.489629880187287,-1.6682238792561312,0.0322706699371337,4,12,7.0,5.0,1.0,37,4,37,4
0.21999999999999995,0.8200000000000005,2.3206500526073865,0.8228507357554792,2.216223282020838e-06,0.3394026513336527,-0.1746987951807233,0.4549345816069411,-0.0310913705583752,0.0305097103118896,4,10,7.0,4.0,1.0,1,4,23,4
0.21999999999999995,0.8400000000000005,8.44898909140417,2.217355782608345,4.809411617125258e-06,-2.479342514438028,-1.1827641023170674,-2.464610717896865,-1.105357063205317,0.0310196876525878,4,19,5.0,8.0,1.0,93,4,71,4
0.21999999999999995,0.8500000000000005,10.036392114035136,2.4558603380485624,5.191422115392783e-06,-2.904507141775602,-1.6363118952760387,-2.8342585249801746,-1.4739360793026832,0.0332562923431396,4,21,5.0,6.0,1.0,60,4,94,4
0.21999999999999995,0.8700000000000006,1.103970108290981,0.3952847075210474,2.182281631679024e-06,0.5713631506640207,-0.0746268656716417,0.7581595320283595,0.0284974093264247,0.0351455211639404,4,10,6.0,2.0,1.0,1,4,11,4
0.21999999999999995,0.9200000000000006,0.7071067811865476,0.4564354645876384,3.5255072544787047e-06,0.8010276782244484,-0.1117544875506655,0.9005717126522496,-0.0314595152140275,0.0345184803009033,4,10,8.0,2.0,1.0,1,4,6,4
0.21999999999999995,0.9300000000000006,5.393862252597854,1.2119199643540823,3.361029665658611e-06,-2.6040647346631536,-0.7933227344992051,-2.315094182858364,-0.7624999999999993,0.0322403907775878,4,14,8.0,4.0,1.0,78,4,78,4
0.21999999999999995,0.9400000000000006,7.804245639393983,2.0361319538117693,4.510939817130835e-06,-3.446528723977313,-1.6758176342881153,-3.394291254255632,-1.5408580183861087,0.0315189361572265,4,18,8.0,5.0,1.0,93,4,25,4
0.21999999999999995,0.9800000000000006,46.55406802847631,10.65950280266392,3.117487337524671e-06,-1.2637317975572726,-1.1906959521513278,-1.1921782291822414,-1.0966278658527209,0.042323350906372,4,112,8.0,28.0,3.0,98,4,98,4
0.21999999999999995,0.9900000000000007,5.559338989484272,1.3110110602126894,3.353649629425398e-06,-3.124652455977757,-0.8301559792027731,-2.8603156429305603,-0.768299217661558,0.0349078178405761,4,12,7.0,4.0,2.0,38,4,24,4
0.22999999999999995,0.21000000000000002,0.3535533905932738,0.0,9.999999999999994e-08,0.8608527599951685,1.0,0.9656465603618564,1.0,0.0330555438995361,4,10,5.0,0.0,0.0,1,4,1,4
0.22999999999999995,0.22000000000000003,0.8660254037844386,0.2700308624336608,7.614657960761392e-06,0.2165929955797347,-0.0786516853932586,0.7391304347826086,-0.0752688172043014,0.0383520126342773,4,10,5.0,1.0,0.0,1,4,11,4
0.22999999999999995,0.24000000000000005,0.5204164998665332,0.1020620726159657,2.4891717151244883e-07,0.8033871602993304,-0.0105263157894739,0.9329482153909636,0.6563573883161511,0.0385754108428955,4,10,5.0,1.0,0.0,1,4,2,4
0.22999999999999995,0.26000000000000006,1.8200274723201293,0.6208193510729725,1.687897256917943e-05,-1.9043858814575207,-0.3708992666923969,-0.3296537882589063,-0.3508579773640017,0.0369994640350341,4,10,3.0,2.0,0.0,1,4,25,4
0.22999999999999995,0.2700000000000001,1.4068285846778443,0.2886751345948128,7.792380915014655e-06,0.3115942028985508,-0.0909090909090912,0.5982322217758136,-0.0869565217391306,0.0335536003112793,4,10,4.0,1.0,0.0,1,4,6,4
0.22999999999999995,0.2900000000000001,0.5773502691896257,0.1767766952966369,1.7770433007206085e-06,0.6788962057071182,-0.032258064516129,0.9009410599306588,0.2187500000000002,0.0319998264312744,4,10,5.0,1.0,0.0,1,4,4,4
0.22999999999999995,0.3200000000000001,0.5951190357119042,0.1020620726159657,6.200394571863533e-07,0.7343533816228536,-0.0105263157894739,0.9103824560478664,0.8287671232876712,0.0315222740173339,4,10,6.0,2.0,0.0,1,4,4,4
0.22999999999999995,0.35000000000000014,1.0307764064044151,0.3227486121839514,5.748901803695387e-06,0.0912296983758705,-0.1162790697674416,0.5866261398176291,-0.0214504596527065,0.0311813354492187,4,10,3.0,1.0,0.0,1,4,4,4
0.22999999999999995,0.36000000000000015,1.4505745987941008,0.4564354645876384,6.418949608289203e-06,-0.5230914231856738,-0.1538461538461542,0.2846012183028755,-0.104362230811706,0.0556128025054931,4,10,4.0,2.0,0.0,1,4,48,4
0.22999999999999995,0.37000000000000016,0.1443375672974064,0.0,9.999999999999994e-08,0.5923566878980892,1.0,0.9910618519842688,1.0,0.0480439662933349,4,10,2.0,0.0,0.0,1,4,1,4
0.22999999999999995,0.4100000000000002,0.1767766952966369,0.0,1.0363080896536284e-07,0.9557739557739556,1.0,0.990226739640344,1.0,0.0517339706420898,4,10,6.0,1.0,0.0,1,4,2,4
0.22999999999999995,0.5300000000000002,3.9594296727348666,1.103970108290981,6.096756473387309e-06,-2.840918757975329,-0.7473553204729306,-2.425826864856252,-0.6956521739130441,0.0384495258331298,4,10,4.0,3.0,1.0,1,4,26,4
0.22999999999999995,0.5400000000000003,10.245934152953875,2.391390808713624,5.24283623723206e-06,-2.619768107483192,-1.0345892526250768,-2.5940999415129604,-0.9695067264573992,0.0361416339874267,4,20,6.0,8.0,1.0,88,4,86,4
0.22999999999999995,0.5500000000000003,1.8929694486000912,0.4448782605013046,5.237839437961025e-06,-0.3548307692307693,-0.032258064516129,0.115112540192926,-0.0220548682087142,0.0356850624084472,4,10,6.0,2.0,2.0,1,4,5,4
0.22999999999999995,0.5800000000000003,4.178317045573891,1.1273124382057236,5.347450966876451e-06,-2.4510005791133134,-0.6619838229033632,-1.7128959678855278,-0.6266666666666669,0.0366568565368652,4,10,8.0,4.0,1.0,1,4,99,4
0.22999999999999995,0.5900000000000003,1.194605932235954,0.3679900360969936,1.2344579695437205e-06,0.7886583856920184,-0.04,0.8421658986175116,0.3734939759036146,0.0364687442779541,4,11,9.0,3.0,1.0,8,4,4,4
0.22999999999999995,0.6300000000000003,10.288545410633452,2.307144699984521,4.032979176196164e-06,-4.835758039816232,-1.2470798405936514,-4.63069677240615,-1.1612248350532903,0.03676438331604,4,20,5.0,7.0,0.0,33,4,86,4
0.22999999999999995,0.6400000000000003,2.2453655975512468,0.7637626158259734,5.171411438982694e-06,-1.3424077434966728,-0.5627906976744181,-0.2278342931073844,-0.5238095238095235,0.0349605083465576,4,10,8.0,2.0,0.0,1,4,7,4
0.22999999999999995,0.6600000000000004,12.328828005937952,2.80066956280101,4.021350690043092e-06,-5.880618494923647,-1.7735870774661393,-5.721450418248148,-1.589853826311264,0.0345661640167236,4,24,7.0,8.0,0.0,89,4,89,4
0.22999999999999995,0.6700000000000004,0.0,0.0,9.999999999999994e-08,1.0,1.0,1.0,1.0,0.0369694232940673,4,10,1.0,0.0,0.0,1,4,1,4
0.22999999999999995,0.7000000000000004,1.735055234471418,0.5303300858899106,2.434273532984016e-06,0.0425179458862507,-0.1618108471537425,0.3744588744588744,-0.1543394613082507,0.0394880771636962,4,10,3.0,2.0,0.0,1,4,7,4
0.22999999999999995,0.7200000000000004,0.2886751345948128,0.0,9.999999999999994e-08,0.884736605132823,1.0,0.9740419870858886,1.0,0.041050910949707,4,10,5.0,0.0,0.0,1,4,1,4
0.22999999999999995,0.7400000000000004,1.3189326492787012,0.3535533905932738,2.491975290681396e-06,-0.0525901122710261,-0.1428571428571428,0.4405547552845802,-0.1363636363636362,0.0405943393707275,4,10,4.0,1.0,0.0,1,4,8,4
0.22999999999999995,0.7500000000000004,22.34576768279249,4.879805323985784,3.4751488030056354e-06,-2.934999504047995,-1.694166175604007,-2.828766226090179,-1.5408187082504363,0.0461258888244628,4,45,5.0,13.0,1.0,76,4,80,5
0.22999999999999995,0.7700000000000005,2.331844763272204,0.7772815877574012,2.115417700776237e-06,0.1614457831325301,-0.1958762886597937,0.3338097912093523,-0.1249030256012415,0.0378553867340087,4,10,5.0,4.0,1.0,1,4,16,5
0.22999999999999995,0.8100000000000005,0.3535533905932738,0.1767766952966369,2.522081739825104e-06,0.7473130072384295,-0.032258064516129,0.9668508287292816,0.8379254457050243,0.0361044406890869,4,10,5.0,4.0,0.0,1,4,3,4
0.22999999999999995,0.8300000000000005,12.985568913220552,3.188521078284832,3.660129442275615e-06,-2.337051074200925,-1.4061633281972266,-2.313010750707607,-1.2780319297918026,0.0373964309692382,4,28,6.0,8.0,0.0,89,4,83,4
0.22999999999999995,0.8800000000000006,1.689427911059441,0.5863019699779287,4.335192949592387e-06,-1.549084213586588,-0.2457727093983484,-0.0144015401132873,-0.233644859813084,0.0360074043273925,4,10,3.0,3.0,0.0,1,4,34,4
0.22999999999999995,0.8900000000000006,0.3952847075210474,0.1443375672974064,4.678094574829887e-07,0.7599599933322221,0.3118279569892472,0.9253397043452292,0.3127147766323026,0.0365886688232421,4,10,4.0,1.0,1.0,1,4,5,4
0.22999999999999995,0.9200000000000006,1.906676864774592,0.7071067811865476,2.7119768643476884e-06,-0.2878723813184705,-0.1428571428571428,0.1705288175876411,-0.1100832562442182,0.0361807346343994,4,10,3.0,4.0,0.0,1,4,20,4
0.22999999999999995,0.9500000000000006,11.738469519774146,2.7386127875258306,3.403383279823628e-06,-3.074554887811515,-1.4410227433253282,-3.0534536172507734,-1.330775954161406,0.0358989238739013,4,22,6.0,8.0,0.0,97,4,86,4
0.22999999999999995,0.9700000000000006,12.906716597699562,3.0293701215489226,4.318533828846886e-06,-1.80869888162986,-1.0268890646344095,-1.8041381728914607,-0.9744951702189651,0.0342161655426025,4,26,8.0,8.0,0.0,100,4,61,4
0.22999999999999995,0.9900000000000007,0.1443375672974064,0.0,1.0212484904284322e-07,0.9662387902233164,1.0,0.9923359901900676,1.0,0.0424404144287109,4,10,5.0,1.0,1.0,1,4,5,4
0.23999999999999994,0.21000000000000002,0.7971302695712079,0.1767766952966369,1.1300222828811562e-06,0.7347345533611163,-0.032258064516129,0.8799307141169986,0.2187500000000002,0.0325133800506591,4,10,6.0,1.0,0.0,1,4,3,4
0.23999999999999994,0.2800000000000001,0.4564354645876384,0.1443375672974064,1.1805222208927076e-06,0.7964160746474394,-0.0212765957446807,0.9312809235843872,-0.0204081632653068,0.0325105190277099,4,10,6.0,1.0,0.0,1,4,9,4
0.23999999999999994,0.2900000000000001,0.5496210815947049,0.0,9.999999999999994e-08,0.5985580389329488,1.0,0.881902589998371,1.0,0.0350072383880615,4,10,4.0,0.0,0.0,1,4,1,4
0.23999999999999994,0.4200000000000002,0.9947780321927768,0.2886751345948128,5.149177995386846e-06,0.0464240903387703,0.0191570881226054,0.672538002826514,0.1111111111111111,0.0347828865051269,4,10,3.0,1.0,1.0,1,4,3,4
0.23999999999999994,0.4400000000000002,1.928406077567689,0.478713553878169,1.6688189930386264e-06,0.2398190045248869,-0.0731707317073171,0.4693422519509478,-0.0700389105058367,0.0369257926940918,4,10,5.0,3.0,0.0,1,4,11,4
0.23999999999999994,0.49000000000000027,0.408248290463863,0.0,9.999999999999994e-08,0.6226971260132645,1.0,0.9418097177771312,1.0,0.0334558486938476,4,10,3.0,0.0,0.0,1,4,1,4
0.23999999999999994,0.5300000000000002,2.539274830865432,0.6208193510729725,5.431571483277986e-06,-0.9466046450683,-0.4253611556982346,-0.464776733950164,-0.399394856278366,0.0321388244628906,4,10,7.0,2.0,1.0,1,4,27,4
0.23999999999999994,0.5800000000000003,1.713913650100261,0.6123724356957945,3.637097241730187e-06,0.0525984251968504,-0.1628532974427998,0.4192272839607874,-0.1553273427471113,0.0315151214599609,4,10,6.0,3.0,0.0,1,4,12,4
0.23999999999999994,0.6100000000000003,1.9364916731037085,0.6846531968814576,2.109613272016773e-06,0.588865096359743,0.0907177436329192,0.6523049285776374,0.1430203770710338,0.0340652465820312,4,11,9.0,4.0,2.0,26,4,21,4
0.23999999999999994,0.6300000000000003,4.633438248212659,1.1681538140730154,3.1752322013563696e-06,-1.410790656870271,-0.6794871794871795,-1.2225577207190683,-0.6342315369261478,0.0349948406219482,4,11,7.0,3.0,1.0,25,4,19,4
0.23999999999999994,0.6800000000000004,12.702525995512335,3.277130350372614,4.072806645292719e-06,-6.691798394438466,-2.14489069649212,-6.511432021297748,-2.0080233406272794,0.0337500572204589,4,26,6.0,8.0,1.0,100,4,80,4
0.23999999999999994,0.7000000000000004,4.354116825871044,1.0257111354242645,5.395360121030024e-06,-1.587102983638114,-0.565891472868217,-1.410596026490066,-0.5303030303030307,0.0378670692443847,4,10,2.0,4.0,1.0,1,4,57,4
0.23999999999999994,0.7200000000000004,1.1902380714238083,0.5103103630798288,6.556077651317621e-06,0.0992756122800965,-0.2251148545176109,0.6338081262284929,-0.0544074230282578,0.0378763675689697,4,10,6.0,2.0,0.0,1,4,3,4
0.23999999999999994,0.7300000000000004,0.8779711460710616,0.2886751345948128,2.781654458613726e-06,-0.1953558808682483,0.0191570881226054,0.6585928489042676,0.1111111111111111,0.0369901657104492,4,10,3.0,1.0,1.0,1,4,2,4
0.23999999999999994,0.7400000000000004,19.654304023970592,4.45580146176495,3.486775504481216e-06,-6.110358367602913,-3.2340853870183963,-5.694297824407362,-2.7464373464373466,0.0320653915405273,4,36,9.0,10.0,3.0,100,4,95,4
0.23999999999999994,0.7500000000000004,0.478713553878169,0.2282177322938192,2.856366968456096e-07,0.4393416511813112,-0.019108280254777,0.9060591827148896,0.2592592592592592,0.0311372280120849,4,10,4.0,2.0,0.0,1,4,9,4
0.23999999999999994,0.7600000000000005,4.194490433890629,0.9409658158863512,4.096580834740557e-06,-3.0872173628091053,-0.7525773195876289,-2.629448169159361,-0.648564778898371,0.0343596935272216,4,10,4.0,3.0,1.0,1,4,76,4
0.23999999999999994,0.8100000000000005,8.429857650043683,2.210297868312474,4.047365733502235e-06,-1.9449733118089068,-0.9228699551569506,-1.9316716802750324,-0.8688237169270003,0.0311255455017089,4,26,4.0,8.0,0.0,97,4,97,4
0.23999999999999994,0.8300000000000005,1.8874586088176877,0.5400617248673217,3.378997246230525e-06,0.0997779057333223,-0.0769230769230768,0.3375174337517433,-0.0467289719626167,0.0460350513458251,4,10,8.0,2.0,2.0,1,4,5,4
0.23999999999999994,0.8600000000000005,21.783738200777204,5.097997973060928,3.7296584115665143e-06,-2.88151185547109,-2.0427215792883544,-2.707459436055989,-1.8353561525523885,0.0320355892181396,4,39,3.0,12.0,0.0,87,4,60,4
0.23999999999999994,0.8800000000000006,2.526938200009384,0.7430231041719587,4.913972584271249e-06,-0.5664395229982966,-0.2723180795198801,-0.1838776337897605,-0.248821866163996,0.0319931507110595,4,10,6.0,3.0,0.0,1,4,97,4
0.23999999999999994,0.9200000000000006,0.1020620726159657,0.0,9.999999999999994e-08,0.8688524590163934,1.0,0.9952927885520616,1.0,0.0355262756347656,4,10,2.0,0.0,0.0,1,4,1,4
0.23999999999999994,0.9300000000000006,8.538515678969032,2.0,3.7044790889246815e-06,-3.9803130929791273,-2.156434626252248,-3.9611556891321,-1.9586254719161724,0.0330135822296142,4,20,8.0,5.0,1.0,100,4,43,4
0.23999999999999994,0.9400000000000006,32.24240866726099,7.247125867082297,2.8410809902248378e-06,-2.3377045456683234,-1.6812166601117835,-2.1836858391552623,-1.5248377533851452,0.0325660705566406,4,67,7.0,17.0,1.0,100,4,99,4
0.23999999999999994,0.9500000000000006,27.227437142216186,6.368051769052552,2.7849652718453888e-06,-1.1947883106582409,-0.918216300280756,-1.167401031318409,-0.8725348725348725,0.0341441631317138,4,84,8.0,23.0,1.0,100,4,100,5
0.23999999999999994,0.9700000000000006,13.757952245883104,3.340097303971847,3.4220976669157307e-06,-1.5197836738467232,-1.0410124069478908,-1.509213983989969,-0.9723756906077348,0.034574270248413,4,36,7.0,10.0,0.0,96,4,100,4
0.23999999999999994,0.9900000000000007,0.3535533905932738,0.2282177322938192,3.930902520770597e-07,0.8742220766459221,-0.019108280254777,0.9659090909090908,-0.0183299389002036,0.034346580505371,4,10,5.0,2.0,0.0,1,4,6,4
0.24999999999999992,0.21000000000000002,0.699702317656111,0.25,6.413558719871548e-06,0.7226968225677585,-0.0666666666666666,0.8941894234449222,-0.0638297872340425,0.0348165035247802,4,10,7.0,1.0,0.0,1,4,8,4
0.24999999999999992,0.23000000000000004,2.1262251370288454,0.5863019699779287,1.510100858017882e-05,-1.7571967440937066,-0.36140954018049,-0.4199712079570736,-0.3420089467263116,0.0330440998077392,4,10,2.0,2.0,0.0,1,4,51,4
0.24999999999999992,0.24000000000000005,0.4208127057650866,0.1443375672974064,1.4066220152956545e-06,0.8171223666517257,-0.0212765957446807,0.9415305245055888,0.3127147766323023,0.0320346355438232,4,10,5.0,1.0,0.0,1,4,3,4
0.24999999999999992,0.2900000000000001,3.8256263103793433,0.9298297335175584,1.1133029823534802e-05,-6.972102370116438,-1.128773710927064,-4.574511982225043,-1.0524233432245302,0.0330190658569335,4,10,4.0,2.0,0.0,1,4,13,4
0.24999999999999992,0.3000000000000001,0.9464847243000456,0.338501600193165,3.612809478669999e-06,0.3627662858907069,-0.0038022813688209,0.6759486039413691,-2.220446049250313e-16,0.0331602096557617,4,10,4.0,2.0,1.0,1,4,13,4
0.24999999999999992,0.3200000000000001,0.4208127057650866,0.2041241452319315,1.053160098469888e-06,0.8811102207328623,-0.0434782608695645,0.9516757156257994,0.1578947368421051,0.0426275730133056,4,10,6.0,1.0,0.0,1,4,4,4
0.24999999999999992,0.35000000000000014,0.7839536550927825,0.3061862178478972,1.534491211691182e-06,0.6956147893379192,-0.0601226993865031,0.853273979756783,-0.0575793184488839,0.0337178707122802,4,10,6.0,2.0,0.0,1,4,8,4
0.24999999999999992,0.3900000000000002,1.2950225223266711,0.3679900360969936,4.248557665676808e-06,0.1435695683493103,-0.1566265060240959,0.5058924625583108,-0.0797342192691028,0.0315566062927246,4,10,4.0,1.0,0.0,1,4,4,4
0.24999999999999992,0.4000000000000002,0.4894725051862804,0.0,9.999999999999994e-08,0.6901922267433704,1.0,0.905252317198764,1.0,0.0319366455078125,4,10,4.0,0.0,0.0,1,4,1,4
0.24999999999999992,0.4100000000000002,0.1020620726159657,0.0,9.999999999999994e-08,0.8688524590163934,1.0,0.9946740519812528,1.0,0.0325281620025634,4,10,2.0,0.0,0.0,1,4,1,4
0.24999999999999992,0.4300000000000002,0.7839536550927825,0.25,4.292015358564884e-06,0.198641765704584,-0.0666666666666666,0.84062238310057,0.4111874386653584,0.0332422256469726,4,11,4.0,2.0,0.0,2,4,2,4
0.24999999999999992,0.4400000000000002,0.2700308624336608,0.1443375672974064,7.169164984908617e-07,0.9237749546279492,0.3118279569892472,0.9795195880511424,0.3127147766323026,0.0392177104949951,4,10,6.0,1.0,1.0,1,4,5,4
0.24999999999999992,0.45000000000000023,0.3535533905932738,0.1767766952966369,7.522588551100961e-07,0.8245774326176336,-0.032258064516129,0.9614036216268372,-0.030927835051546,0.0371875762939453,4,10,5.0,1.0,0.0,1,4,6,4
0.24999999999999992,0.46000000000000024,0.1020620726159657,0.0,9.999999999999994e-08,0.9699153870260108,1.0,0.9958739065852452,1.0,0.032083511352539,4,10,4.0,0.0,0.0,1,4,1,4
0.24999999999999992,0.5500000000000003,0.699702317656111,0.2041241452319315,2.4380983317764857e-06,0.2161223071577486,-0.0434782608695645,0.811668536624459,0.1578947368421053,0.0319938659667968,4,10,3.0,1.0,0.0,1,4,3,4
0.24999999999999992,0.6200000000000003,8.878227112811807,2.0615528128088303,4.945266602916005e-06,-3.093612465132005,-1.1940398834864436,-3.06891397045776,-1.1149758954953084,0.0319983959197998,4,17,4.0,5.0,0.0,69,4,67,4
0.24999999999999992,0.6400000000000003,13.991068579633222,3.322900339562814,2.6826593021933307e-06,-9.513068257973533,-2.13648132166194,-8.998084658111472,-1.9678575428379423,0.0305266380310058,4,26,36.0,9.0,7.0,56,36,66,29
0.24999999999999992,0.7300000000000004,12.863870594291075,3.1639242510949384,3.614948770787413e-06,-8.698659408308107,-2.198003327787021,-8.396719488462608,-1.9760614412684645,0.0310907363891601,4,21,6.0,8.0,1.0,63,4,96,4
0.24999999999999992,0.8000000000000005,5.817538139110048,1.6583123951777,6.137031099901464e-06,-1.885862324204293,-0.9799999999999998,-1.8043433227454768,-0.9053117782909934,0.0300211906433105,4,13,5.0,6.0,0.0,89,4,95,4
0.24999999999999992,0.8100000000000005,2.184223737013526,0.9298297335175584,4.6156640144291135e-06,-0.1763698630136987,-0.2647619047619047,0.0705225773718924,-0.2092074592074588,0.0340650081634521,4,10,5.0,4.0,1.0,1,4,22,4
0.24999999999999992,0.8300000000000005,0.4677071733467426,0.3679900360969936,1.7817431151066298e-06,0.8018088871411719,-0.069408740359897,0.9425853018372704,0.1766941101963272,0.03206467628479,4,10,5.0,2.0,0.0,1,4,3,4
0.24999999999999992,0.8800000000000006,9.142961773954871,2.3540744819709225,3.648694249892225e-06,-1.8870800917389932,-0.9258644745276972,-1.877540482781372,-0.8568287319814318,0.0320994853973388,4,21,5.0,9.0,1.0,100,4,100,4
0.24999999999999992,0.9200000000000006,0.770551750371122,0.2041241452319315,1.3382298577305593e-06,0.6245883644346872,-0.0434782608695647,0.819956410499384,-0.0416666666666665,0.0309958457946777,4,10,5.0,1.0,0.0,1,4,6,4
0.24999999999999992,0.9700000000000006,41.00165138950707,8.833529872027377,2.8789919178537284e-06,-1.7363966943550024,-1.5211699662388385,-1.636620217165143,-1.394981760284418,0.0306231975555419,4,100,7.0,29.0,1.0,95,4,92,4
0.24999999999999992,0.9800000000000006,93.54355046358532,21.652078422174625,3.0124489796465865e-06,-1.0984381082436991,-1.039439002469658,-1.029009857063688,-0.9580221218301674,0.0312616825103759,4,228,5.0,59.0,1.0,100,4,99,4
0.2599999999999999,0.21000000000000002,0.6291528696058958,0.1443375672974064,6.361125232816402e-07,0.814398371915543,-0.0212765957446807,0.9178538230398408,-0.0204081632653068,0.0305113792419433,4,10,6.0,1.0,0.0,1,4,6,4
0.2599999999999999,0.2700000000000001,0.9464847243000456,0.2700308624336608,1.824365587470484e-06,0.4956011730205278,0.081967213114754,0.7701702343729122,0.0837696335078534,0.030994176864624,4,10,6.0,2.0,1.0,1,4,12,4
0.2599999999999999,0.34000000000000014,1.0897247358851685,0.408248290463863,6.311019489275551e-06,-0.2161351261251252,-0.1034482758620689,0.504864489228631,-0.0450685826257351,0.0315735340118408,4,10,2.0,2.0,0.0,1,4,11,4
0.2599999999999999,0.35000000000000014,0.2886751345948128,0.1767766952966369,2.867225038359217e-06,0.9201912085628182,-0.032258064516129,0.9779850848950165,0.3684210526315787,0.0311341285705566,4,10,6.0,1.0,0.0,1,4,2,4
0.2599999999999999,0.37000000000000016,1.1858541225631425,0.2886751345948128,3.538508478778994e-06,-0.1188811188811189,0.0191570881226054,0.5046053355840154,0.0231990231990237,0.0320069789886474,4,10,4.0,1.0,1.0,1,4,5,4
0.2599999999999999,0.38000000000000017,3.3742283068379746,0.8955910525085282,1.0617771240807226e-05,-2.960742865770799,-0.6129173030765873,-1.6070985592977762,-0.5172413793103443,0.0299971103668212,4,10,5.0,3.0,0.0,1,4,52,4
0.2599999999999999,0.4200000000000002,0.6291528696058958,0.2282177322938192,2.955626319217456e-06,0.6268412438625204,0.1111111111111111,0.8643632210165619,0.1134751773049645,0.0300045013427734,4,10,6.0,1.0,1.0,1,4,5,4
0.2599999999999999,0.45000000000000023,1.9338002309787157,0.6846531968814576,6.645384385799488e-06,-0.2760663507109004,-0.3437013996889579,0.104179663131628,-0.3161743199766009,0.0356702804565429,4,10,8.0,2.0,2.0,1,4,5,4
0.2599999999999999,0.5000000000000002,1.6040313795766798,0.6373774391990981,8.808115536923745e-06,-0.3590875222101222,-0.3453108156665472,0.2339660091800026,-0.3269819666553253,0.0331127643585205,4,10,3.0,2.0,0.0,1,4,11,4
0.2599999999999999,0.5500000000000003,0.6535161308899218,0.3227486121839514,1.1865052129315906e-06,0.7747123805162842,-0.0714285714285714,0.9016220366637872,0.437886453063519,0.0334002971649169,4,10,4.0,3.0,0.0,1,4,3,4
0.2599999999999999,0.5700000000000003,15.801503093060482,3.766629793329841,5.805231464409626e-06,-1.6220123607591477,-1.223106350420811,-1.5994560337311143,-1.1457266640409611,0.0313377380371093,4,36,7.0,12.0,1.0,99,4,94,4
0.2599999999999999,0.5900000000000003,1.2458263656438378,0.3679900360969936,3.059663679723929e-06,0.2966168371361135,-0.04,0.6107119529719138,0.0232907588279488,0.0309994220733642,4,10,6.0,2.0,1.0,1,4,19,4
0.2599999999999999,0.6000000000000003,1.3956778520370188,0.4894725051862804,2.876964088509535e-06,-0.1276381909547739,-0.1505992704533605,0.4976359338061464,-0.1078998073217727,0.0327284336090087,4,10,2.0,2.0,0.0,1,4,11,4
0.2599999999999999,0.6100000000000003,11.034510259484408,2.526938200009384,4.050517201987618e-06,-9.865065840433774,-2.498068121024788,-9.479272753352936,-2.286687040909335,0.0290331840515136,4,21,6.0,6.0,0.0,31,4,27,4
0.2599999999999999,0.6200000000000003,2.715695122800054,0.60380736442456,2.3178351481113743e-06,-0.0261489220363551,-0.2285191956124315,0.1769260279705644,-0.178054527095254,0.0351555347442626,4,10,8.0,3.0,0.0,1,4,10,4
0.2599999999999999,0.6300000000000003,1.286953767623375,0.3952847075210474,5.341521624191883e-06,-0.0902857142857143,-0.132966168371361,0.4420856872170955,-0.1269722013523666,0.0316593647003173,4,10,3.0,2.0,0.0,1,4,17,4
0.2599999999999999,0.6800000000000004,14.554137441520425,3.2145502536643185,3.5494410968325502e-06,-3.420181728846794,-1.6249896634416603,-3.3621332086294524,-1.5003150598613737,0.0341489315032959,4,26,8.0,9.0,1.0,72,4,87,4
0.2599999999999999,0.7000000000000004,7.046719094727702,1.6770509831248424,4.801303685999102e-06,-3.5234856871738103,-1.7648,-3.4425184522478203,-1.5815087484463146,0.0309374332427978,4,14,5.0,4.0,1.0,89,4,53,4
0.2599999999999999,0.7500000000000004,6.334429729659964,1.547847968417226,4.674416092101167e-06,-4.860040567951319,-1.4667634901128364,-4.614260104064946,-1.3604269293924465,0.0326733589172363,4,13,2.0,4.0,1.0,31,4,43,4
0.2599999999999999,0.7900000000000005,7.826903389378629,2.25231362528993,3.80894832033764e-06,-17.55266011632874,-2.0971844981782044,-17.153475737745403,-1.898809523809524,0.0316407680511474,4,12,8.0,6.0,2.0,47,4,35,4
0.2599999999999999,0.8000000000000005,9.004628439493398,2.3935677693908453,3.830489858312627e-06,-2.555978547941164,-1.038295243977764,-2.520977043989596,-0.9730941704035874,0.0344245433807373,4,22,3.0,7.0,0.0,96,4,96,4
0.2599999999999999,0.8400000000000005,5.5901699437494745,1.567907310185565,4.0451802533158485e-06,-4.24103292023803,-1.0611353711790392,-3.720246711561458,-0.9772117962466492,0.0311465263366699,4,12,7.0,5.0,0.0,71,4,72,4
0.2599999999999999,0.8500000000000005,33.9650555718668,8.234202045938229,5.5172507173342455e-06,-0.7107383919669792,-0.6624780837698843,-0.6894225441835828,-0.6195611335186204,0.0300021171569824,4,100,2.0,31.0,0.0,100,4,100,4
0.2599999999999999,0.9000000000000006,27.160211400748217,6.241661103691335,3.539210396058557e-06,-1.5229397394167037,-1.305454778951424,-1.4743747065005928,-1.1909911598779137,0.0315215587615966,4,64,7.0,19.0,1.0,99,4,98,4
0.2599999999999999,0.9100000000000006,22.507406188482346,5.66513459681233,3.351323161203351e-06,-2.896043681481685,-2.514490428831141,-2.727446922664214,-2.242782414667776,0.0305333137512207,4,51,8.0,12.0,1.0,99,13,97,4
0.2599999999999999,0.9200000000000006,18.65252440466616,4.262237284181474,3.7943085305740495e-06,-1.108221234358799,-0.8905362526677134,-1.0942815454292938,-0.8254325458713196,0.0345931053161621,4,43,8.0,12.0,1.0,96,4,96,4
0.2599999999999999,0.9400000000000006,20.061623812642885,4.5196330972030605,3.0400666275993585e-06,-1.5717138324661923,-1.3039248081653634,-1.5166568854213414,-1.2029747461130578,0.0320112705230712,4,47,5.0,12.0,2.0,97,4,97,4
0.2599999999999999,0.9700000000000006,121.40818718960703,27.746621415949004,2.8231498596008926e-06,-1.063930676981689,-1.039368802276451,-0.9958988185290598,-0.9655525663242348,0.0340731143951416,4,327,6.0,85.0,1.0,100,4,100,5
0.2699999999999999,0.2,2.064077679416806,0.5863019699779287,1.4711835194422396e-05,-1.7132886462580337,-0.2988929889298892,-0.4393299549549552,-0.2835472578763127,0.0329871177673339,4,10,5.0,2.0,0.0,1,4,9,4
0.2699999999999999,0.22000000000000003,0.4208127057650866,0.2282177322938192,3.932597217978757e-06,0.7522768670309654,-0.0549450549450545,0.9495608829812484,-0.0526315789473688,0.035224437713623,4,10,4.0,1.0,0.0,1,4,7,4
0.2699999999999999,0.3000000000000001,0.7569125885243729,0.1767766952966369,4.977331441593618e-07,0.9004750056548292,-0.032258064516129,0.9378362493783624,0.714557564224548,0.0349566936492919,4,12,11.0,2.0,0.0,4,4,3,4
0.2699999999999999,0.3100000000000001,1.6832508230603465,0.3535533905932738,2.492007098519708e-06,0.4671781582222949,-0.0221827861579417,0.6129986910249843,0.0445859872611464,0.0345630645751953,4,10,9.0,2.0,1.0,1,4,15,4
0.2699999999999999,0.3200000000000001,0.338501600193165,0.0,9.999999999999994e-08,0.8181505080075772,1.0,0.9539671911617008,1.0,0.0380058288574218,4,10,4.0,0.0,0.0,1,4,1,4
0.2699999999999999,0.3300000000000001,0.1020620726159657,0.0,1.0402489011911257e-07,0.4893617021276596,1.0,0.9939653611731338,1.0,0.0330018997192382,4,10,1.0,1.0,0.0,1,4,2,4
0.2699999999999999,0.34000000000000014,0.3818813079129867,0.0,1.0397085792296118e-07,0.3975795607350965,1.0,0.9316239316239316,1.0,0.0310842990875244,4,10,2.0,1.0,0.0,1,4,3,4
0.2699999999999999,0.35000000000000014,0.7144345083117603,0.3227486121839514,7.602319878871319e-06,0.4012219959266804,-0.116279069767442,0.851533147497273,-0.1111111111111111,0.0369884967803955,4,10,5.0,1.0,0.0,1,4,7,4
0.2699999999999999,0.3900000000000002,0.7288689868556626,0.0,1.0372174816438529e-07,0.7166666666666667,1.0,0.8772238137653771,1.0,0.0320022106170654,4,10,6.0,1.0,0.0,1,4,3,4
0.2699999999999999,0.4300000000000002,0.1767766952966369,0.0,1.0383379562485425e-07,0.7798165137614679,1.0,0.9882495789432456,1.0,0.0366442203521728,4,10,3.0,1.0,1.0,1,4,5,4
0.2699999999999999,0.45000000000000023,0.924211375534118,0.2700308624336608,3.356946122750416e-06,0.4446560846560846,-0.0786516853932586,0.7439020581529717,-0.0752688172043014,0.0340073108673095,4,10,4.0,1.0,0.0,1,4,6,4
0.2699999999999999,0.5300000000000002,1.5343293866268306,0.4448782605013046,2.123009714972995e-06,0.4489904761904761,-0.1407129455909943,0.653475214278048,0.0551964196916959,0.0334510803222656,4,10,6.0,2.0,0.0,1,4,4,4
0.2699999999999999,0.5700000000000003,5.487675585649477,1.274754878398196,6.928760192714072e-06,-1.2373455222617236,-0.6842105263157894,-1.163857369539834,-0.6492229622581667,0.0349993705749511,4,15,2.0,4.0,0.0,92,4,73,4
0.2699999999999999,0.5800000000000003,1.7199806200458578,0.4894725051862804,1.8574624962304227e-06,0.2613784135240572,-0.113464447806354,0.4652003615546851,0.0460389879717962,0.0320210456848144,4,10,6.0,2.0,0.0,1,4,4,4
0.2699999999999999,0.6000000000000003,3.442988043352266,0.8599903100229289,3.3665810571918253e-06,-0.582020389249305,-0.4202958949781206,-0.3356807511737092,-0.3924298882133752,0.0310065746307373,4,10,9.0,3.0,2.0,1,4,38,4
0.2699999999999999,0.6500000000000004,18.7574985005997,4.058170770186981,4.5650205535835335e-06,-3.158022158391465,-2.6442566269688825,-2.988428044280442,-2.2953976988494245,0.0310003757476806,4,36,5.0,12.0,1.0,100,4,73,4
0.2699999999999999,0.6600000000000004,50.15289124267912,11.647603473104098,4.160818872678471e-06,-1.759641702004762,-1.3688793567309072,-1.645644673058491,-1.2521221720943665,0.0320281982421875,4,107,6.0,32.0,0.0,100,4,100,4
0.2699999999999999,0.6700000000000004,0.3227486121839514,0.1443375672974064,7.106880070070289e-07,0.6873982416151092,-0.0212765957446807,0.951576194857392,-0.0204081632653065,0.0325911045074462,4,10,3.0,1.0,0.0,1,4,8,4
0.2699999999999999,0.7000000000000004,13.01801636195008,3.1024184114977142,5.670711709903482e-06,-1.3615945129834288,-0.966001019526142,-1.348106965949635,-0.9051546391752574,0.036156415939331,4,32,6.0,10.0,1.0,100,4,92,4
0.2699999999999999,0.7100000000000004,19.983065747443927,4.69041575982343,6.257722171277947e-06,-1.6162789457707345,-1.2564102564102564,-1.584455781097572,-1.1484375,0.0325281620025634,4,50,6.0,12.0,0.0,99,4,91,4
0.2699999999999999,0.7200000000000004,22.58225704692366,4.889401803901986,3.884249333397559e-06,-0.9614379611424796,-0.7825386936787515,-0.944819964318218,-0.7352709895959355,0.032358169555664,4,56,5.0,15.0,0.0,100,4,87,4
0.2699999999999999,0.7400000000000004,12.734058661715046,3.0121282619879697,5.397213292447998e-06,-1.114940836985764,-0.8459908159660894,-1.098331929233361,-0.7962096059062505,0.032189130783081,4,35,3.0,10.0,1.0,100,4,92,4
0.2699999999999999,0.7600000000000005,64.16653138513878,14.170832720768388,3.8734246694773e-06,-1.233899289134332,-1.301120913143219,-1.1578574557901675,-1.192116658176261,0.0300052165985107,4,151,7.0,37.0,1.0,99,4,97,4
0.2699999999999999,0.7900000000000005,20.72111443270688,5.087771286788221,3.5511872192423343e-06,-5.514531251286187,-3.2424996887837665,-5.144752534287418,-2.7987648281765924,0.0313112735748291,4,33,7.0,10.0,0.0,67,4,56,4
0.2699999999999999,0.8000000000000005,3.094013035956162,0.8897565210026093,2.720421614639453e-06,-0.5791508555881717,-0.2467532467532465,-0.3307461735617369,-0.234567901234568,0.0332396030426025,4,10,4.0,5.0,0.0,1,4,25,4
0.2699999999999999,0.8100000000000005,0.2041241452319315,0.1020620726159657,1.0365291481374005e-07,0.8983050847457628,-0.0105263157894739,0.9813398022019032,0.4897959183673466,0.0306081771850585,4,10,4.0,1.0,0.0,1,4,4,4
0.2699999999999999,0.8300000000000005,48.09095115854264,11.483230526874106,3.584086733894453e-06,-1.255842229326975,-1.1184284152891155,-1.1890578166903296,-1.03260778810397,0.0310053825378417,4,123,6.0,29.0,0.0,100,4,94,4
0.2699999999999999,0.8500000000000005,15.956646995322462,3.68979448388841,3.199633008554393e-06,-2.680903296851543,-1.634250803048435,-2.590867622840639,-1.4942748091603058,0.0305192470550537,4,33,5.0,10.0,0.0,98,4,96,4
0.2699999999999999,0.8600000000000005,74.05600358287414,16.358293003855874,3.178211411530677e-06,-1.2157029019205154,-1.1434758612297755,-1.138038925975866,-1.0497234880007915,0.0302033424377441,4,182,4.0,46.0,0.0,100,4,96,4
0.2699999999999999,0.8900000000000006,2.307144699984521,0.6692657668420421,4.09508266173804e-06,-0.0527264533573681,-0.2900000000000002,0.1820728291316526,-0.2736966824644544,0.0305120944976806,4,10,7.0,2.0,1.0,1,4,9,4
0.2699999999999999,0.9000000000000006,1.920286436967152,0.75,1.643478252412745e-06,0.4601515464408828,-0.0836120401337789,0.5871431237171113,-0.0674046254200437,0.0300240516662597,4,10,9.0,4.0,2.0,1,4,9,4
0.2699999999999999,0.9300000000000006,2.7894892005526746,0.8599903100229289,4.58282968779292e-06,-1.451273286617672,-0.7979424953838037,-0.8673132686731329,-0.742331288343558,0.0315141677856445,4,10,7.0,2.0,0.0,1,4,26,4
0.2699999999999999,0.9600000000000006,47.03600128270543,10.991000106147451,2.718177737622193e-06,-1.647227248595879,-1.3867255498863784,-1.5436673534764536,-1.267470393058182,0.0303821563720703,4,122,7.0,29.0,1.0,99,4,97,5
0.2699999999999999,0.9800000000000006,0.2700308624336608,0.1020620726159657,1.665980859395199e-07,0.8780620577027762,-0.0105263157894739,0.9729353541602228,0.4897959183673466,0.0333282947540283,4,10,5.0,1.0,0.0,1,4,4,4
0.2799999999999999,0.23000000000000004,1.2909944487358056,0.3679900360969936,4.560210469877457e-06,0.2873051224944321,-0.069408740359897,0.6274217585692996,-4.440892098500626e-16,0.0310006141662597,4,10,5.0,2.0,0.0,1,4,12,4
0.2799999999999999,0.26000000000000006,1.4178916272644628,0.4677071733467426,1.1272113181439916e-05,-0.4485184895629739,-0.1275167785234898,0.3228070175438595,-0.1194029850746269,0.0310077667236328,4,10,3.0,2.0,1.0,1,4,20,4
0.2799999999999999,0.2800000000000001,2.01038968030247,0.5773502691896257,4.919413558940476e-06,0.0570842720806014,-0.1497005988023951,0.3730914026271997,-0.1428571428571432,0.0320038795471191,4,10,5.0,3.0,0.0,1,4,13,4
0.2799999999999999,0.3100000000000001,2.7309949346956564,0.6291528696058958,4.45551070094369e-06,-0.2177086470494447,-0.2274562584118435,0.0013947001394699,-0.2163892445582589,0.0300097465515136,4,10,4.0,2.0,0.0,1,4,12,4
0.2799999999999999,0.3200000000000001,0.2041241452319315,0.0,1.040810372839589e-07,0.9470125569201048,1.0,0.9867038957585428,1.0,0.031205415725708,4,10,5.0,1.0,0.0,1,4,3,4
0.2799999999999999,0.34000000000000014,0.3679900360969936,0.25,3.1041637937273825e-06,0.9349864555115648,0.0754414125200642,0.9671717171717172,0.1847826086956521,0.03106689453125,4,10,7.0,1.0,1.0,1,4,3,4
0.2799999999999999,0.45000000000000023,1.7440374613713625,0.5951190357119042,2.622190519631831e-06,0.5339185953711094,-0.1396648044692736,0.6408364083640837,-0.0911424903722717,0.0310018062591552,4,10,5.0,3.0,0.0,1,4,10,4
0.2799999999999999,0.47000000000000025,0.1767766952966369,0.1020620726159657,1.0390990134359518e-06,0.8620028749401054,0.4893617021276596,0.9855463480439391,0.8287671232876712,0.0310146808624267,4,10,3.0,2.0,1.0,1,4,4,4
0.2799999999999999,0.48000000000000026,0.4208127057650866,0.1767766952966369,7.608307023910956e-07,0.8053435114503816,-0.032258064516129,0.9446812664735936,0.2187500000000002,0.031548261642456,4,10,5.0,1.0,0.0,1,4,3,4
0.2799999999999999,0.5100000000000002,0.2041241452319315,0.1020620726159657,1.032361371900158e-07,-0.0434782608695645,-0.0105263157894739,0.977797513321492,-0.0101010101010103,0.0333752632141113,4,10,1.0,1.0,0.0,1,4,9,4
0.2799999999999999,0.5700000000000003,10.718461487856672,2.533114025595111,5.357428616319461e-06,-5.141759140558382,-1.966887417218543,-5.031423118358954,-1.7504911591355596,0.0305061340332031,4,20,5.0,6.0,0.0,67,4,29,4
0.2799999999999999,0.6000000000000003,1.856856662929766,0.3952847075210474,2.317918624198502e-06,0.0391872278664731,-0.1329661683713612,0.325920495275334,-0.1269722013523666,0.0310463905334472,4,10,4.0,2.0,0.0,1,4,11,4
0.2799999999999999,0.6300000000000003,9.0057851776881,2.5020824660004046,4.468693290343895e-06,-7.630434029581904,-2.2635330052604785,-7.573095938074632,-2.08347442409317,0.0315477848052978,4,17,7.0,7.0,2.0,86,4,80,4
0.2799999999999999,0.6500000000000004,0.7430231041719587,0.3818813079129867,1.0422301706460948e-06,0.875,-0.018953752843063,0.9408079161035974,0.2533333333333333,0.0332458019256591,4,13,8.0,2.0,1.0,3,4,3,4
0.2799999999999999,0.6700000000000004,9.913164647746616,2.313907229485804,3.886771444929049e-06,-7.324117647058822,-1.9121813031161472,-7.249676448983873,-1.7429425262820852,0.0325245857238769,4,16,6.0,5.0,0.0,31,4,27,4
0.2799999999999999,0.6800000000000004,0.3952847075210474,0.1020620726159657,1.6662928332836749e-07,0.6425024826216483,0.4893617021276593,0.9299065420560748,0.4897959183673467,0.0300884246826171,4,10,5.0,1.0,1.0,1,4,5,4
0.2799999999999999,0.7000000000000004,14.876225439718684,3.79418414594407,7.155803350559964e-06,-1.3722520762090866,-0.9885190125751286,-1.3666694516389564,-0.9127762937537196,0.0315191745758056,4,33,9.0,13.0,1.0,100,4,92,4
0.2799999999999999,0.7600000000000005,19.42292459955503,4.144524500269402,3.3122151151214337e-06,-4.007858772556521,-2.6862891207153505,-3.724508059424229,-2.360163015792155,0.0290000438690185,4,39,7.0,10.0,4.0,91,4,87,4
0.2799999999999999,0.7800000000000005,39.41261430895782,9.942019412574089,3.912521160271688e-06,-1.8662999159874525,-1.2789609700814824,-1.7504657210837933,-1.1680470668875302,0.032038927078247,4,98,5.0,29.0,0.0,100,4,98,4
0.2799999999999999,0.7900000000000005,1.5343293866268306,0.4894725051862804,1.8361155182781149e-06,0.3179074446680082,0.0671736375158428,0.557513460597161,0.0959119496855347,0.031421422958374,4,10,7.0,3.0,2.0,1,4,19,4
0.2799999999999999,0.8100000000000005,0.0,0.0,9.999999999999994e-08,1.0,1.0,1.0,1.0,0.0313165187835693,4,10,3.0,0.0,0.0,1,4,1,4
0.2799999999999999,0.8400000000000005,4.4860896112315904,1.194605932235954,3.753229906919878e-06,-2.0912515208586813,-0.621501664406362,-1.6321525885558583,-0.5900649953574744,0.0310230255126953,4,11,7.0,4.0,0.0,73,4,72,4
0.2799999999999999,0.8700000000000006,7.736547464254754,1.9039432764659767,4.206764593293039e-06,-1.4786940052034887,-0.7575757575757576,-1.459981419562546,-0.7058823529411764,0.0300300121307373,4,21,4.0,5.0,0.0,99,4,85,4
0.2799999999999999,0.8900000000000006,16.534370767182725,4.083758481268614,4.224457680237067e-06,-1.43731426448737,-1.0261815305517104,-1.4115947675422955,-0.95721271393643,0.0315487384796142,4,39,6.0,12.0,0.0,99,4,84,4
0.2799999999999999,0.9100000000000006,50.16659745288692,11.37797580122815,3.1433787466805105e-06,-1.4692448295131593,-1.3356694830974996,-1.3764530079980355,-1.2295736039152083,0.0375070571899414,4,132,5.0,33.0,0.0,100,4,97,4
0.2799999999999999,0.9200000000000006,0.338501600193165,0.2041241452319315,7.539966725376509e-07,0.8150936788653476,0.1560439560439562,0.9619258592641308,0.1578947368421053,0.0295131206512451,4,10,4.0,1.0,1.0,1,4,5,4
0.2799999999999999,0.9300000000000006,24.37211521390788,6.020797289396148,4.42179638080101e-06,-0.7592991989109277,-0.7128179361897387,-0.7355966539605474,-0.6704748372727096,0.0310087203979492,4,70,3.0,17.0,1.0,99,4,93,4
0.2799999999999999,0.9400000000000006,0.2282177322938192,0.1443375672974064,2.300157979089439e-07,0.9404761904761904,-0.0212765957446807,0.9838056680161944,-0.0204081632653068,0.0305116176605224,4,10,5.0,1.0,0.0,1,4,6,4
0.2799999999999999,0.9500000000000006,72.40108194403359,18.15672510852843,3.721606865757112e-06,-0.7230384952722597,-0.690511748196651,-0.686709407337285,-0.6450740304105826,0.0320289134979248,4,236,3.0,65.0,0.0,100,4,100,4
0.2899999999999999,0.2,2.497915797886977,0.6123724356957945,1.5224105859230284e-05,-1.7608987900902635,-0.4210526315789473,-0.7966945619244732,-0.3975155279503108,0.0305321216583251,4,10,4.0,2.0,0.0,1,4,19,4
0.2899999999999999,0.3300000000000001,1.4215601757693317,0.4208127057650866,6.341647405267225e-06,0.1700164891483576,-0.0652741514360311,0.5286228010496647,-0.0598503740648379,0.0340466499328613,4,10,7.0,2.0,1.0,1,4,16,4
0.2899999999999999,0.35000000000000014,0.9789450103725608,0.25,1.8804421759163232e-06,0.4702177433867194,-0.0666666666666666,0.7721870047543582,0.1847826086956521,0.0305335521697998,4,10,5.0,1.0,0.0,1,4,3,4
0.2899999999999999,0.36000000000000015,4.564354645876384,1.0358169078880044,5.899562993104862e-06,-1.2628700735432772,-0.4439252336448596,-1.0863977299992702,-0.4179515418502209,0.0319952964782714,4,12,5.0,4.0,1.0,58,4,50,4
0.2899999999999999,0.3900000000000002,4.7762432936357,1.1770372409854613,1.2816803121859991e-05,-0.677960014366096,-0.4562043795620436,-0.5449081520358925,-0.4387710947641716,0.0321903228759765,4,17,9.0,4.0,1.0,97,4,26,4
0.2899999999999999,0.4300000000000002,0.4208127057650866,0.1020620726159657,1.999145975734305e-07,0.919669226225635,0.4893617021276596,0.963967019224655,0.4897959183673466,0.0295042991638183,4,10,8.0,1.0,1.0,1,4,5,4
0.2899999999999999,0.4400000000000002,11.304497629999604,2.6299556396765835,6.104282971071067e-06,-4.197410403399839,-1.684636118598383,-4.084127641939495,-1.5151515151515151,0.0290226936340332,4,24,3.0,7.0,0.0,89,4,68,4
0.2899999999999999,0.45000000000000023,1.817163540613044,0.5496210815947049,3.611387172725039e-06,0.1254921118422943,-0.1489888567891042,0.3697813121272364,-0.1153846153846156,0.0330023765563964,4,10,4.0,3.0,0.0,1,4,9,4
0.2899999999999999,0.5000000000000002,1.286953767623375,0.6208193510729725,2.5153157451807057e-06,0.6768292682926829,-0.1131306800376055,0.7935574338799516,-0.0523321956769051,0.03151535987854,4,10,6.0,3.0,0.0,1,4,6,4
0.2899999999999999,0.5300000000000002,3.3541019662496847,0.8599903100229289,6.1718852962333256e-06,-4.709565504708409,-0.9108494533221194,-2.581376840429765,-0.8591254255040581,0.0309970378875732,4,10,8.0,2.0,0.0,1,4,16,4
0.2899999999999999,0.5400000000000003,2.160246899469287,0.6208193510729725,2.036378656531191e-06,0.1609832227857981,-0.2135292107960371,0.3975579581517937,-0.1668243456322928,0.0300028324127197,4,10,6.0,2.0,0.0,1,4,6,4
0.2899999999999999,0.5700000000000003,2.200852107707376,0.60380736442456,3.374575659064132e-06,-0.1439407528893215,-0.2086330935251794,0.0855637057285007,-0.1969904240766073,0.0305075645446777,4,10,4.0,3.0,1.0,1,4,22,4
0.2899999999999999,0.5800000000000003,27.425657087236157,5.999131881641988,4.729042921901196e-06,-2.9151119387179363,-2.172908595207347,-2.709726060404295,-1.9400251880594983,0.0310029983520507,4,49,7.0,14.0,2.0,88,4,88,4
0.2899999999999999,0.5900000000000003,2.1913656320507844,0.957427107756338,3.305242718386856e-06,0.4085241169159216,-0.2618371919342792,0.5436502044169909,-0.2081274025260839,0.0315630435943603,4,11,10.0,5.0,1.0,4,4,15,4
0.2899999999999999,0.6100000000000003,1.1858541225631425,0.5103103630798288,5.980894084788279e-06,-0.3930990003224766,-0.282736504543025,0.5419847328244275,-0.2351778656126482,0.0300219058990478,4,10,3.0,2.0,0.0,1,4,26,4
0.2899999999999999,0.6200000000000003,3.168858890305257,0.9128709291752768,4.908296787113399e-06,0.0159499808600229,-0.3354199269692228,0.1169816159969222,-0.3168724279835391,0.0305116176605224,4,11,6.0,4.0,1.0,13,4,21,4
0.2899999999999999,0.6500000000000004,0.4330127018922193,0.1443375672974064,8.031247635522532e-07,0.8268537074148297,0.3118279569892472,0.9382631362326794,0.4791666666666667,0.0305249691009521,4,10,5.0,1.0,1.0,1,4,3,4
0.2899999999999999,0.6600000000000004,6.304760106459246,1.6425336120355851,6.725703849290239e-06,-5.674367336527775,-1.5540832049306623,-5.466590974564064,-1.4046049577569404,0.0315344333648681,4,11,6.0,4.0,0.0,52,4,19,4
0.2899999999999999,0.6900000000000004,0.1020620726159657,0.1767766952966369,7.618976967650069e-07,0.9827089337175792,0.2173913043478266,0.9967836351355698,0.2187500000000002,0.0331044197082519,4,10,5.0,1.0,1.0,1,4,5,4
0.2899999999999999,0.7500000000000004,50.98549630368752,11.941698650806202,4.525503842651237e-06,-0.7570518426423531,-0.7240750530967994,-0.723579803021227,-0.6783871790345046,0.0310039520263671,4,116,3.0,34.0,1.0,93,4,97,4
0.2899999999999999,0.7800000000000005,22.44878430264469,5.5170191226784775,4.116507135806599e-06,-2.110558347280797,-1.7740506329113923,-2.015630113291051,-1.6426459017283013,0.0331571102142334,4,53,7.0,15.0,2.0,96,4,91,4
0.2899999999999999,0.8000000000000005,14.912941806811068,3.7762966867907326,4.81873306796466e-06,-0.9170404845727628,-0.7463823001793901,-0.912501489242963,-0.7036686743989247,0.0290019512176513,4,48,6.0,12.0,0.0,97,4,94,4
0.2899999999999999,0.8200000000000005,10.74176040817643,2.581988897471611,4.239850304724088e-06,-1.0059912319753708,-0.8132451894699564,-1.0006321397932,-0.7674187401618293,0.0320386886596679,4,28,2.0,8.0,0.0,93,4,90,4
0.2899999999999999,0.8600000000000005,12.9345306576363,3.495532863527391,3.585473378412523e-06,-4.523356450965782,-1.8290624057883629,-4.463371159550439,-1.6893800440205426,0.0334048271179199,4,32,6.0,10.0,1.0,100,4,98,4
0.2899999999999999,0.9300000000000006,26.951731546105407,6.35986766109694,3.3677951640536638e-06,-0.983507863408772,-0.9064783891738736,-0.951870797091815,-0.8462694231537302,0.0310015678405761,4,69,5.0,18.0,0.0,92,4,91,4
0.2899999999999999,0.9500000000000006,69.98935931030279,17.109938632268673,3.237362456534251e-06,-0.7115939618454139,-0.7090775487451066,-0.6790971565604735,-0.6639244437155534,0.0300087928771972,4,210,5.0,52.0,0.0,100,4,99,4
0.2899999999999999,0.9900000000000007,171.67908531132537,40.12610330778042,3.0491812549508266e-06,-0.7648708811923173,-0.7701576494764044,-0.7208933718306638,-0.7191538564290207,0.03155517578125,4,477,8.0,120.0,1.0,100,4,98,5
0.29999999999999993,0.2,2.93328598446634,0.9071475440448852,1.3722307271291356e-05,-2.842605156037992,-0.5219747140276942,-1.5340532580684747,-0.4916918429003016,0.0299813747406005,4,10,6.0,4.0,0.0,1,4,74,4
0.29999999999999993,0.26000000000000006,0.8838834764831844,0.5,1.3589401157286046e-05,-0.294033069734005,-0.0929791271347251,0.6336996336996337,-0.0549450549450545,0.0315418243408203,4,10,2.0,3.0,0.0,1,4,35,4
0.29999999999999993,0.2800000000000001,0.4677071733467426,0.2041241452319315,5.41909689531016e-06,0.8278100444140759,0.1560439560439565,0.9475052494750524,0.3855606758832565,0.0340187549591064,4,10,7.0,1.0,1.0,1,4,2,4
0.29999999999999993,0.3100000000000001,1.2332207155790618,0.2886751345948128,3.005397667774496e-06,0.3111853744839787,0.269961977186312,0.6941703848006869,0.3214588634435966,0.0310590267181396,4,10,8.0,2.0,2.0,1,4,5,4
0.29999999999999993,0.3200000000000001,0.4208127057650866,0.3535533905932738,7.871104281864253e-06,0.9009468317552805,-0.0588235294117642,0.9613381546928658,-0.0563380281690142,0.030998945236206,4,10,8.0,2.0,0.0,1,4,17,4
0.29999999999999993,0.35000000000000014,1.4719601443879744,0.5863019699779287,9.18884099933443e-06,-0.5077016007248567,-0.2774193548387096,0.2831541218637992,-0.1379310344827586,0.0305118560791015,4,10,5.0,2.0,1.0,1,4,3,4
0.29999999999999993,0.36000000000000015,3.049931693224184,0.5773502691896257,4.239049083417771e-06,-0.3171900928031472,-0.2080220212347618,-0.1612634754678215,-0.1962616822429905,0.0290074348449707,4,10,2.0,3.0,1.0,1,4,21,4
0.29999999999999993,0.37000000000000016,0.4330127018922193,0.1020620726159657,1.0381745915726605e-07,0.6821192052980132,-0.0105263157894739,0.9378860554194416,-0.0101010101010103,0.0305423736572265,4,10,4.0,1.0,0.0,1,4,14,4
0.29999999999999993,0.38000000000000017,0.1020620726159657,0.0,9.999999999999994e-08,0.9309849029475198,1.0,0.9944255532638384,1.0,0.0320005416870117,4,10,3.0,0.0,0.0,1,4,1,4
0.29999999999999993,0.4000000000000002,10.709711325085596,2.694516035704124,1.2834206050864198e-05,-3.2263306038894584,-1.4500018307641604,-3.21756200325577,-1.338926174496644,0.0302777290344238,4,19,8.0,7.0,0.0,97,4,79,4
0.29999999999999993,0.4300000000000002,12.19332125933428,2.479079130107253,8.865738759702225e-06,-3.850637213254036,-1.7744305657604702,-3.775191619911743,-1.7220299884659744,0.0305309295654296,4,21,19.0,6.0,3.0,95,40,100,20
0.29999999999999993,0.5000000000000002,0.2700308624336608,0.2041241452319315,1.120950231288636e-06,0.8842775960048218,-0.0434782608695645,0.9733678283366308,0.1578947368421051,0.0290031433105468,4,10,4.0,1.0,0.0,1,4,2,4
0.29999999999999993,0.5200000000000002,0.9464847243000456,0.3952847075210474,1.7604056949208985e-06,0.4623599895806197,-0.0344827586206897,0.7457050770277063,0.0648379052369074,0.0299992561340332,4,10,5.0,2.0,1.0,1,4,13,4
0.29999999999999993,0.5400000000000003,1.0,0.3535533905932738,4.914754604488677e-06,0.4904627633106651,-0.1428571428571428,0.7497654050672505,-0.1363636363636362,0.0320010185241699,4,10,6.0,1.0,0.0,1,4,9,4
0.29999999999999993,0.6300000000000003,32.69859196764697,7.583562267606607,3.360169620443308e-06,-8.294715901534039,-3.9130600024101065,-6.567026011260267,-3.264143657076655,0.0332233905792236,4,58,11.0,18.0,2.0,100,22,100,4
0.29999999999999993,0.6900000000000004,38.23774313423846,8.976822006330154,6.09118559777386e-06,-0.857477726371648,-0.7492368569813455,-0.8245858141845677,-0.7021838384949668,0.0310204029083251,4,105,5.0,28.0,0.0,100,4,100,4
0.29999999999999993,0.7000000000000004,2.451615113892609,0.6123724356957945,4.265023461788185e-06,0.1855914136587518,-0.1034482758620689,0.3616974202398337,0.163568773234201,0.0315301418304443,4,13,11.0,3.0,1.0,6,4,4,4
0.29999999999999993,0.7200000000000004,39.66316511155743,8.522641413708937,3.8038422831729032e-06,-1.1934906224871191,-1.060737780869908,-1.1363435430083002,-0.982903746843506,0.0339987277984619,4,103,4.0,29.0,0.0,99,4,99,4
0.29999999999999993,0.7400000000000004,2.0941386455215105,0.6846531968814576,4.59304902792799e-06,-0.9672897196261684,-0.4639105388004065,-0.0027629573170731,-0.4258555133079842,0.0297541618347167,4,10,5.0,2.0,0.0,1,4,12,4
0.29999999999999993,0.7600000000000005,22.572106680591425,5.367727638395972,4.494665328729269e-06,-0.9434202161474888,-0.8564277524539279,-0.9239642348454182,-0.7949383517196627,0.0300018787384033,4,57,6.0,15.0,0.0,99,4,97,4
0.29999999999999993,0.7700000000000005,63.06040424333905,14.07716827585245,3.335747960267548e-06,-1.764579537536438,-1.721898394406879,-1.6353268338890512,-1.5534747873893997,0.0295102596282959,4,129,5.0,33.0,1.0,100,4,94,4
0.29999999999999993,0.8200000000000005,23.18067621964467,5.218157401484423,4.232603443800895e-06,-1.0430242382637165,-1.2004138753463574,-1.0087530777710847,-1.099598393574297,0.0315189361572265,4,69,2.0,15.0,0.0,100,4,92,4
0.29999999999999993,0.8500000000000005,57.650437263447245,12.947811912957857,3.248833950997337e-06,-0.8630302093250752,-0.7705495150259447,-0.8241708193615047,-0.7204388433913191,0.0317261219024658,4,153,8.0,39.0,0.0,100,4,99,4
0.29999999999999993,0.8600000000000005,120.17296562316612,29.39901500617552,3.1519699623574447e-06,-1.0728930655779672,-0.9670826263270332,-1.0041614755197017,-0.8954859048750399,0.0399990081787109,4,323,9.0,84.0,1.0,100,4,99,4
0.29999999999999993,0.8900000000000006,33.51538825673962,8.424295222747123,2.91384160004426e-06,-0.8818964613003757,-0.6405173019233275,-0.8587053027784142,-0.6090444689539201,0.0392637252807617,4,107,7.0,30.0,1.0,100,4,98,5
0.29999999999999993,0.9000000000000006,93.84961374454346,23.60901134454102,3.024693560022848e-06,-1.101797651913316,-0.982512365461922,-1.031167368009518,-0.9117212028884644,0.0334570407867431,4,254,8.0,62.0,2.0,100,4,97,4
0.29999999999999993,0.9100000000000006,44.27259310227943,10.570694553024095,3.654796915807524e-06,-0.8697607258804514,-0.8460909643381502,-0.8318235905771179,-0.7894557732343994,0.0305073261260986,4,139,6.0,31.0,0.0,100,4,98,4
0.29999999999999993,0.9200000000000006,40.50527229057143,9.573727069433303,4.301366675686126e-06,-0.6491376821560348,-0.6144491270319086,-0.6247605230593138,-0.5786470892180504,0.0300052165985107,4,122,4.0,28.0,0.0,100,4,96,4
0.29999999999999993,0.9700000000000006,115.16962128385536,27.813740609034717,3.095617297611017e-06,-0.7308061381687019,-0.7240328163074616,-0.6929771114745715,-0.679297691502708,0.0369157791137695,4,323,7.0,80.0,1.0,98,4,98,5
0.30999999999999994,0.23000000000000004,0.2886751345948128,0.1020620726159657,2.1844442295043527e-06,0.9252263654950832,0.7961783439490446,0.974826143050442,0.8287671232876712,0.0329978466033935,4,10,6.0,2.0,2.0,1,4,5,4
0.30999999999999994,0.34000000000000014,0.408248290463863,0.2700308624336608,4.27905094971646e-06,0.7983193277310925,-0.0786516853932586,0.9424025342884912,0.0489130434782607,0.0325126647949218,4,10,4.0,1.0,0.0,1,4,4,4
0.30999999999999994,0.35000000000000014,0.6454972243679028,0.2282177322938192,4.463117121087586e-06,0.3984962406015038,-0.0549450549450545,0.8314441026505415,-0.0526315789473685,0.0295524597167968,4,10,4.0,1.0,0.0,1,4,7,4
0.30999999999999994,0.3900000000000002,1.5844294451526286,0.4564354645876384,2.318545185296592e-06,0.3605836995274023,-0.0810810810810811,0.5743854196100592,-0.0357327809425167,0.0325191020965576,4,10,5.0,2.0,0.0,1,4,7,4
0.30999999999999994,0.4200000000000002,5.70544330734548,1.4397627119309162,1.123883521536347e-05,-0.7619282542814856,-0.5639787146950472,-0.695604991861096,-0.5302983697323902,0.0330336093902587,4,15,5.0,6.0,0.0,84,4,82,4
0.30999999999999994,0.4300000000000002,2.1578345627040085,0.568257570707744,3.1070811803090927e-06,-0.0962879697519349,-0.17396449704142,0.2425782838552255,-0.1658518239939823,0.0305337905883789,4,10,6.0,3.0,0.0,1,4,12,4
0.30999999999999994,0.46000000000000024,1.9578900207451215,0.2700308624336608,1.565449742277806e-06,-0.4284327996118389,0.25,0.3490873072024907,0.4062765055131468,0.0329999923706054,4,10,9.0,2.0,1.0,1,4,7,4
0.30999999999999994,0.5800000000000003,6.794605703546503,1.9311050377094112,8.739862292956984e-06,-1.0814026299311212,-0.7639088482857728,-1.0483336491489164,-0.7235568821915168,0.0320208072662353,4,17,5.0,7.0,0.0,92,4,78,4
0.30999999999999994,0.6000000000000003,15.37347553417899,3.762479235823103,5.533799975078746e-06,-1.30814813558891,-0.933860041800691,-1.2971643096661318,-0.8851174210372998,0.0309972763061523,4,39,4.0,14.0,0.0,98,4,96,4
0.30999999999999994,0.6100000000000003,9.659300354235462,2.186606960566988,4.96382563189895e-06,-3.0220779463767853,-1.269585372134947,-2.8462694578636607,-1.2047168451894903,0.0340073108673095,4,19,2.0,6.0,0.0,81,4,73,4
0.30999999999999994,0.6600000000000004,17.07154064517904,4.2068891911561765,4.3510975862416425e-06,-1.8833669167621203,-1.489415284116058,-1.8271914826536677,-1.3948466396030672,0.0309970378875732,4,50,5.0,12.0,2.0,100,4,98,4
0.30999999999999994,0.6800000000000004,22.37488361236024,5.143766454003655,4.648466210497902e-06,-2.57470665029306,-1.9979713530460448,-2.4577353527737564,-1.7978498413817414,0.0300600528717041,4,44,3.0,13.0,1.0,87,4,97,5
0.30999999999999994,0.6900000000000004,61.662387238899534,14.055322242244513,3.845479966408856e-06,-0.9905088020769456,-0.9627108229168352,-0.9304084924942662,-0.8933116631592397,0.0320150852203369,4,147,4.0,38.0,0.0,96,10,95,4
0.30999999999999994,0.7000000000000004,0.6454972243679028,0.1443375672974064,5.596875137865762e-07,0.6243764061430109,0.6571428571428573,0.8661804556555485,0.7037037037037037,0.0320000648498535,4,10,5.0,2.0,2.0,1,4,5,4
0.30999999999999994,0.7200000000000004,12.721782500891925,3.5325863990377737,4.091232843421528e-06,-2.0784878681053764,-1.2754486279009956,-2.055793755064472,-1.201760673393247,0.0330252647399902,4,29,12.0,12.0,2.0,97,18,88,8
0.30999999999999994,0.7700000000000005,98.531773640114,23.26254142034643,3.602925064952917e-06,-1.106234117521963,-1.046545449173474,-1.0350038292090864,-0.9689224820627188,0.0300033092498779,4,258,8.0,67.0,1.0,100,4,97,4
0.30999999999999994,0.7800000000000005,43.72332520139184,10.334509341683006,4.0522401518159794e-06,-0.7107317381518075,-0.6899736963195451,-0.6806811957685068,-0.6445743322575885,0.0295150279998779,4,123,3.0,34.0,1.0,97,4,97,4
0.30999999999999994,0.8000000000000005,14.325821675096568,3.3416562759605704,3.742676320099102e-06,-2.261943032167716,-1.509620308727778,-2.2008916096413422,-1.3664981566922003,0.0310440063476562,4,35,4.0,9.0,1.0,94,4,92,4
0.30999999999999994,0.8100000000000005,49.44936383143198,11.513126566373415,3.2467186050501107e-06,-1.2860059720339367,-1.1340078680185317,-1.22298486213437,-1.0638069087659487,0.0335395336151123,4,120,8.0,33.0,1.0,99,4,91,6
0.30999999999999994,0.8300000000000005,23.79688354946224,6.014738841656663,3.634559224826696e-06,-1.639285367511409,-1.3442621798162049,-1.5932333800329048,-1.2461663831741243,0.0320065021514892,4,56,8.0,18.0,1.0,100,4,84,4
0.30999999999999994,0.8400000000000005,50.26264351716226,11.824233590385468,3.0659011426844084e-06,-1.3876045943366164,-1.1824981706821325,-1.3163742736975457,-1.0985679642389763,0.0295562744140625,4,132,8.0,31.0,1.0,100,4,99,4
0.30999999999999994,0.8500000000000005,133.8797657103816,32.113892372824154,4.006876797805205e-06,-0.7676187143248043,-0.7456584357567138,-0.72382323725914,-0.6962368060000572,0.0299999713897705,4,394,6.0,100.0,2.0,100,4,99,4
0.30999999999999994,0.8700000000000006,71.16105559456895,17.00673886042432,2.8446765794986126e-06,-0.9667087564666024,-0.948240577235677,-0.916610524669046,-0.8887099144006136,0.0295310020446777,4,209,45.0,54.0,9.0,100,33,100,27
0.30999999999999994,0.8800000000000006,43.24193084649821,10.92159557940139,3.4860658450838965e-06,-0.9534086229334966,-0.8620647600463442,-0.919310007694048,-0.8145199627303208,0.0315253734588623,4,126,11.0,34.0,3.0,100,4,100,4
0.30999999999999994,0.9400000000000006,88.53459775703507,22.80419369326616,3.33560977380953e-06,-0.7517352769084591,-0.6867166446762019,-0.7106502964523385,-0.6430708834529801,0.0330100059509277,4,264,3.0,80.0,1.0,100,4,100,4
0.30999999999999994,0.9500000000000006,0.9298297335175584,0.338501600193165,1.5977199104484802e-06,0.5480687425557257,0.3011250827266714,0.8302623775537332,0.3645291738879258,0.0300016403198242,4,11,5.0,3.0,1.0,2,4,7,5
0.30999999999999994,0.9600000000000006,34.84922882934427,8.680677776917346,4.670170932353934e-06,-0.6280054527968275,-0.579997042328825,-0.612243698553891,-0.5471678743444746,0.0300140380859375,4,115,8.0,29.0,1.0,100,4,100,4
0.30999999999999994,0.9800000000000006,216.85166781312367,52.59851867369144,3.334606933947719e-06,-0.6341484232649683,-0.647789881363376,-0.5985263362809177,-0.6067770741852305,0.0326707363128662,4,665,6.0,156.0,0.0,100,4,96,4
0.3199999999999999,0.2,0.478713553878169,0.0,1.0559258477383977e-07,0.8029666946543521,1.0,0.9280010472574944,1.0,0.0310444831848144,4,10,5.0,1.0,0.0,1,4,4,4
0.3199999999999999,0.25000000000000006,1.0458250331675945,0.3952847075210474,1.0766987361111878e-05,0.1953380697692982,-0.1329661683713612,0.6749125359918264,-0.1269722013523668,0.0330250263214111,4,10,4.0,2.0,0.0,1,4,30,4
0.3199999999999999,0.2800000000000001,0.2886751345948128,0.1443375672974064,8.54427061000894e-07,0.94375686561699,0.3118279569892472,0.9796830556684276,0.3127147766323026,0.0309991836547851,4,10,6.0,1.0,1.0,1,4,5,4
0.3199999999999999,0.3000000000000001,0.3952847075210474,0.2282177322938192,5.933260312846838e-06,0.7406340057636887,-0.0549450549450545,0.9464648988186588,0.1134751773049643,0.0305104255676269,4,10,5.0,1.0,0.0,1,4,3,4
0.3199999999999999,0.3300000000000001,8.686076022385866,1.9816869917656856,8.700535574536458e-06,-5.744994567747942,-1.5868058037309698,-5.451124471164551,-1.4324149945157751,0.0299997329711914,4,15,3.0,5.0,0.0,74,4,59,4
0.3199999999999999,0.35000000000000014,0.4208127057650866,0.1443375672974064,1.447594115783129e-06,0.7242777496198682,0.3118279569892472,0.9135959339263025,0.3127147766323022,0.0305101871490478,4,10,4.0,1.0,1.0,1,4,5,4
0.3199999999999999,0.4200000000000002,2.104063528825433,0.7071067811865476,3.2015314771165186e-06,0.0533642691415312,-0.2050209205020918,0.3418607532210111,-0.1825572801182557,0.0300710201263427,4,10,6.0,3.0,0.0,1,4,12,4
0.3199999999999999,0.4300000000000002,0.7905694150420949,0.3535533905932738,1.6568994549254884e-06,0.7756222975341825,-0.0221827861579415,0.8706896551724138,0.2161985630306989,0.0295288562774658,4,10,8.0,2.0,1.0,1,4,3,4
0.3199999999999999,0.46000000000000024,3.262795325075316,0.924211375534118,1.198980817878643e-05,-2.548611111111111,-0.6621621621621623,-1.6709178339954,-0.5660809778456839,0.0320174694061279,4,10,7.0,3.0,0.0,1,4,83,4
0.3199999999999999,0.49000000000000027,0.8720187306856813,0.2700308624336608,3.2100666476772725e-06,0.6300675675675675,-0.0786516853932584,0.82865458642381,0.0489130434782607,0.0315148830413818,4,10,6.0,1.0,0.0,1,4,4,4
0.3199999999999999,0.5000000000000002,1.4105259066508964,0.5,6.951952546827877e-06,0.1471627906976745,-0.1636363636363635,0.59958071278826,-0.1560693641618498,0.0319960117340087,4,10,6.0,2.0,0.0,1,4,18,4
0.3199999999999999,0.5100000000000002,0.8477912478906585,0.3061862178478972,3.6465459931377674e-06,-0.1236641221374046,-0.0601226993865031,0.7063329928498467,-0.0575793184488839,0.0325090885162353,4,10,0.0,2.0,0.0,1,4,12,4
0.3199999999999999,0.5500000000000003,4.789311015167004,1.274754878398196,7.71013189569341e-06,-1.2623287671232872,-0.5294117647058822,-1.1267348535334514,-0.5041943881978594,0.0319991111755371,4,12,4.0,5.0,0.0,98,4,98,4
0.3199999999999999,0.6100000000000003,64.85552854871614,14.281398157510116,3.709773672008076e-06,-1.1795547377157272,-1.0715557828287277,-1.1067148127147806,-0.9898798653223292,0.0369000434875488,4,165,6.0,37.0,1.0,100,9,100,4
0.3199999999999999,0.6300000000000003,24.764936570347466,6.454972243679028,6.139168541783472e-06,-0.8128852891857947,-0.7392564678599898,-0.800464817589676,-0.6943767870380175,0.0289995670318603,4,71,6.0,23.0,0.0,98,4,97,4
0.3199999999999999,0.6500000000000004,0.9185586535436918,0.3679900360969936,3.2452215820395e-06,0.4130434782608695,-0.1566265060240961,0.7428489793326774,-0.149425287356322,0.03001070022583,4,10,4.0,1.0,0.0,1,4,6,4
0.3199999999999999,0.6700000000000004,23.354826410544494,5.645794895318107,5.868273079074995e-06,-1.022499630853487,-0.8456087002959154,-0.999611251407686,-0.7851829812555786,0.0310373306274414,4,61,5.0,17.0,1.0,100,4,100,4
0.3199999999999999,0.7100000000000004,98.84262533610352,23.00588692776989,3.598411443570013e-06,-1.212754780302446,-1.135480535218556,-1.1342236188639565,-1.0501592999196236,0.032783031463623,4,246,9.0,59.0,1.0,100,4,98,4
0.3199999999999999,0.7700000000000005,37.351093245936816,8.78564169540279,4.212621394976305e-06,-1.1026781947027469,-1.0385378099244602,-1.0618712239568096,-0.9687340588335316,0.0310111045837402,4,91,7.0,23.0,0.0,99,4,99,4
0.3199999999999999,0.8000000000000005,19.43659563812552,4.938159238690736,4.060894939535247e-06,-0.854840462597733,-0.623861961328362,-0.8393174842425362,-0.5842830459381176,0.0299999713897705,4,50,7.0,15.0,1.0,97,4,97,4
0.3199999999999999,0.8500000000000005,144.9426610767168,34.090412875176504,3.715630277260175e-06,-0.6551525052066431,-0.685238738032101,-0.6197904590595757,-0.6441198917919855,0.0335357189178466,4,400,6.0,93.0,1.0,100,4,100,5
0.3199999999999999,0.9000000000000006,0.6922186552431729,0.1767766952966369,3.1840406614132625e-07,0.7661883835442368,-0.032258064516129,0.8747651847213526,0.2187500000000002,0.0309998989105224,4,10,5.0,1.0,0.0,1,4,2,4
0.3199999999999999,0.9100000000000006,125.92850981145348,30.28011586283425,3.1877420920723364e-06,-0.7854078679351242,-0.7653054829239923,-0.7391743730436933,-0.7128693758314193,0.0315308570861816,4,356,4.0,94.0,1.0,100,4,99,4
0.3199999999999999,0.9200000000000006,87.10081562955271,21.602951187279945,3.361671381596905e-06,-0.5813781972409999,-0.6045130885013161,-0.5552858307972428,-0.567970590664552,0.0299973487854003,4,249,6.0,66.0,1.0,98,4,97,4
0.3199999999999999,0.9500000000000006,72.78321120514904,17.81706812768775,3.457933696974204e-06,-0.7746586173658441,-0.7482561360169089,-0.7333572059788365,-0.7015073205293627,0.0347583293914794,4,220,3.0,55.0,0.0,100,4,96,4
0.3199999999999999,0.9900000000000007,187.99833775860893,45.67856444767064,2.699185199197235e-06,-0.8284103795588234,-0.791454443823365,-0.7776597292545733,-0.7389361988981797,0.0300498008728027,4,508,7.0,122.0,2.0,100,9,96,4
0.32999999999999985,0.2,0.6123724356957945,0.1767766952966369,1.7577175124402114e-06,0.5622545915136161,-0.032258064516129,0.8547156866701643,-0.030927835051546,0.0305116176605224,4,10,3.0,1.0,0.0,1,4,7,4
0.32999999999999985,0.24000000000000005,2.066599461272874,0.5303300858899106,1.0133890427179589e-05,-0.0970205412636915,-0.1618108471537425,0.3755616137924733,-0.0154193305754037,0.0325133800506591,4,11,6.0,2.0,0.0,3,4,3,4
0.32999999999999985,0.3100000000000001,3.877015604817706,0.9128709291752768,8.046415992878594e-06,-3.540115364446774,-0.6964877402253147,-2.73109243697479,-0.6600954554886902,0.032557725906372,4,10,5.0,3.0,1.0,1,4,52,4
0.32999999999999985,0.38000000000000017,2.688710967483613,0.8720187306856813,1.2586871412956526e-05,-1.913033973153776,-0.5211634469285871,-0.9905920146856356,-0.4901000204123291,0.0300235748291015,4,10,3.0,3.0,0.0,1,4,67,4
0.32999999999999985,0.3900000000000002,15.427248620541512,3.444500447573397,9.222473592417769e-06,-1.6908623388604545,-1.2170765830612953,-1.6199581458016803,-1.1141531322505802,0.0305321216583251,4,35,1.0,9.0,0.0,87,4,87,4
0.32999999999999985,0.4000000000000002,0.3952847075210474,0.1443375672974064,7.828886817236234e-07,0.9047556055294662,0.3118279569892472,0.9609079773787496,0.4791666666666667,0.031031847000122,4,10,7.0,1.0,1.0,1,4,3,4
0.32999999999999985,0.4200000000000002,5.595757321399848,1.3919410907075054,7.999966220657783e-06,-2.2279555699728184,-0.7800817465855849,-2.108583247156153,-0.7383177570093453,0.0320076942443847,4,11,4.0,4.0,1.0,42,4,41,4
0.32999999999999985,0.4400000000000002,5.619905100029122,1.4397627119309162,6.886429690574429e-06,-1.2901923757818956,-0.5731225296442688,-1.1703029261867952,-0.538937437166499,0.0305252075195312,4,18,7.0,6.0,1.0,99,4,98,4
0.32999999999999985,0.47000000000000025,36.06302353750537,8.382770027463078,6.501335154665647e-06,-1.6350142888140975,-1.3158338905834857,-1.552056728542575,-1.2145696755619313,0.0324964523315429,4,73,6.0,20.0,1.0,98,4,98,5
0.32999999999999985,0.49000000000000027,25.694114111990707,6.058740243097845,6.496375899811368e-06,-1.6812019359794186,-1.4410243089378096,-1.6196844623173905,-1.3200084268183496,0.0290024280548095,4,58,9.0,14.0,1.0,99,4,97,4
0.32999999999999985,0.5000000000000002,2.0615528128088303,0.7216878364870323,3.319006670133913e-06,0.406464517888803,-0.0473488981016803,0.5083389569073558,0.0165224232887486,0.0300254821777343,4,10,7.0,3.0,1.0,1,4,17,5
0.32999999999999985,0.5100000000000002,0.7288689868556626,0.2282177322938192,1.7808385975322377e-06,0.6407396536542413,0.1111111111111111,0.8697118332311465,0.2319508448540705,0.0315573215484619,4,10,8.0,1.0,1.0,1,4,3,4
0.32999999999999985,0.5200000000000002,4.87232832774366,1.5172617880027603,9.181540022917457e-06,-0.9191747296028914,-0.6402010050251254,-0.8396241645410221,-0.5992474129821264,0.031024694442749,4,15,4.0,5.0,0.0,98,4,82,4
0.32999999999999985,0.5600000000000003,21.59909334516922,4.853048869868645,5.253452419521614e-06,-3.5259718385771066,-2.1143250688705235,-3.2001667462259364,-1.89593339737432,0.0315098762512207,4,41,4.0,12.0,1.0,98,4,94,4
0.32999999999999985,0.5900000000000003,188.05343323108997,37.787508959090346,2.941078847312003e-06,-79.20160134734256,-44.0772371648192,-76.1459073131924,-42.10032574109243,0.0299985408782959,4,73,365.0,25.0,74.0,91,69,96,64
0.32999999999999985,0.6000000000000003,683.1223429347533,140.32859503085368,2.215917962631843e-06,-156.02093601310875,-116.02095166859569,-148.50500878111453,-109.97301111348531,0.0305190086364746,4,205,1343.0,53.0,275.0,98,82,93,78
0.32999999999999985,0.6100000000000003,18.524758208048677,4.373213921133975,5.99782196596899e-06,-2.2026442424537014,-1.5666356011183598,-2.115024433047398,-1.4152809934750574,0.0320191383361816,4,38,3.0,10.0,0.0,95,4,76,4
0.32999999999999985,0.6200000000000003,0.8036375634160796,0.3679900360969936,3.6855407728558033e-06,0.3557744344626042,-0.1566265060240963,0.7443404395695024,-0.0797342192691028,0.0295112133026123,4,10,3.0,1.0,0.0,1,4,3,4
0.32999999999999985,0.6300000000000003,35.84093911530035,7.839536550927825,5.456101810621378e-06,-1.8452437688768657,-1.665775564665296,-1.7284829870006595,-1.5225425518724531,0.0309996604919433,4,76,6.0,20.0,1.0,100,4,100,5
0.32999999999999985,0.6600000000000004,1.922996793202388,0.7430231041719587,2.5140741850367266e-06,0.4163484098576837,-0.1608487337440109,0.5332386662459241,-0.1494252873563217,0.031022310256958,4,10,7.0,3.0,2.0,1,4,11,4
0.32999999999999985,0.6800000000000004,5.710005837708633,1.35400640077266,4.928570656757791e-06,-2.3485262160806823,-0.846153846153846,-2.205292316514936,-0.8144329896907214,0.0320005416870117,4,14,5.0,3.0,0.0,87,4,16,4
0.32999999999999985,0.7100000000000004,0.3227486121839514,0.1020620726159657,1.9060748748703569e-07,0.9026665314812936,0.4893617021276596,0.9687265449086816,0.4897959183673467,0.0320034027099609,4,10,6.0,1.0,1.0,1,4,5,4
0.32999999999999985,0.7300000000000004,25.137745523415575,5.958187643906492,4.486596894553586e-06,-0.8993195433008414,-0.8483232396275877,-0.8723731820035128,-0.7938824817479826,0.030541181564331,4,75,6.0,18.0,2.0,100,4,100,4
0.32999999999999985,0.7400000000000004,27.92717463928876,6.553466004082623,4.9624300577230335e-06,-1.9703306130747624,-1.5728549141965678,-1.8416752725709051,-1.433151766587391,0.0290000438690185,4,60,4.0,15.0,1.0,100,4,93,4
0.32999999999999985,0.7700000000000005,25.24463639402768,6.200638407992089,4.043866389218508e-06,-1.0494896933693636,-0.8462019413631228,-1.0223616741637511,-0.7918867484853191,0.0320103168487548,4,65,6.0,19.0,0.0,98,4,96,4
0.32999999999999985,0.8200000000000005,83.11801349085928,20.33341871566773,4.157536205256304e-06,-0.7661867194773908,-0.6894827224610891,-0.7254132719194926,-0.645771274654849,0.0319960117340087,4,251,3.0,72.0,0.0,100,4,100,4
0.32999999999999985,0.8500000000000005,217.03249564677327,52.23185490356117,3.4268026111980624e-06,-0.7068500198280234,-0.6784862451466813,-0.6654672969096187,-0.634136674882773,0.031512975692749,4,621,7.0,164.0,0.0,100,4,100,4
0.32999999999999985,0.9200000000000006,213.69390102043937,51.72030146212736,3.5243507514170738e-06,-0.714706589943479,-0.7368344074458273,-0.6733725784363715,-0.6878153780428689,0.0300068855285644,4,586,9.0,151.0,1.0,100,4,99,4
0.32999999999999985,0.9500000000000006,249.0607146527395,62.35065490166616,3.303007152481811e-06,-0.6700386029686549,-0.6703815099271353,-0.6306294351981439,-0.6278212850161933,0.0305471420288085,4,737,8.0,188.0,1.0,100,4,100,4
0.32999999999999985,0.9600000000000006,269.8259083804469,65.10520332507994,2.961682326076352e-06,-0.6727982707195397,-0.6899668376876669,-0.6330883327067542,-0.6465918723962316,0.0329978466033935,4,797,17.0,186.0,3.0,100,20,98,11
0.32999999999999985,0.9800000000000006,478.2771489941789,117.32961937777408,3.1967396465094923e-06,-0.584947769327044,-0.5970492061768289,-0.5508696521101228,-0.5602972963881976,0.0295124053955078,4,1425,8.0,347.0,1.0,100,4,100,4
0.32999999999999985,0.9900000000000007,158.14039780102576,38.798893884577005,4.022338578381539e-06,-0.6303960224771787,-0.6396055920356356,-0.5954417192627046,-0.5994880363244515,0.0300111770629882,4,472,7.0,110.0,1.0,100,16,98,4
0.33999999999999986,0.21000000000000002,0.7569125885243729,0.2282177322938192,4.316896365789267e-06,0.5174997715434526,-0.0549450549450545,0.8511058772570994,0.1134751773049645,0.0302565097808837,4,10,4.0,1.0,0.0,1,4,3,4
0.33999999999999986,0.22000000000000003,0.7772815877574012,0.3061862178478972,1.246620022689121e-05,0.6111460297506809,-0.0601226993865031,0.8382418563141454,0.0384615384615382,0.0315189361572265,4,10,5.0,2.0,0.0,1,4,30,4
0.33999999999999986,0.26000000000000006,0.1767766952966369,0.0,1.1465455810518021e-07,0.2421052631578946,1.0,0.985645933014354,1.0,0.03200364112854,4,10,2.0,1.0,0.0,1,4,2,4
0.33999999999999986,0.2800000000000001,0.8228507357554792,0.2886751345948128,8.772424965751311e-06,0.165663858804653,-0.0909090909090912,0.7458057956278596,-0.0869565217391306,0.0299999713897705,4,10,4.0,1.0,0.0,1,4,8,4
0.33999999999999986,0.34000000000000014,0.67700320038633,0.2886751345948128,4.577406749418585e-06,0.7743107501602907,0.0191570881226054,0.8797945579718064,0.1111111111111111,0.0300080776214599,4,10,6.0,1.0,1.0,1,4,4,4
0.33999999999999986,0.4000000000000002,1.0458250331675945,0.25,3.763079041224028e-06,0.2302405498281786,-0.0666666666666666,0.6632888660851718,0.078341013824885,0.0339975357055664,4,10,4.0,1.0,0.0,1,4,3,4
0.33999999999999986,0.4100000000000002,1.6457014715109584,0.5951190357119042,2.4786942880761e-06,0.7142726315307477,0.3327882256745706,0.7525200125643685,0.348159509202454,0.0319995880126953,4,11,6.0,5.0,1.0,11,8,10,5
0.33999999999999986,0.45000000000000023,3.5779999068380834,0.8955910525085282,3.4791017194280767e-06,-0.5470673852326817,-0.3773057574063723,-0.2686451612903227,-0.3546798029556652,0.0290100574493408,4,10,6.0,3.0,0.0,1,4,17,4
0.33999999999999986,0.5400000000000003,1.1086778913041726,0.338501600193165,3.1744624255766755e-06,-0.0942812982998455,-0.083076923076923,0.5826702033598588,0.0,0.0310175418853759,4,10,3.0,2.0,0.0,1,4,11,4
0.33999999999999986,0.5600000000000003,25.095442813387454,6.336073968423454,6.839970930205329e-06,-1.4849951448080274,-1.2197397392592952,-1.4333533500013689,-1.1258053128585297,0.0335097312927246,4,54,5.0,16.0,1.0,100,4,92,4
0.33999999999999986,0.6100000000000003,78.75019841244846,18.36039669142981,4.898650242104243e-06,-1.165261520794416,-1.08679391281919,-1.0905379746846555,-1.0056720569387254,0.0310008525848388,4,196,5.0,47.0,0.0,100,4,100,4
0.33999999999999986,0.6300000000000003,2.205580044644341,0.8838834764831844,1.958044756770419e-06,0.5411822498771899,-0.1322534989778268,0.6275798271077229,-0.0782058654399078,0.0295476913452148,4,11,10.0,4.0,2.0,11,4,14,4
0.33999999999999986,0.6400000000000003,24.596959500447745,6.670832032063167,5.657279921664992e-06,-1.0576770564588598,-0.8941767661838604,-1.0336975928340006,-0.8349017906614151,0.031557559967041,4,76,6.0,19.0,0.0,100,4,93,4
0.33999999999999986,0.6500000000000004,24.172556753475625,5.53492697934369,4.992666785106534e-06,-1.080535087285495,-1.0232178175251527,-1.0587794866374225,-0.9606666666666666,0.0314548015594482,4,69,8.0,16.0,1.0,96,4,95,4
0.33999999999999986,0.6600000000000004,94.17713806085494,22.612680808195503,5.201720190024271e-06,-1.3949881965786148,-1.408182955446719,-1.2907285751531918,-1.2797696451792686,0.0315444469451904,4,215,5.0,57.0,0.0,99,4,99,4
0.33999999999999986,0.7100000000000004,77.2990001013381,19.00027412082959,4.538557091502154e-06,-1.245576283660697,-1.0891043041398785,-1.1646901674385377,-1.0018934722572812,0.0295109748840332,4,211,5.0,57.0,0.0,100,4,99,4
0.33999999999999986,0.7300000000000004,11.776565713313875,2.806243040080456,3.532328361452555e-06,-6.958357201564095,-2.2918764457749354,-6.760052689557094,-2.057757644394111,0.0289998054504394,4,20,8.0,7.0,1.0,84,4,90,4
0.33999999999999986,0.7800000000000005,85.44863223012993,19.68210905026864,3.670305836287847e-06,-1.109457309157842,-1.045544473900879,-1.0393258765307976,-0.9634137391973704,0.0325281620025634,4,205,6.0,56.0,2.0,100,4,99,4
0.33999999999999986,0.7900000000000005,112.3601909040742,27.737422074398577,3.986417063535795e-06,-0.7114234401331139,-0.6785281999140671,-0.6710078588170414,-0.6353642000511914,0.0330004692077636,4,321,3.0,78.0,0.0,100,4,99,4
0.33999999999999986,0.9200000000000006,70.0588294459259,17.248792228249876,3.007317279836865e-06,-0.8519712227246818,-0.7594661190965093,-0.809615447836147,-0.7137690137937946,0.0331430435180664,4,201,6.0,54.0,1.0,100,4,96,5
0.34999999999999987,0.22000000000000003,7.1297498787358125,1.6105123408406408,1.376741821383312e-05,-3.0355939941595524,-1.063714063714064,-2.9267752967209817,-0.9990366088631984,0.0300071239471435,4,14,3.0,4.0,0.0,42,4,39,4
0.34999999999999987,0.24000000000000005,0.3061862178478972,0.2282177322938192,1.3731750990419415e-06,0.906856403622251,-0.019108280254777,0.974933155080214,-0.0183299389002036,0.031001329421997,4,10,6.0,2.0,0.0,1,4,6,4
0.34999999999999987,0.38000000000000017,3.662876829305985,0.962851667357612,1.030582592064813e-05,-4.100990099009901,-0.7715115073605636,-2.653797055402684,-0.7184784707472482,0.0325663089752197,4,10,4.0,3.0,0.0,1,4,77,4
0.34999999999999987,0.4000000000000002,0.7071067811865476,0.2282177322938192,1.31516776230884e-06,0.6417631967659179,0.1111111111111111,0.8519615099925981,0.1134751773049645,0.0350260734558105,4,10,5.0,1.0,1.0,1,4,5,4
0.34999999999999987,0.4200000000000002,3.915780041490244,1.118033988749895,9.213330620730034e-06,-2.261447562776957,-0.6805251641137855,-1.8820362212432704,-0.6351001498841806,0.0310192108154296,4,10,4.0,3.0,1.0,1,4,59,4
0.34999999999999987,0.4400000000000002,2.222048604328897,0.6208193510729725,3.463654334425833e-06,-0.3653794220901971,-0.1951547779273215,0.0112434552243473,-0.1843790012804096,0.0300014019012451,4,10,4.0,3.0,1.0,1,4,14,4
0.34999999999999987,0.49000000000000027,8.798674142543675,2.3935677693908453,7.6777987331423e-06,-0.9749379261092336,-0.539179104477612,-0.9635454783235886,-0.513858688172635,0.0342991352081298,4,29,5.0,8.0,0.0,99,4,95,4
0.34999999999999987,0.5100000000000002,2.5617376914898995,0.7772815877574012,5.121274678733218e-06,-0.1372054979974806,-0.3439536567704562,0.0505756826812947,-0.3181818181818181,0.0329968929290771,4,10,7.0,2.0,1.0,1,4,12,4
0.34999999999999987,0.5400000000000003,19.05283224790127,4.232808366400098,5.7328308603345205e-06,-1.772525551873224,-1.5021593853707325,-1.730473031789573,-1.3951762264834082,0.0310075283050537,4,36,5.0,10.0,1.0,98,4,81,4
0.34999999999999987,0.6200000000000003,22.54994456755936,5.466755588707682,4.500948285351552e-06,-2.2509413596090826,-1.7520383693045565,-2.1800400631890957,-1.6183935530386688,0.0310001373291015,4,59,6.0,15.0,1.0,100,4,97,5
0.34999999999999987,0.6500000000000004,23.78024390118823,5.578978401105349,4.255023830734856e-06,-5.676703750582907,-3.3496087826772616,-5.210020590253946,-2.8356867779204102,0.0335302352905273,4,37,9.0,12.0,0.0,84,4,64,4
0.34999999999999987,0.7300000000000004,35.86999093950262,8.87118462589223,4.054253332318335e-06,-0.7109437528632181,-0.6282364139646508,-0.690627453427983,-0.5915314935748897,0.030996561050415,4,112,7.0,28.0,0.0,100,4,95,4
0.34999999999999987,0.7700000000000005,82.42793569739165,19.695071295462053,3.9925316314283145e-06,-1.1315978675056049,-1.091909845677784,-1.0580229842262483,-1.0072110396068157,0.031510591506958,4,204,5.0,58.0,0.0,100,4,98,4
0.34999999999999987,0.8300000000000005,240.76607336444505,58.47666913678765,3.631755872235485e-06,-0.7018572817457491,-0.6707523556325958,-0.6597873888087455,-0.6282124962286015,0.0305111408233642,4,721,5.0,193.0,1.0,100,4,99,4
0.34999999999999987,0.8900000000000006,205.12496191346384,49.83880265415693,3.666174206753292e-06,-0.5438530219807562,-0.5858112384408456,-0.5146911962753444,-0.550078041818922,0.0345199108123779,4,697,7.0,163.0,1.0,100,4,100,4
0.34999999999999987,0.9700000000000006,491.15072152039033,122.46568396902047,3.1816969701950926e-06,-0.5813943267126584,-0.5822425615208124,-0.5476526594650539,-0.5466969169597826,0.029996633529663,4,1549,7.0,401.0,1.0,100,4,100,5
0.3599999999999999,0.2,0.7971302695712079,0.2282177322938192,3.4158735033824717e-06,0.6336336336336337,0.1111111111111111,0.83008356545961,0.1134751773049645,0.0302851200103759,4,10,6.0,1.0,1.0,1,4,5,4
0.3599999999999999,0.23000000000000004,0.67700320038633,0.25,1.9948880424746677e-06,0.8388032361471531,0.0754414125200642,0.9118077408751076,0.184782608695652,0.0309991836547851,4,10,5.0,1.0,1.0,1,4,3,4
0.3599999999999999,0.2700000000000001,0.1443375672974064,0.0,9.999999999999994e-08,0.9433962264150944,1.0,0.9904924890663624,1.0,0.0325140953063964,4,10,4.0,0.0,0.0,1,4,1,4
0.3599999999999999,0.3100000000000001,0.25,0.1443375672974064,6.184804501009695e-07,0.9080312949065944,-0.0212765957446807,0.9775247228049144,0.3127147766323022,0.0319986343383789,4,10,5.0,1.0,0.0,1,4,4,4
0.3599999999999999,0.34000000000000014,5.115336417740935,1.4754942674688143,1.0963221860176125e-05,-5.920308778374034,-1.1472602739726026,-5.308546171425703,-1.0744416873449132,0.032083511352539,4,11,6.0,6.0,1.0,79,4,79,4
0.3599999999999999,0.35000000000000014,2.748105407973525,0.5863019699779287,4.304366695373511e-06,-0.3392857142857144,-0.1617161716171617,-0.0975037466507213,-0.1542497376705136,0.031998872756958,4,10,3.0,3.0,0.0,1,4,13,4
0.3599999999999999,0.38000000000000017,1.3070322617798436,0.4448782605013046,1.979096096436399e-06,0.6741114859969779,-0.0961538461538464,0.7588235294117647,0.0847784200385355,0.0290224552154541,4,10,8.0,2.0,1.0,1,4,4,4
0.3599999999999999,0.47000000000000025,16.13549400132102,4.190763653560053,8.169830594276969e-06,-0.9705933320466652,-0.8890756302521008,-0.9623776850789736,-0.8423007998601337,0.0316274166107177,4,43,5.0,12.0,0.0,94,4,92,4
0.3599999999999999,0.5000000000000002,1.741048534648015,0.3952847075210474,2.245051115077157e-06,-0.1783364265226925,-0.1329661683713612,0.2675744380961971,-0.1269722013523668,0.0330021381378173,4,10,3.0,2.0,0.0,1,4,22,4
0.3599999999999999,0.5200000000000002,1.577841352396791,0.4564354645876384,4.641784281385938e-06,-0.300090661831369,-0.1538461538461542,0.2214730121502326,-0.1467889908256883,0.0309972763061523,4,10,2.0,2.0,0.0,1,4,24,4
0.3599999999999999,0.5400000000000003,1.5612494995995996,0.699702317656111,1.3457995857147336e-06,0.5434053537673531,-0.0722433460076041,0.6670224119530417,0.0033927056827823,0.0330085754394531,4,10,5.0,4.0,1.0,1,4,13,4
0.3599999999999999,0.5500000000000003,0.3061862178478972,0.0,9.999999999999994e-08,0.8181435487265838,1.0,0.9592741753020498,1.0,0.0309791564941406,4,10,4.0,0.0,0.0,1,4,1,4
0.3599999999999999,0.5700000000000003,8.484667544066374,2.099106952968333,5.702746190626152e-06,-2.708799409683208,-1.2061172380072795,-2.689802455953016,-1.1256281407035176,0.0300157070159912,4,17,4.0,6.0,0.0,88,4,99,4
0.3599999999999999,0.5800000000000003,3.4338996296727524,1.070436048222094,9.723246893748205e-06,-1.2305876557400603,-0.5172413793103448,-0.926120025182488,-0.4864864864864864,0.0355141162872314,4,12,3.0,4.0,0.0,99,4,98,4
0.3599999999999999,0.5900000000000003,79.2557831748994,18.566603081877957,5.346097981847439e-06,-0.9363547611807544,-0.943717190998862,-0.8887773726085715,-0.8780816133806719,0.0304398536682128,4,198,11.0,48.0,1.0,100,4,96,4
0.3599999999999999,0.6400000000000003,174.2532280906153,41.23042464814869,5.022763218330204e-06,-0.9217482401308196,-0.8786714160917257,-0.8603045472479511,-0.8159540905619125,0.0295088291168212,4,479,5.0,130.0,2.0,100,4,100,4
0.3599999999999999,0.6600000000000004,0.1020620726159657,0.0,9.999999999999994e-08,0.4893617021276596,1.0,0.9923757243061908,1.0,0.0310206413269042,4,10,1.0,0.0,0.0,1,4,1,4
0.3599999999999999,0.6700000000000004,76.79023104102066,18.78718534888431,5.7912763735245214e-06,-0.7825977027389981,-0.8038916444105302,-0.7437443390924732,-0.7497773015401696,0.0305325984954834,4,198,5.0,47.0,0.0,100,4,99,4
0.3599999999999999,0.7100000000000004,40.09766722225455,9.324586675379594,4.057519350604821e-06,-1.207948030947668,-1.07977948905621,-1.153431600423903,-0.9993580592310124,0.0305268764495849,4,103,4.0,26.0,0.0,100,4,96,4
0.3599999999999999,0.7200000000000004,17.718575469452016,4.747806511081372,4.8828165472445885e-06,-0.8622533998335564,-0.6646153846153846,-0.8478212887846894,-0.6273246151648009,0.0315532684326171,4,56,5.0,19.0,0.0,100,4,100,4
0.3599999999999999,0.7300000000000004,62.1165738752549,15.515449289874486,3.7596919783782185e-06,-0.8957239167451225,-0.8476313731564786,-0.8511546021666547,-0.7921244235307257,0.0320096015930175,4,161,9.0,55.0,3.0,97,4,97,4
0.3599999999999999,0.7800000000000005,247.41031624274143,58.4022509554783,3.903292090909348e-06,-0.7805900874935043,-0.7700366168524013,-0.7307382267455604,-0.7178029912547805,0.0333180427551269,4,697,6.0,177.0,1.0,100,4,100,4
0.3599999999999999,0.8200000000000005,90.64496906429318,22.36650211067137,3.927863275798388e-06,-0.8707947896378183,-0.834041957329803,-0.8272584752363896,-0.778506091915713,0.0309984683990478,4,282,11.0,76.0,1.0,100,4,100,7
0.3599999999999999,0.8900000000000006,521.8026147404782,126.71383441966128,3.660790767673791e-06,-0.5952653876396965,-0.6038219184923752,-0.5600170565113949,-0.5662345098359984,0.0305132865905761,4,1562,6.0,384.0,0.0,100,4,100,4
0.3599999999999999,0.9300000000000006,26.84504144157725,7.123903424387503,3.444402696663661e-06,-0.7245325387123278,-0.5774009470233519,-0.707379072063179,-0.5453175798905716,0.0315082073211669,4,104,4.0,30.0,1.0,100,4,99,5
0.3599999999999999,0.9400000000000006,437.9141967897364,109.93298147811086,3.363095060045633e-06,-0.5651694534957499,-0.5439078593670987,-0.5328438741376778,-0.5112779041136355,0.0351536273956298,4,1413,7.0,397.0,1.0,100,4,100,4
0.3599999999999999,0.9500000000000006,380.274339019433,95.10920258664072,3.5245121519901472e-06,-0.5077259914052534,-0.5128046778165196,-0.4801241519991714,-0.4831916937043046,0.0329999923706054,4,1255,7.0,312.0,1.0,100,4,100,4
0.3599999999999999,0.9700000000000006,332.6589532338889,83.98617197689947,4.096056264192549e-06,-0.5012027357042512,-0.498717172450501,-0.47427420754488,-0.4699852867531,0.030998945236206,4,1115,6.0,285.0,0.0,100,4,100,4
0.3699999999999999,0.24000000000000005,0.9842509842514764,0.338501600193165,5.298271614429369e-06,0.5455100794135614,-0.083076923076923,0.7869708631115997,-4.440892098500626e-16,0.0300233364105224,4,10,6.0,2.0,0.0,1,4,9,4
0.3699999999999999,0.26000000000000006,0.7071067811865476,0.2700308624336608,3.887987033350419e-06,0.5713887080271602,0.045454545454545,0.8509316770186335,0.0489130434782607,0.0331699848175048,4,10,6.0,1.0,1.0,1,4,5,4
0.3699999999999999,0.2700000000000001,1.103970108290981,0.338501600193165,5.547896650077385e-06,0.1607262945527908,-0.083076923076923,0.6137466574229968,-0.0794896957801765,0.0310001373291015,4,10,5.0,2.0,0.0,1,4,24,4
0.3699999999999999,0.2800000000000001,0.5951190357119042,0.2041241452319315,1.7508207902258707e-06,0.6402116402116402,-0.0434782608695645,0.9110320284697508,0.1578947368421053,0.0320174694061279,4,10,4.0,1.0,0.0,1,4,3,4
0.3699999999999999,0.3300000000000001,1.773649721149397,0.60380736442456,4.917261230549113e-06,0.4010783564360525,-0.1305518169582773,0.5443228970199926,-0.0856079404466498,0.0325152873992919,4,10,5.0,3.0,1.0,1,4,12,4
0.3699999999999999,0.37000000000000016,0.699702317656111,0.338501600193165,1.1050439324137137e-06,0.782312925170068,0.2229580573951435,0.8950213307721516,0.2666666666666663,0.0309934616088867,4,10,6.0,2.0,2.0,1,4,5,4
0.3699999999999999,0.38000000000000017,0.408248290463863,0.0,9.999999999999994e-08,0.7837837837837838,1.0,0.9391542439914816,1.0,0.031510591506958,4,10,4.0,0.0,0.0,1,4,1,4
0.3699999999999999,0.4100000000000002,0.699702317656111,0.2886751345948128,4.370100514214437e-06,0.7576799140708914,-0.0491803278688525,0.9116474922926536,0.5294117647058825,0.032473087310791,4,11,7.0,3.0,0.0,3,4,3,4
0.3699999999999999,0.4200000000000002,4.100304866714182,1.0358169078880044,1.0268254958912044e-05,-1.7379618667279244,-0.7569296375266525,-1.3159374955159202,-0.7041694242223693,0.0295348167419433,4,10,9.0,3.0,1.0,1,4,81,4
0.3699999999999999,0.4300000000000002,2.526938200009384,0.7216878364870323,5.714865185383788e-06,-0.2667742977074587,-0.2711864406779662,0.0180058951685252,-0.2465719272001993,0.0310156345367431,4,10,5.0,2.0,0.0,1,4,15,4
0.3699999999999999,0.4400000000000002,15.588791379278469,3.2914029430219167,7.924714308315294e-06,-1.915168460348948,-1.4188390347901931,-1.8656747952299764,-1.3084948169851942,0.0305087566375732,4,30,5.0,8.0,0.0,87,4,65,4
0.3699999999999999,0.49000000000000027,15.389728717557045,3.308763616015304,7.677963799912744e-06,-1.062944438773774,-0.906035704165486,-1.0404170753573223,-0.8393741577556477,0.0325691699981689,4,38,3.0,11.0,0.0,87,4,84,4
0.3699999999999999,0.5100000000000002,3.913118960624632,1.0103629710818451,5.646837891607426e-06,-1.1859074644898464,-0.4491682070240295,-0.9593730006397948,-0.4254545454545457,0.0325930118560791,4,11,5.0,5.0,0.0,49,4,45,4
0.3699999999999999,0.5700000000000003,39.83743005432621,9.059410392882455,4.66630087483535e-06,-1.7285674949014198,-1.49257385773838,-1.637828321793101,-1.377317273341701,0.030022382736206,4,110,6.0,28.0,1.0,99,4,99,4
0.3699999999999999,0.5900000000000003,1518.2640271869711,312.4023347383947,2.4332486283711483e-06,-950.8982637476666,-807.0357626698386,-906.4302380295796,-765.7186588312892,0.0315196514129638,4,216,2800.0,44.0,575.0,100,79,98,75
0.3699999999999999,0.6200000000000003,57.22397516193133,13.601853427627672,4.108860826323627e-06,-2.0944003241790226,-1.9379686810763128,-1.9337763177542184,-1.7415550657257,0.0319969654083251,4,138,8.0,37.0,2.0,99,4,98,4
0.3699999999999999,0.6600000000000004,92.04923954058502,21.50484441546447,3.8203027206836295e-06,-1.026001650529448,-0.9991931958263838,-0.9615687688514996,-0.9262609468338788,0.0320253372192382,4,210,11.0,51.0,2.0,99,21,99,12
0.3699999999999999,0.6800000000000004,4.889401803901986,1.2119199643540823,4.865054755097796e-06,-1.9614495402978656,-0.6939056438493305,-1.686850238831132,-0.6557069046500705,0.0320179462432861,4,12,6.0,4.0,2.0,66,4,66,4
0.3699999999999999,0.7000000000000004,42.38108363409317,9.652827737680465,5.2184333350359085e-06,-0.7647494167120199,-0.7468570731111925,-0.7394880771661203,-0.696171904035922,0.0314981937408447,4,136,7.0,33.0,1.0,100,4,97,4
0.3699999999999999,0.7500000000000004,72.52097397764778,18.43965382899943,4.674806341800847e-06,-0.9449943242812896,-0.8932410486427962,-0.892937734446434,-0.8325065851670375,0.0309972763061523,4,195,5.0,53.0,1.0,100,4,100,4
0.3699999999999999,0.8100000000000005,574.0951848343618,137.22787465866156,3.724876415006283e-06,-0.6028320652655106,-0.6258454394021553,-0.5669917313856305,-0.5865859071540125,0.0300140380859375,4,1695,9.0,407.0,1.0,100,4,100,4
0.3699999999999999,0.8300000000000005,181.01375408146936,45.6122699135514,4.104452236943236e-06,-0.5934725911487229,-0.6003990460555639,-0.5620184697463508,-0.563509480154978,0.0305171012878417,4,597,7.0,163.0,0.0,100,4,100,4
0.3699999999999999,0.8500000000000005,453.44001119221934,109.58643848579077,3.957763173486408e-06,-0.6013810724977742,-0.610962396011528,-0.5662893997831242,-0.5736208275687713,0.0310034751892089,4,1324,8.0,320.0,1.0,100,4,99,4
0.3699999999999999,0.8600000000000005,227.30900865708483,56.77890233176404,3.640595572249225e-06,-0.5886018106218658,-0.5819017869864147,-0.5560636010164712,-0.5459173244999296,0.0305182933807373,4,708,6.0,169.0,1.0,100,4,99,5
0.3699999999999999,0.8700000000000006,51.16079635163367,13.593426720293891,3.812249071669299e-06,-0.7980570239006393,-0.6926139768989854,-0.7608726120898681,-0.6469605180697726,0.0299952030181884,4,176,5.0,46.0,2.0,100,4,100,4
0.3699999999999999,0.8800000000000006,139.44155735169724,37.08211608489102,3.6585730779875566e-06,-0.6571889959211856,-0.6105738338281343,-0.6234290661431114,-0.5737788097326122,0.0305128097534179,4,444,7.0,128.0,2.0,100,4,100,5
0.3699999999999999,0.8900000000000006,64.54948037487728,16.471566410029133,4.345810551603418e-06,-0.5708867984301487,-0.5497460078986709,-0.5485287782295045,-0.5195465280176237,0.0309956073760986,4,211,7.0,54.0,1.0,100,4,99,4
0.3699999999999999,0.9300000000000006,11.67886267293752,3.582364210034113,4.241921269445536e-06,-1.9466173150898156,-1.1595092024539877,-1.9326130581237009,-1.063789868667918,0.0315227508544921,4,33,4.0,11.0,0.0,100,4,100,4
0.3699999999999999,0.9900000000000007,478.8533722167292,121.79978448256794,3.290719370496088e-06,-0.520500692820083,-0.5220401053040316,-0.4915112795495924,-0.4915404565547883,0.0300014019012451,4,1535,11.0,383.0,4.0,100,4,100,4
0.3799999999999999,0.25000000000000006,7.153087911291645,1.898464291649086,1.5250220991860883e-05,-2.64797623468251,-0.8119135937159063,-2.56158821311523,-0.7549198620409823,0.0305337905883789,4,14,3.0,7.0,0.0,70,4,70,4
0.3799999999999999,0.2900000000000001,1.4930394055974097,0.2282177322938192,2.2408325064355564e-06,0.2912929488064024,-0.0549450549450545,0.5782337058278639,0.1134751773049648,0.0340001583099365,4,10,7.0,1.0,0.0,1,4,3,4
0.3799999999999999,0.3100000000000001,0.5103103630798288,0.1767766952966369,3.285060158336764e-06,0.8354248097099363,-0.032258064516129,0.9450259477526608,0.2187500000000001,0.0310070514678955,4,11,7.0,1.0,0.0,2,4,2,4
0.3799999999999999,0.3200000000000001,1.357847561400027,0.3679900360969936,4.131180518110155e-06,-0.1328755250350022,-0.1073646850044367,0.5228981913259115,-0.0350318471337578,0.0295112133026123,4,10,4.0,2.0,0.0,1,4,25,4
0.3799999999999999,0.4000000000000002,0.6208193510729725,0.2700308624336608,5.459963684017315e-07,0.910119183177712,0.081967213114754,0.9505948645364596,0.2521367521367519,0.0300042629241943,4,11,10.0,2.0,1.0,2,4,9,4
0.3799999999999999,0.4300000000000002,14.6401275039985,3.971250852481285,8.528256016595666e-06,-1.3287241329307702,-0.8074239880619287,-1.2986451220820077,-0.7507950274645854,0.033036470413208,4,39,5.0,18.0,1.0,98,4,98,4
0.3799999999999999,0.4400000000000002,2.7745119690977487,0.7772815877574012,5.1073369293758e-06,-0.1881227914454624,-0.1544681733360977,0.0612773741171691,-0.1464716347104173,0.0310025215148925,4,10,5.0,4.0,1.0,1,4,25,4
0.3799999999999999,0.46000000000000024,20.09690067315522,5.0518148554092255,6.821002674887607e-06,-1.6360667719051496,-1.1404390084088676,-1.5802239836454277,-1.0470572507603353,0.0315089225769043,4,50,3.0,14.0,0.0,99,4,97,4
0.3799999999999999,0.48000000000000026,5.9712854562480935,1.7648182153789476,7.316116102682716e-06,-4.406248457627955,-1.1144751381215467,-4.2040257844806606,-1.024236679981044,0.0310039520263671,4,12,7.0,6.0,0.0,65,4,65,4
0.3799999999999999,0.5100000000000002,37.31551844295704,8.51346971960708,6.94590043349898e-06,-1.216208085373956,-1.0408682049276492,-1.161048076388341,-0.9592052801117296,0.0330860614776611,4,91,5.0,24.0,2.0,100,4,88,4
0.3799999999999999,0.5200000000000002,0.7216878364870323,0.2282177322938192,2.1794357143315478e-06,0.524517087667162,-0.0549450549450545,0.8252420397749117,-0.0526315789473688,0.0320141315460205,4,10,5.0,1.0,0.0,1,4,6,4
0.3799999999999999,0.5300000000000002,43.34358853010058,10.219466717984847,7.365834702377272e-06,-1.0687632473114657,-1.0250624879021737,-1.0163364484184148,-0.94530031276921,0.0312502384185791,4,92,2.0,24.0,0.0,96,4,95,4
0.3799999999999999,0.5500000000000003,38.50933328428317,9.502192729400234,6.409395117228638e-06,-0.9240864452469696,-0.8530317572367352,-0.8910935226875429,-0.7918753708094657,0.0299973487854003,4,115,6.0,30.0,1.0,100,4,96,4
0.3799999999999999,0.5600000000000003,65.84127061856162,15.830811202630564,5.545779979244565e-06,-1.2071736178879036,-1.1344353920539398,-1.1365778898300891,-1.0417775575048205,0.0305097103118896,4,167,7.0,40.0,1.0,100,4,100,4
0.3799999999999999,0.6000000000000003,66.81395188631389,15.343293866268308,5.495527205553808e-06,-1.3184762019831702,-1.2355970608328466,-1.2278828095193308,-1.1303169553434662,0.0305132865905761,4,160,2.0,45.0,1.0,100,5,98,5
0.3799999999999999,0.6300000000000003,206.8883303862255,50.24813429372279,4.777560519650317e-06,-0.9654015664951288,-0.934793441445247,-0.9001230061033598,-0.8660038227257876,0.0315132141113281,4,523,7.0,132.0,1.0,100,4,100,4
0.3799999999999999,0.6400000000000003,12.218070633287402,3.112474899497183,5.208358479080792e-06,-1.474492925143395,-0.9268371641307868,-1.4705894521983782,-0.8818672980027926,0.0309972763061523,4,36,4.0,9.0,1.0,100,4,97,5
0.3799999999999999,0.6700000000000004,43.18468092584067,10.582513091573915,4.342689694271728e-06,-0.8170120969766808,-0.7485595208850411,-0.7845147949206437,-0.7043139704285439,0.0300049781799316,4,119,6.0,27.0,2.0,100,4,97,4
0.3799999999999999,0.6800000000000004,82.14259704927767,20.14995864346459,4.862817325593594e-06,-0.8817308108100586,-0.8030562284158023,-0.8320422982064735,-0.7508358221961493,0.0319790840148925,4,228,5.0,58.0,1.0,100,4,96,4
0.3799999999999999,0.7100000000000004,0.1443375672974064,0.0,9.999999999999994e-08,0.8872577803875514,1.0,0.989420228523064,1.0,0.0330471992492675,4,10,3.0,0.0,0.0,1,4,1,4
0.3799999999999999,0.7800000000000005,238.35781488482115,58.2830735863052,3.896454550310981e-06,-0.7032514741235232,-0.7151791901858344,-0.6615357010776153,-0.6680849392141139,0.0319986343383789,4,682,8.0,164.0,1.0,100,4,100,4
0.3799999999999999,0.7900000000000005,108.92347275342752,26.88924041322105,3.8821994632130645e-06,-0.6670951997142898,-0.6392233422418852,-0.6313244428066871,-0.5995046469307395,0.0320253372192382,4,315,4.0,79.0,1.0,100,4,96,4
0.3799999999999999,0.8100000000000005,333.78537577810886,82.86000995655263,3.4425149522867936e-06,-0.6126077391546747,-0.6123980501297359,-0.5778049802185279,-0.5752723574600964,0.0310277938842773,4,1057,12.0,259.0,2.0,100,4,100,4
0.3799999999999999,0.8200000000000005,301.69804164650014,75.4787497688367,3.5868931570902577e-06,-0.5591306966406173,-0.5621288381194414,-0.5281615669923772,-0.5288641897312756,0.0299990177154541,4,983,8.0,252.0,1.0,100,4,100,4
0.3799999999999999,0.8300000000000005,265.6437346334372,65.96811098300957,3.6912781537109257e-06,-0.6136325380660845,-0.6039162545776631,-0.5788964331785149,-0.5665354795882833,0.0315518379211425,4,841,5.0,201.0,1.0,100,4,99,5
0.3799999999999999,0.8400000000000005,121.0701845349768,32.56739806411723,3.7831621964699615e-06,-0.5923393464262334,-0.530774790209434,-0.5635193926895818,-0.4997416498704714,0.0309991836547851,4,389,7.0,114.0,0.0,100,4,100,4
0.3799999999999999,0.8600000000000005,178.1992681429042,44.9807829337522,4.135033939421145e-06,-0.5557523272435216,-0.5485084827851265,-0.5253807780199637,-0.51526309630612,0.0305290222167968,4,574,2.0,150.0,0.0,100,4,100,4
0.3799999999999999,0.9000000000000006,367.2555167500324,91.54091753600318,3.6098544366591863e-06,-0.5695001654447476,-0.5665970301515597,-0.5364445596951293,-0.5321842204042966,0.0309979915618896,4,1159,3.0,300.0,0.0,100,4,100,4
0.3799999999999999,0.9200000000000006,26.411605719203568,6.8404434554103775,3.3489894462406163e-06,-1.049950065240433,-0.8207197051260942,-1.015327649114444,-0.7628198839176041,0.0315206050872802,4,72,5.0,21.0,1.0,100,4,98,4
0.3799999999999999,0.9600000000000006,717.8639248376626,179.97601113296554,3.6777344463014474e-06,-0.480383233260035,-0.4939747591833205,-0.4534349525763779,-0.4653001267857386,0.0349988937377929,4,2336,5.0,566.0,1.0,100,4,100,4
0.3799999999999999,0.9700000000000006,907.0495783031928,228.09692749647755,3.3293724115595278e-06,-0.4956501087784368,-0.5051809163594467,-0.4674112007383297,-0.4755874699978835,0.0329022407531738,4,2932,7.0,743.0,1.0,100,4,100,5
0.3799999999999999,0.9800000000000006,0.0,0.0,2.1473550992195025e-08,,,1.0,1.0,0.0029995441436767,99,3033,3033.0,754.0,754.0,100,99,100,99
0.3899999999999999,0.23000000000000004,0.2041241452319315,0.0,9.999999999999994e-08,0.8618705035971224,1.0,0.9806800618238022,1.0,0.0343811511993408,4,10,4.0,0.0,0.0,1,4,1,4
0.3899999999999999,0.2800000000000001,0.1020620726159657,0.1020620726159657,1.0432323745050593e-07,0.8516228748068007,-0.0105263157894739,0.9942857142857144,-0.0101010101010103,0.0300071239471435,4,10,1.0,1.0,0.0,1,4,7,4
0.3899999999999999,0.3300000000000001,3.400367627183861,0.7359800721939872,1.0088978024824107e-05,-1.0546439658330606,-0.3506493506493506,-0.7349442785914135,-0.322818621215976,0.0330080986022949,4,10,5.0,3.0,0.0,1,4,61,4
0.3899999999999999,0.37000000000000016,29.96230270412028,6.913151717318713,6.82201615183989e-06,-1.6586229002482344,-1.2201790466973144,-1.5866713327976885,-1.134310861353529,0.0310285091400146,4,68,7.0,20.0,0.0,99,4,99,4
0.3899999999999999,0.38000000000000017,0.6614378277661477,0.2886751345948128,3.2933571505103665e-06,0.0658016682113064,-0.0491803278688525,0.8472505091649694,0.1452991452991452,0.0330128669738769,4,10,1.0,2.0,0.0,1,4,15,4
0.3899999999999999,0.4400000000000002,11.019395778958724,2.633913438213185,6.294019798022112e-06,-4.079510328580961,-2.2742356736825933,-4.073025101834766,-2.074934207488804,0.0300097465515136,4,26,12.0,7.0,3.0,99,4,98,4
0.3899999999999999,0.45000000000000023,0.25,0.0,1.0398749912266238e-07,0.71875,1.0,0.9765432581414442,1.0,0.0316615104675293,4,10,4.0,1.0,0.0,1,4,4,4
0.3899999999999999,0.48000000000000026,0.9842509842514764,0.4330127018922193,6.109960971041159e-06,0.6053050397877984,0.0335570469798657,0.8041074249605056,0.0716864363073752,0.0305104255676269,4,10,9.0,2.0,2.0,1,4,5,4
0.3899999999999999,0.5100000000000002,31.14315066484657,7.699431797217247,7.228632128707707e-06,-1.1921732203748978,-1.0412482065997128,-1.1518915082446035,-0.966081552136917,0.0340008735656738,4,75,7.0,22.0,1.0,100,4,98,4
0.3899999999999999,0.5400000000000003,7.868714422741918,2.0207259421636903,6.819636159130019e-06,-2.2116890207180684,-0.9125838585078264,-2.1818254813688704,-0.8452268875917903,0.0305333137512207,4,21,6.0,7.0,0.0,99,4,96,4
0.3899999999999999,0.5700000000000003,0.699702317656111,0.1767766952966369,5.533150742418258e-07,0.7327014218009478,0.2173913043478265,0.8605341246290801,0.3684210526315788,0.0315065383911132,4,10,5.0,1.0,1.0,1,4,2,4
0.3899999999999999,0.7500000000000004,2.4022558842332624,0.6123724356957945,7.975208853741145e-07,0.6294288561096439,0.1053585296401762,0.6702380952380951,0.1219512195121952,0.0329096317291259,4,12,12.0,3.0,3.0,5,4,5,4
0.3899999999999999,0.8800000000000006,208.277259120305,52.138037937766704,3.961704982949622e-06,-0.6457130279006082,-0.6482675309334582,-0.608642931705258,-0.6072180821580342,0.0322859287261962,4,640,6.0,151.0,1.0,100,4,99,4
0.3899999999999999,0.8900000000000006,732.5912414732607,181.0710898606769,3.72561908168978e-06,-0.4952013592944622,-0.502851102827651,-0.4670304604055046,-0.4736314512643755,0.0315160751342773,4,2354,4.0,555.0,0.0,100,4,99,4
0.3899999999999999,0.9200000000000006,550.5616166697421,139.0445447209874,3.476790313137392e-06,-0.4983803293336388,-0.4917695693759392,-0.4705218276966239,-0.4629913375381187,0.0305497646331787,4,1856,7.0,492.0,1.0,100,4,100,4
0.3899999999999999,0.9800000000000006,201.6261391784309,97.06492672433232,5.45169162576213e-07,0.8811718132155162,0.4164833422518184,0.9975129291167318,0.990406013485005,0.0049998760223388,90,4939,4538.0,1151.0,996.0,100,99,99,99
0.3899999999999999,0.9900000000000007,460.5788251392661,116.6429291327454,3.4163702859351626e-06,-0.4299806292863237,-0.4303212738800843,-0.4071926179622951,-0.4063023893762749,0.0295162200927734,4,1552,6.0,393.0,1.0,100,4,100,4
0.3999999999999998,0.22000000000000003,7.302254218162133,1.906676864774592,1.9988392810083725e-05,-2.203713361844164,-1.3017312448474856,-2.16262920195973,-1.2118004943279042,0.0299971103668212,4,16,6.0,5.0,1.0,89,4,89,4
0.3999999999999998,0.24000000000000005,2.694516035704124,0.8720187306856813,1.5465339492795884e-05,-0.975961964385908,-0.3584027912386125,-0.397942196995527,-0.3392038158136121,0.0305230617523193,4,10,4.0,5.0,0.0,1,4,91,4
0.3999999999999998,0.25000000000000006,4.921254921257382,1.2706625568314087,1.776634033193441e-05,-2.057199211045365,-0.6623840911629988,-1.751479289940828,-0.628835645229088,0.0309998989105224,4,11,4.0,4.0,0.0,92,4,51,4
0.3999999999999998,0.26000000000000006,1.005194840151235,0.2700308624336608,1.29217764581896e-06,0.662412993039443,-0.038639876352396,0.796064250273316,0.0837696335078528,0.0315179824829101,4,10,6.0,2.0,0.0,1,4,14,4
0.3999999999999998,0.2700000000000001,6.6794148945348,1.479019945774904,8.890596730366344e-06,-2.646658152405279,-0.7236662106703144,-2.566462099574489,-0.6866115171472174,0.0300118923187255,4,15,6.0,5.0,0.0,91,4,84,4
0.3999999999999998,0.3200000000000001,5.917840259193664,1.5241117631809902,1.0239673396131755e-05,-1.897885521885522,-0.7288217717838976,-1.7947031978653183,-0.6914441747572808,0.0305402278900146,4,13,3.0,6.0,0.0,24,4,62,4
0.3999999999999998,0.3300000000000001,11.492751338706208,2.78575244174113,8.51846262550669e-06,-4.164268259571002,-1.522573363431151,-4.054309915296463,-1.4017537638221729,0.0320136547088623,4,25,8.0,7.0,1.0,94,4,87,4
0.3999999999999998,0.35000000000000014,7.983054970790735,1.9418633662885072,1.0106250283790024e-05,-2.143497877852054,-1.1377952755905514,-2.109830174197254,-1.0447356529597829,0.0330431461334228,4,17,3.0,5.0,0.0,85,4,88,4
0.3999999999999998,0.37000000000000016,1.6832508230603465,0.5496210815947049,5.693350924197834e-06,-0.517521938745859,-0.2345898004434587,0.2544677118736981,-0.1963696369636962,0.0315413475036621,4,10,2.0,2.0,0.0,1,4,25,4
0.3999999999999998,0.38000000000000017,1.7260262647673317,0.5863019699779287,3.400247164500537e-06,-0.0698254364089778,-0.1003820771101073,0.350280560666985,-0.0959814015277313,0.0300121307373046,4,10,2.0,4.0,0.0,1,4,18,4
0.3999999999999998,0.4300000000000002,0.770551750371122,0.25,1.562258689234505e-06,0.7411909378990684,-0.0666666666666666,0.8792270531400966,-0.0638297872340425,0.0299994945526123,4,10,7.0,1.0,0.0,1,4,7,4
0.3999999999999998,0.5100000000000002,34.145216844139874,8.164327896403966,9.454948436050238e-06,-0.5968785589224166,-0.5961627903955431,-0.582790256462761,-0.5589864030268552,0.03102707862854,4,97,5.0,29.0,0.0,96,4,93,4
0.3999999999999998,0.5200000000000002,2.376096238230542,0.4564354645876384,4.116970529015949e-06,-0.370742116494112,-0.2030075187969924,-0.0484370164035907,-0.1500862564692351,0.0309967994689941,4,10,2.0,2.0,0.0,1,4,14,4
0.3999999999999998,0.5600000000000003,78.68290792796108,19.06622231416946,5.4105446644552924e-06,-0.9921065367203784,-0.9340500997561516,-0.9391205239347464,-0.8692780209585391,0.0332214832305908,4,198,7.0,49.0,0.0,100,4,99,4
0.3999999999999998,0.5900000000000003,22.059342314160983,5.4246735692881405,5.032733066422187e-06,-1.6393043682963788,-1.3689727463312371,-1.5869263173167067,-1.2583559168925027,0.030013084411621,4,55,4.0,14.0,1.0,100,4,99,4
0.3999999999999998,0.6000000000000003,32.404185686420206,8.068715304598786,6.182635453983217e-06,-0.8676131572796972,-0.8058582040138205,-0.8432973267132648,-0.7575928008998871,0.0309944152832031,4,92,9.0,28.0,1.0,100,4,99,4
0.3999999999999998,0.6100000000000003,68.77885757992786,15.38431289766733,4.8592619964664585e-06,-1.0116969059378929,-0.9121397012413212,-0.9548259835071472,-0.8448359857096457,0.0308120250701904,4,182,4.0,43.0,1.0,100,4,97,5
0.3999999999999998,0.6500000000000004,95.35727773309526,23.471392161522928,5.874312721746005e-06,-0.6206501171231933,-0.6016297838069571,-0.5905128921190526,-0.5652246486701493,0.0349986553192138,4,298,6.0,79.0,0.0,100,4,99,4
0.3999999999999998,0.6600000000000004,34.37734840463024,8.453303101943838,4.269210823031197e-06,-0.9819112075869354,-0.8979111910361046,-0.9441544616865184,-0.8481798392137425,0.030153751373291,4,91,13.0,23.0,2.0,100,24,98,4
0.3999999999999998,0.6700000000000004,0.4564354645876384,0.2886751345948128,7.224530509411336e-07,0.9302224160488444,0.0576687116564416,0.9619771863117872,0.0599294947121031,0.029994249343872,4,10,8.0,2.0,1.0,1,4,10,4
0.3999999999999998,0.7300000000000004,14.088263436870658,3.913118960624632,5.734348416055717e-06,-0.5189933964896429,-0.3535911602209944,-0.5158663167248887,-0.3381762569298414,0.0340440273284912,4,55,4.0,17.0,0.0,100,4,99,4
0.3999999999999998,0.7700000000000005,188.7958553570496,45.0314704771378,6.248724801550834e-06,-0.5159865455078372,-0.5558906430660864,-0.4892777600087576,-0.5226504341976874,0.0309994220733642,4,594,2.0,131.0,0.0,100,4,100,4
0.3999999999999998,0.7800000000000005,305.7890578759591,77.48796949634612,4.035121820460764e-06,-0.6075540742016945,-0.6006452053507128,-0.5732634310859701,-0.5638533407522324,0.0325195789337158,4,981,8.0,249.0,1.0,100,4,100,5
0.3999999999999998,0.8200000000000005,154.02144060703583,38.27722342769043,4.173310722335468e-06,-0.5305302882414731,-0.5339610295186854,-0.5041255747804896,-0.5038931709153518,0.0309994220733642,4,492,7.0,126.0,0.0,100,4,100,4
0.3999999999999998,0.8400000000000005,91.58255610831866,22.189993991286556,4.8996353313458885e-06,-0.5514052169861254,-0.5500187009739876,-0.5268456490378253,-0.5166492927383397,0.0325498580932617,4,269,5.0,66.0,1.0,100,4,100,4
0.3999999999999998,0.8500000000000005,108.93719520898269,28.09878407808186,4.012113672919699e-06,-0.477122188732543,-0.4424797497412962,-0.4558277381301132,-0.4196424072936759,0.0329997539520263,4,381,3.0,102.0,0.0,100,4,99,4
0.3999999999999998,0.9000000000000006,578.9436770964858,142.3142063651178,3.5753394281036254e-06,-0.5350075835207595,-0.5305558963082597,-0.5042982618144976,-0.4994821776696354,0.0306668281555175,4,1849,6.0,457.0,1.0,100,4,100,5
0.3999999999999998,0.9100000000000006,361.9544170196021,91.61905960734008,3.555163017858748e-06,-0.4527416105045472,-0.4575660596004531,-0.4285040025221609,-0.4316162509707431,0.031001329421997,4,1185,5.0,297.0,1.0,100,4,99,4
0.3999999999999998,0.9300000000000006,36.06244584051392,53.033008588991066,2.555741274621365e-07,0.9140392623438428,0.2441547970975544,0.9999622500365214,0.9987206065786852,0.003000259399414,98,3295,3244.0,879.0,804.0,100,99,100,99
0.3999999999999998,0.9600000000000006,89.94917546407342,23.561311862174964,3.5128297647016923e-06,-0.5648633293352694,-0.5222552855838356,-0.5408931479491872,-0.4910990955701824,0.0313043594360351,4,311,9.0,91.0,2.0,100,4,100,4
0.3999999999999998,0.9700000000000006,101.76607162180004,79.07802054511312,5.747423989673319e-07,0.9550601483418022,0.5718524153670597,0.9993600717100428,0.9935822583882208,0.004997968673706,91,4679,4420.0,1133.0,980.0,100,99,100,99
0.4099999999999998,0.21000000000000002,0.962851667357612,0.338501600193165,1.5933437768343302e-05,0.0664335664335667,-0.083076923076923,0.6578370689323747,-0.079489695780176,0.0320208072662353,4,10,3.0,2.0,0.0,1,4,24,4
0.4099999999999998,0.24000000000000005,1.299038105676658,0.2282177322938192,1.6984106674787966e-06,0.154000979165533,-0.0549450549450545,0.5149119655048507,-0.0526315789473688,0.0340018272399902,4,10,3.0,1.0,0.0,1,4,7,4
0.4099999999999998,0.26000000000000006,0.1767766952966369,0.1020620726159657,1.0445561359510857e-07,0.6883116883116883,-0.0105263157894739,0.9845169281585466,-0.0101010101010103,0.0320041179656982,4,10,2.0,1.0,0.0,1,4,7,4
0.4099999999999998,0.2800000000000001,0.5773502691896257,0.2282177322938192,2.20080543529416e-06,0.897640943622551,-0.0549450549450545,0.9448237809504104,0.4658119658119657,0.031998872756958,4,10,8.0,2.0,0.0,1,4,4,4
0.4099999999999998,0.38000000000000017,0.4564354645876384,0.25,2.820959802391232e-06,0.7849221462977484,-0.0666666666666666,0.9254732448949172,-0.0638297872340425,0.0313584804534912,4,10,4.0,1.0,0.0,1,4,8,4
0.4099999999999998,0.3900000000000002,0.2282177322938192,0.0,9.999999999999994e-08,0.6657381615598887,1.0,0.9725937294452972,1.0,0.0300014019012451,4,10,2.0,0.0,0.0,1,4,1,4
0.4099999999999998,0.45000000000000023,31.999511715024653,6.695769808866889,6.378848328538813e-06,-1.160276075199588,-1.1330800245737032,-1.1094617086165592,-1.0567813092865777,0.0309937000274658,4,67,5.0,16.0,1.0,84,4,84,5
0.4099999999999998,0.49000000000000027,0.2886751345948128,0.25,2.721625807352098e-06,0.6665219279201043,-0.0666666666666666,0.9565665888484716,0.0783410138248845,0.0306184291839599,4,10,2.0,1.0,0.0,1,4,2,4
0.4099999999999998,0.5000000000000002,44.08987034077858,10.098989223349696,5.447835858198835e-06,-1.7717858938133246,-1.5383437529537258,-1.6698870431304305,-1.4149310865340028,0.0309996604919433,4,96,8.0,23.0,2.0,94,4,93,4
0.4099999999999998,0.5500000000000003,14.346166735403571,3.606995517971524,5.406717409843709e-06,-1.2297735274582529,-0.8019025291916506,-1.2078469190377907,-0.7459008373055263,0.0305113792419433,4,38,3.0,12.0,0.0,97,4,97,4
0.4099999999999998,0.5600000000000003,34.92611248526428,8.290305583430968,5.169033177262847e-06,-0.7059117467866158,-0.6060732840918599,-0.6804513500838905,-0.5680440326156961,0.0295207500457763,4,104,5.0,27.0,1.0,100,4,99,4
0.4099999999999998,0.5700000000000003,0.9185586535436918,0.2886751345948128,1.742376223960598e-06,0.0076569678407351,-0.0491803278688525,0.6510275300504071,-0.0471204188481675,0.0312600135803222,4,10,2.0,2.0,0.0,1,4,9,4
0.4099999999999998,0.5900000000000003,43.22651096260257,9.92996307478868,5.646701670882323e-06,-1.3961342116922064,-1.3280865715691097,-1.3166305893802988,-1.2245931997856716,0.0320203304290771,4,99,5.0,24.0,0.0,100,4,99,4
0.4099999999999998,0.6100000000000003,121.61076055733446,28.700137920690672,7.579171993482833e-06,-0.8408731864762025,-0.8958756861785291,-0.789761849874439,-0.8302855963062372,0.0305609703063964,4,318,5.0,78.0,1.0,99,4,96,4
0.4099999999999998,0.6200000000000003,179.0011638695868,41.83636277211488,3.960318458557433e-06,-0.82451808354436,-0.8367389185682708,-0.775083456551882,-0.7824751652529205,0.0299997329711914,4,477,21.0,111.0,4.0,100,26,100,18
0.4099999999999998,0.6300000000000003,99.07294240440558,23.520824106877438,5.534461109256872e-06,-0.7571519812527294,-0.7460917594069008,-0.7174583032222874,-0.6954920534384874,0.0290009975433349,4,265,4.0,66.0,0.0,100,4,97,4
0.4099999999999998,0.6600000000000004,206.5280701260727,49.60846701924985,4.431375910290604e-06,-0.6872217235664919,-0.6755744680851063,-0.6477300483643096,-0.6328286356520272,0.031996726989746,4,560,5.0,143.0,0.0,100,4,100,4
0.4099999999999998,0.7100000000000004,122.34841812081864,29.823788044668863,3.943414478101734e-06,-0.8160369499873941,-0.7713794624305825,-0.7690512029884746,-0.7208206848337513,0.0320019721984863,4,368,9.0,107.0,4.0,100,4,100,4
0.4099999999999998,0.7300000000000004,282.81991472784705,64.7448517901874,2.7810203573395274e-06,-1.9653220656098085,-1.5538631096745124,-1.9099284063043835,-1.501662296042368,0.0319995880126953,4,670,544.0,161.0,112.0,100,65,100,61
0.4099999999999998,0.7400000000000004,21.273761225196328,5.587374159656752,4.014119739959733e-06,-0.7550864285741337,-0.5163247129011346,-0.7342034886041595,-0.4934595739379595,0.0320010185241699,4,76,2.0,23.0,0.0,100,4,100,4
0.4099999999999998,0.8000000000000005,84.20448820183715,22.32244759578722,4.020016513609808e-06,-0.7512446898926237,-0.6927461099788677,-0.7142659263209523,-0.6514967595642225,0.0315561294555664,4,264,6.0,73.0,1.0,100,4,100,5
0.4099999999999998,0.8200000000000005,323.8696850843973,81.90606916869267,4.113866244929161e-06,-0.5008438700471474,-0.4935344627667306,-0.4734108280774083,-0.4646208286144426,0.0350208282470703,4,1042,3.0,267.0,0.0,100,4,100,4
0.4099999999999998,0.8300000000000005,501.84119334041657,129.08270120353075,3.27694075752367e-06,-0.5433626539185366,-0.5216115986397858,-0.5121196905302341,-0.4910558878546922,0.0290150642395019,4,1631,20.0,422.0,4.0,100,26,100,20
0.4099999999999998,0.8800000000000006,501.52456113002745,125.75940157035312,4.3659054240826045e-06,-0.4338424214454104,-0.449099553319749,-0.4108431158492103,-0.4235273337310659,0.0309994220733642,4,1678,3.0,419.0,0.0,100,4,99,4
0.4099999999999998,0.8900000000000006,122.67733762462676,32.860183606709604,3.5140195738273664e-06,-0.5025159379133324,-0.4780146040561277,-0.4779668293591526,-0.4509926057607178,0.0301306247711181,4,415,3.0,117.0,0.0,100,4,100,4
0.4099999999999998,0.9000000000000006,49.70789675695402,56.01115960235067,4.832723960071227e-07,0.9756893221555296,0.5294172793557566,0.99983193477674,0.9963077118137618,0.0039985179901123,92,4043,3927.0,957.0,864.0,100,99,100,99
0.4199999999999998,0.21000000000000002,0.408248290463863,0.2041241452319315,2.642855623732691e-06,0.915747901925292,0.1560439560439565,0.958697952967294,0.1578947368421051,0.0330030918121337,4,10,7.0,1.0,1.0,1,4,5,4
0.4199999999999998,0.2900000000000001,2.1237741562291097,0.5951190357119042,1.1650300804907555e-05,-0.1564977881645939,-0.2612055641421942,0.1492956639619638,-0.2269938650306751,0.0310025215148925,4,10,6.0,2.0,0.0,1,4,9,4
0.4199999999999998,0.3000000000000001,2.8559149146989657,0.699702317656111,4.408985804988552e-06,-0.0899125668798122,-0.0869669959046017,0.0841998152025169,-0.0088001717106673,0.0310068130493164,4,10,5.0,5.0,0.0,1,4,11,4
0.4199999999999998,0.3100000000000001,7.091661770464428,1.8929694486000912,7.724658264937589e-06,-0.6756131420638596,-0.3885548501030149,-0.669369422324877,-0.3573232323232322,0.0309994220733642,4,21,14.0,7.0,2.0,82,41,97,18
0.4199999999999998,0.3200000000000001,20.367713421000403,4.777333635687032,8.489195975014404e-06,-2.615031997458358,-1.4947634353761663,-2.504487856388596,-1.354015578834273,0.0340003967285156,4,44,5.0,12.0,0.0,99,4,91,4
0.4199999999999998,0.34000000000000014,2.8192049706728786,0.8897565210026093,7.590222437790344e-06,-0.4519793050131824,-0.3611940298507461,-0.0853639454330783,-0.3392070484581495,0.0310237407684326,4,10,7.0,4.0,0.0,1,4,18,4
0.4199999999999998,0.35000000000000014,22.900827859854036,4.257346591481601,6.8725949385198895e-06,-60.35201827875096,-12.333333333333334,-59.42316739474821,-12.107344632768362,0.0320296287536621,4,14,39.0,5.0,7.0,46,63,38,46
0.4199999999999998,0.36000000000000015,2.4600982365209183,0.6208193510729725,4.079556870552597e-06,-0.3504103818124595,-0.1476575121163168,-0.08282391531236,-0.1353175820803926,0.0325684547424316,4,10,5.0,2.0,2.0,1,4,5,4
0.4199999999999998,0.38000000000000017,20.056690488047455,4.756574397610112,6.970352697077216e-06,-1.8374919922758468,-1.1633690588589274,-1.8090496526330568,-1.0898480722787238,0.0319995880126953,4,44,9.0,12.0,1.0,95,4,78,4
0.4199999999999998,0.3900000000000002,36.01243998028089,8.339789166000141,7.325317029071554e-06,-2.0833640323314624,-1.5349378912691851,-1.95676963500987,-1.4080786223063746,0.0314087867736816,4,90,6.0,24.0,0.0,100,4,100,4
0.4199999999999998,0.4000000000000002,1.9012057577583057,0.6846531968814576,9.637593388871982e-06,0.0046611688777339,-0.1136890951276101,0.3713768115942027,-0.1086474501108647,0.0310332775115966,4,10,6.0,4.0,0.0,1,4,22,4
0.4199999999999998,0.4200000000000002,1.2541597452743676,0.5496210815947049,1.950378426186762e-06,0.5816691677248067,-0.0879249706916764,0.7431972789115647,-0.0841121495327097,0.0315406322479248,4,10,7.0,4.0,0.0,1,4,8,4
0.4199999999999998,0.45000000000000023,7.213269023126754,1.620185174601965,7.247910929233482e-06,-1.5998839724787053,-0.7173280329381699,-1.5628527449974348,-0.6716417910447761,0.035996675491333,4,19,6.0,6.0,1.0,82,4,82,4
0.4199999999999998,0.46000000000000024,6.531175238806566,1.8902160370356256,7.985765664310173e-06,-7.897539777742569,-1.638672970590592,-7.306962025316453,-1.476355497797992,0.0313878059387207,4,12,8.0,6.0,0.0,94,4,97,4
0.4199999999999998,0.49000000000000027,10.024968827881713,2.39791576165636,6.536094134323025e-06,-2.468125498477887,-1.4069767441860463,-2.4324258940387926,-1.278731836195508,0.0300242900848388,4,25,5.0,7.0,0.0,100,4,98,4
0.4199999999999998,0.5200000000000002,1.282900359861721,0.408248290463863,2.4521675488300847e-06,0.3795557737145661,-0.1034482758620689,0.6823737536185268,-0.0989010989010985,0.0305371284484863,4,10,6.0,2.0,0.0,1,4,13,4
0.4199999999999998,0.5800000000000003,22.324314099205825,5.395793114393224,5.453446070202451e-06,-0.8280088657767724,-0.6492209348781461,-0.8140792478570515,-0.6074766355140186,0.0325503349304199,4,61,4.0,17.0,0.0,99,4,96,4
0.4199999999999998,0.6300000000000003,71.80188309972564,17.35385403880072,4.669081442612949e-06,-0.9003869594114386,-0.8354054025457356,-0.8544576935832293,-0.7760519564768675,0.0335144996643066,4,199,8.0,50.0,1.0,100,4,95,4
0.4199999999999998,0.6500000000000004,52.60267737165729,13.514652542086806,5.380828058698295e-06,-0.8562510304496271,-0.7520056954673571,-0.8198969581900397,-0.7058145960291704,0.0299997329711914,4,165,4.0,40.0,0.0,100,4,100,4
0.4199999999999998,0.6900000000000004,43.703427592505065,10.986734425357398,5.44552019255911e-06,-0.8183313587572785,-0.8117691510915097,-0.783214198881595,-0.7582857775801872,0.0295093059539794,4,108,5.0,37.0,0.0,100,4,86,4
0.4199999999999998,0.7400000000000004,223.29541811241896,52.6671940901861,4.7767382527986045e-06,-0.5980607717893129,-0.6111557750179433,-0.5639797423588118,-0.5727089682824107,0.0309994220733642,4,681,3.0,170.0,0.0,100,4,100,4
0.4199999999999998,0.7500000000000004,738.0879012692187,181.267010696008,3.995276997374744e-06,-0.6024251285648943,-0.6186135860336892,-0.5663909383210113,-0.5800296211912517,0.034006118774414,4,2109,14.0,517.0,4.0,100,4,100,4
0.4199999999999998,0.7800000000000005,495.4824563830019,119.931577715518,4.234310188858657e-06,-0.5906680009705674,-0.5800685355783872,-0.5555962024685792,-0.5442379810092448,0.0310175418853759,4,1485,4.0,348.0,0.0,100,4,100,4
0.4199999999999998,0.7900000000000005,369.5048770539662,91.51713182058684,4.365174722205437e-06,-0.5348109869138145,-0.5334444531415452,-0.5049934286307263,-0.5019817026697282,0.0310039520263671,4,1238,7.0,321.0,1.0,100,4,100,4
0.4199999999999998,0.8000000000000005,21.730115431508104,5.670648111106877,5.267397270592591e-06,-0.5783430896785846,-0.5433151237091391,-0.5734467198889275,-0.5145419577674855,0.0299971103668212,4,77,6.0,21.0,0.0,100,4,97,4
0.4199999999999998,0.8200000000000005,109.0664934798951,27.28304571218788,5.1097466775034825e-06,-0.5552680613635927,-0.5465171563737441,-0.5288851720973151,-0.5143995001945478,0.0319998264312744,4,348,6.0,91.0,0.0,100,4,100,4
0.4199999999999998,0.8300000000000005,257.18459648016767,65.7103809657703,4.389452974738445e-06,-0.5341627513531795,-0.5270533976327785,-0.5051979428207327,-0.495919237669215,0.0300173759460449,4,846,5.0,234.0,0.0,100,4,99,4
0.4199999999999998,0.8700000000000006,77.5132381166813,20.338284916219788,4.380997813703717e-06,-0.3600143751689195,-0.3662994801326817,-0.3481518618698109,-0.3474464007470506,0.0319941043853759,4,288,5.0,71.0,1.0,100,4,97,4
0.4199999999999998,0.8800000000000006,91.22214186625231,25.136295139366368,4.246909165134559e-06,-0.532070471354269,-0.47359214809776,-0.5079942409208729,-0.4480173792642463,0.0305087566375732,4,326,6.0,89.0,0.0,100,4,100,4
0.4199999999999998,0.8900000000000006,44.87656682501459,11.265729744080792,3.955670475675071e-06,-0.5488240888136144,-0.4665456314477587,-0.5298091423929594,-0.4415881132872445,0.0330176353454589,4,142,3.0,38.0,0.0,100,4,96,4
0.4199999999999998,0.9800000000000006,1007.2093735774216,349.2583411872777,1.1429127638683391e-06,0.3983940359192104,-0.5621588259254056,0.9511604880497212,0.8987544253804488,0.0079820156097412,82,7291,4999.0,1671.0,1048.0,100,96,100,93
0.4299999999999998,0.21000000000000002,4.236498160824181,1.224744871391589,1.8269843104520068e-05,-3.469640878752668,-0.9470422535211264,-2.958098826123911,-0.891998423334647,0.0290002822875976,4,10,4.0,4.0,0.0,1,4,99,4
0.4299999999999998,0.24000000000000005,1.6551686721701004,0.5863019699779287,1.598808673053472e-05,-0.8328856624319418,-0.3614095401804902,0.3441396508728181,-0.3200000000000003,0.0290243625640869,4,10,8.0,2.0,0.0,1,4,71,4
0.4299999999999998,0.26000000000000006,0.3061862178478972,0.1443375672974064,1.6249903193364098e-06,0.8860158311345646,-0.0212765957446807,0.967479674796748,-0.0204081632653068,0.0309994220733642,4,10,5.0,1.0,0.0,1,4,9,4
0.4299999999999998,0.2700000000000001,0.5303300858899106,0.2700308624336608,5.725038818468216e-06,0.5642232683254877,-0.0386398763523954,0.8836206896551725,0.0837696335078533,0.0320005416870117,4,10,3.0,2.0,0.0,1,4,7,4
0.4299999999999998,0.3000000000000001,0.5303300858899106,0.0,9.999999999999994e-08,0.7941386704789135,1.0,0.9247050949552412,1.0,0.0295302867889404,4,10,6.0,0.0,0.0,1,4,1,4
0.4299999999999998,0.3100000000000001,2.5678298230217678,0.8228507357554792,1.4932369051460602e-05,-1.0119189511323006,-0.7147568013190437,-0.41030211211122,-0.6683778234086242,0.0300252437591552,4,10,6.0,2.0,0.0,1,4,8,4
0.4299999999999998,0.3300000000000001,0.5,0.2700308624336608,8.168663375283796e-06,0.7466739967014842,-0.0786516853932584,0.9292035398230089,0.1452991452991457,0.0295078754425048,4,10,6.0,1.0,0.0,1,4,2,4
0.4299999999999998,0.34000000000000014,0.25,0.2282177322938192,1.4785215921952393e-06,0.9439197741213124,-0.019108280254777,0.9831004957187922,0.2592592592592592,0.030515432357788,4,10,6.0,2.0,0.0,1,4,9,4
0.4299999999999998,0.4200000000000002,2.028443574106348,0.6454972243679028,7.220957662930117e-06,-0.8480432769628148,-0.3636363636363633,0.1299559471365637,-0.3140604467805519,0.0305500030517578,4,11,7.0,2.0,0.0,2,4,49,4
0.4299999999999998,0.4300000000000002,73.38390775004196,16.261854650274877,6.731109873076414e-06,-0.9601260547480012,-0.97693048971606,-0.909399558087162,-0.9085099984964666,0.0299994945526123,4,189,8.0,42.0,1.0,99,4,100,4
0.4299999999999998,0.4400000000000002,0.2282177322938192,0.1767766952966369,1.1348585292727397e-06,0.740119112073633,0.2173913043478266,0.9749448787332132,0.3684210526315787,0.0330901145935058,4,10,1.0,1.0,1.0,1,4,3,4
0.4299999999999998,0.46000000000000024,1.6298006013006625,0.6208193510729725,4.566578705769528e-06,0.3444027852169254,-0.1951547779273215,0.5466183059526348,-0.1843790012804096,0.031005859375,4,10,8.0,3.0,1.0,1,4,16,4
0.4299999999999998,0.49000000000000027,50.28398519078084,11.391242981635791,9.413510685612934e-06,-0.6376631120953231,-0.6637640429898091,-0.6174663496512403,-0.628442645666986,0.0355827808380126,4,137,8.0,32.0,1.0,99,4,99,5
0.4299999999999998,0.5300000000000002,8.983201916169238,2.56377001048586,7.75082387165772e-06,-1.5395923468568915,-0.816317351803544,-1.52069396360986,-0.7588850174216029,0.0299994945526123,4,27,4.0,10.0,0.0,100,4,100,4
0.4299999999999998,0.5700000000000003,26.81281565470761,7.58836829188814,7.741663827283652e-06,-0.7528947784062905,-0.5826126373298661,-0.7361020274689343,-0.5534024233977024,0.0310304164886474,4,82,4.0,29.0,0.0,100,4,100,4
0.4299999999999998,0.5800000000000003,145.79523311823334,35.425244059380404,4.209040190425856e-06,-0.9028429141967896,-0.8423862578655774,-0.8471184269126262,-0.7853819050080499,0.0290167331695556,4,408,12.0,105.0,2.0,100,19,97,5
0.4299999999999998,0.6300000000000003,179.09389995195258,43.51400636576688,4.962739829152839e-06,-0.8346501614543194,-0.8347202742059279,-0.7842339152448041,-0.7782773172668498,0.0315122604370117,4,516,10.0,128.0,2.0,100,4,99,4
0.4299999999999998,0.6400000000000003,0.408248290463863,0.1020620726159657,1.790558569553497e-07,0.8079999999999999,-0.0105263157894739,0.9540810469521296,0.4897959183673466,0.0345501899719238,4,10,4.0,1.0,0.0,1,4,4,4
0.4299999999999998,0.6700000000000004,158.60771182385804,38.64784922864402,5.419459495009524e-06,-0.6070038426381204,-0.611076188589109,-0.5751256810411438,-0.5734076970580917,0.0299999713897705,4,460,6.0,115.0,0.0,100,4,99,4
0.4299999999999998,0.6800000000000004,360.3432969636964,90.46534787788453,2.918215696717773e-06,-0.5613246142495738,-0.5778516049616347,-0.5235734246487365,-0.5402751640486116,0.0295267105102539,4,1155,110.0,279.0,22.0,100,51,99,45
0.4299999999999998,0.6900000000000004,168.86690395101107,41.49071181200278,4.967648509342819e-06,-0.6334544709861751,-0.6289287583307897,-0.598146001911618,-0.5896960164004317,0.0310049057006835,4,492,6.0,137.0,1.0,100,4,99,5
0.4299999999999998,0.7100000000000004,84.48113694784179,22.3380747454505,4.966604193929784e-06,-0.5681669151886002,-0.5033349231821866,-0.5426273517840952,-0.4736577864092961,0.0335183143615722,4,279,7.0,75.0,2.0,100,4,99,4
0.4299999999999998,0.7200000000000004,277.5555875255742,67.3081378190384,4.155839435204847e-06,-0.6192513478897557,-0.6207724547774085,-0.5835345613000789,-0.5819363533569404,0.0320000648498535,4,831,9.0,207.0,3.0,100,13,97,4
0.4299999999999998,0.7700000000000005,57.88737268754444,14.461154863979573,3.993895356550848e-06,-0.6083043052372334,-0.5239155530955955,-0.5810058919059078,-0.4943337241109806,0.0315287113189697,4,183,3.0,56.0,0.0,100,4,100,4
0.4299999999999998,0.7800000000000005,157.3504912077917,39.5692957565164,4.535888053995366e-06,-0.4953721043671413,-0.5012498659204472,-0.4715621483602195,-0.471740881174377,0.035999059677124,4,503,7.0,119.0,1.0,100,4,97,4
0.4299999999999998,0.7900000000000005,308.22397835556745,79.13747268730114,4.467085702658207e-06,-0.5054458282502632,-0.5127143294945127,-0.4779360948030462,-0.4829459720946982,0.029536485671997,4,983,6.0,244.0,2.0,100,4,100,4
0.4299999999999998,0.8000000000000005,335.74390351873853,86.25078502058209,4.658852758544706e-06,-0.5319280612686583,-0.5222878202760366,-0.5019526645855028,-0.4911356143475474,0.0300028324127197,4,1105,4.0,277.0,1.0,100,4,99,4
0.4299999999999998,0.8500000000000005,2.5617376914898995,0.9736101204623268,5.235952865600639e-06,-2.292682926829269,-0.5337078651685394,-1.290909090909091,-0.5038836555941169,0.0300092697143554,4,10,5.0,4.0,1.0,1,4,98,4
0.4299999999999998,0.8600000000000005,291.64170726538185,77.43888719500042,3.880806132408848e-06,-0.4278466354157721,-0.408896059176028,-0.4061995080788798,-0.3862226767855843,0.0315115451812744,4,1052,8.0,292.0,2.0,100,4,100,4
0.4299999999999998,0.8700000000000006,905.411031198906,225.25945688620192,3.843705931066738e-06,-0.4742115868011789,-0.4889181209629156,-0.4477289345389961,-0.4604657979898097,0.0330390930175781,4,2958,9.0,712.0,1.0,100,4,100,4
0.4299999999999998,0.9500000000000006,169.49059708432205,43.90116741044593,4.161985717037826e-06,-0.403278694294227,-0.4142656801000888,-0.3836720875598045,-0.3916790197967998,0.031872272491455,4,575,4.0,158.0,1.0,100,4,100,4
0.4299999999999998,0.9600000000000006,81.81564642536291,56.48274072670341,4.785887334265933e-07,0.9831300953977,0.8551638537501316,0.9996000209089072,0.996967036082933,0.0050015449523925,90,5128,5003.0,1237.0,1139.0,100,99,100,99
0.4299999999999998,0.9800000000000006,67.82575715267271,47.69696007084728,3.27464877948112e-07,0.9871749078147132,0.8720714053644273,0.9997322683572856,0.9978954805087776,0.0052123069763183,91,4994,4855.0,1219.0,1127.0,100,99,100,99
0.43999999999999984,0.22000000000000003,0.6846531968814576,0.2886751345948128,2.448113440711718e-06,0.5510755481658527,-0.0491803278688525,0.8127808287568646,0.0599294947121031,0.0310118198394775,4,10,2.0,2.0,0.0,1,4,12,4
0.43999999999999984,0.26000000000000006,1.118033988749895,0.3952847075210474,4.911097330870902e-06,0.1165644171779139,-0.0027855153203337,0.5983263598326359,-4.440892098500626e-16,0.0334992408752441,4,10,4.0,2.0,1.0,1,4,13,4
0.43999999999999984,0.2800000000000001,0.0,0.0,9.999999999999994e-08,1.0,1.0,1.0,1.0,0.0346968173980712,4,10,0.0,0.0,0.0,1,4,1,4
0.43999999999999984,0.3200000000000001,1.4860462083439174,0.5103103630798288,8.266572875979492e-06,0.3789062500000001,-0.2251148545176109,0.6274427105300155,-0.1814744801512284,0.0329785346984863,4,10,7.0,2.0,0.0,1,4,11,4
0.43999999999999984,0.4100000000000002,4.933938588997638,1.5034682127223928,9.355164772903866e-06,-2.844013432938113,-0.9062957540263544,-2.502120453762119,-0.8561286459669835,0.0328931808471679,4,13,6.0,5.0,1.0,91,4,91,4
0.43999999999999984,0.4200000000000002,9.233092656309694,2.316157018281216,9.048667940258273e-06,-2.4082396678798714,-1.1837455830388692,-2.379025598678779,-1.0846826424870466,0.0310401916503906,4,21,5.0,6.0,1.0,80,4,100,4
0.43999999999999984,0.46000000000000024,48.17740653044744,11.489125293076055,4.251342712231051e-06,-0.90808472498348,-0.8906025624288991,-0.8558163103151546,-0.8225252732996884,0.0315234661102294,4,144,15.0,36.0,3.0,100,36,100,31
0.43999999999999984,0.48000000000000026,14.792312192487016,3.2882366094914763,6.82649024526923e-06,-2.1154664371932346,-1.219727345629511,-2.08322324966975,-1.1325115562403698,0.0330092906951904,4,35,4.0,11.0,0.0,96,4,96,4
0.43999999999999984,0.5300000000000002,1.6832508230603465,0.478713553878169,4.156427703323728e-06,-0.1369356032568465,-0.1022964509394575,0.3312845728334359,-0.0978043912175652,0.0309948921203613,4,10,3.0,2.0,0.0,1,4,16,4
0.43999999999999984,0.5500000000000003,62.629449276412025,15.97393710600698,6.578098023409074e-06,-0.6635864010815047,-0.6554998391396754,-0.6362415810502839,-0.619060712132909,0.0290033817291259,4,179,6.0,56.0,1.0,100,4,99,4
0.43999999999999984,0.5800000000000003,421.8516721945444,99.24454225128284,6.124442747834606e-06,-0.7701943254010977,-0.8102022139105232,-0.7203770830400924,-0.7537896685828116,0.0300004482269287,4,1171,6.0,273.0,1.0,100,4,98,5
0.43999999999999984,0.5900000000000003,130.01806765471738,31.492889409092545,4.397630516399312e-06,-0.7948536996795628,-0.7391855644779053,-0.7484683255598721,-0.6891408219351112,0.0310022830963134,4,380,9.0,111.0,3.0,100,4,100,4
0.43999999999999984,0.6400000000000003,0.3227486121839514,0.1020620726159657,2.1951407901218895e-07,0.90689554844341,0.7961783439490446,0.9697299915243976,0.8287671232876712,0.032567024230957,4,10,7.0,2.0,2.0,1,4,5,4
0.43999999999999984,0.7100000000000004,215.59005755522836,53.41367646336782,4.483718197585518e-06,-0.5722391293505651,-0.5748501602435483,-0.5411412528369386,-0.5404906802254295,0.0358049869537353,4,631,5.0,168.0,0.0,100,4,100,4
0.43999999999999984,0.7800000000000005,141.81347785030871,35.23078672600618,5.151821423699774e-06,-0.5279564799772491,-0.5182331705245273,-0.5023562837045157,-0.48811608993988,0.0371925830841064,4,466,3.0,124.0,0.0,100,4,100,4
0.43999999999999984,0.8900000000000006,22.62741699796952,16.97056274847714,1.781781418651526e-07,0.9089777777777778,0.8478002378121284,0.999984544831082,0.999863345696309,0.0043208599090576,98,3273,3305.0,831.0,807.0,100,99,100,99
0.43999999999999984,0.9400000000000006,1.4361406616345072,0.4677071733467426,1.476800157276547e-06,0.0286181520850367,-0.0862068965517244,0.3944954128440366,-0.080246913580247,0.0383927822113037,4,10,3.0,2.0,1.0,1,4,12,4
0.43999999999999984,0.9500000000000006,63.69234087168006,41.20332857566589,3.633435402094717e-07,0.9776036077774618,0.8203732974028105,0.9997550316284404,0.9983762640164322,0.0060122013092041,93,4334,4217.0,1048.0,992.0,100,99,100,99
0.43999999999999984,0.9900000000000007,0.0,0.0,1.2827371361889642e-07,,,1.0,1.0,0.0030100345611572,99,3031,3031.0,755.0,755.0,100,99,100,99
0.44999999999999984,0.22000000000000003,0.5773502691896257,0.3061862178478972,1.0447671400082723e-05,0.8522792844777842,0.2596401028277635,0.9165884683557504,0.2616899097620999,0.0313467979431152,4,10,7.0,2.0,2.0,1,4,5,4
0.44999999999999984,0.24000000000000005,1.7707107800729815,0.5103103630798288,1.4104523484392193e-05,0.1544943820224719,-0.1928429423459248,0.5004232294899669,-0.1515430677107321,0.0310289859771728,4,10,10.0,2.0,1.0,1,4,65,4
0.44999999999999984,0.25000000000000006,0.7430231041719587,0.2700308624336608,2.629668888505642e-06,0.4356073211314476,-0.038639876352396,0.7978333841928593,0.0837696335078529,0.0310022830963134,4,10,4.0,2.0,0.0,1,4,9,4
0.44999999999999984,0.2700000000000001,13.032411518978366,3.2834813841409245,1.2100031226145533e-05,-1.1551810785543457,-0.6852388948252175,-1.1428684077718905,-0.6402795606903438,0.0310199260711669,4,32,4.0,10.0,0.0,95,4,94,4
0.44999999999999984,0.3200000000000001,19.48236381961901,4.257346591481601,7.832343536700074e-06,-5.452355962998147,-2.8382352941176467,-5.155067567567567,-2.5601023017902813,0.0335762500762939,4,33,7.0,9.0,1.0,100,4,51,5
0.44999999999999984,0.35000000000000014,0.9789450103725608,0.2282177322938192,1.1423007101919846e-06,0.5649903955080527,-0.0549450549450545,0.772699197035207,-0.0526315789473688,0.0309994220733642,4,10,5.0,1.0,0.0,1,4,8,4
0.44999999999999984,0.38000000000000017,5.357043649875057,1.3501543121683042,8.28650478703448e-06,-6.13749831331804,-0.7684210526315793,-5.519321328001136,-0.7150137201097613,0.0306065082550048,4,12,8.0,5.0,1.0,23,4,92,4
0.44999999999999984,0.4000000000000002,14.455751450547288,3.139134700306227,7.870188644167152e-06,-1.8779900981369375,-1.3711749347258482,-1.811632796075683,-1.247030878859857,0.0332899093627929,4,36,5.0,10.0,2.0,98,4,98,4
0.44999999999999984,0.45000000000000023,24.903773141166116,5.905505905508858,7.237991058777256e-06,-1.9192999086784108,-1.4957331324786658,-1.831113672502073,-1.3809015851342985,0.0381457805633544,4,69,6.0,17.0,1.0,99,4,98,4
0.44999999999999984,0.5300000000000002,0.4564354645876384,0.1767766952966369,4.0521045963055974e-07,0.9232245681381958,0.2173913043478266,0.9623947051744886,0.4680851063829786,0.0350255966186523,4,10,8.0,1.0,1.0,1,4,3,4
0.44999999999999984,0.5500000000000003,48.21047603996459,11.574937004868175,9.245806861418528e-06,-0.7715413890021017,-0.808368202062393,-0.7429833803056969,-0.7550323115885074,0.0366170406341552,4,130,8.0,31.0,1.0,100,4,96,4
0.44999999999999984,0.5600000000000003,162.6061512264117,40.34564206123547,5.74170033081043e-06,-0.9352580627497044,-0.8543328416558189,-0.8726840197179788,-0.7941193354688341,0.0327575206756591,4,489,5.0,131.0,1.0,100,4,100,4
0.44999999999999984,0.6500000000000004,109.8988171000944,27.72502629995747,4.604297769380469e-06,-0.9631569995161092,-0.8709560190662928,-0.9053942309116014,-0.8095341086622869,0.0310020446777343,4,327,7.0,95.0,1.0,100,4,99,4
0.44999999999999984,0.6600000000000004,20.841415099108158,5.143766454003655,6.826146325893574e-06,-0.6490841703155259,-0.5376854000605387,-0.6401876860251479,-0.5053100701687843,0.0325567722320556,4,65,4.0,19.0,0.0,99,4,98,4
0.44999999999999984,0.6700000000000004,26.352774996193475,7.23489806424389,7.024723070624005e-06,-0.5466654938197169,-0.4639520027676707,-0.5290269490741761,-0.4372788664231632,0.0329837799072265,4,89,1.0,28.0,0.0,100,4,98,4
0.44999999999999984,0.7000000000000004,373.4754844698645,93.84256541321392,4.212951297616581e-06,-0.5941746714786054,-0.598747005182235,-0.559829983694766,-0.5622693555441414,0.0339088439941406,4,1160,11.0,301.0,2.0,100,13,100,7
0.44999999999999984,0.7100000000000004,288.46676223902585,72.49202542349055,4.511569627853366e-06,-0.5014888571832679,-0.513441460675351,-0.4746501331547259,-0.4843658880161718,0.031003713607788,4,891,10.0,227.0,2.0,100,14,100,10
0.44999999999999984,0.7500000000000004,0.0,0.0,7.341893160640292e-08,,,1.0,1.0,0.0019996166229248,99,3035,3035.0,700.0,681.0,100,99,99,99
0.44999999999999984,0.7900000000000005,880.2833114022629,217.37620998321472,4.314489168295822e-06,-0.484538130749587,-0.495141291670212,-0.4572946821868402,-0.4662174719837819,0.0318930149078369,4,2762,6.0,724.0,1.0,100,4,100,5
0.44999999999999984,0.8000000000000005,10.548005340663543,2.614064523559687,5.541929620166066e-06,-0.7384911700078669,-0.6040753948038717,-0.734280495230363,-0.574085182963407,0.0309085845947265,4,36,4.0,11.0,0.0,100,4,97,4
0.44999999999999984,0.8200000000000005,600.9101170308252,152.99077450399855,3.9784322955348274e-06,-0.474885604675707,-0.4751914953774561,-0.4490597790081614,-0.4481352731927301,0.0392146110534668,4,2035,10.0,506.0,2.0,100,4,99,5
0.44999999999999984,0.8400000000000005,720.8962087221711,183.7294206162965,4.675813699425574e-06,-0.4703367736306125,-0.48386787571489,-0.4441889070443876,-0.4558244318388038,0.0329995155334472,4,2420,6.0,600.0,0.0,100,4,100,4
0.44999999999999984,0.8500000000000005,40.912126360448845,11.805277774509728,4.22495835875392e-06,-0.4342825072830998,-0.3632348679999873,-0.4238312948876583,-0.3437115524644085,0.0321640968322753,4,155,5.0,44.0,0.0,100,4,98,4
0.44999999999999984,0.9400000000000006,719.4833360358899,185.49814689101345,3.408489245008655e-06,-0.3872153635679485,-0.3972898373270723,-0.3668644074215079,-0.3756465520221108,0.0335338115692138,4,2567,9.0,625.0,3.0,100,4,99,4
0.44999999999999984,0.9600000000000006,580.8901394985687,151.56049397297878,3.6011774974618696e-06,-0.358349755191369,-0.3625166758685625,-0.3401555067393917,-0.3431636211101034,0.0316126346588134,4,2053,6.0,513.0,1.0,100,4,100,4
0.44999999999999984,0.9700000000000006,472.1942396937938,197.46695926154328,8.004370075703849e-07,0.827311669964099,0.3445774891573091,0.9888738949158096,0.9682304863554932,0.0069963932037353,85,6733,5574.0,1587.0,1178.0,100,99,99,97
0.44999999999999984,0.9900000000000007,1498.3733208702204,486.7890356380177,1.3309543244368388e-06,0.3806906241830685,-0.5685881607060463,0.9233915439396236,0.854595572145356,0.0120058059692382,77,9164,6076.0,2094.0,1276.0,100,93,100,90
0.45999999999999985,0.21000000000000002,0.338501600193165,0.1443375672974064,1.1962182504642802e-06,0.8523283456859181,-0.0212765957446807,0.9602658575350383,-0.0204081632653068,0.0347568988800048,4,10,4.0,1.0,0.0,1,4,9,4
0.45999999999999985,0.22000000000000003,0.3061862178478972,0.1443375672974064,1.0261617513133838e-06,0.932309620808524,0.3118279569892472,0.9750692520775625,0.4791666666666667,0.037522554397583,4,10,7.0,1.0,1.0,1,4,3,4
0.45999999999999985,0.25000000000000006,0.962851667357612,0.25,1.3178110677989383e-06,0.6842105263157896,-0.0666666666666666,0.8470895471101643,0.1847826086956521,0.0347599983215332,4,11,6.0,1.0,0.0,2,4,2,4
0.45999999999999985,0.2700000000000001,3.5252068497229114,1.0801234497346437,1.4363373887647482e-05,-3.087949743003997,-0.5564562825709323,-1.9960571586428584,-0.5277588323557492,0.034391164779663,4,11,5.0,4.0,0.0,99,4,98,4
0.45999999999999985,0.3000000000000001,27.50454507895013,5.723671607164991,7.186814935653254e-06,-4.230710364556723,-2.557860004713646,-3.908157893136188,-2.227494766224704,0.0354251861572265,4,45,10.0,14.0,1.0,82,4,64,4
0.45999999999999985,0.3200000000000001,0.568257570707744,0.1443375672974064,6.364217350960417e-07,0.7187942927336293,-0.0212765957446807,0.8943097746411647,0.3127147766323022,0.0380699634552001,4,10,4.0,1.0,0.0,1,4,2,4
0.45999999999999985,0.3900000000000002,5.256939857623127,1.4754942674688143,8.731572352079688e-06,-1.8045632735761796,-0.7154582763337893,-1.5605389389157525,-0.6785800337322303,0.0310554504394531,4,14,8.0,6.0,1.0,99,4,95,4
0.45999999999999985,0.4000000000000002,26.115927451780585,6.274120124235217,9.098124686998695e-06,-1.1769888149452696,-0.937710644525512,-1.134457523558542,-0.8745039682539681,0.03471040725708,4,63,3.0,19.0,0.0,98,4,98,4
0.45999999999999985,0.4200000000000002,55.28458570584269,13.08824217889222,6.773409274140849e-06,-0.9929631277402876,-0.9000600568795214,-0.944551715526942,-0.8373398402760086,0.0339224338531494,4,135,9.0,43.0,1.0,100,4,100,4
0.45999999999999985,0.4300000000000002,9.48024261292927,2.25,1.0389332239931742e-05,-2.6829987327419462,-1.3893071132278385,-2.653161373365116,-1.2630966239813737,0.0291128158569335,4,21,5.0,5.0,1.0,90,4,52,4
0.45999999999999985,0.46000000000000024,37.63337392970943,9.10471489577424,6.236827349320539e-06,-1.0648956482216383,-0.8353497400613088,-1.0192599155921376,-0.7759428698951123,0.0340828895568847,4,103,6.0,31.0,2.0,99,4,99,4
0.45999999999999985,0.47000000000000025,87.95713918343031,19.92485884517128,6.408718908888796e-06,-1.116084096440502,-1.1019784295622892,-1.0496375464235177,-1.0160769867181827,0.0354151725769043,4,206,7.0,51.0,1.0,99,4,98,5
0.45999999999999985,0.48000000000000026,11.534820472522895,3.024207885270676,7.225102169724971e-06,-1.4480486811528237,-0.9214005653323604,-1.4468458044630554,-0.8767099863201095,0.0320026874542236,4,25,8.0,8.0,2.0,75,4,75,4
0.45999999999999985,0.5700000000000003,0.5863019699779287,0.2041241452319315,1.2112290399389434e-06,0.4633237336947313,-0.0434782608695645,0.8373101952277657,0.2907801418439718,0.033198595046997,4,10,2.0,1.0,0.0,1,4,3,4
0.45999999999999985,0.6100000000000003,432.7499518582681,102.3236796478052,4.547774403811598e-06,-0.8269007356496749,-0.8221524821606871,-0.7720063969978137,-0.7649363524372452,0.0320045948028564,4,1224,11.0,307.0,3.0,100,4,100,4
0.45999999999999985,0.6200000000000003,280.5800353731533,66.8938057670514,6.446789221894502e-06,-0.6152348614420646,-0.6231492065046429,-0.5793322657202706,-0.5836745840872222,0.0333456993103027,4,845,2.0,207.0,0.0,100,7,100,4
0.45999999999999985,0.6500000000000004,489.78630544350665,118.5105920020091,4.404806876472199e-06,-0.6781406481072252,-0.704320654872838,-0.6363144935422085,-0.6584937826825359,0.0330030918121337,4,1432,9.0,331.0,2.0,100,4,99,4
0.45999999999999985,0.6700000000000004,0.478713553878169,0.25,2.319688566870402e-06,0.718812408467581,0.0754414125200642,0.918106015485408,0.184782608695652,0.0325088500976562,4,10,5.0,1.0,1.0,1,4,2,4
0.45999999999999985,0.6900000000000004,654.8324690331108,171.16588566845516,2.233543348968134e-06,-0.0248747562503366,-0.2132192744575782,0.0015032218527506,-0.1801442288614894,0.0313537120819091,4,2512,1020.0,599.0,210.0,100,70,100,66
0.45999999999999985,0.7200000000000004,258.8701009515519,65.02891984853099,4.761697968184437e-06,-0.5942840073592903,-0.5745211411769198,-0.5607240038003316,-0.5395846271890368,0.0302302837371826,4,813,7.0,217.0,0.0,100,4,100,4
0.45999999999999985,0.7400000000000004,726.6841502101629,184.6594839156657,3.974750672140521e-06,-0.5767417522248117,-0.5820384858118739,-0.5426094940534829,-0.5471225247324416,0.0429203510284423,4,2292,9.0,575.0,2.0,100,11,100,11
0.45999999999999985,0.7700000000000005,302.51465184901923,76.59158461171393,4.20595405778125e-06,-0.4691991791866763,-0.4570175715662325,-0.4447091465576536,-0.4314523918458643,0.0490882396697998,4,1025,7.0,263.0,0.0,100,4,100,4
0.45999999999999985,0.7900000000000005,46.27814458971607,27.646579052991957,3.976832185243945e-07,0.8798721128797038,-0.4325281132861309,0.999918827909847,0.999503080019694,0.0063567161560058,97,3460,3393.0,809.0,786.0,100,99,100,99
0.45999999999999985,0.8100000000000005,172.47004570842634,44.7438310459293,4.424083983472456e-06,-0.4996542142437998,-0.4827886912992207,-0.4743071032878561,-0.4552252819242017,0.0539300441741943,4,592,5.0,167.0,0.0,100,4,99,4
0.45999999999999985,0.8200000000000005,0.0,0.0,9.073680618424548e-09,,,1.0,1.0,0.005357027053833,99,3120,3120.0,772.0,772.0,100,99,100,99
0.45999999999999985,0.8300000000000005,0.25,0.1443375672974064,1.036086013680773e-07,0.9,-0.0212765957446807,0.974025974025974,-0.0204081632653068,0.0414290428161621,4,10,3.0,1.0,0.0,1,4,6,4
0.45999999999999985,0.8400000000000005,416.5600071818385,107.09740504170335,4.488015062559977e-06,-0.4018088774233102,-0.4150086999879203,-0.3808395885109821,-0.3920968547215209,0.0484538078308105,4,1426,3.0,341.0,0.0,100,4,100,4
0.45999999999999985,0.8800000000000006,942.3840924897756,331.86225388789785,1.2726279571928677e-06,0.3042255175218011,-0.7978346749473089,0.955598115834964,0.9028540480176142,0.011045217514038,82,6791,4810.0,1571.0,1004.0,100,96,100,92
0.45999999999999985,0.8900000000000006,67.1629149371671,60.60881595468246,4.3785778417968363e-07,0.9778642604628804,0.7606976008338452,0.99973312677817,0.9966605051510506,0.007068395614624,93,4425,4302.0,1126.0,1014.0,100,99,100,99
0.45999999999999985,0.9200000000000006,703.755217565028,184.8261007000905,4.238258935369667e-06,-0.3884125261217845,-0.3913264707884587,-0.3679780707125482,-0.3698836021713114,0.0347251892089843,4,2493,4.0,640.0,0.0,100,4,100,4
0.45999999999999985,0.9400000000000006,2227.131868569977,621.9383570740753,1.6988058794625147e-06,-0.4219368449181699,-2.042645912342042,0.8336232872823712,0.7469486420011713,0.0095064640045166,75,8967,5343.0,1904.0,1119.0,100,90,98,86
0.45999999999999985,0.9500000000000006,0.3952847075210474,0.1020620726159657,1.746838600128813e-07,0.8761929326799072,0.7961783439490446,0.9588093145869948,0.8287671232876712,0.030513048171997,4,10,6.0,2.0,2.0,1,4,5,4
0.46999999999999986,0.26000000000000006,0.2282177322938192,0.1020620726159657,1.0553242097266663e-07,0.8657342657342657,-0.0105263157894739,0.9793695329262254,0.4897959183673466,0.0327687263488769,4,10,4.0,1.0,0.0,1,4,3,4
0.46999999999999986,0.3000000000000001,22.322914236273004,5.63748614188984,1.0910180660810903e-05,-2.3540026467159976,-1.4611661498903428,-2.2367346855926127,-1.3252623636737773,0.036313772201538,4,62,5.0,20.0,0.0,100,4,100,4
0.46999999999999986,0.37000000000000016,9.081230643475584,2.48746859276655,1.1188162092064242e-05,-1.968132966758311,-1.0275920921632768,-1.9395056640342183,-0.9475409836065578,0.0308401584625244,4,21,3.0,7.0,0.0,93,4,95,4
0.46999999999999986,0.46000000000000024,28.112867753634337,6.760023422050153,7.445893996204378e-06,-1.186326573983246,-0.8792032555150997,-1.1408118787520358,-0.8153303760593225,0.0349397659301757,4,62,5.0,20.0,1.0,90,4,90,4
0.46999999999999986,0.5100000000000002,160.25396510955144,38.5878327110157,6.102243406524822e-06,-0.8072059804770213,-0.8110480028516833,-0.7578459109245739,-0.758294258009196,0.0401456356048584,4,433,5.0,107.0,1.0,100,4,98,5
0.46999999999999986,0.5200000000000002,16.683012817433987,3.993484276501745,7.388128306997521e-06,-1.1122173957797217,-0.9644995722840036,-1.08853793746033,-0.9001874123443916,0.0313391685485839,4,39,6.0,12.0,3.0,94,4,93,4
0.46999999999999986,0.5500000000000003,255.9274799625863,59.95249855788609,5.547987265503711e-06,-0.7226098922993325,-0.7315774113412503,-0.6797262864649014,-0.6835425232406622,0.0315182209014892,4,710,9.0,179.0,0.0,100,4,99,4
0.46999999999999986,0.5600000000000003,45.15943976623271,11.429585148493652,5.41800332211722e-06,-1.1055471186252324,-0.9841032579586716,-1.0544281804836877,-0.9167781131787092,0.0310029983520507,4,125,7.0,33.0,2.0,99,4,98,4
0.46999999999999986,0.5700000000000003,64.78208664438033,16.13032857693854,5.069644969870516e-06,-0.7150832945029479,-0.6935397410698332,-0.6833951144375241,-0.6498715929867578,0.0315361022949218,4,200,6.0,49.0,1.0,100,4,98,5
0.46999999999999986,0.6000000000000003,266.717039513164,63.97248757604058,5.3511477860499536e-06,-0.6485637004063778,-0.6597206184695976,-0.6112412410050725,-0.6185353062525556,0.0345487594604492,4,781,10.0,185.0,1.0,100,4,99,4
0.46999999999999986,0.6200000000000003,534.6103916249041,131.34544148922717,5.14568427758707e-06,-0.6011077945424277,-0.599873274794706,-0.5651735318478419,-0.5628334184711077,0.0300009250640869,4,1680,5.0,417.0,1.0,100,4,100,4
0.46999999999999986,0.6300000000000003,423.34549277156594,105.46395513792062,7.358746144673294e-06,-0.6441644225223688,-0.6437357027841664,-0.6050364264824695,-0.6024725562013629,0.0315701961517334,4,1329,5.0,316.0,2.0,100,4,99,4
0.46999999999999986,0.6600000000000004,447.81963677727816,108.65211111616746,5.060062419129824e-06,-0.5660205270017098,-0.5757599159277791,-0.5333938819313488,-0.5408063516123935,0.0341691970825195,4,1325,4.0,338.0,0.0,100,4,100,4
0.46999999999999986,0.7000000000000004,377.4615046597467,94.871568888331,4.054246936387355e-06,-0.5123064168797977,-0.500800746933193,-0.4842799434483442,-0.4715677107226221,0.0331518650054931,4,1244,13.0,315.0,3.0,100,16,99,4
0.46999999999999986,0.7100000000000004,247.370315350623,63.83458440897588,4.331211014604656e-06,-0.5246836109149742,-0.5137217382303392,-0.4968346478860519,-0.4836388637635129,0.031097412109375,4,792,6.0,197.0,0.0,100,4,100,4
0.46999999999999986,0.7200000000000004,742.0615007082185,183.7368476018533,4.710890735223601e-06,-0.5597186954420752,-0.5720068489717649,-0.527012359533725,-0.5369977112440658,0.0300338268280029,4,2401,9.0,600.0,2.0,100,4,100,4
0.46999999999999986,0.7400000000000004,94.4402368343776,24.759047167988243,5.037380689565839e-06,-0.4869432043771931,-0.4824732659050545,-0.4654992947470782,-0.4553432034564799,0.0315346717834472,4,343,4.0,91.0,1.0,100,4,99,4
0.46999999999999986,0.7600000000000005,367.79921209359145,92.94980724383817,4.5693838930776845e-06,-0.499998390159492,-0.5100573556211614,-0.4724550986221651,-0.4801360220105919,0.0309991836547851,4,1221,4.0,324.0,0.0,100,4,100,4
0.46999999999999986,0.7800000000000005,382.0888858193426,99.96572329220318,4.343956374983521e-06,-0.4673876107369896,-0.4709060115265502,-0.4424393500535364,-0.443711559269643,0.0300145149230957,4,1283,6.0,337.0,2.0,100,4,100,4
0.46999999999999986,0.8300000000000005,775.0642446490054,198.0176759786863,4.279666959652258e-06,-0.4397854185311511,-0.4530858758720235,-0.4158003778904868,-0.4274484701024736,0.0312442779541015,4,2635,6.0,640.0,1.0,100,4,100,4
0.46999999999999986,0.8400000000000005,337.8736666023757,87.50023809491415,4.3448863537874455e-06,-0.4371893013735564,-0.4235629537027403,-0.4144633628381433,-0.4005551694257612,0.0309994220733642,4,1159,7.0,307.0,2.0,100,4,99,4
0.46999999999999986,0.8500000000000005,401.01072824385466,104.63249176681846,4.19587205007096e-06,-0.4004484023886021,-0.4060649979277568,-0.3797143276942796,-0.3835918687550024,0.0313680171966552,4,1428,3.0,356.0,0.0,100,4,100,4
0.46999999999999986,0.8700000000000006,379.850779363862,98.75696177991706,4.466968434772521e-06,-0.4200601053513606,-0.4229974073930358,-0.3984012906997229,-0.3993209568490472,0.0330381393432617,4,1325,3.0,330.0,1.0,100,4,100,4
0.46999999999999986,0.9200000000000006,80.55964959492528,60.95548727203671,5.207224999468019e-07,0.9686180960956148,0.7231141013903379,0.9995995023612,0.9964451050057468,0.0039975643157958,93,4348,4190.0,1054.0,981.0,100,99,100,99
0.46999999999999986,0.9400000000000006,35.11765937530575,36.40398329853479,2.050543760886141e-07,0.9851764819010644,0.7538397241667537,0.9999422993895908,0.9990948789202064,0.003258466720581,96,3916,3872.0,1018.0,969.0,100,99,100,99
0.46999999999999986,0.9500000000000006,102.04839538179912,68.7213576699413,4.18936894310534e-07,0.9690325324099084,0.7265298145547723,0.9994284937627498,0.9961030049570858,0.00600266456604,92,4953,4810.0,1225.0,1143.0,100,99,100,99
0.46999999999999986,0.9800000000000006,303.221371278477,143.37735758015162,6.327492031674776e-07,0.9435881498252484,0.7243646043185703,0.996041482431058,0.9857236378673786,0.0102250576019287,85,7417,6529.0,1725.0,1405.0,100,99,100,98
0.46999999999999986,0.9900000000000007,184.70607281119197,107.835265309844,5.724066064722829e-07,0.9418699267029504,0.6666166422679741,0.9981517894171776,0.9907950925209432,0.0066926479339599,91,5422,5039.0,1342.0,1187.0,100,99,99,99
0.47999999999999976,0.23000000000000004,1.454160697217929,0.4448782605013046,9.288621087757293e-06,0.4991776315789474,-0.0961538461538464,0.6452227406980198,0.0847784200385355,0.0299873352050781,4,10,9.0,2.0,1.0,1,4,4,4
0.47999999999999976,0.24000000000000005,0.8897565210026093,0.2886751345948128,3.764533366988986e-06,0.5448817915289128,-0.0909090909090912,0.8070870139100416,0.0231990231990233,0.0309762954711914,4,10,6.0,1.0,0.0,1,4,4,4
0.47999999999999976,0.2700000000000001,1.4505745987941008,0.2700308624336608,2.506382791303822e-06,0.2849293853018178,-0.0786516853932586,0.5097563343364722,0.0489130434782607,0.0329198837280273,4,10,5.0,1.0,0.0,1,4,4,4
0.47999999999999976,0.2900000000000001,0.3535533905932738,0.0,9.999999999999994e-08,0.8152661962796663,1.0,0.9446596568898727,1.0,0.0316863059997558,4,10,4.0,0.0,0.0,1,4,1,4
0.47999999999999976,0.3000000000000001,9.9958324649159,2.516611478423583,1.2503512359627136e-05,-2.5425880614930056,-1.2476894639556375,-2.533290358228198,-1.18108767398479,0.0305075645446777,4,28,6.0,7.0,0.0,100,4,98,4
0.47999999999999976,0.3300000000000001,0.5496210815947049,0.1020620726159657,3.382291013990385e-07,-0.7324206596141885,-0.0105263157894739,0.9110947607222784,0.8518518518518519,0.0310089588165283,4,10,4.0,2.0,0.0,1,4,4,4
0.47999999999999976,0.38000000000000017,0.9947780321927768,0.3535533905932738,3.3945223714310544e-06,0.2601606230226332,-0.0221827861579417,0.7056545313710303,-0.0178117048346053,0.0309998989105224,4,10,4.0,2.0,1.0,1,4,17,4
0.47999999999999976,0.5100000000000002,19.358191633862223,4.088856808449031,6.711347372396147e-06,-0.6481125160344512,-0.5213871005963902,-0.6391134617347307,-0.4902506963788304,0.0319817066192626,4,63,5.0,16.0,1.0,99,4,99,4
0.47999999999999976,0.5700000000000003,61.86830771889595,15.13928388883261,5.203646798647459e-06,-0.7855471680024961,-0.697784179323294,-0.7485867306070628,-0.6538498253547211,0.0305101871490478,4,197,6.0,60.0,1.0,100,4,100,4
0.47999999999999976,0.5800000000000003,68.58487746337866,16.556091527491223,5.5285252812007945e-06,-0.6833347752336303,-0.6616843098187049,-0.6530660057912019,-0.618833940021815,0.0310003757476806,4,217,6.0,54.0,1.0,100,4,99,4
0.47999999999999976,0.6900000000000004,365.74097163612026,90.63399380659187,4.986976490980996e-06,-0.5904004227500688,-0.5822068921123547,-0.5568547394315313,-0.5468329501855587,0.0295047760009765,4,1132,7.0,295.0,1.0,100,4,100,5
0.47999999999999976,0.7100000000000004,411.916898475894,105.41772067984267,4.865415585506329e-06,-0.4782676281406979,-0.4728192014195698,-0.4520064136785897,-0.4457038492797656,0.0334885120391845,4,1340,4.0,343.0,0.0,100,4,100,4
0.47999999999999976,0.7800000000000005,164.049662196137,42.79030750843778,5.012139482044824e-06,-0.3934005099493791,-0.3895233091068719,-0.375078534325677,-0.3686574127713222,0.0305101871490478,4,577,7.0,154.0,2.0,100,4,99,4
0.47999999999999976,0.8000000000000005,159.55591781281856,89.78205935384965,5.805721369844078e-07,0.9367228548347954,0.6000545365825656,0.9983582898587812,0.9913692315670192,0.0053474903106689,89,5017,4637.0,1208.0,1014.0,100,99,100,99
0.47999999999999976,0.8100000000000005,41.89442513202511,30.879951887453267,3.5331441510459365e-07,0.9872598840261624,0.8853329210472067,0.9998970804544968,0.99907241826025,0.0059211254119873,93,4250,4201.0,1011.0,972.0,100,99,100,99
0.47999999999999976,0.8300000000000005,15.556349186104043,6.363961030678928,4.923973686876935e-08,0.9644444444444444,0.6652892561983471,0.9999926374541552,0.9999809922804463,0.0020146369934082,98,3281,3303.0,819.0,810.0,100,99,100,99
0.47999999999999976,0.8900000000000006,847.3468457977131,216.03802230934568,4.066745895140589e-06,-0.3980418979458449,-0.4175439273649022,-0.3769114724183557,-0.3942573966432616,0.0339288711547851,4,2958,6.0,708.0,1.0,100,4,100,5
0.47999999999999976,0.9300000000000006,456.21376568446505,181.76731593676885,7.515797770704362e-07,0.8362910390090001,0.4469737470020315,0.99020424979989,0.974673553112813,0.0067610740661621,86,6751,5713.0,1567.0,1222.0,100,99,100,98
0.48999999999999977,0.23000000000000004,0.7071067811865476,0.2282177322938192,7.583866716449246e-06,0.2183206106870229,-0.0549450549450545,0.7903106024201652,0.1134751773049645,0.0376911163330078,4,10,2.0,1.0,0.0,1,4,3,4
0.48999999999999977,0.25000000000000006,9.100137361600648,2.406588179698942,1.6852489878336535e-05,-2.0322293560485662,-1.1221374045801529,-2.001540413193186,-1.0487121854158228,0.0350892543792724,4,20,1.0,7.0,0.0,94,4,81,4
0.48999999999999977,0.26000000000000006,4.21307488658818,1.1636866703140785,1.6548141975974005e-05,-2.173245911815484,-0.7105263157894737,-1.5857359635811838,-0.672886372410243,0.0317177772521972,4,11,5.0,4.0,0.0,66,4,66,4
0.48999999999999977,0.2700000000000001,0.5303300858899106,0.25,5.656633825616552e-06,0.3221757322175733,-0.0285714285714284,0.8808683374514649,-0.0273972602739729,0.0333821773529052,4,10,3.0,2.0,0.0,1,4,22,4
0.48999999999999977,0.2800000000000001,9.648510247701456,2.3651109910530628,9.692643390060107e-06,-10.371585351306216,-2.3156676099819915,-10.327139760960211,-2.149375403202158,0.0341646671295166,4,16,10.0,7.0,1.0,100,4,98,4
0.48999999999999977,0.3100000000000001,21.45926373387493,5.34536403499955,1.370042111199481e-05,-1.1334534457242134,-1.1202103076514305,-1.1098609080114392,-1.029281428708821,0.0332283973693847,4,53,5.0,14.0,0.0,98,4,98,4
0.48999999999999977,0.3200000000000001,10.223543090990194,2.169869427715256,1.17766941049718e-05,-1.440626433126667,-0.868090235922163,-1.42674302740667,-0.8054002236779036,0.0378918647766113,4,23,1.0,6.0,0.0,83,4,86,4
0.48999999999999977,0.3300000000000001,1.1770372409854613,0.2886751345948128,3.303098158107596e-06,0.5212957408518297,0.0191570881226054,0.7131828082206553,0.1111111111111111,0.0424211025238037,4,10,7.0,1.0,1.0,1,4,4,4
0.48999999999999977,0.3900000000000002,40.534835841121485,8.980882473343028,7.124077001424632e-06,-1.2025721227692907,-1.1450981750181803,-1.1479449055229691,-1.0627317676143382,0.0453674793243408,4,99,7.0,23.0,1.0,98,4,100,4
0.48999999999999977,0.4200000000000002,128.05243880275506,30.17104019861872,6.699982753292309e-06,-0.9145454865408196,-0.8751687300214603,-0.8611830932467086,-0.8160145434112016,0.032611608505249,4,349,12.0,83.0,1.0,100,4,98,4
0.48999999999999977,0.4300000000000002,1.5206906325745548,0.408248290463863,3.654411937968139e-06,-0.1909471919530594,-0.1034482758620689,0.2837785520712347,-0.0989010989010985,0.0297126770019531,4,10,3.0,2.0,0.0,1,4,16,4
0.48999999999999977,0.48000000000000026,15.079649642260703,3.698254092586573,6.942812866089319e-06,-1.129966063727827,-0.7124458271631773,-1.1049911335806355,-0.6649970199977171,0.0318977832794189,4,47,2.0,16.0,0.0,98,4,97,4
0.48999999999999977,0.5000000000000002,188.6960187709322,43.77546877723489,6.201192241915566e-06,-0.7753551785655082,-0.7536708532696366,-0.727003513646401,-0.7032025733761045,0.0330030918121337,4,513,5.0,131.0,1.0,100,4,100,4
0.48999999999999977,0.5100000000000002,99.0250389211402,24.044446690798825,6.865493934631982e-06,-0.5633358550591441,-0.5714649753666685,-0.5368234771706195,-0.5363445513068938,0.0320241451263427,4,307,6.0,67.0,1.0,100,4,99,4
0.48999999999999977,0.5300000000000002,34.74910070778811,9.16287800493564,7.165252158866597e-06,-0.6414964506315108,-0.5488117089652769,-0.6235512410250892,-0.5178450366843936,0.0364086627960205,4,128,6.0,40.0,2.0,100,4,99,4
0.48999999999999977,0.5900000000000003,90.14825751690007,23.53609816147669,8.192911424399012e-06,-0.5884248867005883,-0.5525884259236733,-0.5603688504565048,-0.5190111331499137,0.0295069217681884,4,284,4.0,77.0,1.0,100,4,100,4
0.48999999999999977,0.6400000000000003,233.60285029653784,57.52028627652451,4.637783744169206e-06,-0.5618541093606304,-0.5471828315950222,-0.5313570419346356,-0.5145091747001664,0.0300025939941406,4,709,6.0,174.0,1.0,100,4,99,5
0.48999999999999977,0.6500000000000004,600.2528026451299,145.61775733062228,5.306737795493493e-06,-0.5928555597527407,-0.6178753367690482,-0.557611343082512,-0.5788539403645723,0.0315730571746826,4,1841,7.0,463.0,0.0,100,4,100,4
0.48999999999999977,0.6600000000000004,77.63167577305886,20.577090821266903,5.643660111697834e-06,-0.6768458333977398,-0.6229338018046795,-0.6447305206261289,-0.5863723713316504,0.0315537452697753,4,247,6.0,72.0,1.0,100,4,100,4
0.48999999999999977,0.6800000000000004,246.1420025446016,61.287743472900026,4.73981532651093e-06,-0.5051604152185738,-0.510744819766221,-0.4787261244954355,-0.4809082858156195,0.0305061340332031,4,771,6.0,184.0,1.0,100,4,98,4
0.48999999999999977,0.7200000000000004,9.14979507967255,2.6575364531836625,5.880063336366986e-06,-1.3175854279809671,-0.7042312526183492,-1.3082622980952603,-0.6575396049286135,0.0300221443176269,4,29,3.0,10.0,0.0,100,4,100,4
0.48999999999999977,0.8100000000000005,292.42716329597926,78.16055857442849,5.428652266079517e-06,-0.3896239486481907,-0.3735472276694649,-0.3701528727266292,-0.3535673305759967,0.0300216674804687,4,1068,4.0,297.0,0.0,100,4,100,4
0.48999999999999977,0.8200000000000005,59.924953066314536,66.17233393025954,5.73793302712198e-07,0.9823395201164968,0.6397875780485129,0.9997559484239632,0.9951154559027636,0.0039994716644287,91,4406,4256.0,1121.0,953.0,100,99,100,99
0.48999999999999977,0.8400000000000005,202.43393984211244,83.06122240050809,5.300052067451342e-07,0.9317975379515993,0.7342485247620627,0.9975951446534216,0.9931393637868768,0.0070011615753173,88,5502,5055.0,1286.0,1110.0,100,99,100,99
0.48999999999999977,0.8500000000000005,45.10875746459882,31.777350424476865,1.0541691718571225e-07,0.975817002163967,0.7923521089688754,0.999884705107098,0.9990956793963408,0.0040149688720703,95,3818,3856.0,939.0,948.0,100,99,99,99
0.48999999999999977,0.8700000000000006,232.653175349059,125.58960944281976,7.20233257662773e-07,0.9454618857332784,0.6596721095374264,0.9970060891859608,0.9851598440841814,0.0070016384124755,84,6326,5645.0,1476.0,1187.0,100,99,100,97
0.48999999999999977,0.9300000000000006,1261.863918970663,410.1743531719164,1.206191597007978e-06,0.4105127506722696,-0.3678258209267926,0.939500859694833,0.8864496324876177,0.0085084438323974,80,8422,5641.0,1913.0,1182.0,100,96,100,92
0.48999999999999977,0.9400000000000006,0.0,0.0,4.313848425501874e-07,,,1.0,1.0,0.0019998550415039,99,3114,3114.0,824.0,824.0,100,99,100,99
0.48999999999999977,0.9600000000000006,2094.301248626854,606.9430286278936,1.5756873942232707e-06,0.0301154770281987,-1.1638924564131554,0.873121810811432,0.8001602056838203,0.0099997520446777,75,9715,6057.0,2093.0,1272.0,100,91,99,88
0.4999999999999998,0.23000000000000004,2.302625313274683,0.6535161308899218,2.0416852292301414e-05,-1.758807588075881,-0.5333073626801712,-0.5271068974828244,-0.4753508456279238,0.0300242900848388,4,10,6.0,2.0,0.0,1,4,62,4
0.4999999999999998,0.2700000000000001,0.3535533905932738,0.1443375672974064,7.466175805175433e-07,0.90625,-0.0212765957446807,0.9645850548931648,0.3127147766323026,0.0300369262695312,4,10,7.0,1.0,0.0,1,4,4,4
0.4999999999999998,0.3300000000000001,0.1020620726159657,0.0,9.999999999999994e-08,0.8961038961038961,1.0,0.9951948488779973,1.0,0.0310053825378417,4,10,2.0,0.0,0.0,1,4,1,4
0.4999999999999998,0.37000000000000016,1.4433756729740643,0.2041241452319315,4.495090452279584e-06,-9.13192612137203,-0.0434782608695645,-0.1315417256011311,0.2907801418439717,0.031008243560791,4,10,3.0,1.0,0.0,1,4,3,4
0.4999999999999998,0.38000000000000017,12.496666222103665,3.2129296081095,1.1625703081945533e-05,-0.8100814971325083,-0.738120032885722,-0.806604614843272,-0.6882740762193564,0.0323741436004638,4,35,4.0,9.0,0.0,98,4,90,4
0.4999999999999998,0.46000000000000024,110.17216640331624,26.27141983220549,6.117507774317203e-06,-0.9147880792259092,-0.8112516401807843,-0.8593762154774485,-0.7558397478892058,0.0305128097534179,4,305,5.0,80.0,1.0,100,4,100,5
0.4999999999999998,0.5500000000000003,0.9298297335175584,0.4448782605013046,2.552942728052409e-06,0.6390650480159448,-0.1021148036253773,0.8445692883895131,-0.053215077605321,0.0303740501403808,4,10,5.0,3.0,0.0,1,4,6,4
0.4999999999999998,0.6000000000000003,15.169528118347433,4.219251513400609,7.808789488165832e-06,-0.8282774292995299,-0.5920042695647953,-0.8151252494759877,-0.555177403063035,0.0337378978729248,4,44,2.0,15.0,0.0,97,4,93,4
0.4999999999999998,0.6400000000000003,899.9319592335856,215.85240424110796,5.116338826359422e-06,-0.555506841359968,-0.585433981382518,-0.5226089329401631,-0.5491565405921637,0.0371787548065185,4,2712,7.0,617.0,1.0,100,4,98,4
0.4999999999999998,0.6600000000000004,116.17762083694662,29.38785179854651,6.932820821479019e-06,-0.5583218396287968,-0.5514607904977469,-0.5304060748476034,-0.5179766073048893,0.0386908054351806,4,342,2.0,92.0,0.0,100,4,98,4
0.4999999999999998,0.7000000000000004,540.0141201857596,135.93997603109003,3.596183901584272e-06,-0.514477932329851,-0.5335861571090157,-0.484506109931339,-0.5017649186721522,0.0347225666046142,4,1743,63.0,435.0,13.0,100,42,100,39
0.4999999999999998,0.7400000000000004,140.05556932874893,36.46459470043054,6.427777379857335e-06,-0.4011182530720709,-0.3910263861443681,-0.3823219435788869,-0.3696043288973123,0.031005859375,4,510,1.0,138.0,0.0,100,4,100,4
0.4999999999999998,0.7600000000000005,21.641010450839243,16.10382977224155,1.2484236908590305e-07,0.9693048252960282,0.6758333333333333,0.9999794810311764,0.9998243764574158,0.0030102729797363,97,3311,3338.0,829.0,802.0,100,99,100,99
0.4999999999999998,0.7800000000000005,22.29910312097776,23.371991785040485,3.1433832341444586e-07,0.9902092050209204,0.8666117241274056,0.9999745240378474,0.9995627459335248,0.0040302276611328,96,3600,3570.0,906.0,864.0,100,99,100,99
0.4999999999999998,0.8000000000000005,218.8012797037531,99.57409301620578,6.265647025957092e-07,0.9140355634062046,0.5655656438865124,0.9969284191956832,0.9888670559173592,0.0073184967041015,86,5395,4904.0,1224.0,1038.0,100,99,98,98
0.4999999999999998,0.8200000000000005,126.35169171799798,79.09725026826153,5.49456681957903e-07,0.9349993282005138,0.5765047319679656,0.9990621362551552,0.9940946298663468,0.0040404796600341,92,4651,4384.0,1153.0,1006.0,100,99,100,99
0.4999999999999998,0.8300000000000005,643.9432719580196,167.43795492659362,4.458164816979884e-06,-0.4202021237212772,-0.4212439944471704,-0.3977684905707128,-0.397944445820017,0.0346240997314453,4,2321,4.0,592.0,0.0,100,4,99,4
0.4999999999999998,0.8500000000000005,1102.7181783902818,367.9468776357597,1.3724285962906254e-06,0.3476390076681678,-0.6148302177429614,0.9446566891303712,0.8884574357787689,0.0090901851654052,79,7498,5175.0,1721.0,1080.0,100,95,99,91
0.4999999999999998,0.8800000000000006,555.4316853969146,224.03666791717055,9.271457360167592e-07,0.7192141109647505,0.1280179776364457,0.9848942183584032,0.959565185739892,0.0064060688018798,86,6590,5308.0,1580.0,1119.0,100,99,100,97
0.4999999999999998,0.9700000000000006,474.4614710384817,225.8519979986894,8.723957101279189e-07,0.8971043003736399,0.5693294895214835,0.9910486010606148,0.9682262534620104,0.0070753097534179,84,7929,6670.0,1935.0,1425.0,100,99,100,98
0.4999999999999998,0.9900000000000007,3413.2330372634488,893.9502969032078,2.227634163816802e-06,-0.6289693066550872,-2.3495327230590908,0.7391632441842686,0.6387388504316371,0.0102782249450683,70,10932,6356.0,2382.0,1336.0,97,86,94,83
0.5099999999999998,0.26000000000000006,14.23537260957132,3.539950564626574,1.2188018558854592e-05,-2.00409213743405,-1.3359695786727075,-1.968789105181876,-1.252007712611618,0.0319006443023681,4,30,7.0,9.0,0.0,100,4,78,4
0.5099999999999998,0.2800000000000001,0.8897565210026093,0.2700308624336608,3.5495127958695e-06,0.5364675984752223,0.045454545454545,0.8127340823970037,0.2222222222222222,0.0325152873992919,4,10,6.0,1.0,1.0,1,4,2,4
0.5099999999999998,0.2900000000000001,6.249166611103703,1.4288690166235205,1.2479519319549612e-05,-2.3838603221166053,-0.8846153846153846,-2.2427710165987675,-0.8175074183976265,0.0310316085815429,4,13,9.0,5.0,2.0,55,4,51,4
0.5099999999999998,0.3000000000000001,4.589389937671455,1.1681538140730154,1.0407672637309548e-05,-3.302223010261753,-0.7353387608665654,-2.863275951011674,-0.6960124287933711,0.0322189331054687,4,11,5.0,3.0,0.0,50,4,25,4
0.5099999999999998,0.35000000000000014,4.325313090786993,1.159202311936963,9.731971812704308e-06,-1.886734642623939,-0.755350815024805,-1.6454169182955027,-0.7038700303790786,0.0315203666687011,4,11,4.0,4.0,0.0,21,4,86,4
0.5099999999999998,0.36000000000000015,32.83877915919937,7.973262611169073,9.471663883696572e-06,-0.8949115721279604,-0.7600629658224158,-0.8558125519076281,-0.7124786746879768,0.0337171554565429,4,102,4.0,27.0,0.0,100,4,99,4
0.5099999999999998,0.37000000000000016,0.25,0.0,1.0381750827132695e-07,0.9390798519301956,1.0,0.9847634526016404,1.0,0.0295197963714599,4,10,6.0,1.0,0.0,1,4,2,4
0.5099999999999998,0.38000000000000017,23.607467039053557,5.162969107015845,1.2033700443514972e-05,-0.6849879289693908,-0.5967241883591694,-0.6717724124742681,-0.5595005210523427,0.0355823040008544,4,56,5.0,16.0,0.0,99,4,99,4
0.5099999999999998,0.4300000000000002,43.09824048999371,10.212839141655632,8.7123403586518e-06,-0.9547057950328288,-0.9307169929560066,-0.9102163192823804,-0.8613634631435909,0.0315091609954834,4,120,5.0,31.0,2.0,98,4,98,4
0.5099999999999998,0.46000000000000024,1.4142135623730951,0.5496210815947049,5.264639974388626e-06,0.2966764604876561,-0.234589800443459,0.5489887482088744,-0.1963696369636964,0.0310232639312744,4,10,5.0,2.0,0.0,1,4,12,4
0.5099999999999998,0.48000000000000026,0.1443375672974064,0.0,9.999999999999994e-08,0.9374185136897,1.0,0.9911645166990636,1.0,0.0313882827758789,4,10,4.0,0.0,0.0,1,4,1,4
0.5099999999999998,0.49000000000000027,104.81993488835984,25.639122124857032,6.19873278873849e-06,-0.8492742155110646,-0.826964275374906,-0.8002401200846201,-0.7700577042121297,0.0319955348968505,4,296,7.0,78.0,1.0,100,4,99,4
0.5099999999999998,0.5200000000000002,1.0,0.4564354645876384,3.289578727378961e-06,0.4739726027397261,-0.1136890951276106,0.7043879907621248,-0.1086474501108651,0.031501293182373,4,10,4.0,2.0,0.0,1,4,10,4
0.5099999999999998,0.5300000000000002,93.92028978518611,23.07370436954876,6.109785827812488e-06,-0.6219480584154482,-0.5909418104706134,-0.5903396544360042,-0.5542040443971417,0.034499168395996,4,277,3.0,72.0,0.0,100,4,99,4
0.5099999999999998,0.5600000000000003,30.88166257398285,8.411301920630361,7.051309465202928e-06,-0.7005117155938594,-0.5981333150325001,-0.6846826423201966,-0.567201373377882,0.0319776535034179,4,114,6.0,30.0,0.0,100,4,100,4
0.5099999999999998,0.6000000000000003,82.15381914433436,21.56868872540316,6.280378656990067e-06,-0.5276817351331597,-0.4761684405367885,-0.506314530548152,-0.4496371200585827,0.0331778526306152,4,279,7.0,77.0,0.0,100,4,98,4
0.5099999999999998,0.6200000000000003,174.12330999419157,44.82605269260277,5.820379497400134e-06,-0.5830142231629811,-0.5625131837893644,-0.5514489110820229,-0.5281294649661463,0.0325281620025634,4,544,3.0,144.0,0.0,100,4,100,4
0.5099999999999998,0.6800000000000004,320.7865820915831,79.72896796857044,4.7568777661996086e-06,-0.548651215998549,-0.5547360362185085,-0.5179774935922843,-0.5213285630581996,0.0313718318939209,4,1034,4.0,251.0,1.0,100,4,100,5
0.5099999999999998,0.7200000000000004,640.8880069871802,161.94781180985436,4.646215149461388e-06,-0.494534354303116,-0.4999714041628389,-0.4670627180502236,-0.4708661707668287,0.0295319557189941,4,2095,12.0,544.0,2.0,100,4,99,4
0.5099999999999998,0.7300000000000004,895.0231782380462,227.993078294057,4.651093561849641e-06,-0.5137473604076876,-0.5171611200646862,-0.484285223898091,-0.4865243025476835,0.0299994945526123,4,2951,8.0,748.0,2.0,100,4,100,4
0.5099999999999998,0.7700000000000005,49.59550670891755,22.123032600178743,2.645305201936519e-07,0.9761804252843306,0.8951267295212441,0.9998395091669312,0.9994752646912852,0.003997802734375,93,3959,4046.0,954.0,938.0,100,99,99,99
0.5099999999999998,0.8000000000000005,645.2508071801744,171.46862565301365,4.654221988888945e-06,-0.4307877025125135,-0.428020394198455,-0.4076475907815493,-0.4039830309709808,0.0311148166656494,4,2244,7.0,577.0,1.0,100,4,100,4
0.5099999999999998,0.8100000000000005,970.7530367366014,307.0042073544487,1.3263008696443492e-06,0.4893750213332603,-0.4916247944166561,0.9568257845651666,0.9161325159903844,0.0089983940124511,76,7224,5555.0,1608.0,1159.0,100,93,97,89
0.5099999999999998,0.8600000000000005,11.5465543200847,3.272358986011977,6.663910613299776e-06,-0.4466250431207532,-0.3746378426565635,-0.4425975999161424,-0.3543423271500843,0.0320000648498535,4,41,3.0,14.0,0.0,100,4,98,4
0.5099999999999998,0.8700000000000006,4.949747468305833,15.556349186104043,3.23153923180354e-07,0.9979566731302516,0.7777777777777778,0.9999991584843936,0.9998784192925472,0.0029981136322021,98,3230,3223.0,836.0,814.0,100,99,100,99
0.5099999999999998,0.8900000000000006,487.797293965434,203.0362857553628,8.794967093456995e-07,0.8115938319631166,0.3543115786659835,0.9879419156753791,0.9658375498269708,0.0079998970031738,85,6645,5473.0,1570.0,1155.0,100,99,100,97
0.5099999999999998,0.9200000000000006,119.48830296499548,74.9806035524582,4.554029759207548e-07,0.9840994247167716,0.8712540013528045,0.9993053570390822,0.9958032386508378,0.0049984455108642,89,6197,5937.0,1520.0,1389.0,100,99,100,99
0.5099999999999998,0.9300000000000006,314.6302227748208,85.02187218592637,3.6011234923956053e-06,-0.3827776040137378,-0.3645884359981906,-0.3639140973004799,-0.345833266021339,0.0315158367156982,4,1182,8.0,321.0,1.0,100,4,100,5
0.5099999999999998,0.9800000000000006,2749.574938936487,751.0642793557273,1.918030105880729e-06,-0.0380403567852432,-1.1999554737278992,0.8321925449518347,0.7519401793627359,0.0142490863800048,71,10997,7012.0,2370.0,1476.0,98,89,95,85
0.5199999999999998,0.2,2.70801280154532,0.7359800721939872,1.887239817605351e-05,-1.5907156821405306,-0.5464684014869889,-0.7205982989539543,-0.5133876600698486,0.0368134975433349,4,10,6.0,2.0,0.0,1,4,27,4
0.5199999999999998,0.22000000000000003,0.5496210815947049,0.1020620726159657,2.1301668950791485e-07,0.0113636363636359,-0.0105263157894739,0.8925089884725157,-0.0101010101010103,0.0300028324127197,4,10,5.0,1.0,0.0,1,4,6,4
0.5199999999999998,0.26000000000000006,7.927404997853963,1.8596594670351163,2.351411422707418e-05,-0.6961120807806296,-0.4572055596196052,-0.6805997008181532,-0.4310344827586208,0.0321598052978515,4,20,2.0,7.0,0.0,99,4,85,4
0.5199999999999998,0.3000000000000001,0.3227486121839514,0.0,9.999999999999994e-08,0.5158850226928895,1.0,0.937229301362124,1.0,0.0315287113189697,4,10,2.0,0.0,0.0,1,4,1,4
0.5199999999999998,0.37000000000000016,2.318404623873926,0.6123724356957945,8.589757105880334e-06,-0.699289904291448,-0.352112676056338,-0.1116137788405611,-0.2096774193548389,0.0309998989105224,4,10,5.0,2.0,0.0,1,4,4,4
0.5199999999999998,0.38000000000000017,0.7071067811865476,0.25,1.476437172018722e-06,0.7068515808893696,-0.0285714285714282,0.8806682577565633,0.111111111111111,0.0325486660003662,4,10,5.0,2.0,0.0,1,4,8,4
0.5199999999999998,0.4100000000000002,28.943191484930157,7.477744758058185,8.515350140194222e-06,-1.3748699950997263,-1.026433034608322,-1.296352876508927,-0.9464861356375937,0.0310139656066894,4,77,3.0,21.0,1.0,100,4,98,4
0.5199999999999998,0.4300000000000002,130.46934505852323,29.730210504916823,6.944250419805049e-06,-0.8963809052618108,-0.8868491109149446,-0.8431226034139485,-0.826602660696603,0.03062105178833,4,333,8.0,81.0,1.0,100,4,100,4
0.5199999999999998,0.46000000000000024,24.229802585521277,6.020797289396148,6.93881965360765e-06,-0.6860122520829135,-0.5686274509803921,-0.6706169425931436,-0.5377885010539156,0.0313127040863037,4,73,4.0,18.0,0.0,99,4,97,4
0.5199999999999998,0.48000000000000026,3.8649062084350767,1.203294089849471,9.3977080525811e-06,-1.6519234844252657,-0.8140293637846656,-1.1859756097560976,-0.7686728591423844,0.0295116901397705,4,10,5.0,4.0,1.0,1,4,87,4
0.5199999999999998,0.5200000000000002,136.17964544429293,32.29293008281121,5.806850551276433e-06,-0.6468204497788914,-0.6521267963968922,-0.6135836460051383,-0.6120316248812456,0.0310091972351074,4,405,10.0,98.0,2.0,100,4,98,4
0.5199999999999998,0.5300000000000002,75.467018182338,18.56632255815172,6.324152330030507e-06,-0.6848877356044856,-0.6169330395520598,-0.6536953594110475,-0.5795734216198978,0.0308663845062255,4,218,6.0,57.0,1.0,100,4,100,4
0.5199999999999998,0.5600000000000003,316.6961773529955,77.53117652488793,5.188907530921737e-06,-0.7309531382842751,-0.7299624832263745,-0.6852779209491413,-0.681807521660488,0.0305120944976806,4,939,8.0,231.0,1.0,100,4,100,6
0.5199999999999998,0.6400000000000003,47.97829370315984,11.879165935928892,5.71122450566835e-06,-0.4594916341463213,-0.452568302470963,-0.4469690025012769,-0.4317269076305221,0.0310251712799072,4,153,3.0,42.0,1.0,99,7,99,5
0.5199999999999998,0.6500000000000004,516.546414097191,130.35620270372,5.596010705500107e-06,-0.4951438275934461,-0.502689381167327,-0.4674777122897231,-0.4730694716453656,0.0300183296203613,4,1686,3.0,426.0,1.0,100,4,99,4
0.5199999999999998,0.6600000000000004,433.2794036954292,108.32637798185014,4.2644667667034206e-06,-0.4886253409175911,-0.5060842350399759,-0.4617218752742424,-0.4772103093077668,0.0310091972351074,4,1405,25.0,326.0,5.0,100,34,100,29
0.5199999999999998,0.6700000000000004,419.0811750126698,103.74046140890898,4.488920915761704e-06,-0.4553359575869937,-0.4779698752318584,-0.4304235991793808,-0.450447899282794,0.0305104255676269,4,1314,12.0,339.0,2.0,100,29,100,4
0.5199999999999998,0.6800000000000004,718.335779191505,177.91620804000218,4.793763856263192e-06,-0.53056456826993,-0.5373672303943593,-0.5001034155099524,-0.5056151180910602,0.0325052738189697,4,2266,10.0,556.0,3.0,100,4,100,4
0.5199999999999998,0.7000000000000004,816.604140888758,201.41377911321425,4.125384986793197e-06,-0.4876453565859602,-0.5070821257507736,-0.4599564707859516,-0.4774842797769989,0.0304040908813476,4,2632,12.0,638.0,2.0,100,17,100,5
0.5199999999999998,0.7100000000000004,69.06036007242746,21.82506204649447,1.3208231746837125e-07,0.9157781553760002,0.6164187451068113,0.9997266149322074,0.9995450439960682,0.005450963973999,94,3803,3908.0,878.0,906.0,100,99,100,99
0.5199999999999998,0.7200000000000004,279.41283300879365,71.74557187264823,4.736757464567328e-06,-0.4277308784308207,-0.4297112337423112,-0.4060420859858265,-0.4055518148986963,0.0310111045837402,4,996,3.0,246.0,1.0,100,4,100,4
0.5199999999999998,0.7300000000000004,406.7575163206371,104.12757599854773,5.063049642743705e-06,-0.4140193370665281,-0.4225337291174669,-0.3924007570967367,-0.399093531859354,0.0310089588165283,4,1414,6.0,371.0,1.0,100,4,100,4
0.5199999999999998,0.8200000000000005,41.95102965230876,37.7550585278906,4.142629682716446e-07,0.994216557350698,0.9053979870412916,0.9998892017691692,0.9985742554188954,0.0039994716644287,91,4775,4697.0,1182.0,1101.0,100,99,100,99
0.5199999999999998,0.8800000000000006,28.284271247461906,15.556349186104043,1.64095716249457e-07,0.8824609733700642,0.6799999999999999,0.9999706485144184,0.9998729888092854,0.0030004978179931,98,3188,3228.0,843.0,843.0,100,99,99,98
0.5199999999999998,0.9100000000000006,68.20638614610154,48.61755512843757,3.553643716149107e-07,0.9910078098832408,0.9042291692928276,0.9997408617622012,0.9980340129256742,0.0049943923950195,91,5289,5176.0,1342.0,1241.0,100,99,100,99
0.5199999999999998,0.9300000000000006,1695.2880420313668,543.3163735966199,1.506487816950749e-06,0.3048580367191292,-0.5585807305190498,0.9098840352501284,0.8393659565278078,0.009023904800415,78,9677,6002.0,2215.0,1259.0,100,95,100,91
0.5199999999999998,0.9800000000000006,956.1245211791193,360.2889812358962,1.0800792841695236e-06,0.7919027498442845,0.370061382644951,0.973293569979834,0.9369330192280532,0.0089998245239257,80,9785,7448.0,2291.0,1567.0,100,98,99,95
0.5299999999999998,0.22000000000000003,0.3952847075210474,0.2282177322938192,2.6500071391923093e-06,0.8938679245283019,0.1111111111111111,0.9586309605890952,0.1134751773049645,0.0335156917572021,4,10,6.0,1.0,1.0,1,4,5,4
0.5299999999999998,0.23000000000000004,1.1636866703140785,0.338501600193165,5.1967579558400254e-06,0.5372979386029957,-0.083076923076923,0.7274575986917966,0.2023205221174767,0.029998779296875,4,10,6.0,2.0,0.0,1,4,4,4
0.5299999999999998,0.34000000000000014,43.82137035739526,9.60143218483576,1.0738954689108077e-05,-1.093120540945157,-1.120289493386574,-1.0418619920598315,-1.0293510662692045,0.0299994945526123,4,99,4.0,21.0,0.0,100,4,91,4
0.5299999999999998,0.38000000000000017,6.287388169979645,2.0,1.0453652204863836e-05,-1.312144597887896,-0.6771610555050045,-1.2141190198366396,-0.6534619359283498,0.0339949131011962,4,22,7.0,6.0,0.0,100,4,91,4
0.5299999999999998,0.4000000000000002,0.408248290463863,0.25,2.8771540232419744e-06,0.8054464851171628,-0.0666666666666666,0.9514798641436196,-0.0638297872340425,0.0310006141662597,4,10,5.0,1.0,0.0,1,4,7,4
0.5299999999999998,0.4300000000000002,74.8293892798812,17.280769658785456,6.470991497074084e-06,-0.992481189363146,-0.9408423230632852,-0.9350955031004956,-0.8731574215401345,0.0304186344146728,4,196,6.0,48.0,1.0,100,4,96,5
0.5299999999999998,0.4400000000000002,128.96171912625854,29.92264332129321,7.015991335750722e-06,-0.7198037904309993,-0.7129121050206131,-0.6815947148279462,-0.6665454880348214,0.0300374031066894,4,322,9.0,80.0,1.0,100,4,96,5
0.5299999999999998,0.49000000000000027,19.16050625635972,5.060055994420088,8.584455498421153e-06,-1.1052623719220698,-0.9054417429081312,-1.0898026949702784,-0.8466762832071162,0.0289971828460693,4,52,8.0,17.0,1.0,100,4,90,4
0.5299999999999998,0.5000000000000002,274.2165544783903,65.0233932263356,6.830208094648594e-06,-0.6175980974319193,-0.6434829040903143,-0.581564080909021,-0.6027292501799895,0.0310022830963134,4,795,7.0,187.0,2.0,100,4,100,4
0.5299999999999998,0.5300000000000002,84.48532910117196,21.70541407114824,6.287874381974498e-06,-0.6326295916585449,-0.6060319113678332,-0.6040631353272274,-0.5680210789072249,0.030513048171997,4,246,4.0,64.0,0.0,100,4,98,4
0.5299999999999998,0.5500000000000003,30.01874414428425,8.436033823229176,7.625558229059758e-06,-0.5727014577011025,-0.4873730043541362,-0.5559723217222967,-0.4614685277287556,0.0319981575012207,4,108,7.0,33.0,2.0,100,4,99,4
0.5299999999999998,0.5700000000000003,211.59326154992115,52.65087447833449,5.485141867747549e-06,-0.5947348866711533,-0.5936535830932719,-0.561214857283614,-0.5572397960748077,0.0305001735687255,4,696,7.0,170.0,2.0,100,4,99,4
0.5299999999999998,0.5800000000000003,617.6836181115161,150.15311629577766,5.878916307826349e-06,-0.5789227737690299,-0.5956298214076274,-0.5447104408048937,-0.5586948332102071,0.0300023555755615,4,1890,6.0,445.0,1.0,100,4,99,5
0.5299999999999998,0.5900000000000003,85.3525775826366,21.64221376538608,5.392898866480473e-06,-0.6301639671291199,-0.5672731022323432,-0.5989866952306429,-0.5337522712938811,0.0309021472930908,4,274,4.0,72.0,1.0,100,4,98,4
0.5299999999999998,0.6200000000000003,631.694719583756,155.16083725175844,5.324064686516187e-06,-0.5669272043904054,-0.5715665703045028,-0.5334643102558536,-0.5366218242931333,0.0310144424438476,4,1925,7.0,469.0,2.0,100,4,100,4
0.5299999999999998,0.6400000000000003,622.8283856060726,153.75989128074548,5.132112105846818e-06,-0.5325165529820652,-0.5405960173497115,-0.5019845677446626,-0.5081612199559873,0.0322811603546142,4,1938,7.0,490.0,1.0,100,4,100,4
0.5299999999999998,0.6700000000000004,252.23955214570665,63.245306149942856,3.617721358620389e-06,-0.411619187745466,-0.451027669720472,-0.388253942206354,-0.4257980493519344,0.0300006866455078,4,853,124.0,214.0,25.0,100,54,100,48
0.5299999999999998,0.7100000000000004,17.67766952966369,14.142135623730953,1.4775236460141296e-07,0.9248843218556576,-4.555555555555555,0.999990350332156,0.9999012584550656,0.0029995441436767,98,3187,3212.0,745.0,765.0,100,99,100,99
0.5299999999999998,0.7700000000000005,189.4096090487492,80.42896357543209,5.752808339291718e-07,0.9275957320905518,0.679601027599125,0.9978589834512984,0.9935295168805236,0.0060012340545654,89,5283,4879.0,1225.0,1087.0,100,99,100,99
0.5299999999999998,0.7900000000000005,29.231831964486933,32.56915718897251,2.5097498348985504e-07,0.9805760966080626,0.4241899915182358,0.999958341452789,0.9991980607032552,0.0039994716644287,96,3684,3663.0,900.0,889.0,100,99,100,99
0.5299999999999998,0.8500000000000005,0.0,0.0,1.4303678412571726e-07,,,1.0,1.0,0.0030000209808349,99,3028,3028.0,828.0,828.0,100,99,100,99
0.5299999999999998,0.9800000000000006,1981.3870433069396,591.6963553403696,1.5863206250297555e-06,0.4177294007712185,-0.4389449431499552,0.9129769422641292,0.8548859569150844,0.0100002288818359,74,11171,7638.0,2378.0,1608.0,100,92,95,88
0.5299999999999998,0.9900000000000007,1664.028316494415,535.0255445615035,1.289553098883226e-06,0.4979036472366297,-0.1753547214888353,0.9276107391899916,0.8736998272714114,0.0090007781982421,79,10409,6856.0,2404.0,1443.0,100,96,99,93
0.5399999999999998,0.2,10.971079406026252,2.4345601929985903,1.109580173526745e-05,-2.368968365809806,-1.151991490367569,-2.335739030023095,-1.057196572544199,0.031538963317871,4,21,5.0,5.0,0.0,64,4,59,4
0.5399999999999998,0.23000000000000004,0.9071475440448852,0.3227486121839514,5.332530209417759e-06,0.5050900548159749,0.0466732869910624,0.7789838854073411,0.1197183098591548,0.031020164489746,4,10,5.0,2.0,1.0,1,4,7,4
0.5399999999999998,0.3200000000000001,13.84211568607439,3.051638903933425,1.0877402080047525e-05,-1.234928863705112,-0.8409266409266409,-1.2289921668993329,-0.7810184078412625,0.0315332412719726,4,30,5.0,10.0,0.0,94,4,73,4
0.5399999999999998,0.34000000000000014,21.50944559954998,5.040461288413988,8.890135728119773e-06,-1.6488019064137704,-1.1220997679814384,-1.5991254906825905,-1.0308752997601918,0.0309991836547851,4,51,6.0,16.0,1.0,95,4,95,4
0.5399999999999998,0.38000000000000017,41.09693824767647,10.14889156509222,1.1940123944431652e-05,-0.7583984735747802,-0.6659552959676514,-0.7314650795935727,-0.6257515894977235,0.0315115451812744,4,114,6.0,33.0,0.0,100,4,98,4
0.5399999999999998,0.3900000000000002,43.25457586583567,10.293606429883228,9.596026090966043e-06,-0.8314182984293528,-0.7918999410964862,-0.801144472620823,-0.7368705935787696,0.0300202369689941,4,109,8.0,32.0,1.0,95,4,90,4
0.5399999999999998,0.4200000000000002,28.230081473492067,6.645800679125628,8.10338786949551e-06,-0.7110304585663276,-0.6584364151958149,-0.6954121755617859,-0.620231494396063,0.0315401554107666,4,72,5.0,20.0,0.0,96,4,94,4
0.5399999999999998,0.45000000000000023,92.81646315893174,22.718384625672662,6.635201571157992e-06,-0.8713520424037065,-0.8077521218229664,-0.8201084982998994,-0.7529069181237376,0.0350446701049804,4,265,6.0,69.0,2.0,100,4,99,4
0.5399999999999998,0.48000000000000026,29.032130189383853,6.935716737776036,7.116793462385934e-06,-0.971140767928412,-0.9284856710340867,-0.9446065317053902,-0.8781901372648704,0.0295119285583496,4,85,6.0,23.0,0.0,100,4,98,4
0.5399999999999998,0.5000000000000002,257.8282293181515,63.20840199952324,5.930118376745247e-06,-0.6223296953976516,-0.6406551016803514,-0.587592626525977,-0.6016045902512281,0.0319986343383789,4,753,10.0,185.0,2.0,100,4,100,7
0.5399999999999998,0.5100000000000002,2.680951323690902,0.7905694150420949,4.175874395844299e-06,-0.3134517766497464,-0.251086012163336,0.0479475681269404,-0.2386457473162673,0.0305116176605224,4,10,3.0,3.0,0.0,1,4,12,4
0.5399999999999998,0.5200000000000002,2.4643288471035407,0.8838834764831844,4.3822720399641465e-06,-0.2413334220507019,-0.2347796261361687,0.0470586312296705,-0.2232914695808188,0.0325193405151367,4,10,4.0,4.0,0.0,1,4,13,4
0.5399999999999998,0.5400000000000003,84.35465804170705,21.05474016304484,5.445654723322152e-06,-0.6155265075992853,-0.5262026376160069,-0.5883646848187507,-0.4959280891546005,0.032015323638916,4,293,10.0,74.0,2.0,100,4,100,4
0.5399999999999998,0.5800000000000003,212.78363423910213,51.63301995816243,6.398789946600664e-06,-0.4914832829995943,-0.5011496185534356,-0.4656401581397467,-0.4721251173766307,0.0310008525848388,4,653,5.0,158.0,1.0,100,4,100,4
0.5399999999999998,0.6300000000000003,435.12796250068783,107.25505038613956,5.448193600664326e-06,-0.4902780906312336,-0.5188490250522069,-0.4627804047446289,-0.4882071559565499,0.0300261974334716,4,1423,4.0,345.0,0.0,100,4,100,4
0.5399999999999998,0.7000000000000004,52.14129156162404,45.25325560506275,4.48396895747656e-07,0.9766370317523954,0.7134768257304064,0.9998346811445638,0.9978976576240948,0.0049993991851806,93,4125,4012.0,981.0,910.0,100,99,100,99
0.5399999999999998,0.7300000000000004,706.0631463733727,180.00951942420525,4.92168849847024e-06,-0.4355012892554937,-0.4462258006028334,-0.4117837806734867,-0.4211114023681377,0.0320136547088623,4,2307,6.0,581.0,0.0,100,4,100,4
0.5399999999999998,0.7400000000000004,573.0711306926333,147.90048033503248,5.378712968025805e-06,-0.4105934257982144,-0.4248380925655268,-0.3888034917731631,-0.401173689817724,0.0319225788116455,4,1991,3.0,501.0,0.0,100,4,100,4
0.5399999999999998,0.7800000000000005,292.8859846424885,124.04972121425077,6.91090638850782e-07,0.9135836986890372,0.6568411156153684,0.9951700997286318,0.9851829809988506,0.0069942474365234,85,6179,5468.0,1437.0,1165.0,100,99,99,98
0.5399999999999998,0.8000000000000005,27.474230350154187,39.96873778342268,3.820510280774096e-07,0.9944584667445808,0.7480548838187362,0.9999595088932308,0.9986529730421708,0.0040078163146972,94,4231,4234.0,1053.0,1012.0,100,99,99,99
0.5399999999999998,0.8900000000000006,570.0602307358993,228.42168606913543,9.105157079622292e-07,0.8225476750492007,0.4083274013388869,0.9864189227756088,0.9652086786077192,0.0069978237152099,85,7491,6155.0,1758.0,1314.0,100,99,100,98
0.5399999999999998,0.9000000000000006,948.8237609860772,351.43981159861585,1.2082781627623946e-06,0.6110422102689713,-0.0014955499371931,0.962483147374523,0.9177817882982412,0.0080142021179199,83,7890,5713.0,1910.0,1197.0,100,99,99,96
0.5399999999999998,0.9900000000000007,1153.2599560878673,416.22804984008974,1.1050888953355498e-06,0.7147549442362353,0.2660191352226452,0.9622921742853068,0.9207768784686196,0.0079994201660156,81,10099,7273.0,2406.0,1531.0,100,99,100,95
0.5499999999999998,0.21000000000000002,0.8660254037844386,0.2886751345948128,4.523542294432339e-06,0.5399361022364217,-0.0909090909090912,0.7589958158995816,-0.0869565217391306,0.0290286540985107,4,10,4.0,1.0,0.0,1,4,7,4
0.5499999999999998,0.25000000000000006,11.599209743196589,3.095695936834452,1.4479664560399206e-05,-1.0365045864778972,-0.7164179104477613,-1.0231322523245034,-0.6772711527592934,0.0315163135528564,4,34,4.0,11.0,0.0,97,4,92,4
0.5499999999999998,0.2800000000000001,0.962851667357612,0.3679900360969936,9.031506172331368e-06,0.1096290120883703,-0.069408740359897,0.7471590909090908,-0.0664479081214106,0.035555362701416,4,10,3.0,2.0,0.0,1,4,11,4
0.5499999999999998,0.3200000000000001,1.547847968417226,0.3679900360969936,3.5663045246159517e-06,-0.7697980121833923,-0.3928571428571428,0.3947368421052631,-2.220446049250313e-16,0.0462217330932617,4,10,7.0,2.0,1.0,1,4,3,4
0.5499999999999998,0.34000000000000014,12.04635145317176,2.8613807855648994,1.1044505998899108e-05,-3.146336623840468,-1.62,-3.071011104617182,-1.4864762266299705,0.0300173759460449,4,22,4.0,7.0,0.0,69,4,57,4
0.5499999999999998,0.35000000000000014,54.83194020520035,12.86751400491434,7.278323843196612e-06,-1.4580960545963473,-1.239524244928151,-1.358630721331035,-1.143746316384318,0.0321552753448486,4,139,4.0,33.0,0.0,99,4,99,4
0.5499999999999998,0.36000000000000015,1.0557382882766606,0.5,5.175701446318706e-06,0.5446001064018444,-0.0593103448275862,0.8132635253054101,0.1031390134529149,0.0310258865356445,4,12,6.0,3.0,1.0,2,4,21,4
0.5499999999999998,0.4000000000000002,157.84255076921855,38.3852456463852,7.521363324050192e-06,-0.9757995151979532,-0.9243987345180557,-0.9118262170855302,-0.8569989136249807,0.0328102111816406,4,462,6.0,118.0,1.0,100,4,100,4
0.5499999999999998,0.46000000000000024,40.46474803249532,10.081955828773172,8.226199456772164e-06,-0.730514844634004,-0.7035738446654201,-0.7054067436853624,-0.6601703724749945,0.0350732803344726,4,118,5.0,30.0,0.0,99,4,98,4
0.5499999999999998,0.6100000000000003,160.1621899304993,41.53813508893565,7.1703166533642444e-06,-0.4950702708101095,-0.4869613713068252,-0.4709059382535538,-0.4591247312921032,0.0341904163360595,4,552,8.0,151.0,0.0,100,4,100,4
0.5499999999999998,0.6700000000000004,398.3710974079319,101.68783932539164,5.377337654624671e-06,-0.4678196476626191,-0.4737949839463884,-0.4421892866079888,-0.4466145768059248,0.0320391654968261,4,1327,4.0,338.0,1.0,100,4,100,4
0.5499999999999998,0.6900000000000004,847.6371017422491,215.7668494772386,3.9168101291043216e-06,-0.452288923523962,-0.4581839913597185,-0.4271294145968152,-0.4320861597730783,0.0311241149902343,4,2858,30.0,708.0,6.0,100,35,100,30
0.5499999999999998,0.7300000000000004,370.3102832522383,143.1028013866461,9.746519171050858e-07,0.7942528083395175,0.1434642751491707,0.991517130729612,0.9768256395697746,0.0075068473815917,83,5717,4841.0,1286.0,1006.0,100,98,100,95
0.5499999999999998,0.7500000000000004,654.9940123772125,169.9156960083441,5.225987963452518e-06,-0.3870104050396745,-0.3860885570893366,-0.3669648779908367,-0.3654672202987565,0.0340065956115722,4,2303,6.0,568.0,0.0,100,4,100,4
0.5499999999999998,0.7600000000000005,836.483176915805,276.56054823872705,1.2983720315138585e-06,0.4589448130618652,-0.5245956430171359,0.9637021165623794,0.9282747439051776,0.0089972019195556,81,6684,4931.0,1511.0,1026.0,100,96,100,93
0.5499999999999998,0.7800000000000005,703.2018913512676,243.8601033379589,1.1544576614513732e-06,0.744260656095183,0.2114359767736764,0.9780665270325564,0.9525449432470392,0.0079989433288574,80,7487,5830.0,1687.0,1217.0,100,97,100,93
0.5499999999999998,0.8100000000000005,266.4975296946171,140.81879609389273,7.598881415426812e-07,0.935221330960202,0.6408945010616054,0.9963588598954022,0.983359929787652,0.0069973468780517,85,6520,5805.0,1540.0,1238.0,100,99,100,98
0.5499999999999998,0.8200000000000005,745.5895458181622,196.78276940152392,4.993100005463655e-06,-0.3501512548699921,-0.3616744349146013,-0.3321499383136468,-0.3423499442187268,0.0305323600769042,4,2697,4.0,703.0,0.0,100,4,100,4
0.5499999999999998,0.8700000000000006,2708.422240207387,690.5948975340029,2.43324011658347e-06,-0.6823250095792988,-2.59171782288667,0.7793915506028959,0.6974688216364988,0.0119988918304443,68,9434,5981.0,2066.0,1251.0,95,85,93,81
0.5599999999999997,0.2,1.3228756555322954,0.25,2.211909983979229e-06,0.3128541604533251,-0.0666666666666666,0.6306961816623068,0.1847826086956521,0.0320076942443847,4,10,5.0,1.0,0.0,1,4,3,4
0.5599999999999997,0.22000000000000003,0.5496210815947049,0.3061862178478972,3.36987008935244e-06,0.6977854971775945,-0.0601226993865031,0.8742629205688519,0.0384615384615382,0.0307466983795166,4,10,3.0,2.0,0.0,1,4,13,4
0.5599999999999997,0.24000000000000005,0.3061862178478972,0.0,1.045251551999672e-07,0.8378073962830861,1.0,0.9596394457150544,1.0,0.0309975147247314,4,10,4.0,1.0,0.0,1,4,4,4
0.5599999999999997,0.25000000000000006,0.7288689868556626,0.25,4.730612733800256e-06,0.6877551020408162,-0.0666666666666666,0.8919399949148233,0.3589743589743588,0.0295019149780273,4,11,6.0,2.0,0.0,2,4,2,4
0.5599999999999997,0.26000000000000006,27.32158029836488,5.907269532815761,1.1620222348419892e-05,-1.7300511925076392,-1.5124999999999995,-1.6469164001996055,-1.3823238680405918,0.0309958457946777,4,54,3.0,14.0,0.0,97,4,99,4
0.5599999999999997,0.2900000000000001,5.854129596561161,1.3919410907075054,1.5200022171751126e-05,-3.089496581727781,-1.00022403943094,-2.950718094048705,-0.9407345575959936,0.0310494899749755,4,12,3.0,4.0,1.0,70,4,70,4
0.5599999999999997,0.3200000000000001,0.2041241452319315,0.0,9.999999999999994e-08,0.717439293598234,1.0,0.9752720079129574,1.0,0.0341935157775878,4,10,2.0,0.0,0.0,1,4,1,4
0.5599999999999997,0.3300000000000001,0.5496210815947049,0.2041241452319315,1.995160617662201e-06,0.786699356420472,0.1560439560439565,0.9229931756021136,0.2907801418439717,0.0325136184692382,4,10,7.0,1.0,1.0,1,4,3,4
0.5599999999999997,0.38000000000000017,118.48901144550636,26.503930526118825,7.944077514135016e-06,-1.0078210274419983,-0.9907753156820558,-0.9436193128045668,-0.9148842525218824,0.0310416221618652,4,311,7.0,79.0,1.0,100,4,100,4
0.5599999999999997,0.4300000000000002,210.99027426242503,50.41246538968974,8.797528973245456e-06,-0.710251962825942,-0.7415542223608891,-0.6679310343104949,-0.6921134002278617,0.0315279960632324,4,590,6.0,143.0,0.0,100,4,98,4
0.5599999999999997,0.4400000000000002,11.141607454342784,2.875905654456233,8.751190687220942e-06,-0.445543453539208,-0.3237010280633507,-0.4418353667684591,-0.3137864848765637,0.0320253372192382,4,40,7.0,11.0,3.0,100,4,100,4
0.5599999999999997,0.46000000000000024,27.89955943499228,6.90108687092113,6.599598458754105e-06,-0.913866407130417,-0.7571732263604809,-0.8865204610153605,-0.710412115045042,0.0305240154266357,4,71,6.0,24.0,1.0,96,4,100,4
0.5599999999999997,0.47000000000000025,200.9851777287735,48.25313029569515,7.966155547933816e-06,-0.6607950925926533,-0.6593231746848727,-0.6221843469938562,-0.6166859539997109,0.0310597419738769,4,554,5.0,137.0,1.0,100,4,98,4
0.5599999999999997,0.5000000000000002,168.90989338500376,43.5094577841033,8.525073395878665e-06,-0.555713543663048,-0.5666090064824607,-0.5267749219116911,-0.532525403019986,0.030017614364624,4,556,5.0,134.0,1.0,100,4,99,4
0.5599999999999997,0.5800000000000003,77.32001950767128,18.93904696651867,6.130572367740279e-06,-0.5825931073349124,-0.580704455687002,-0.5582077932028229,-0.5448210763949328,0.035982608795166,4,235,6.0,61.0,0.0,100,4,100,4
0.5599999999999997,0.6000000000000003,419.3142591382586,105.94003807185771,4.861430335208216e-06,-0.5230198892370936,-0.5125029525463347,-0.4935532717948376,-0.4825896279354145,0.033510684967041,4,1386,7.0,352.0,1.0,100,8,100,4
0.5599999999999997,0.6100000000000003,44.9221548904324,26.94438717061496,4.777268070755015e-07,0.955805702772546,0.6484329601363654,0.9998973567467612,0.9993487545808656,0.0070090293884277,95,3623,3543.0,821.0,796.0,100,99,98,99
0.5599999999999997,0.6200000000000003,703.6278535205951,171.63666809086376,5.443672393602439e-06,-0.5556921600143323,-0.5705090179519108,-0.5232268805900318,-0.5357985612668785,0.0312824249267578,4,2195,8.0,515.0,1.0,100,4,100,4
0.5599999999999997,0.7100000000000004,213.68856329558992,56.703909330251065,5.122509634327765e-06,-0.4541929483745492,-0.4349468506942582,-0.4308307452275763,-0.4107884879454626,0.0305075645446777,4,744,4.0,198.0,1.0,100,4,99,4
0.5599999999999997,0.7300000000000004,476.11505087181047,127.57338574326543,5.326047754870481e-06,-0.3868298480539802,-0.3825140119658394,-0.367001385436025,-0.3619830469397582,0.0300042629241943,4,1732,7.0,469.0,1.0,100,4,100,4
0.5599999999999997,0.7400000000000004,484.3185663220135,195.4432209916193,1.1635841097524768e-06,0.7599961263921498,0.0385493041394926,0.9867492938032828,0.9607167099047286,0.0080204010009765,81,6335,5134.0,1413.0,1069.0,100,97,100,93
0.5599999999999997,0.8200000000000005,40.23679907746142,28.319604517012596,2.2411393191794642e-07,0.9858833713613278,0.8398766930743675,0.9999165968383182,0.9993823271052432,0.0030000209808349,95,4137,4118.0,1016.0,1019.0,100,99,99,99
0.5599999999999997,0.8500000000000005,154.88423095977203,81.67580731159013,6.229827505077614e-07,0.9849341544510144,0.9038038584692808,0.998938605267055,0.9951023181198444,0.0080001354217529,84,7238,6826.0,1633.0,1466.0,100,99,99,98
0.5599999999999997,0.8900000000000006,2382.735447817427,644.7631901935558,2.031593108596787e-06,-0.0226636628681338,-1.2431389671340818,0.8554647754861807,0.7890950594984616,0.0109999179840087,72,10306,6576.0,2172.0,1379.0,99,89,95,86
0.5599999999999997,0.9200000000000006,551.1109635251753,238.8918042077774,9.167143444093314e-07,0.8906251175976436,0.5779609093081824,0.9891562426135392,0.967755812960691,0.0070242881774902,83,8494,7125.0,2045.0,1514.0,100,99,100,97
0.5599999999999997,0.9300000000000006,2293.953243089641,644.3081560868216,1.8144073581094815e-06,0.2253360480463252,-0.7918775166825953,0.8818414004435107,0.8197103951929178,0.010979413986206,73,10878,7180.0,2354.0,1509.0,100,91,96,87
0.5599999999999997,0.9500000000000006,2967.9281684203925,758.9477860403072,2.3028904694739213e-06,-0.1511187069911763,-1.4210474663846555,0.8248452349825499,0.7613910115026582,0.0109999179840087,69,11250,7454.0,2426.0,1568.0,94,87,91,84
0.5599999999999997,0.9700000000000006,3492.931858972999,848.8284531382903,2.7218183950266327e-06,-0.4969347852088592,-1.933680620847753,0.7535486184848939,0.6818858795279956,0.0119993686676025,65,11493,7466.0,2461.0,1573.0,92,84,90,80
0.5699999999999997,0.2700000000000001,0.4330127018922193,0.2282177322938192,1.3527441144103283e-06,0.7428571428571429,-0.019108280254777,0.9213939473339448,0.6334310850439884,0.0295107364654541,4,10,3.0,3.0,0.0,1,4,3,4
0.5699999999999997,0.3000000000000001,0.1443375672974064,0.0,9.999999999999994e-08,0.8093346573982124,1.0,0.986892981191428,1.0,0.0320000648498535,4,10,2.0,0.0,0.0,1,4,1,4
0.5699999999999997,0.3100000000000001,26.92872536901812,6.4299105748058425,9.495727254926172e-06,-1.881301272886872,-1.365682993611196,-1.7720978387472504,-1.2431459429520908,0.0315537452697753,4,58,3.0,17.0,0.0,79,4,79,4
0.5699999999999997,0.34000000000000014,28.271194114622517,6.791538853603062,1.005210636790639e-05,-1.524976964591286,-1.2275509348536937,-1.4565708283134602,-1.1321776814734563,0.0325293540954589,4,80,5.0,22.0,0.0,100,4,99,4
0.5699999999999997,0.3900000000000002,0.7971302695712079,0.3679900360969936,5.512432810532487e-06,0.2310924369747897,-0.1073646850044369,0.7580421244694777,-0.1026293469041557,0.0315370559692382,4,10,3.0,2.0,0.0,1,4,9,4
0.5699999999999997,0.4000000000000002,43.54894277323695,9.43232473995674,8.110331353305403e-06,-0.7071928110959171,-0.7080327551260608,-0.6838967070669928,-0.6707615746355666,0.0310020446777343,4,108,5.0,25.0,0.0,90,4,90,4
0.5699999999999997,0.4100000000000002,81.5326493906991,19.891633500880044,7.862672487525939e-06,-0.8005183423448841,-0.7574562342041189,-0.7581086555211543,-0.7075939266568514,0.0309994220733642,4,236,8.0,53.0,3.0,100,4,97,4
0.5699999999999997,0.4300000000000002,0.7905694150420949,0.3061862178478972,2.8798326890119608e-06,0.6352583586626139,-0.1034482758620689,0.8387920148311346,0.0806945863125638,0.0310001373291015,4,10,5.0,1.0,0.0,1,4,2,4
0.5699999999999997,0.45000000000000023,1.925703334715224,0.5590169943749475,7.57984135370582e-06,-0.3485380578463484,-0.1769513690232937,0.0049194991055457,-0.1668611435239202,0.0310108661651611,4,10,5.0,2.0,1.0,1,4,11,4
0.5699999999999997,0.47000000000000025,14.917830494635158,4.292677874396509,8.436698394158249e-06,-0.6323050830460872,-0.4818977477988464,-0.6213406188931261,-0.4538730223957263,0.0299990177154541,4,45,3.0,18.0,0.0,100,4,100,4
0.5699999999999997,0.5000000000000002,90.5499401803594,22.943317836209594,7.834491890039207e-06,-0.5357954281123791,-0.5371266705956161,-0.5128176146390357,-0.5047960273908969,0.0300211906433105,4,287,5.0,76.0,0.0,100,4,100,4
0.5699999999999997,0.5400000000000003,61.176060813578594,15.22128443988877,6.403198282615474e-06,-0.6524440724115093,-0.6132893397716854,-0.6252373580448822,-0.5746559820573323,0.0300073623657226,4,204,6.0,52.0,1.0,100,4,99,4
0.5699999999999997,0.5500000000000003,57.82696891013166,13.604150714640978,5.759703438556313e-06,-0.6842669503917116,-0.6378149945218343,-0.6553959787934813,-0.5970695970695967,0.031005859375,4,178,2.0,46.0,0.0,100,4,100,4
0.5699999999999997,0.5600000000000003,116.81872531119886,29.406454790289384,6.008034372493879e-06,-0.596466121922409,-0.6115118155168553,-0.5667093373197705,-0.5750521902645589,0.0325181484222412,4,394,4.0,97.0,0.0,100,4,99,4
0.5699999999999997,0.5900000000000003,705.017220534364,175.15166047362118,5.966982211246554e-06,-0.5192689426470978,-0.5330545177787331,-0.489662987253479,-0.5010488516530163,0.0319991111755371,4,2167,8.0,523.0,1.0,100,4,100,4
0.5699999999999997,0.6100000000000003,710.7457864220278,175.9879849118494,4.425644263940096e-06,-0.5552332093389938,-0.578198681002777,-0.5225188100436071,-0.5429097978677062,0.0295336246490478,4,2214,20.0,546.0,4.0,100,30,100,25
0.5699999999999997,0.6200000000000003,2.01038968030247,0.6846531968814576,6.158494064351344e-06,-0.1769836003412646,-0.3370473537604457,0.1879277506854475,-0.2244897959183676,0.0299992561340332,4,10,5.0,2.0,0.0,1,4,2,4
0.5699999999999997,0.6500000000000004,88.38192452834082,22.1495861511376,7.086245344607418e-06,-0.4009585038826591,-0.4311441536342273,-0.3849406443588017,-0.4086436369074324,0.0305144786834716,4,301,5.0,75.0,3.0,100,4,100,4
0.5699999999999997,0.6600000000000004,43.46032673600142,38.04471053904866,6.890195984612312e-07,0.9609023751682888,0.5781355655559961,0.9999003506543876,0.998739539086629,0.0039997100830078,95,3721,3650.0,885.0,830.0,100,99,100,99
0.5699999999999997,0.6900000000000004,838.9479833398493,216.95564062729505,3.6017858958376416e-06,-0.4354308078287234,-0.4484699940479126,-0.4107520836692784,-0.4230163024333335,0.0312659740447998,4,2843,116.0,727.0,24.0,100,48,100,45
0.5699999999999997,0.7700000000000005,490.67906127780776,181.7888238330075,9.712793698484089e-07,0.8245232234117266,0.4274410315400898,0.9882815519864104,0.971954188543162,0.0075128078460693,83,6783,5693.0,1519.0,1189.0,100,99,100,96
0.5699999999999997,0.8000000000000005,177.25904555415283,109.65014293722489,7.136688449879029e-07,0.961091628182126,0.7109916624920811,0.9983286028446248,0.9895737275881904,0.0069959163665771,87,6030,5563.0,1484.0,1217.0,100,99,100,99
0.5699999999999997,0.8200000000000005,557.3907404146574,213.9903619324945,9.895621867883512e-07,0.819648143837955,0.4046926654383769,0.9866332564359808,0.9672237993587004,0.0070002079010009,84,7322,6059.0,1705.0,1275.0,100,99,100,97
0.5699999999999997,0.8400000000000005,44.07947368106838,30.873397394304803,1.9560741038823254e-07,0.9886102958704752,0.8996020832114225,0.9998925013189824,0.9992280437112075,0.0050013065338134,94,4436,4456.0,1153.0,1111.0,100,99,100,99
0.5699999999999997,0.8500000000000005,144.13634418246397,70.59947389524737,5.090084851772319e-07,0.9349896672048064,0.6998547386894038,0.9989174606869312,0.9960976597981218,0.0040063858032226,93,4892,4651.0,1245.0,1121.0,100,99,100,99
0.5699999999999997,0.8700000000000006,0.0,0.0,2.401779853452175e-07,,,1.0,1.0,0.0019993782043457,99,3022,3022.0,812.0,812.0,100,99,100,99
0.5699999999999997,0.9200000000000006,378.7811424109625,168.97951628252733,6.780467046208468e-07,0.915642818306899,0.660171867590351,0.9941861669908768,0.9824351510889096,0.0069992542266845,87,7299,6479.0,1790.0,1461.0,100,99,100,99
0.5699999999999997,0.9300000000000006,1486.0695260867294,486.85731529324426,1.3675064737388394e-06,0.5980128749571046,0.0010776750343801,0.9425607349737286,0.8940409930262647,0.0089998245239257,78,10542,7214.0,2379.0,1516.0,100,96,100,92
0.5699999999999997,0.9600000000000006,2867.612150281911,789.3313626101525,1.985826281806567e-06,-0.0314073667757626,-1.1555350708120335,0.8300958293584615,0.7543733694559989,0.010000467300415,73,11689,6879.0,2461.0,1447.0,100,90,96,87
0.5799999999999997,0.21000000000000002,0.4208127057650866,0.1020620726159657,5.691912809731453e-07,0.948692152917505,0.7961783439490446,0.9726912017477632,0.8287671232876712,0.0305349826812744,4,10,10.0,2.0,2.0,1,4,5,4
0.5799999999999997,0.22000000000000003,14.230615470409797,3.50743258428916,1.794013259341316e-05,-1.1360239795912528,-0.8717559268308792,-1.120028440070838,-0.8085758039816233,0.0305373668670654,4,32,6.0,9.0,1.0,98,4,66,4
0.5799999999999997,0.24000000000000005,6.005206074732157,1.661450169781407,1.893719930957664e-05,-0.85667359388617,-0.5150973735929962,-0.7389644572140401,-0.4992927864214997,0.0296807289123535,4,15,8.0,6.0,0.0,100,4,69,4
0.5799999999999997,0.26000000000000006,0.9947780321927768,0.3227486121839514,6.447361336682042e-06,0.3463302752293576,-0.116279069767442,0.7374530179084677,-0.1111111111111111,0.030001163482666,4,10,5.0,1.0,0.0,1,4,6,4
0.5799999999999997,0.3200000000000001,27.298695023755258,6.958208581716034,1.184013664177238e-05,-1.5328768113483378,-1.4925732480518392,-1.481549930695171,-1.3632776749577986,0.030571699142456,4,53,6.0,16.0,1.0,97,4,91,4
0.5799999999999997,0.37000000000000016,42.40774300368586,9.5524865872714,1.095246023670401e-05,-0.8896464430822126,-0.8987796204518002,-0.8530088156587443,-0.8373408057452556,0.0309953689575195,4,116,7.0,33.0,1.0,100,4,100,4
0.5799999999999997,0.38000000000000017,0.6373774391990981,0.1767766952966369,1.007011773295858e-06,0.8049593665346947,0.2173913043478266,0.9020691040578546,0.2187500000000001,0.0310194492340087,4,10,7.0,1.0,1.0,1,4,5,4
0.5799999999999997,0.3900000000000002,41.7619743307234,11.361943055657338,4.850570707755178e-06,-0.0251026184911054,-0.1746745456968943,-0.0008864687000149,-0.1453535226575379,0.032414436340332,4,156,35.0,46.0,7.0,99,63,99,58
0.5799999999999997,0.4100000000000002,2.5840052889522758,0.9682458365518544,1.2017343549836352e-05,-2.305721192586624,-0.6441484300666032,-1.0463542331758395,-0.6071428571428572,0.0335059165954589,4,10,6.0,4.0,1.0,1,4,99,4
0.5799999999999997,0.4200000000000002,13.118450746944168,3.854110359949059,1.0750183372746433e-05,-1.331060107233562,-0.8592169059227772,-1.327871901525143,-0.8138109108485225,0.0350162982940673,4,33,7.0,12.0,2.0,100,4,98,4
0.5799999999999997,0.49000000000000027,106.28445519767538,26.77646665762058,7.712818219096e-06,-0.5662383616248954,-0.5828810597001195,-0.5397482617590075,-0.5478619468158863,0.0337088108062744,4,347,5.0,80.0,2.0,100,4,99,4
0.5799999999999997,0.5000000000000002,1.3268069440075547,0.4894725051862804,4.854343988769157e-06,0.0043571647744705,-0.1151515151515152,0.5029996471003411,-0.0454545454545454,0.0326983928680419,4,10,4.0,2.0,1.0,1,4,12,4
0.5799999999999997,0.5500000000000003,754.668104478165,183.34016085771643,7.263033745255871e-06,-0.5589686804510927,-0.5834659537238738,-0.5261531384760814,-0.5478247181262565,0.0327451229095459,4,2299,7.0,566.0,1.0,100,4,100,5
0.5799999999999997,0.5700000000000003,643.6483010283386,158.78864359057084,4.816666107671834e-06,-0.5847761691771078,-0.5952012490381249,-0.5495634603759716,-0.5581159085141314,0.0293338298797607,4,2007,21.0,485.0,4.0,100,33,100,26
0.5799999999999997,0.6000000000000003,661.525824640782,163.901075347296,5.281411926034589e-06,-0.5271568818473373,-0.5444259801305551,-0.4967562178336817,-0.5116742941319177,0.0300040245056152,4,2108,5.0,504.0,2.0,100,4,100,4
0.5799999999999997,0.6200000000000003,720.1443504025194,179.27516094912127,5.518446863754848e-06,-0.50221609116353,-0.510455989187443,-0.4739070444447455,-0.4802321672239207,0.0321490764617919,4,2280,8.0,561.0,2.0,100,4,99,4
0.5799999999999997,0.6600000000000004,20.58779111165505,17.291616465790582,4.219378609010316e-07,0.9955066268005728,0.917343668900774,0.9999726430763796,0.9996748021196146,0.0039985179901123,93,3983,3956.0,945.0,909.0,100,99,100,99
0.5799999999999997,0.6700000000000004,561.1732779780829,143.86147851318643,5.6342426397890844e-06,-0.4782675512231686,-0.4806997815764777,-0.4515723754789995,-0.4527659669492794,0.030510663986206,4,1868,4.0,481.0,1.0,100,4,100,4
0.5799999999999997,0.7100000000000004,128.06996785611634,91.71377577368987,6.230747149222902e-07,0.966298729448191,0.6817784867792591,0.9989811405884488,0.9912848607297656,0.0059952735900878,88,5287,4954.0,1283.0,1084.0,100,99,100,99
0.5799999999999997,0.7200000000000004,62.57195857570706,62.14096877262214,2.750701999658055e-07,0.945352607580184,0.3619662312180512,0.9998032002768004,0.9971443417777036,0.0030004978179931,96,3760,3640.0,1012.0,899.0,100,99,100,99
0.5799999999999997,0.7300000000000004,60.74013200811829,46.293529883677145,5.748912491403827e-07,0.9893669549446412,0.8925859742170549,0.999759379384521,0.9976823618542848,0.0054407119750976,89,4954,4920.0,1249.0,1103.0,100,99,100,99
0.5799999999999997,0.7800000000000005,985.1056001659216,316.4704121069305,1.4493370233159066e-06,0.572237339661188,-0.2743217302478042,0.9622832818984942,0.9257382094228486,0.008491039276123,77,7811,6022.0,1726.0,1258.0,100,94,97,90
0.5799999999999997,0.8100000000000005,971.0607859449376,324.3451864911826,1.257167641799899e-06,0.6286543535540564,-0.0092751071631302,0.964368327972374,0.9290476209873152,0.0079967975616455,80,8229,6049.0,1866.0,1265.0,100,97,100,93
0.5799999999999997,0.8300000000000005,1024.822306548799,316.6639227951299,1.3600524074709774e-06,0.697254927708673,0.0996277174538445,0.9669876336137796,0.9382294227017708,0.0099987983703613,75,8917,7089.0,1932.0,1487.0,99,93,95,89
0.5799999999999997,0.8400000000000005,96.74133251442564,28.572276773123978,4.146441383135346e-06,-0.3081003883072613,-0.2778115094734736,-0.2958922005911251,-0.2642684303919986,0.0308222770690917,4,403,6.0,126.0,1.0,100,4,100,4
0.5799999999999997,0.8900000000000006,1681.8054739398112,502.6211729307281,1.5315730229732674e-06,0.4583590307373039,-0.2760051716883711,0.9263950616589628,0.8803227562749919,0.0090024471282958,77,10297,6921.0,2202.0,1453.0,100,95,100,91
0.5799999999999997,0.9000000000000006,1700.2415710715934,527.5572006901242,1.6836603317600916e-06,0.4950162315492832,-0.2233902856659304,0.9248495964798498,0.867832757428243,0.0095090866088867,75,10311,7144.0,2265.0,1500.0,100,93,96,89
0.5799999999999997,0.9500000000000006,2540.616587594691,652.668344369432,2.108387944129852e-06,0.2465915199478884,-0.6464726965917527,0.8768477534660037,0.8295504041900219,0.0120191574096679,69,11607,8274.0,2482.0,1744.0,95,88,91,84
0.5799999999999997,0.9600000000000006,2686.1380558661563,716.2254749968636,2.0040394685764006e-06,0.2050201793204744,-0.7437973699681322,0.86676269529003,0.8101368327771237,0.0109946727752685,71,12001,8007.0,2610.0,1689.0,96,90,93,86
0.5799999999999997,0.9800000000000006,2968.65565185832,794.0056457716415,2.1218231845402177e-06,0.0872541590524708,-1.0279413830001984,0.845627704300925,0.7809103007640742,0.0130503177642822,71,12197,7925.0,2607.0,1670.0,96,89,92,86
0.5899999999999997,0.21000000000000002,5.148826727193941,1.2788341044352338,1.4815164078390228e-05,-1.8483823958029728,-0.4678613167121153,-1.6555782795609164,-0.440366972477064,0.0309996604919433,4,14,7.0,6.0,1.0,54,4,44,4
0.5899999999999997,0.22000000000000003,3.308763616015304,1.0307764064044151,2.0450948142126927e-05,-2.740768204063474,-0.523335407591786,-1.9460406447091805,-0.492100643651258,0.0315160751342773,4,10,3.0,5.0,0.0,1,4,34,4
0.5899999999999997,0.3200000000000001,18.08803702266593,4.860555523805895,8.476637593883411e-06,-0.5766284125918444,-0.5902885816333239,-0.5594751933269615,-0.5609192079780314,0.0299997329711914,4,67,6.0,17.0,1.0,99,29,99,15
0.5899999999999997,0.3300000000000001,64.08880557476478,14.99756924749252,9.358361840662472e-06,-0.8208405063758768,-0.7568630641671392,-0.7813695386296804,-0.7052378037945946,0.031524658203125,4,164,5.0,46.0,0.0,99,4,97,4
0.5899999999999997,0.34000000000000014,51.79878940026816,12.701295865645626,9.182986348233984e-06,-1.2133583363729326,-0.9584610541096998,-1.1456557549454698,-0.8935656426715575,0.03204345703125,4,136,6.0,34.0,0.0,98,4,97,4
0.5899999999999997,0.35000000000000014,2.994787137677734,0.7216878364870323,3.241440943900894e-06,-0.1983298538622129,-0.1519078473722102,-0.0516030534351146,-0.1439029970258523,0.0305161476135253,4,10,4.0,4.0,1.0,1,4,25,4
0.5899999999999997,0.36000000000000015,1.7230060940112777,0.4208127057650866,2.6982266585352102e-06,-0.0479546499157343,-0.115516062884484,0.3760262725779967,-0.1103853690398435,0.0299999713897705,4,10,3.0,2.0,0.0,1,4,8,4
0.5899999999999997,0.4100000000000002,102.72749145189908,24.6859440437941,1.004654107423653e-05,-0.8111060260434917,-0.8224165143711579,-0.7663243982569306,-0.7660176094614253,0.0300252437591552,4,256,3.0,64.0,0.0,100,4,100,4
0.5899999999999997,0.4200000000000002,13.073510112692254,3.272358986011977,9.331036972204851e-06,-0.8805753110975536,-0.5767878826612132,-0.8792828762832166,-0.5412293853073467,0.031592845916748,4,43,5.0,12.0,0.0,100,4,100,4
0.5899999999999997,0.45000000000000023,73.40349389958673,17.983499381377364,7.855235730589939e-06,-0.6547085560428136,-0.6428722616149858,-0.6270272453419501,-0.6050966873393453,0.0320265293121337,4,234,5.0,65.0,1.0,100,4,97,4
0.5899999999999997,0.47000000000000025,0.3061862178478972,0.2041241452319315,1.1650935811307774e-06,0.941304347826087,-0.0434782608695645,0.9773704458022175,0.5299647473560516,0.0300002098083496,4,10,6.0,2.0,0.0,1,4,3,4
0.5899999999999997,0.48000000000000026,220.76321213765064,52.329086876548246,6.6597097589191095e-06,-0.5762126244056389,-0.5917442797541435,-0.5446082711157014,-0.5554933863128892,0.0299999713897705,4,608,7.0,152.0,1.0,100,4,97,4
0.5899999999999997,0.49000000000000027,61.571943015197,15.429611682303175,5.685919749044111e-06,-0.9264922894964293,-0.7535259051228425,-0.8788255453493694,-0.7022192529897762,0.0305345058441162,4,179,5.0,49.0,0.0,99,4,99,4
0.5899999999999997,0.5000000000000002,32.74602393166739,8.469922274338373,6.658823312360648e-06,-0.6666449109609798,-0.5522659986335685,-0.6446865986984511,-0.5187165775401072,0.0307817459106445,4,97,4.0,29.0,0.0,100,4,95,4
0.5899999999999997,0.5400000000000003,412.6541000038652,102.86763339359956,6.723030083942766e-06,-0.5353845457940314,-0.5395112898916632,-0.5049774115436054,-0.5069897701027952,0.0325038433074951,4,1378,4.0,338.0,0.0,100,4,100,4
0.5899999999999997,0.7300000000000004,447.5920542847287,165.50546463343562,9.463951953913134e-07,0.8052993999463104,0.3579515160146643,0.9890214476314548,0.9730768919271862,0.0080025196075439,83,6192,5261.0,1389.0,1095.0,100,99,99,96
0.5899999999999997,0.7500000000000004,93.637599285757,67.17514421272202,5.927057913077482e-07,0.9661954814095088,0.6931443039911429,0.9994619615018364,0.9957191256129312,0.0050020217895507,92,4541,4357.0,1147.0,1012.0,100,99,100,99
0.5899999999999997,0.7700000000000005,335.446639447568,91.56043086399278,5.560110337291876e-06,-0.3397011395816591,-0.333555740465238,-0.3229231225142539,-0.316184492694741,0.030571699142456,4,1316,3.0,348.0,0.0,100,4,100,4
0.5899999999999997,0.7800000000000005,86.20034802713965,66.42476947645359,4.925127889799649e-07,0.977202177459748,0.7478477893016756,0.9995767622494696,0.9962347904341988,0.0050001144409179,92,4892,4729.0,1225.0,1125.0,100,99,100,99
0.5899999999999997,0.7900000000000005,392.2392127261118,161.6568381892128,8.427828810935518e-07,0.8888604695137338,0.5898913362800231,0.9932491655094178,0.9809416734446512,0.0060009956359863,85,6942,6107.0,1614.0,1305.0,100,99,100,98
0.5899999999999997,0.8000000000000005,200.81583602893477,111.23398761170075,7.032574680176888e-07,0.9593503197270484,0.7292944600373814,0.997856972164902,0.9893312411359848,0.0059976577758789,86,6234,5720.0,1470.0,1247.0,100,99,100,99
0.5899999999999997,0.8200000000000005,1.5512092057488571,0.6535161308899218,2.8628095046032934e-06,0.0145313958138915,-0.1887647236484446,0.3997505456813219,-0.1634506242905791,0.0315186977386474,4,10,5.0,3.0,0.0,1,4,9,4
0.5899999999999997,0.8500000000000005,3147.011633633124,730.1712127987518,3.1811837564737384e-06,-1.133819978696692,-2.933673584061759,0.7141947887838798,0.6471494113726513,0.014176607131958,64,9639,6171.0,2050.0,1291.0,90,81,90,78
0.5899999999999997,0.9200000000000006,409.4854749153707,114.67322231744718,5.358400737092761e-06,-0.2844967178570194,-0.2906296751943349,-0.2711332303129654,-0.2759316781564815,0.0305111408233642,4,1636,4.0,472.0,1.0,100,4,100,4
0.5899999999999997,0.9600000000000006,26.32172740025497,37.91657509146451,2.3331742064845998e-07,0.997692466748605,0.9168617044346528,0.9999630864727626,0.9989717195408416,0.005000352859497,94,4734,4729.0,1255.0,1221.0,100,99,100,99
0.5899999999999997,0.9700000000000006,3785.819191056068,850.1200998744391,3.3836486232651785e-06,-0.7102792965628097,-1.6658443726932357,0.7301036824565454,0.6830193650161236,0.0139954090118408,62,12185,8025.0,2601.0,1693.0,89,81,84,77
0.5999999999999998,0.21000000000000002,3.6713984619851145,0.962851667357612,2.512075330676639e-05,-1.5029517841671538,-0.4376577486118123,-1.1349260035307127,-0.413595933926302,0.0300216674804687,4,10,5.0,4.0,0.0,1,4,66,4
0.5999999999999998,0.23000000000000004,6.103277807866851,1.567907310185565,1.7844448677137274e-05,-0.8347968765866927,-0.6979689724949414,-0.7874280230326298,-0.6624401239785853,0.0299935340881347,4,16,4.0,4.0,1.0,92,4,83,4
0.5999999999999998,0.24000000000000005,12.725057301770132,3.360307525609325,1.7995922576276564e-05,-0.9024696205565444,-0.6044403330249768,-0.8992638748892761,-0.5801749271137027,0.0320181846618652,4,34,6.0,9.0,0.0,100,4,89,4
0.5999999999999998,0.3000000000000001,18.950593658247225,4.662572608907376,1.078597099441879e-05,-1.1477042436953249,-0.9200367999386664,-1.1295941688801037,-0.8604195081075781,0.0320019721984863,4,53,5.0,15.0,1.0,100,4,98,4
0.5999999999999998,0.3100000000000001,25.93059647083602,6.002603601771485,1.294940235468066e-05,-0.9620067002300848,-0.8441852715761413,-0.9341843944429726,-0.7839092315626615,0.0310032367706298,4,60,6.0,16.0,1.0,100,4,88,4
0.5999999999999998,0.3200000000000001,0.7637626158259734,0.338501600193165,5.283084247149165e-06,0.2622478386167147,-0.0038022813688209,0.730911537167844,-2.220446049250313e-16,0.0310001373291015,4,10,3.0,2.0,1.0,1,4,11,4
0.5999999999999998,0.3300000000000001,101.17492072313836,22.987768486740944,8.731196638521289e-06,-1.274635851116405,-1.146916316163722,-1.1915627118168546,-1.0579495552873643,0.0309970378875732,4,248,11.0,64.0,1.0,100,4,99,4
0.5999999999999998,0.37000000000000016,34.92790193145493,7.742603997794712,8.372038595420136e-06,-1.1974739616264665,-1.091847745834138,-1.14912406257042,-1.0235583684950766,0.0305192470550537,4,75,6.0,20.0,0.0,98,4,91,4
0.5999999999999998,0.4400000000000002,157.2367177750371,38.06149081858635,6.663109402399342e-06,-0.6058462683718171,-0.6290301267289751,-0.5754400992841664,-0.5922307866242675,0.0329940319061279,4,477,8.0,112.0,1.0,100,4,98,5
0.5999999999999998,0.45000000000000023,249.12831365917975,58.35344891263926,6.303141835804116e-06,-0.6522843230815702,-0.6865100028004931,-0.6145389604189535,-0.6425602035156273,0.0305073261260986,4,694,9.0,154.0,1.0,99,4,99,4
0.5999999999999998,0.48000000000000026,439.1471018728614,108.23850015898532,6.835983588151964e-06,-0.6894227830562984,-0.6811108055918942,-0.6467180475859307,-0.6365245262089831,0.0300004482269287,4,1265,5.0,310.0,1.0,100,4,100,4
0.5999999999999998,0.5000000000000002,365.58909367849947,88.91358163970227,7.115593773069105e-06,-0.6258225804326345,-0.6407043588303059,-0.5888034613023636,-0.600063248606554,0.0305125713348388,4,1035,6.0,251.0,0.0,100,4,99,4
0.5999999999999998,0.5200000000000002,185.2564382596909,46.63309804562992,8.206462658287054e-06,-0.4747241138678746,-0.485251779794061,-0.4506376586128813,-0.4579694217930414,0.0315685272216796,4,638,7.0,165.0,1.0,100,16,100,4
0.5999999999999998,0.5400000000000003,273.8389315211894,69.96844526880194,6.5781062329654205e-06,-0.5022168096492283,-0.5033555830436953,-0.4760025269679127,-0.4747352401273987,0.030534029006958,4,901,8.0,245.0,1.0,100,4,100,5
0.5999999999999998,0.5900000000000003,88.96949718061482,18.86417617753669,4.174668846290867e-07,0.7952607230482722,0.8173179675222629,0.9994814031444644,0.9995781342593528,0.0070021152496337,93,3708,3842.0,855.0,858.0,100,99,100,99
0.5999999999999998,0.6700000000000004,898.3062650529235,226.42937180645683,5.4929654032000325e-06,-0.441892009614699,-0.4557995278254561,-0.4176822084996727,-0.4297326023613492,0.0300085544586181,4,2943,9.0,727.0,2.0,100,4,100,4
0.5999999999999998,0.6800000000000004,194.54771265681845,106.758781840184,8.536416821382587e-07,0.9380890323697634,0.5408481898027566,0.9976434701933388,0.9874065869956556,0.0059995651245117,84,5629,5090.0,1296.0,1060.0,100,99,100,96
0.5999999999999998,0.7000000000000004,160.21443963222126,95.63785861258084,7.350004266892918e-07,0.9608559552017184,0.665102007938019,0.998437467348846,0.9903150602410008,0.0070180892944335,85,5665,5225.0,1343.0,1101.0,100,99,100,98
0.5999999999999998,0.7100000000000004,87.2639673633969,59.93144231351168,5.940962299992106e-07,0.967392197303282,0.6823899302409362,0.9994926556835266,0.9960339104995528,0.0060000419616699,91,4530,4322.0,1100.0,974.0,100,99,100,99
0.5999999999999998,0.7300000000000004,29.832169437259054,8.115058019919923,5.969345149310445e-06,-0.4514712198571544,-0.3882809354756067,-0.441258461084284,-0.3670489733077311,0.0310039520263671,4,103,4.0,36.0,0.0,99,4,98,4
0.5999999999999998,0.7500000000000004,200.00442302801517,89.87598293032632,6.146577561081169e-07,0.952238541317656,0.7829353504695782,0.997934606511883,0.9930740600285062,0.0059983730316162,87,6061,5631.0,1428.0,1241.0,100,99,100,99
0.5999999999999998,0.7600000000000005,333.969559491081,146.6260549834169,8.195833695578639e-07,0.9010630147641407,0.5891735145957326,0.9941968344061918,0.9812653221708848,0.007004976272583,85,6468,5643.0,1528.0,1203.0,100,99,100,98
0.5999999999999998,0.7800000000000005,1070.9189554260906,327.5977994154084,1.4280864159538382e-06,0.5335067878076343,-0.2758160570321799,0.9550600841021863,0.9211345668414704,0.0089967250823974,78,7960,5853.0,1708.0,1222.0,100,95,97,91
0.5999999999999998,0.8000000000000005,1322.4606799447763,407.9297325112092,1.688336296087926e-06,0.3818526466213705,-0.631140842745483,0.9331433072288594,0.8815114912846737,0.009002685546875,76,8203,5769.0,1825.0,1204.0,100,93,98,89
0.5999999999999998,0.8300000000000005,1446.636122675143,405.3866320299319,1.708110237463512e-06,0.4988139919357029,-0.3519802389491817,0.9389722552463476,0.901965008661951,0.0105042457580566,72,9233,7163.0,2025.0,1503.0,97,90,93,87
0.5999999999999998,0.9100000000000006,91.97331628842636,46.17456993942563,4.365795264202759e-07,0.9928407875361732,0.9700734594182128,0.9996181607720072,0.998627489458441,0.00600266456604,89,6645,6666.0,1729.0,1612.0,100,99,100,99
0.5999999999999998,0.9400000000000006,220.13647282235323,130.40322081911935,5.579059007634454e-07,0.9825865094345486,0.8816689184713113,0.9983032955180776,0.9909639129737918,0.0086565017700195,85,8365,7827.0,2047.0,1770.0,100,99,100,99
0.5999999999999998,0.9500000000000006,2868.695786612626,731.2866919385664,2.3116481011730653e-06,0.0769989870343954,-0.9734625507066914,0.8524875717897348,0.7996712683196368,0.0110442638397216,69,11945,8118.0,2518.0,1711.0,94,88,91,84
0.5999999999999998,0.9800000000000006,2775.726447706978,719.9628679661195,2.2470592760584115e-06,0.2997183452971746,-0.5111517377170947,0.870018574133737,0.8178594329947464,0.0125164985656738,68,12651,8968.0,2674.0,1897.0,95,88,90,84
0.6099999999999998,0.21000000000000002,1.203294089849471,0.4330127018922193,1.0096214463647546e-05,0.1334502240405221,-0.0806754221388368,0.5156625666399526,0.0060739922694645,0.0310206413269042,4,10,4.0,2.0,1.0,1,4,32,4
0.6099999999999998,0.24000000000000005,1.4361406616345072,0.5496210815947049,6.481868272055022e-06,0.3923273657289003,-0.148988856789104,0.6208639705882353,-0.1421819614021264,0.030008316040039,4,10,5.0,3.0,0.0,1,4,20,4
0.6099999999999998,0.26000000000000006,3.2015621187164243,0.9128709291752768,1.869412322280389e-05,-1.0630732943129204,-0.3803019410496044,-0.7369508040458248,-0.3596193065941537,0.0315096378326416,4,10,4.0,4.0,0.0,1,4,82,4
0.6099999999999998,0.2700000000000001,0.6614378277661477,0.2282177322938192,1.509743761956074e-06,0.6408977556109727,-0.0549450549450545,0.8381877022653722,0.2319508448540705,0.0310189723968505,4,10,3.0,1.0,0.0,1,4,3,4
0.6099999999999998,0.3100000000000001,0.2282177322938192,0.0,2.8547731749584816e-07,0.827338129496403,1.0,0.9819076566796932,1.0,0.0309970378875732,4,10,4.0,1.0,1.0,1,4,2,4
0.6099999999999998,0.34000000000000014,1.0257111354242645,0.3818813079129867,1.752921157716764e-06,0.6887419344483323,-0.080385852090032,0.8149640920416239,-0.0152284263959385,0.0299973487854003,4,10,6.0,2.0,0.0,1,4,13,4
0.6099999999999998,0.38000000000000017,9.753738599463627,2.682893338667541,1.3199953323752398e-05,-0.8444023249405197,-0.6413707781764195,-0.8324638844301766,-0.6181153990258526,0.0305113792419433,4,27,8.0,9.0,0.0,92,4,98,4
0.6099999999999998,0.3900000000000002,25.97635142458104,6.870073992808714,8.224671196847357e-06,-1.3394506698748732,-0.8702853309942726,-1.293169415156484,-0.8131325055322352,0.0329971313476562,4,69,6.0,22.0,1.0,100,4,100,4
0.6099999999999998,0.4200000000000002,81.15366083342555,20.128752238195656,7.88003281628269e-06,-0.7351495743629981,-0.7235150324577013,-0.7002433406185642,-0.6785167463288917,0.0315115451812744,4,221,5.0,58.0,0.0,99,4,99,4
0.6099999999999998,0.45000000000000023,9.803804533615168,2.5310570914145734,9.134796752358428e-06,-0.7717009322615294,-0.5452261306532664,-0.7642447418738052,-0.5266607089663389,0.0310134887695312,4,31,5.0,10.0,1.0,100,4,100,5
0.6099999999999998,0.48000000000000026,32.744751487833895,7.579440392711501,6.337585992431254e-06,-0.6577141936869231,-0.5517908435429977,-0.6418288735576596,-0.5182632059992731,0.0305185317993164,4,101,5.0,24.0,1.0,100,4,97,4
0.6099999999999998,0.5800000000000003,988.8410198307917,242.01286983684705,5.923392895499062e-06,-0.550664902032405,-0.5651615780725268,-0.5181816618474293,-0.5306769188777183,0.0310022830963134,4,2922,8.0,690.0,1.0,100,4,100,4
0.6099999999999998,0.6700000000000004,153.4106689032198,86.8514056689163,7.679543908323916e-07,0.937592354224788,0.5931312029534448,0.9985049935310474,0.9918501496364766,0.0059990882873535,88,5035,4705.0,1179.0,1013.0,100,99,99,99
0.6099999999999998,0.6900000000000004,56.31696014523512,29.2677296693816,1.8599774264630338e-07,0.958579727103663,0.6954462711189487,0.9998238552018226,0.9992395998961068,0.0035135746002197,95,3806,3783.0,915.0,906.0,100,99,99,99
0.6099999999999998,0.7900000000000005,1493.2807654438077,419.2631543465185,1.8962560156608424e-06,0.3056464332359555,-0.8105176355697066,0.9251881782375718,0.8799428341972658,0.0119943618774414,73,8624,6358.0,1843.0,1329.0,98,90,96,86
0.6099999999999998,0.8000000000000005,1229.602657630575,380.59587148483934,1.525795544949902e-06,0.5269218112520162,-0.2232811196836519,0.9468497570950708,0.9057252359735296,0.009000539779663,77,8652,6189.0,1880.0,1294.0,100,94,97,91
0.6099999999999998,0.8100000000000005,1154.853933922231,352.632522113565,1.3959978750212945e-06,0.601155940919182,-0.0419677155164877,0.9543211735705592,0.9208328005959164,0.0090003013610839,77,8726,6404.0,1829.0,1340.0,100,95,100,91
0.6099999999999998,0.8700000000000006,2094.9043121162067,588.9020422656178,1.8494521910568437e-06,0.2333787040427425,-0.6984122095793319,0.8864746507270327,0.8289155543407355,0.0095081329345703,74,10117,6599.0,2189.0,1383.0,100,92,97,88
0.6099999999999998,0.8900000000000006,2202.6729822346906,602.0774036616887,2.1271100286734093e-06,0.270850065507928,-0.6723201091354538,0.8880339451080361,0.8307529007970735,0.0110001564025878,70,10578,7568.0,2303.0,1592.0,99,89,92,85
0.6099999999999998,0.9700000000000006,3420.1619414703678,827.434749515563,2.859001003997632e-06,-0.2327838328386953,-1.326344325777764,0.8030099253839168,0.7488553241953733,0.0129976272583007,66,12509,8339.0,2709.0,1760.0,92,85,87,81
0.6199999999999998,0.2,9.645270861930213,2.079162491645775,9.87677907816966e-06,-1.4348487903512086,-0.828529465760969,-1.4290473923981777,-0.7830290010741137,0.0315513610839843,4,20,9.0,6.0,1.0,100,4,95,4
0.6199999999999998,0.2800000000000001,15.50268793897798,3.975183433922683,1.0823901194855045e-05,-2.5693069306930694,-1.3630817161030704,-2.5281740109123825,-1.2663439703597468,0.0325396060943603,4,42,7.0,15.0,1.0,99,4,98,4
0.6199999999999998,0.2900000000000001,0.3061862178478972,0.0,1.170701260142014e-07,0.9131745553210732,1.0,0.9771219400594828,1.0,0.0310041904449462,4,10,7.0,1.0,0.0,1,4,3,4
0.6199999999999998,0.3200000000000001,0.2700308624336608,0.1020620726159657,1.040810372839589e-07,0.9059218815623687,-0.0105263157894739,0.9795769511305616,-0.0101010101010103,0.0310022830963134,4,10,6.0,1.0,0.0,1,4,8,4
0.6199999999999998,0.34000000000000014,31.177916864344866,7.610300037887249,8.864903073189812e-06,-1.5896040376710547,-1.2006728676034035,-1.522073344394442,-1.1217243971593316,0.0310049057006835,4,70,10.0,22.0,2.0,100,4,95,4
0.6199999999999998,0.4000000000000002,0.3227486121839514,0.0,9.999999999999994e-08,0.782608695652174,1.0,0.961662321729796,1.0,0.0290021896362304,4,10,4.0,0.0,0.0,1,4,1,4
0.6199999999999998,0.4400000000000002,0.1443375672974064,0.1020620726159657,1.0350260547953717e-07,0.8587196467991169,-0.0105263157894739,0.9901497241922774,-0.0101010101010103,0.030998945236206,4,10,2.0,1.0,0.0,1,4,8,4
0.6199999999999998,0.49000000000000027,281.473096701384,70.60099149445423,6.590472092556747e-06,-0.6141551181162035,-0.6062920759923263,-0.57905754277003,-0.569932797406385,0.0315134525299072,4,916,8.0,227.0,0.0,100,4,100,4
0.6199999999999998,0.5000000000000002,357.6771123047527,89.10211838110247,6.664442470526114e-06,-0.5853327415409142,-0.593751848085383,-0.5517014197549475,-0.5571068289015073,0.0313942432403564,4,1093,6.0,267.0,1.0,100,4,100,4
0.6199999999999998,0.5200000000000002,410.2865995252587,101.21166969936488,6.795306361886063e-06,-0.5642827092274836,-0.5744525269530718,-0.5318447049975501,-0.5396481895158571,0.0305104255676269,4,1255,5.0,311.0,0.0,100,4,100,4
0.6199999999999998,0.5400000000000003,0.1443375672974064,0.0,1.0313399980122657e-07,0.8093346573982124,1.0,0.9903119550474714,1.0,0.0300190448760986,4,10,2.0,1.0,0.0,1,4,3,4
0.6199999999999998,0.7300000000000004,661.3754685628026,173.04807255981405,5.929561268073407e-06,-0.4222758581552175,-0.4181820003732261,-0.3993538809832682,-0.3948499546037578,0.0325160026550293,4,2257,2.0,604.0,0.0,100,4,100,4
0.6199999999999998,0.7500000000000004,4.949747468305833,12.020815280171307,1.983305996430358e-07,0.998011525038552,0.8281807372175981,0.9999991959005252,0.9999321997117316,0.0035057067871093,98,3365,3358.0,861.0,844.0,100,99,100,99
0.6199999999999998,0.7700000000000005,1376.7498247684653,400.375373868074,1.8346721988197275e-06,0.2719819245776009,-0.9017001527581836,0.9294373555302612,0.8831037083478345,0.0100021362304687,75,8121,5846.0,1712.0,1221.0,100,92,96,88
0.6199999999999998,0.8000000000000005,572.1677155667227,216.7625428896792,1.027973639717265e-06,0.8737959529915201,0.591643844118485,0.9872756515799188,0.9688476632682412,0.009005069732666,81,8168,6746.0,1848.0,1413.0,100,99,99,96
0.6199999999999998,0.8100000000000005,269.2263220786556,145.9492634445272,7.630193376786951e-07,0.9600246885400248,0.7648832975900675,0.996907820656697,0.9854013981106888,0.0060064792633056,84,7524,6762.0,1791.0,1456.0,100,99,100,99
0.6199999999999998,0.8200000000000005,2514.046653456848,609.9404342502088,2.752179432938675e-06,-0.4725041225800552,-2.0034051480815744,0.8205428947851644,0.7656422787136783,0.0120000839233398,67,9339,6487.0,2044.0,1359.0,92,84,87,81
0.6199999999999998,0.8400000000000005,473.29878178810606,203.31204950441136,9.494655392076628e-07,0.9237407924806688,0.689723310131472,0.991704566936148,0.974499128198808,0.007997989654541,81,8454,7189.0,1962.0,1512.0,100,99,100,96
0.6199999999999998,0.9300000000000006,2716.1078648193143,713.8982887405367,2.295402508886252e-06,0.105671759790313,-0.945422936753218,0.8594184684165314,0.8030140200013366,0.0109992027282714,70,11662,7850.0,2507.0,1654.0,95,88,91,85
0.6199999999999998,0.9500000000000006,3487.555515498529,788.0787931485825,3.7283635551703817e-06,-0.4720636105519484,-1.1214120766259073,0.7740675275691149,0.7349103817413223,0.0135142803192138,62,12337,8349.0,2662.0,1760.0,88,81,81,77
0.6199999999999998,0.9600000000000006,3923.898553876121,919.455953268018,3.260839627343744e-06,-0.6047259651755468,-1.7583169149934803,0.7242741190064268,0.6634511235508,0.0142524242401123,64,12426,7699.0,2704.0,1623.0,91,82,88,79
0.6199999999999998,0.9700000000000006,3143.859334836942,808.0482232110178,2.2268565001203426e-06,0.1213040949255713,-0.8149277068533225,0.8458681392369585,0.7935142364041304,0.0117785930633544,71,12860,8319.0,2748.0,1756.0,95,90,93,86
0.6199999999999998,0.9900000000000007,3906.887639416704,898.5351893423465,3.386838914159926e-06,-0.4719581984632246,-1.3905639983217477,0.7483811711303858,0.6994158837612533,0.015733003616333,63,13002,8429.0,2791.0,1779.0,90,82,85,78
0.6299999999999997,0.21000000000000002,15.278661590597522,3.860861302870125,1.4317828043853091e-05,-2.069552028832696,-1.1274855974725888,-2.0469441502343333,-1.0555619397839573,0.0374879837036132,4,34,6.0,11.0,1.0,91,4,91,4
0.6299999999999997,0.25000000000000006,12.290324785510483,3.127499000799201,1.2801927605127845e-05,-3.666264430232091,-1.3908972760788263,-3.618976632775272,-1.3217288102067055,0.0328648090362548,4,26,5.0,9.0,0.0,99,4,93,4
0.6299999999999997,0.26000000000000006,30.87727724395401,7.115856706445589,1.150475360056622e-05,-1.846612092459092,-1.521388163973222,-1.733663785070176,-1.37656388268252,0.0318057537078857,4,62,5.0,18.0,2.0,93,4,100,4
0.6299999999999997,0.3000000000000001,14.89057308053208,3.5765439556458225,1.3564832994180551e-05,-1.1177487436769304,-0.9554140127388536,-1.1015758363207508,-0.8834355828220859,0.0305261611938476,4,37,4.0,10.0,0.0,97,4,97,4
0.6299999999999997,0.3100000000000001,25.421652516440915,5.562148865321747,7.94097348834801e-06,-1.6204184531181598,-1.2916850862034317,-1.549304664116855,-1.190330098232986,0.0316863059997558,4,61,4.0,17.0,1.0,97,4,96,4
0.6299999999999997,0.3200000000000001,53.08287545590071,12.465368693571268,1.033157135730206e-05,-0.9679320228724412,-0.9267734800088264,-0.9218582064399744,-0.8615092988111153,0.0305116176605224,4,133,4.0,31.0,1.0,98,4,95,4
0.6299999999999997,0.3300000000000001,63.794020749074384,15.448166018441585,9.323815999521132e-06,-1.2449811790661012,-1.0364519868592108,-1.171858009297949,-0.958757509924172,0.0318613052368164,4,151,7.0,45.0,0.0,100,4,100,4
0.6299999999999997,0.34000000000000014,0.75,0.2041241452319315,2.0460916938889044e-06,0.7024622625265453,0.4754098360655737,0.8703668139043595,0.4764397905759162,0.0334300994873046,4,10,7.0,2.0,2.0,1,4,5,4
0.6299999999999997,0.37000000000000016,36.64994884034628,9.10471489577424,1.0770783954333155e-05,-0.8342946048868671,-0.786775436889571,-0.8020461732669306,-0.7362694424868927,0.0330076217651367,4,98,4.0,26.0,0.0,97,4,100,4
0.6299999999999997,0.46000000000000024,164.98538445369437,40.67067944682836,5.898378789118331e-06,-0.7065110054964829,-0.6835578430676348,-0.6667240815462054,-0.6395362043509236,0.0331385135650634,4,472,10.0,117.0,2.0,100,4,97,4
0.6299999999999997,0.47000000000000025,242.3814572803236,59.60521160100013,5.954190251632491e-06,-0.6193324827931335,-0.5893696253540865,-0.5856178572465589,-0.5546505002620963,0.0310120582580566,4,777,11.0,195.0,2.0,100,4,100,6
0.6299999999999997,0.49000000000000027,28.755796517108223,7.25,7.543882091619691e-06,-0.5888399051366919,-0.5157894736842106,-0.5807671406259869,-0.4882716759425571,0.0300362110137939,4,85,7.0,23.0,0.0,98,4,99,4
0.6299999999999997,0.5000000000000002,260.96800969339773,66.75655398535787,8.242617302543533e-06,-0.5033830686613869,-0.502016175705327,-0.4765221331503644,-0.472818856686227,0.0300030708312988,4,874,4.0,218.0,1.0,100,4,99,4
0.6299999999999997,0.5100000000000002,671.9621765149186,162.54678813601126,5.904557688260306e-06,-0.6061681313829694,-0.6299179755529734,-0.5695166273270886,-0.590434703352194,0.0310018062591552,4,1992,5.0,495.0,1.0,100,4,100,5
0.6299999999999997,0.5400000000000003,157.74574082998248,41.026414255533794,6.823279788081797e-06,-0.567358542687945,-0.5292357175227784,-0.537896404555873,-0.4975332277233084,0.0305132865905761,4,573,4.0,160.0,1.0,100,4,100,4
0.6299999999999997,0.5500000000000003,438.9402721327812,113.85357006553052,3.6818585969480022e-06,-0.3490034682289187,-0.4158435761775012,-0.3247472621104073,-0.3886385091793416,0.031144380569458,4,1520,116.0,376.0,23.0,100,60,100,53
0.6299999999999997,0.5900000000000003,29.33143933279329,17.224014243685083,2.874320341200416e-07,0.8468128041783721,-5.917098445595854,0.999965833817266,0.9997981784429832,0.0035407543182373,97,3229,3279.0,746.0,753.0,100,99,98,99
0.6299999999999997,0.6000000000000003,917.8262703257084,226.01979540886825,6.040426779651914e-06,-0.4848511054531792,-0.508048017849386,-0.4575705279358009,-0.4782353721477379,0.031604528427124,4,2877,11.0,687.0,3.0,100,4,100,4
0.6299999999999997,0.6800000000000004,30.215889859476256,17.401149387324963,3.250163240287833e-07,0.985565728581312,0.9286522148916116,0.9999529997991498,0.9997537143327276,0.0044212341308593,95,3897,3957.0,950.0,946.0,100,99,100,99
0.6299999999999997,0.7000000000000004,0.0,0.0,4.063103364187537e-07,,,1.0,1.0,0.0029997825622558,99,3166,3166.0,791.0,791.0,100,99,100,99
0.6299999999999997,0.7200000000000004,0.3818813079129867,0.1020620726159657,1.026328852819212e-07,0.3437500000000001,-0.0105263157894739,0.9372309899569584,-0.0101010101010103,0.0317218303680419,4,10,4.0,1.0,0.0,1,4,7,4
0.6299999999999997,0.7400000000000004,19.448650338776723,29.43637205907005,8.515719003109965e-08,0.994004804477575,0.8565916731316265,0.9999798564999396,0.9993216998610108,0.0033307075500488,96,3736,3718.0,985.0,934.0,100,99,100,99
0.6299999999999997,0.7500000000000004,952.7183914112992,299.49751569046765,1.396847665597767e-06,0.6271795700914323,0.0547000060077228,0.964667394857109,0.935382521376922,0.0090067386627197,79,8060,5993.0,1754.0,1251.0,100,96,99,92
0.6299999999999997,0.7600000000000005,1153.558068495602,338.30266870388994,1.5441921866365804e-06,0.4655132863388838,-0.3784324227198592,0.9487731695460316,0.9150468201049504,0.009000539779663,77,8042,5874.0,1740.0,1226.0,100,94,97,90
0.6299999999999997,0.8200000000000005,1602.121187675889,420.24219207499857,2.001782793374157e-06,0.4295435527241776,-0.4758054596031749,0.9311275208674196,0.8987264663788694,0.0125160217285156,70,9486,7553.0,2038.0,1588.0,95,88,91,85
0.6299999999999997,0.8300000000000005,1411.300729823378,404.2196627012171,1.7562224460512742e-06,0.6185058611431589,-0.0047986111528903,0.94867083138576,0.9146838691378836,0.0109963417053222,72,9832,7785.0,2074.0,1638.0,97,91,94,87
0.6299999999999997,0.8900000000000006,2406.770521622284,607.4756939582028,2.558375496247575e-06,0.1695813553645623,-0.8159462653841065,0.882110246900097,0.8387755515961594,0.0120229721069335,68,11128,8229.0,2463.0,1735.0,92,87,89,83
0.6299999999999997,0.9800000000000006,1992.3825584609144,584.6216566989983,1.7254427454789903e-06,0.6237480320491195,0.0656486841501312,0.9349517563127384,0.892932523718459,0.0104420185089111,73,12720,9437.0,2790.0,1998.0,98,92,96,89
0.6299999999999997,0.9900000000000007,3673.49656970291,784.0917554421683,4.557056132586417e-06,-0.3876242765045263,-0.3929250628601064,0.7598196250769733,0.7409086600328381,0.0149993896484375,58,13403,9313.0,2852.0,1971.0,84,77,78,73
0.6399999999999997,0.23000000000000004,11.885302548385829,2.7290871489688024,1.614999629266783e-05,-1.528980622602108,-0.9527182725953742,-1.5151575288730288,-0.8943408223823652,0.0310018062591552,4,29,4.0,9.0,0.0,91,4,100,4
0.6399999999999997,0.26000000000000006,13.603767860412791,3.06016067116309,1.1397371327236111e-05,-1.509381105958238,-1.0067430883344572,-1.5070416175117547,-0.9552404358511496,0.0315206050872802,4,30,9.0,8.0,2.0,94,4,81,4
0.6399999999999997,0.3100000000000001,9.264065882034014,2.203217344400381,9.627798490109346e-06,-4.716234967622571,-2.013742926434923,-4.694833246932779,-1.8285280728376327,0.0310306549072265,4,19,9.0,7.0,2.0,66,4,52,4
0.6399999999999997,0.3200000000000001,44.95727138072328,10.237288866361704,9.200483936911731e-06,-1.153093004675386,-1.0174622139413634,-1.093969909279758,-0.938550586131685,0.030510663986206,4,117,5.0,31.0,1.0,100,4,100,4
0.6399999999999997,0.3300000000000001,18.282505298782223,4.284176311342318,9.91526801768431e-06,-0.9392633004357044,-0.8193082085699535,-0.9257221458046768,-0.7615772214668479,0.0337116718292236,4,65,3.0,15.0,0.0,100,4,99,4
0.6399999999999997,0.35000000000000014,26.193789022081805,6.528782428600298,1.1132255077437331e-05,-0.9340886289671372,-0.7229775960981775,-0.907435224030319,-0.6745510795370842,0.0305333137512207,4,78,4.0,24.0,0.0,100,4,97,4
0.6399999999999997,0.36000000000000015,52.530447520144605,11.788942559308136,7.312576143996656e-06,-1.01596596767995,-0.9453499127439412,-0.9687825776041404,-0.8744582236902183,0.0315382480621337,4,135,7.0,33.0,1.0,99,4,96,4
0.6399999999999997,0.38000000000000017,1.14564392373896,0.2700308624336608,3.4765509416107227e-06,-0.0924855491329479,-0.0786516853932584,0.543792316883305,-0.075268817204301,0.0315120220184326,4,10,3.0,1.0,0.0,1,4,11,4
0.6399999999999997,0.4000000000000002,67.96146273195322,15.944892076565878,7.446695777346381e-06,-1.037072994807453,-0.9520540926476552,-0.9863241398628866,-0.8863724718072064,0.03316330909729,4,171,10.0,43.0,0.0,99,4,99,4
0.6399999999999997,0.48000000000000026,329.8670344497411,79.17997695124696,6.349421554645396e-06,-0.6352130106011222,-0.65138592616465,-0.5977949377905676,-0.6098575755002311,0.0300233364105224,4,950,6.0,215.0,1.0,100,4,98,4
0.6399999999999997,0.5900000000000003,452.3867722056721,117.6343646644126,5.789118977171656e-06,-0.4602543238079835,-0.4647055586723263,-0.4358067783275401,-0.4381719015732848,0.0299975872039794,4,1552,9.0,390.0,1.0,100,4,100,4
0.6399999999999997,0.6900000000000004,193.39532052249868,82.6659946209242,6.443909895291067e-07,0.9351641946283276,0.728987653015361,0.9978429110456172,0.9932987545176644,0.006000280380249,88,5499,5087.0,1283.0,1115.0,100,99,100,99
0.6399999999999997,0.7300000000000004,338.161593262592,147.48148857970008,1.0449467679675453e-06,0.9308344705598656,0.6659713155209318,0.995024160080422,0.9828344234831626,0.0070078372955322,81,7342,6407.0,1619.0,1341.0,100,98,100,95
0.6399999999999997,0.7400000000000004,618.1382488868021,213.15277446741783,1.106577897418849e-06,0.7974120319463076,0.3890892599395231,0.9828939689536832,0.9636073440156172,0.0079989433288574,81,7289,5917.0,1654.0,1235.0,100,98,99,95
0.6399999999999997,0.7500000000000004,93.32532016883404,71.41159138834104,6.685887879013735e-07,0.9891258240396872,0.8756042719493685,0.9995153677831736,0.9954290677780409,0.0060014724731445,87,5927,5677.0,1399.0,1262.0,100,99,100,99
0.6399999999999997,0.7700000000000005,795.4182433274848,284.6200018525498,1.3772853035850836e-06,0.7782160567367884,0.2351238016150405,0.9775762529481028,0.9482101619937324,0.0089995861053466,78,8439,6663.0,1859.0,1396.0,100,96,98,92
0.6399999999999997,0.7800000000000005,304.11686350261255,142.35308215841343,7.991291244568768e-07,0.9396412538421738,0.7241829002580993,0.9959572997227634,0.9856625501597605,0.0069990158081054,85,7240,6404.0,1717.0,1383.0,100,99,100,99
0.6399999999999997,0.8100000000000005,2039.2851525309875,536.0870576066292,2.334103018647777e-06,0.1436985241016695,-0.9849053648236992,0.8863779880666576,0.8367464972195154,0.0105280876159667,70,9675,6853.0,2092.0,1436.0,96,88,93,85
0.6399999999999997,0.8200000000000005,137.1764725285813,91.13768113726026,6.031066627431463e-07,0.9885290193621606,0.8966315204395694,0.9992526649666492,0.9950098917519362,0.0060007572174072,87,7343,7002.0,1752.0,1605.0,100,99,99,99
0.6399999999999997,0.8300000000000005,1317.1123223040688,408.4549892716082,1.510951021432272e-06,0.6081294518333261,-0.0038383043570688,0.9485985380093864,0.9110237289800392,0.008998155593872,77,9563,6843.0,2074.0,1435.0,100,95,97,92
0.6399999999999997,0.8400000000000005,123.68457866686532,58.25697383146502,3.3891260082302974e-07,0.9723196265163696,0.8868312242618249,0.9991600706916784,0.9973253509087446,0.0050203800201416,92,5266,5057.0,1354.0,1253.0,100,99,100,99
0.6399999999999997,0.8700000000000006,191.3823343902636,54.85254855823322,5.653997368355104e-06,-0.2838083053955063,-0.2788745767946126,-0.2715984453811952,-0.26476613200236,0.0295245647430419,4,779,5.0,235.0,0.0,100,4,99,4
0.6399999999999997,0.9300000000000006,3156.7434075604674,750.1620609222109,2.9371282986188776e-06,-0.066214696725342,-0.9201211860081306,0.8255258906986166,0.782201171468414,0.0130057334899902,66,12310,8415.0,2600.0,1774.0,92,85,89,81
0.6399999999999997,0.9400000000000006,962.4747615738642,352.366083984905,1.0956866611101555e-06,0.8759897411607703,0.6120728539353564,0.9807880176722512,0.9570971957712692,0.0089993476867675,79,11678,9315.0,2600.0,1970.0,100,98,100,94
0.6399999999999997,0.9500000000000006,3606.1631215821976,822.6569841151983,3.539731709321493e-06,-0.4355245757801456,-1.1915124708162217,0.7702754911793097,0.7283012829121656,0.0131449699401855,63,12500,8249.0,2730.0,1738.0,89,82,85,78
0.6399999999999997,0.9700000000000006,3353.3797829577848,805.0024844682158,2.6393715910647337e-06,0.0407655102202419,-0.8063275166168204,0.8368028282533843,0.7974762723099018,0.0120007991790771,68,13445,8874.0,2817.0,1875.0,93,87,87,84
0.6399999999999997,0.9800000000000006,3938.808793821517,847.8866725711695,4.436986312852477e-06,-0.5683818237279115,-0.6284738368462388,0.7188537897179768,0.6932163417345615,0.0149919986724853,58,13342,8624.0,2823.0,1821.0,83,77,80,74
0.6499999999999997,0.2900000000000001,23.198643997728254,5.599479142444114,1.3802888969640545e-05,-1.3864889573208874,-0.9190309212623526,-1.3485425308256151,-0.8509863728046443,0.030005931854248,4,56,7.0,16.0,0.0,96,4,92,4
0.6499999999999997,0.3000000000000001,50.37825671854873,12.586368287423763,1.344593944174923e-05,-1.0719705277793825,-0.873101038054293,-1.024571229143123,-0.8229350837090159,0.0300023555755615,4,135,7.0,48.0,1.0,100,4,100,4
0.6499999999999997,0.4300000000000002,35.50689487033939,9.16628787096136,1.004803839366696e-05,-0.4672032237876575,-0.4737158637385312,-0.4562748165082422,-0.4486350574712643,0.0309996604919433,4,112,7.0,30.0,1.0,100,4,100,4
0.6499999999999997,0.4400000000000002,157.68606734056542,38.51366099624045,5.674465801150989e-06,-0.6680514996566427,-0.64255270063731,-0.6319686372796951,-0.602906274384613,0.0315203666687011,4,449,9.0,111.0,1.0,100,4,93,4
0.6499999999999997,0.47000000000000025,439.939733088522,105.3945958450116,9.447161954923108e-06,-0.5917995100338878,-0.6227888740063678,-0.5563802512446743,-0.5833452810172466,0.0309984683990478,4,1268,2.0,295.0,0.0,100,4,99,4
0.6499999999999997,0.5400000000000003,384.0346664039589,96.02354312007724,5.00660792619479e-06,-0.4711805716368982,-0.4869610372739075,-0.4457471898021281,-0.459523495925892,0.0298249721527099,4,1257,9.0,295.0,1.0,100,21,100,5
0.6499999999999997,0.6200000000000003,786.3218170698306,198.8083247753977,5.659740063329125e-06,-0.480482865867099,-0.4912157321163179,-0.4536845860007867,-0.4627246640407358,0.0309996604919433,4,2610,7.0,651.0,1.0,100,4,100,4
0.6499999999999997,0.6900000000000004,123.36699990948416,67.15343128488173,6.22112704098844e-07,0.971709898498168,0.7943997373402663,0.9991007606033124,0.9955154517172492,0.0060310363769531,88,5418,5139.0,1255.0,1135.0,100,99,99,99
0.6499999999999997,0.7000000000000004,112.88545078972754,71.09940224783891,4.557784481944257e-07,0.9577943845044594,0.7470585889827163,0.9992562637546288,0.9954114350945116,0.0049996376037597,92,4796,4560.0,1191.0,1062.0,100,99,100,99
0.6499999999999997,0.7300000000000004,94.50661352519198,21.33658829335187,3.503373551202421e-07,0.9888599335533256,0.9871792163903264,0.9995536161545822,0.9996369209699552,0.0049998760223388,88,6045,6139.0,1423.0,1406.0,100,99,100,99
0.6499999999999997,0.7400000000000004,766.2240129983124,249.7503515417708,1.2663637062960962e-06,0.7479336485902923,0.2502448988269385,0.9766820835731796,0.9542137528278704,0.0090038776397705,79,7853,6173.0,1698.0,1291.0,100,96,99,93
0.6499999999999997,0.7600000000000005,1682.8789464447811,434.4786642372896,2.3239062253045053e-06,0.1728644804344725,-0.9574503594126498,0.9006944111137065,0.8584276147586654,0.0119955539703369,69,8564,6365.0,1805.0,1331.0,94,87,91,84
0.6499999999999997,0.7700000000000005,255.5398696876869,137.820535480022,7.871493681120493e-07,0.9623029008872273,0.7710471598613832,0.9970870535249295,0.986358966859896,0.0075094699859619,84,7301,6582.0,1756.0,1422.0,100,99,100,99
0.6499999999999997,0.7800000000000005,1899.9064747779628,490.2227604250028,2.5780768442599385e-06,-0.0603429016818997,-1.5859607619490728,0.8861570809366236,0.8377419152461838,0.0109949111938476,69,8755,6520.0,1873.0,1365.0,94,86,89,83
0.6499999999999997,0.8100000000000005,1057.1126590449303,334.9124480010962,1.4337982887154054e-06,0.7299878616044979,0.2277233931463337,0.9672297538831438,0.9391968627492504,0.0100014209747314,77,9493,7257.0,2011.0,1523.0,100,95,98,91
0.6499999999999997,0.8300000000000005,1757.9307069308422,495.40282898159046,1.8847654686462692e-06,0.4317353972998895,-0.3741475943348034,0.9198391299722424,0.875836085689956,0.0099968910217285,73,9914,7116.0,2121.0,1494.0,99,92,93,88
0.6499999999999997,0.9200000000000006,2689.538278499704,647.990810821489,2.53153867040766e-06,0.2082607599063748,-0.5824982083563963,0.8727034944447972,0.8375937353202818,0.0135164260864257,67,12156,8839.0,2572.0,1868.0,94,86,88,83
0.6499999999999997,0.9500000000000006,2447.888162180914,602.2086369558664,2.6157877700560845e-06,0.3623899674659318,-0.3306356674153481,0.9022135290990118,0.8700446483395597,0.0129992961883544,67,12520,9716.0,2747.0,2058.0,92,86,87,83
0.6499999999999997,0.9700000000000006,3519.324030061942,806.9867586097238,3.179455395146288e-06,-0.1347379324487081,-0.8155768294541306,0.8124500883906894,0.7777532377396273,0.0130074024200439,65,13491,9050.0,2905.0,1913.0,91,84,89,80
0.6499999999999997,0.9800000000000006,3906.969291728773,827.4513545738182,4.904326989704296e-06,-0.4732242948066969,-0.3936920632260527,0.7217346279455455,0.7046976988788818,0.0140144824981689,57,13486,8799.0,2860.0,1858.0,82,76,78,72
0.6599999999999997,0.2,0.2282177322938192,0.0,1.0474679411791589e-07,0.7645904855321236,1.0,0.9720732797140303,1.0,0.0285408496856689,4,10,3.0,1.0,1.0,1,4,5,4
0.6599999999999997,0.22000000000000003,14.125921798830214,3.0190368221228,1.544989255501014e-05,-1.0471849448121162,-0.8587771901484806,-1.0464150346766714,-0.8229166666666667,0.0330009460449218,4,35,7.0,9.0,0.0,100,4,99,4
0.6599999999999997,0.23000000000000004,7.253591064661236,1.876388374866284,1.4922542063386093e-05,-3.783191122071516,-1.159744408945687,-3.7075380256486743,-1.0850040096230953,0.0299997329711914,4,13,4.0,6.0,0.0,100,4,100,4
0.6599999999999997,0.2700000000000001,1.4215601757693317,0.338501600193165,6.396283043617523e-06,-0.0630743763913466,-0.1294117647058825,0.3989155693261036,-0.0416666666666665,0.0309998989105224,4,10,4.0,1.0,0.0,1,4,4,4
0.6599999999999997,0.3000000000000001,99.8008955370642,23.040046657938863,9.375857669478386e-06,-0.9836175509921044,-0.9313651178655348,-0.9277291240397784,-0.8640192455478943,0.0305454730987548,4,240,8.0,64.0,1.0,99,4,99,4
0.6599999999999997,0.45000000000000023,86.60554735889228,21.152964725226266,6.881918240909776e-06,-0.6882490031486637,-0.6505025738070851,-0.6534332684734971,-0.6086358146632838,0.0319962501525878,4,251,7.0,64.0,2.0,100,4,100,4
0.6599999999999997,0.46000000000000024,391.593060459452,96.44147620880412,7.4140629637084544e-06,-0.6116463146278499,-0.6159425164034384,-0.5760607146802652,-0.577402476249051,0.0325171947479248,4,1201,9.0,315.0,0.0,100,4,100,4
0.6599999999999997,0.47000000000000025,743.1243376784265,176.5882687685302,7.090689009684996e-06,-0.6357694941759349,-0.6710790304539642,-0.5972229935845728,-0.6283370267446029,0.0300023555755615,4,2046,16.0,461.0,2.0,100,4,100,4
0.6599999999999997,0.48000000000000026,0.7839536550927825,0.2282177322938192,9.104830759597612e-07,-0.1030185004868551,0.1428571428571431,0.7970765262252795,0.2592592592592592,0.0325143337249755,4,10,5.0,2.0,1.0,1,4,6,4
0.6599999999999997,0.5100000000000002,441.43690564639775,109.52625256074454,7.987867524874637e-06,-0.4317062447385611,-0.4441331215439488,-0.4090016596813763,-0.4191275626628044,0.0300021171569824,4,1396,7.0,351.0,1.0,100,4,100,4
0.6599999999999997,0.5200000000000002,522.5270128583466,126.37996610750191,6.962460973706255e-06,-0.5501705355873203,-0.5785528113329284,-0.5185490630954215,-0.5430745379407045,0.0305113792419433,4,1542,7.0,380.0,1.0,100,4,100,4
0.6599999999999997,0.5900000000000003,366.5208043208461,93.95555243482598,7.537791419227597e-06,-0.4113564377050083,-0.4275041213172044,-0.3898483435388173,-0.4039538413897652,0.0325157642364501,4,1253,1.0,297.0,0.0,100,4,100,4
0.6599999999999997,0.6000000000000003,679.9353369990414,174.02729670945303,5.947755178597773e-06,-0.4431865836730035,-0.4514000913393854,-0.4191812557989764,-0.4256583701315617,0.0315117835998535,4,2208,7.0,571.0,1.0,100,4,100,4
0.6599999999999997,0.6200000000000003,327.90170693633894,127.44895171839448,1.0904994294545606e-06,0.8199706329795795,0.2205544508292753,0.993083837401494,0.980505327372272,0.0075135231018066,83,5566,4770.0,1208.0,991.0,100,98,99,94
0.6599999999999997,0.6700000000000004,280.49879042265303,103.35099695420732,7.837284717766986e-07,0.8937530655581759,0.6170892373243435,0.9955286437183511,0.9893514248613504,0.0060000419616699,86,5822,5203.0,1335.0,1109.0,100,99,100,99
0.6599999999999997,0.6800000000000004,689.6384318370509,185.41015906183063,4.8989053963337245e-06,-0.3779282209389765,-0.381444607621348,-0.3583082547567295,-0.3608883255621893,0.0346782207489013,4,2510,13.0,672.0,2.0,100,19,100,4
0.6599999999999997,0.7400000000000004,219.02525539307103,114.59957460654032,8.178553143506847e-07,0.9640084273899192,0.7871209755422993,0.9977337721249376,0.989410331086846,0.0069949626922607,84,6879,6250.0,1602.0,1322.0,100,99,100,98
0.6599999999999997,0.7500000000000004,0.7071067811865476,32.526911934581186,1.230918065578813e-07,0.9999479383590172,-6.347222222222222,0.9999999817680948,0.9994651342598064,0.0030028820037841,98,3298,3299.0,863.0,839.0,100,99,100,98
0.6599999999999997,0.7700000000000005,920.6666349073256,297.50577172640925,1.2618713959735731e-06,0.6783927891594446,0.1666076068766149,0.9701088225831304,0.9449633654862012,0.0080001354217529,81,8390,6369.0,1893.0,1332.0,100,98,99,95
0.6599999999999997,0.7800000000000005,602.0414477109568,242.46904564343484,1.2247590402393442e-06,0.8697261890020607,0.4666443836323872,0.9868254148219237,0.9627778614159588,0.0079998970031738,79,8290,6865.0,1874.0,1439.0,100,97,99,93
0.6599999999999997,0.7900000000000005,977.326736562548,326.39094656561787,1.3063219777756131e-06,0.7109143696813731,0.2010878686692292,0.9693144795633256,0.9402992961973404,0.0085067749023437,80,8856,6762.0,1951.0,1417.0,100,98,100,94
0.6599999999999997,0.8500000000000005,1454.4186737564355,428.41943733415536,1.8199168340102927e-06,0.6746953004491936,0.1228566153790711,0.950851226266774,0.9153940966547645,0.0099999904632568,72,10633,8326.0,2272.0,1755.0,97,91,96,88
0.6599999999999997,0.8600000000000005,2531.5963924207285,597.6698134274083,2.7132222362339068e-06,0.0107756066522493,-0.8760506635550311,0.8544055753397322,0.8180335311162544,0.0159981250762939,66,10764,7699.0,2294.0,1619.0,92,85,90,81
0.6599999999999997,0.9000000000000006,1045.287089750945,365.2467658994396,1.205651521014863e-06,0.8263978833303787,0.5172975986102619,0.9745113871849872,0.9486323995244124,0.0089988708496093,80,11074,8534.0,2525.0,1801.0,100,99,99,95
0.6599999999999997,0.9200000000000006,458.85771215050966,214.0197810172384,7.486646103578258e-07,0.9451310545955796,0.7860603368512198,0.9937737053501684,0.9801307447585694,0.0065126419067382,85,9437,8281.0,2384.0,1877.0,100,99,100,99
0.6599999999999997,0.9300000000000006,2581.248586763132,665.1729599635471,2.2869461616948217e-06,0.3626555482042983,-0.3515861830559852,0.8901037262278289,0.8496579864656392,0.0109996795654296,70,12455,8852.0,2659.0,1870.0,95,89,90,86
0.6599999999999997,0.9600000000000006,3151.2037881237884,747.6932526109888,2.9401318234003666e-06,0.0588574193239436,-0.6991712461287387,0.8374457958418259,0.7966471285182561,0.0130023956298828,65,12837,9019.0,2734.0,1907.0,91,85,86,81
0.6599999999999997,0.9800000000000006,3620.595942133073,787.3604789481905,4.529648765283607e-06,-0.2520085639663705,-0.349170753155732,0.7697158818806136,0.7445460746705513,0.0150253772735595,58,13506,9328.0,2898.0,1975.0,84,78,79,74
0.6599999999999997,0.9900000000000007,3506.880202701193,766.0639182400306,4.323311930159715e-06,-0.1303355302978845,-0.2278516530161003,0.7963829268056559,0.7750653286607352,0.0145094394683837,59,13681,9662.0,2976.0,2047.0,84,79,80,75
0.6699999999999997,0.2,6.115213269652444,1.661450169781407,1.7863552142894e-05,-2.644708594634038,-0.9391721930025154,-2.54043392504931,-0.8689611397136612,0.0375111103057861,4,13,5.0,5.0,0.0,95,4,81,4
0.6699999999999997,0.22000000000000003,0.2886751345948128,0.1443375672974064,8.684059902839113e-07,0.903177004538578,-0.0212765957446807,0.9749655776692951,0.3127147766323026,0.0350227355957031,4,10,5.0,1.0,0.0,1,4,2,4
0.6699999999999997,0.23000000000000004,15.066864858578464,3.458082320207738,1.2444822425922374e-05,-0.9881705388638852,-0.7341389728096677,-0.9792313756262014,-0.6929406733420831,0.0320057868957519,4,45,5.0,11.0,0.0,100,4,94,4
0.6699999999999997,0.24000000000000005,4.43353696274205,1.1133657679906157,1.6803105565124664e-05,-1.7468914902650572,-0.5868870676482849,-1.3989626107629132,-0.5567765567765575,0.0301494598388671,4,14,4.0,4.0,0.0,99,4,95,4
0.6699999999999997,0.4100000000000002,0.8036375634160796,0.1767766952966369,1.3759476662292846e-06,0.6184615384615384,0.2173913043478266,0.8428430204557552,0.3684210526315787,0.0299999713897705,4,10,6.0,1.0,1.0,1,4,3,4
0.6699999999999997,0.4200000000000002,0.1443375672974064,0.0,1.0482482965595189e-07,0.9245283018867924,1.0,0.9918153543951548,1.0,0.0295226573944091,4,10,4.0,1.0,0.0,1,4,3,4
0.6699999999999997,0.4400000000000002,386.9036540277178,93.92023433034367,8.823165679359763e-06,-0.6147972415800353,-0.6320541816463399,-0.5788399980520851,-0.5924697775782988,0.0310060977935791,4,1183,5.0,299.0,0.0,100,4,100,4
0.6699999999999997,0.5000000000000002,408.88954040180585,102.62502537555513,7.061542318055133e-06,-0.5773316093503473,-0.5867582861373786,-0.5444861658361972,-0.5512138278657754,0.0305430889129638,4,1258,8.0,309.0,1.0,100,4,99,4
0.6699999999999997,0.5100000000000002,201.61728906519895,51.865310340020784,6.270050036789894e-06,-0.5960212707132608,-0.5764643324914249,-0.5643707314518496,-0.5420198482933976,0.0300507545471191,4,641,7.0,167.0,1.0,100,4,99,5
0.6699999999999997,0.5300000000000002,426.5926652948141,105.49851894695016,6.914737562046532e-06,-0.5046939756381017,-0.5097406294739553,-0.4767764634490925,-0.4802856892056464,0.0310044288635253,4,1357,6.0,314.0,1.0,100,6,100,5
0.6699999999999997,0.5400000000000003,163.97929239185456,42.31700800702558,6.919104891633033e-06,-0.361366899232397,-0.3723176236896619,-0.3453079887268144,-0.3526197240769064,0.0295190811157226,4,583,5.0,144.0,0.0,100,4,100,4
0.6699999999999997,0.5500000000000003,393.25288725365175,101.5198564321286,6.10119151459421e-06,-0.4562333529329514,-0.4554842221271471,-0.4318498679673264,-0.4296638099534904,0.0309126377105712,4,1300,7.0,338.0,1.0,100,4,100,4
0.6699999999999997,0.5700000000000003,127.68829233723818,59.166713615004845,8.6418759559243e-07,0.8713229070291173,0.2969931380168326,0.9988368518974235,0.9953127139987674,0.0060000419616699,90,4142,3870.0,930.0,814.0,100,99,100,98
0.6699999999999997,0.6000000000000003,713.4474475507405,180.4486018695259,5.097233339603019e-06,-0.5118746638308498,-0.5162678499252975,-0.4826572068142623,-0.4858674246862342,0.030005931854248,4,2359,7.0,595.0,1.0,100,9,100,4
0.6699999999999997,0.6100000000000003,191.24752177043587,50.30293646166858,8.578865560068465e-06,-0.4260032188043907,-0.4230514367094167,-0.4052551079476483,-0.3993711968959521,0.0325253009796142,4,692,2.0,189.0,0.0,100,4,100,4
0.6699999999999997,0.6300000000000003,121.91636477520152,59.976662127864365,6.839173750332894e-07,0.833562810230519,0.1767215335884431,0.9992078620421588,0.9969514038105765,0.0029990673065185,95,3919,3732.0,949.0,873.0,100,99,99,99
0.6699999999999997,0.6700000000000004,593.7054825416386,196.54503300770537,1.2336532408741788e-06,0.7544367266033509,0.2242849137126292,0.9820279052110708,0.9633185837766012,0.0090022087097167,80,6674,5440.0,1427.0,1134.0,100,97,95,93
0.6699999999999997,0.7000000000000004,105.72227769018222,66.12563799314151,4.541665347679035e-07,0.9780623607405836,0.81670896900367,0.9993688704217604,0.996151986839524,0.0059995651245117,90,5357,5135.0,1301.0,1188.0,100,99,100,99
0.6699999999999997,0.7700000000000005,1187.5337539062486,360.15864559940803,1.6834895043915222e-06,0.6123016082732364,-0.1008793372110479,0.95664118679611,0.9243612977611336,0.0090060234069824,76,9108,6845.0,1945.0,1436.0,100,94,96,90
0.6699999999999997,0.7800000000000005,1180.795020314703,363.6359718179707,1.5982128541868902e-06,0.66489972099452,0.0923064926135804,0.9563495977524796,0.9216377914873312,0.0099987983703613,75,9124,6925.0,2012.0,1453.0,100,94,96,90
0.6699999999999997,0.8200000000000005,2305.73105950152,586.3353082921069,2.6150692341670647e-06,-0.0791621887690479,-1.338191842353334,0.8554318055523435,0.8006389194727368,0.0140073299407958,68,9610,6758.0,2094.0,1416.0,92,86,92,83
0.6699999999999997,0.8400000000000005,496.5591291578476,137.65271821992232,4.984982148188028e-06,-0.2890653466541464,-0.2914882322079417,-0.27530498832976,-0.27671524979225,0.0310146808624267,4,1995,6.0,558.0,0.0,100,4,100,4
0.6699999999999997,0.8500000000000005,1989.2844305062424,497.105957853387,2.580528296282717e-06,0.342569258482067,-0.3980457528175913,0.9107113139387149,0.8775622971856177,0.0120027065277099,67,10602,8408.0,2271.0,1774.0,92,86,88,82
0.6699999999999997,0.8800000000000006,2646.623862767005,653.854304576259,2.478721066735675e-06,0.0921641583409933,-0.8576167911588766,0.8599246843098349,0.8176559803552921,0.0109999179840087,69,11291,7736.0,2395.0,1628.0,94,88,92,84
0.6699999999999997,0.8900000000000006,2495.294683109704,591.055999414983,3.2573848956509426e-06,0.1409511493861386,-0.5067458877154709,0.8735607738625893,0.8398470387190642,0.0129971504211425,64,11473,8733.0,2476.0,1845.0,90,84,85,80
0.6699999999999997,0.9100000000000006,2115.406542182773,563.0713012777162,2.322665869376749e-06,0.4785653413186986,-0.232515486540568,0.9184515806641927,0.8797765696388001,0.0120024681091308,69,11815,9132.0,2569.0,1931.0,93,88,91,85
0.6699999999999997,0.9400000000000006,3169.2817184830874,718.5265208126358,3.4534792051279544e-06,-0.0481807192705285,-0.5875446275814555,0.833126195079744,0.8045433546824078,0.014007568359375,64,12844,9007.0,2787.0,1904.0,89,83,84,80
0.6699999999999997,0.9500000000000006,3285.7232156710947,722.9852695594842,3.996442344073299e-06,-0.1223903188649344,-0.3688138362061184,0.8056197327892867,0.7797163718355882,0.0140025615692138,60,13021,9215.0,2781.0,1950.0,85,80,82,76
0.6699999999999997,0.9800000000000006,3079.377658045464,635.5354640670782,5.431688628769087e-06,0.1690890790477157,0.3326957624993386,0.8165349340586361,0.8157011159018352,0.0160057544708251,54,13594,10418.0,2933.0,2214.0,80,74,75,70
0.6699999999999997,0.9900000000000007,3187.901500639218,669.40149055373,5.469247933472818e-06,0.1709198544904038,0.3088308180411553,0.8189982295359811,0.8129344910124088,0.0150022506713867,55,14139,10440.0,3017.0,2219.0,80,75,75,71
0.6799999999999997,0.2,0.2041241452319315,0.2282177322938192,2.02156045920894e-06,0.9154929577464788,-0.019108280254777,0.9852311327721164,-0.0183299389002036,0.0300259590148925,4,10,4.0,2.0,0.0,1,4,7,4
0.6799999999999997,0.25000000000000006,33.83969562510869,7.750672013875098,1.343627333711663e-05,-0.8132029218871448,-0.7077340209937966,-0.7859292519752001,-0.6648383371824484,0.0295073986053466,4,84,7.0,29.0,0.0,94,4,99,4
0.6799999999999997,0.2900000000000001,14.520101009749668,3.87029283991104,1.7885612794854e-05,-1.3007870827022976,-0.7453442063341551,-1.2936949453717563,-0.7025004735745406,0.0319998264312744,4,40,8.0,18.0,1.0,100,4,100,4
0.6799999999999997,0.3000000000000001,25.665313817160573,5.79691009647956,9.1485639461873e-06,-2.6313658681316574,-1.9899208341378647,-2.4859612826547024,-1.7888480657013193,0.0310230255126953,4,48,8.0,14.0,0.0,86,4,86,4
0.6799999999999997,0.3100000000000001,76.9094435033826,18.295889793429925,1.111854622641602e-05,-0.7492009453406472,-0.7480913824493882,-0.7119609677988377,-0.6973019052986349,0.033149242401123,4,203,3.0,51.0,0.0,100,4,99,4
0.6799999999999997,0.35000000000000014,17.290712825097756,4.25,9.885362054284817e-06,-0.8517570648199924,-0.7589180050718511,-0.8460796295105166,-0.7295205417967463,0.030113935470581,4,51,4.0,15.0,0.0,99,4,98,4
0.6799999999999997,0.37000000000000016,0.5496210815947049,0.338501600193165,7.406831690422693e-06,0.634453781512605,-0.0486593843098315,0.8975265017667844,0.0316901408450702,0.0300023555755615,4,10,5.0,2.0,0.0,1,4,18,4
0.6799999999999997,0.4400000000000002,29.04181611630604,8.024052384342133,9.042337178289616e-06,-0.7252652811909595,-0.5505193430799984,-0.6994941544403166,-0.5171113767399165,0.031001329421997,4,95,2.0,30.0,0.0,100,4,99,4
0.6799999999999997,0.46000000000000024,90.20370465415115,23.05450968176653,7.706787834032233e-06,-0.4756132983807137,-0.4840038778477944,-0.4556235732587934,-0.4568269580796433,0.0310251712799072,4,310,6.0,79.0,1.0,100,4,100,4
0.6799999999999997,0.48000000000000026,160.4560882297708,39.799104889431874,8.229227339949638e-06,-0.5068516889797992,-0.5201933720039851,-0.4813017871152105,-0.4892063608652537,0.0309987068176269,4,507,3.0,125.0,0.0,100,4,100,4
0.6799999999999997,0.5100000000000002,802.1490016408007,175.5093777171655,2.720466870210392e-06,0.0628788484938572,0.183793074704929,0.0840083121826683,0.203827769622821,0.0315117835998535,4,2994,2704.0,683.0,555.0,100,82,100,78
0.6799999999999997,0.5200000000000002,200.60081629943585,52.151721767678325,6.787997356443241e-06,-0.4929461450019501,-0.4768303158184492,-0.4677454407294832,-0.4500865300139829,0.031013011932373,4,668,6.0,172.0,1.0,100,6,99,5
0.6799999999999997,0.5800000000000003,0.0,0.0,3.08282816985846e-07,,,1.0,1.0,0.0019996166229248,99,3142,3142.0,735.0,725.0,100,99,99,99
0.6799999999999997,0.6400000000000003,796.6285492339233,241.7029544333668,1.6591775107139896e-06,0.5310820493078958,-0.440428779136778,0.9678938900223796,0.9418580794990266,0.0099997520446777,78,6728,5223.0,1407.0,1088.0,100,94,99,90
0.6799999999999997,0.6500000000000004,70.93042365586152,69.53775952674921,6.390654856020506e-07,0.9761948697930528,0.6057475613375986,0.9997124232957608,0.9955917659676348,0.0050244331359863,92,4581,4435.0,1138.0,1016.0,100,99,100,99
0.6799999999999997,0.6700000000000004,793.281292060599,206.97524006508604,6.32394649157365e-06,-0.3698414868807174,-0.3774316273112674,-0.350604635500308,-0.3570380365699002,0.0300064086914062,4,2848,8.0,733.0,2.0,100,4,100,4
0.6799999999999997,0.6900000000000004,232.21936468204655,125.43690312928912,7.988694674775878e-07,0.9308131135082556,0.5828617623282133,0.9972164888921012,0.9872327060964712,0.0050036907196044,88,5975,5424.0,1426.0,1204.0,100,99,100,99
0.6799999999999997,0.7200000000000004,1144.2909012426285,324.77703890515414,1.677863875231659e-06,0.5146539388449081,-0.3396317236885842,0.9516915407475952,0.923279928725892,0.0089995861053466,76,7994,6080.0,1692.0,1270.0,99,93,93,89
0.6799999999999997,0.7300000000000004,618.1811223258115,216.40667734614848,1.1575899831569534e-06,0.8384509000211281,0.4618503853211041,0.9852000640443822,0.9676582366859476,0.0079972743988037,80,7899,6484.0,1716.0,1358.0,100,98,100,94
0.6799999999999997,0.7800000000000005,613.2662553899407,248.81251308297712,1.185758633411517e-06,0.8465124874642883,0.4658867833308697,0.9851951862172584,0.9602838760832698,0.0080022811889648,82,8099,6560.0,1900.0,1377.0,100,99,100,96
0.6799999999999997,0.8500000000000005,1798.4801520013662,500.4806618213564,1.9988832183026075e-06,0.5046219217068105,-0.1950515982828411,0.92598069495308,0.8859403310560495,0.0105102062225341,72,10623,7857.0,2265.0,1654.0,97,91,93,87
0.6799999999999997,0.8600000000000005,2054.7064191144195,529.4017850366581,2.3982684370582027e-06,0.41089810124559,-0.2850001833970639,0.9076410818553554,0.8698111631906701,0.0129995346069335,68,10901,8320.0,2385.0,1755.0,93,87,92,84
0.6799999999999997,0.9200000000000006,2738.254475939006,587.5964388932255,4.2171653766545776e-06,0.1026185600344214,0.0258711262372625,0.8550585939587759,0.8419971507843846,0.014998435974121,60,12637,9601.0,2678.0,2034.0,84,79,81,76
0.6799999999999997,0.9700000000000006,3180.964703426375,715.7321232292304,3.282306767629848e-06,0.1281112379094207,-0.3048170336352231,0.8521692937870363,0.8284060854473922,0.01200532913208,64,13772,9940.0,2979.0,2109.0,90,83,85,80
0.6899999999999997,0.22000000000000003,14.603438522028524,3.677068578818368,1.6660294047582568e-05,-3.010782991280144,-1.2692307692307692,-3.000109415389666,-1.2070701059325637,0.0295753479003906,4,34,8.0,11.0,0.0,100,4,99,4
0.6899999999999997,0.26000000000000006,0.5303300858899106,0.2700308624336608,4.890983601244641e-06,0.8351983723296033,-0.0786516853932586,0.9274408105130204,0.3636363636363635,0.0330023765563964,4,10,6.0,2.0,0.0,1,4,4,4
0.6899999999999997,0.2700000000000001,0.770551750371122,0.25,3.8528457553223975e-06,0.6749049429657794,-0.0666666666666666,0.862967593037792,-0.0638297872340425,0.0305111408233642,4,10,6.0,1.0,0.0,1,4,9,4
0.6899999999999997,0.2800000000000001,19.9736805988948,5.032188059548914,1.447071452505177e-05,-1.9354734660377424,-1.516156160041401,-1.868288927366737,-1.37228592339595,0.0310111045837402,4,49,3.0,18.0,0.0,100,4,98,4
0.6899999999999997,0.3000000000000001,0.568257570707744,0.338501600193165,5.686685574878226e-06,0.6302186878727634,-0.083076923076923,0.8875630191142867,-0.079489695780176,0.029512882232666,4,10,4.0,2.0,0.0,1,4,14,4
0.6899999999999997,0.3100000000000001,28.32843094843059,7.097534783289195,1.1514616063859364e-05,-0.7711226995980645,-0.6664429217024239,-0.752495896284272,-0.6231510476976831,0.0320351123809814,4,93,4.0,26.0,1.0,100,4,100,4
0.6899999999999997,0.3300000000000001,0.699702317656111,0.25,1.2016651677313143e-06,0.7206364930964027,0.109737248840804,0.8858558383524384,0.2949471210340774,0.0315690040588378,4,10,8.0,2.0,1.0,1,4,6,4
0.6899999999999997,0.34000000000000014,132.48482617517627,31.48428840972377,1.1419774257379236e-05,-0.7377237966835362,-0.7256401266955199,-0.6967477060539222,-0.6769640150847636,0.0329937934875488,4,371,8.0,94.0,1.0,100,4,99,4
0.6899999999999997,0.38000000000000017,175.9447711641355,41.57185045195848,8.15189048080011e-06,-0.6529477170977642,-0.6701239522444951,-0.6160710690830289,-0.6265243794837285,0.0305132865905761,4,525,5.0,122.0,1.0,100,4,99,4
0.6899999999999997,0.3900000000000002,50.16223679223246,11.63641912273703,8.313469620072396e-06,-0.7394957075492643,-0.7103947368421053,-0.7120973256027654,-0.6659852689940138,0.0299956798553466,4,137,8.0,37.0,1.0,100,4,100,4
0.6899999999999997,0.4300000000000002,215.82742913417343,53.16591561642979,7.295946638160258e-06,-0.6158444576992352,-0.6089656106120007,-0.5819440361484356,-0.5712671916248804,0.0325379371643066,4,682,7.0,165.0,1.0,100,4,99,4
0.6899999999999997,0.45000000000000023,202.37931074264156,51.62848051221341,9.318283218737192e-06,-0.5492130824064896,-0.5349661317344439,-0.5191975981316468,-0.5028080748331327,0.0315172672271728,4,662,3.0,179.0,0.0,100,4,100,4
0.6899999999999997,0.5500000000000003,400.0071613942264,103.48188247224728,6.486695788865197e-06,-0.4125832250582586,-0.4114652305094171,-0.3909747430271608,-0.3888077750409593,0.0311882495880126,4,1407,5.0,378.0,1.0,100,4,100,4
0.6899999999999997,0.5600000000000003,493.4581838075711,122.64065054730698,5.52927155676987e-06,-0.4467005421317154,-0.4735343176550319,-0.422683404253759,-0.4465041750525813,0.0290172100067138,4,1655,11.0,396.0,2.0,100,24,99,15
0.6899999999999997,0.6200000000000003,854.1387353156784,221.16636837457904,6.206837785229881e-06,-0.3964687006256042,-0.4061661554838878,-0.3753461729714695,-0.3837785696852183,0.0330033302307128,4,2940,4.0,740.0,1.0,100,4,100,5
0.6899999999999997,0.6300000000000003,165.42045995410777,83.47411917132503,7.330426925659203e-07,0.9570687236294672,0.7401099797163408,0.99834654276311,0.9926449639614506,0.0059938430786132,86,5658,5205.0,1306.0,1106.0,100,99,100,98
0.6899999999999997,0.6600000000000004,601.9300900713747,163.96236229696132,5.41835029172737e-06,-0.339397927107183,-0.3403540771166946,-0.3224044984186605,-0.3225627415961751,0.0300066471099853,4,2333,8.0,621.0,1.0,100,4,100,4
0.6899999999999997,0.6700000000000004,466.612879105762,183.63565185327968,1.337303694489121e-06,0.7707179951316392,0.0579279037081713,0.9879621721894484,0.9659523184059468,0.0079998970031738,81,6361,5202.0,1425.0,1083.0,100,97,100,93
0.6899999999999997,0.6900000000000004,266.9539821231902,121.43222683573627,8.10126555434377e-07,0.9300445145837622,0.6932299718563405,0.996051172068714,0.9866206499358524,0.0064837932586669,86,6154,5516.0,1457.0,1201.0,100,99,99,99
0.6899999999999997,0.7300000000000004,155.4553794501818,101.3665995286416,9.011867654533494e-07,0.9825562342174016,0.8248143214875593,0.998889725326196,0.9923451594074724,0.0069990158081054,84,6944,6542.0,1629.0,1392.0,100,99,99,98
0.6899999999999997,0.7500000000000004,2239.3102764658843,518.5845295472227,3.31756139932373e-06,-0.5013024146371441,-1.5844483071105762,0.8339501860344102,0.7962639698238448,0.0159990787506103,65,8731,6284.0,1876.0,1314.0,91,83,87,79
0.6899999999999997,0.7600000000000005,883.1218488974214,312.8294263652318,1.417025135119258e-06,0.7436751468248066,0.234852563560273,0.9726460133003608,0.9414336829735882,0.0079991817474365,80,8560,6580.0,1909.0,1378.0,100,98,98,94
0.6899999999999997,0.7800000000000005,1458.4468377597548,384.0785819892293,1.863325703566068e-06,0.5242345463587931,-0.1786030988892031,0.9436259139671408,0.91766776367004,0.0105094909667968,72,9554,7480.0,2003.0,1572.0,95,90,93,87
0.6899999999999997,0.8100000000000005,560.5260134594164,213.71875416620077,9.408751366475822e-07,0.8923518640525332,0.6553959416942257,0.988752121321796,0.9735837713029984,0.00700044631958,83,8397,7123.0,1952.0,1523.0,100,99,100,98
0.6899999999999997,0.8200000000000005,960.4495971009768,336.02373782361326,1.2768375033708075e-06,0.795858810938954,0.3895220975102262,0.974402556367103,0.9459927694927532,0.009002685546875,79,9844,7609.0,2173.0,1600.0,100,97,100,94
0.6899999999999997,0.8700000000000006,2589.8537925270352,584.3845528036787,3.3336745461672485e-06,-0.0366993395914834,-0.6067529420993443,0.8606544274446791,0.8356592643596612,0.0139994621276855,64,11288,8403.0,2389.0,1772.0,88,83,87,79
0.6899999999999997,0.8900000000000006,1933.3974510440687,530.1136495898605,1.9170127898647496e-06,0.564410995363765,-0.0312839464287517,0.9342572693215606,0.9021331594531125,0.0095040798187255,73,11794,8901.0,2548.0,1881.0,97,92,94,88
0.6899999999999997,0.9300000000000006,2468.2537935702003,567.3869003923531,3.6843044209702423e-06,0.307162290777821,0.1118877179288149,0.8919283001504347,0.8695214436677712,0.0142045021057128,62,12722,10208.0,2838.0,2168.0,86,81,82,78
0.6899999999999997,0.9600000000000006,4029.052968193993,877.738367069391,4.335090515977849e-06,-0.5083547524667629,-0.808513163567292,0.7342318261695309,0.7063641132207953,0.0140051841735839,61,13452,8510.0,2916.0,1795.0,85,80,82,76
0.6999999999999996,0.2,0.2282177322938192,0.2282177322938192,1.4982693240891263e-06,0.9558133112399888,-0.019108280254777,0.9829995579885076,0.1438356164383558,0.0305140018463134,4,10,5.0,2.0,0.0,1,4,6,4
0.6999999999999996,0.21000000000000002,0.7216878364870323,0.2700308624336608,1.1094964163373615e-05,0.7090203685741998,0.045454545454545,0.8780368816469899,0.0489130434782607,0.0300192832946777,4,10,8.0,1.0,1.0,1,4,5,4
0.6999999999999996,0.23000000000000004,13.376752221671746,3.0121282619879697,1.7464252799430936e-05,-1.6550402823305146,-1.1568303755674785,-1.6457650508883908,-1.1102362204724407,0.0310170650482177,4,30,7.0,7.0,1.0,79,4,72,4
0.6999999999999996,0.3200000000000001,68.73514991133236,16.341409567924877,1.0516371528916865e-05,-0.8864658335623474,-0.8059456159301175,-0.8407624451570861,-0.7495441194134156,0.0310401916503906,4,186,5.0,45.0,0.0,100,4,96,4
0.6999999999999996,0.38000000000000017,161.39986575789544,39.76729183638232,9.102319975508624e-06,-0.658420253028078,-0.6552701647396386,-0.6205936219470243,-0.6129923346262653,0.0310418605804443,4,450,2.0,111.0,0.0,100,4,99,4
0.6999999999999996,0.5200000000000002,476.8771570506042,120.08751149335498,6.754476005981424e-06,-0.4983756252411329,-0.4944141136058275,-0.4709895175614906,-0.465841396659064,0.0331864356994628,4,1532,7.0,392.0,0.0,100,4,100,4
0.6999999999999996,0.5400000000000003,61.67640688842587,17.282577932704367,6.152831682845997e-06,-0.4132171127698372,-0.3513599491013202,-0.4000253642507292,-0.3336179724486077,0.0310027599334716,4,237,5.0,67.0,0.0,100,4,99,4
0.6999999999999996,0.5600000000000003,54.43038367186719,30.410159121217664,5.040675643477567e-07,0.9805176048351048,0.8546967927653912,0.999812471117957,0.9989559715581916,0.0050024986267089,91,4365,4260.0,997.0,933.0,100,99,100,99
0.6999999999999996,0.6200000000000003,70.43259188756296,52.85593627966494,6.482218483088703e-07,0.9738108414676084,0.7418736393506996,0.9997026660664872,0.9972352747047568,0.004007339477539,92,4527,4378.0,1119.0,1001.0,100,99,100,99
0.6999999999999996,0.6400000000000003,317.369500740068,118.70214825351732,1.0664401340211491e-06,0.9083824455985297,0.528853982000906,0.9947523871715968,0.9858784514614268,0.008023977279663,80,6440,5689.0,1375.0,1189.0,100,96,99,92
0.6999999999999996,0.6500000000000004,59.58280885550053,49.50084174368486,5.418567558662567e-07,0.9883133613419148,0.838748543694053,0.9997827096814234,0.9975562918824856,0.0050158500671386,91,4710,4634.0,1117.0,1066.0,100,99,98,99
0.6999999999999996,0.7200000000000004,630.9643016843346,213.55221843848872,1.0944552647162966e-06,0.8370250490855892,0.4850239785782314,0.9851050975123036,0.969122053756351,0.0080072879791259,80,7891,6567.0,1734.0,1377.0,100,98,99,94
0.6999999999999996,0.7600000000000005,1128.8283995167535,329.2743424450083,1.914290294216957e-06,0.6833116252347705,0.0600441859026429,0.9644994506295884,0.938419916217868,0.0100257396697998,73,9160,7606.0,1971.0,1600.0,97,91,93,87
0.6999999999999996,0.8300000000000005,2576.707321684328,598.0773474338528,3.736802119313214e-06,-0.2470517072596814,-0.9079509585837398,0.8331233526482448,0.7965170733518747,0.0132110118865966,63,10496,7483.0,2244.0,1573.0,87,82,82,78
0.6999999999999996,0.8500000000000005,6.4031242374328485,31.5079355083763,2.496484919265673e-07,0.9996975066896672,0.9087813198109468,0.9999977907657936,0.9993202071560756,0.0029976367950439,96,4006,3996.0,1078.0,1077.0,100,99,100,99
0.6999999999999996,0.8800000000000006,830.7808484683661,295.7788639569034,1.1762964289176643e-06,0.9079335581715606,0.6988407517108111,0.9864079406729888,0.96954820407784,0.009005069732666,78,11612,9686.0,2500.0,2054.0,100,97,99,93
0.6999999999999996,0.9000000000000006,1633.3119515372691,471.8632180534144,1.9042886876877328e-06,0.7337993589114509,0.3200964119173178,0.953327683562137,0.922116772455283,0.0099997520446777,71,12275,9854.0,2634.0,2090.0,97,91,92,87
0.7099999999999996,0.21000000000000002,15.3470273994673,3.598321367897352,1.480034491558356e-05,-2.479708369936711,-1.360920404408128,-2.4289691861373246,-1.2734339277549154,0.0300166606903076,4,32,5.0,10.0,2.0,85,4,85,4
0.7099999999999996,0.23000000000000004,8.19806887829892,2.1913656320507844,1.695856377227538e-05,-2.798110118408869,-1.5021767399785153,-2.7361530131854006,-1.3603502124827194,0.0315356254577636,4,14,2.0,5.0,0.0,52,4,49,4
0.7099999999999996,0.25000000000000006,35.68686149457995,8.321032588166767,1.2681156181950976e-05,-0.9942288783420844,-0.7858878054787466,-0.95956871889715,-0.7401616855509248,0.0330009460449218,4,95,8.0,23.0,1.0,100,4,91,4
0.7099999999999996,0.26000000000000006,0.338501600193165,0.1020620726159657,1.155835926172061e-07,0.8252812706816678,0.4893617021276596,0.9652107909801068,0.6563573883161513,0.0310099124908447,4,10,5.0,1.0,1.0,1,4,3,4
0.7099999999999996,0.3000000000000001,0.2282177322938192,0.0,1.0581120016062405e-07,0.7722960151802656,1.0,0.9863745367342488,1.0,0.0321345329284668,4,11,3.0,1.0,0.0,2,4,2,4
0.7099999999999996,0.34000000000000014,0.2886751345948128,0.2041241452319315,1.780416689033007e-06,0.7208287895310797,-0.0434782608695647,0.972314507198228,-0.0416666666666665,0.029006004333496,4,10,2.0,1.0,0.0,1,4,6,4
0.7099999999999996,0.36000000000000015,27.510604016148637,6.653633092779714,1.1156840349241771e-05,-0.6552985041508386,-0.6041771514846501,-0.6369656475134595,-0.5663236724946192,0.0309970378875732,4,80,4.0,22.0,0.0,100,4,100,4
0.7099999999999996,0.37000000000000016,40.3944096792283,10.29259442511945,8.17686916437087e-06,-0.8165890417495412,-0.6623079437724746,-0.785725074900157,-0.622333000997009,0.0319974422454834,4,135,7.0,30.0,2.0,100,4,98,4
0.7099999999999996,0.4000000000000002,23.91390808713624,6.242495494591887,1.3755930240945122e-05,-0.6924469609074426,-0.6214180907018219,-0.6737544629641428,-0.5820924557745741,0.0300214290618896,4,71,2.0,19.0,0.0,99,4,94,4
0.7099999999999996,0.4300000000000002,102.50101625512468,26.46243406541935,1.0679061347663204e-05,-0.5669693116501173,-0.5633815611770907,-0.5382049531596449,-0.5289267945984364,0.0340011119842529,4,310,2.0,77.0,0.0,100,4,100,4
0.7099999999999996,0.46000000000000024,272.23324099014803,70.03451530019561,8.657988997557371e-06,-0.5408480726666345,-0.5320175560488722,-0.510833370624687,-0.5000944918333701,0.0295097827911376,4,852,3.0,230.0,0.0,100,4,100,4
0.7099999999999996,0.48000000000000026,616.043508339035,151.84579623201077,7.404404363696511e-06,-0.5436380354790733,-0.5584275412417234,-0.5120902499171458,-0.5245593952433072,0.0310039520263671,4,1907,7.0,499.0,2.0,100,4,100,4
0.7099999999999996,0.5900000000000003,78.64931204857602,21.030589965231936,3.997729380934267e-07,0.9413564744696544,0.8883024780439533,0.9996292135278556,0.9995432527786828,0.0039985179901123,93,4098,4107.0,927.0,933.0,100,99,98,99
0.7099999999999996,0.6000000000000003,132.65310457673485,73.25771159197035,7.779701938746385e-07,0.9611493213577664,0.674134740790509,0.9989172286217096,0.9942456822409432,0.0070025920867919,87,5319,4952.0,1212.0,1053.0,100,99,99,98
0.7099999999999996,0.6200000000000003,1074.7751020562396,295.29937351779125,2.2772776258558097e-06,-0.2383143730086461,-2.718058753174613,0.9365951894194184,0.8997364996106185,0.0089995861053466,75,6157,4820.0,1332.0,1002.0,96,89,90,85
0.7099999999999996,0.6500000000000004,911.4039719026904,264.5374831663747,1.8254993317679912e-06,0.4793810504667279,-0.5837925707928668,0.9612948565398748,0.93347836895459,0.0099997520446777,75,6858,5600.0,1462.0,1169.0,96,91,95,87
0.7099999999999996,0.6800000000000004,487.2035362292496,183.21727928492837,1.2055877148044694e-06,0.8576768142008977,0.4025806354758563,0.9893363237395671,0.9718869521729124,0.0090172290802001,79,7193,6102.0,1560.0,1277.0,100,96,100,92
0.7099999999999996,0.7000000000000004,1028.3164493481563,310.7343560020359,1.817973274938671e-06,0.5887326992411592,-0.1908452476597155,0.9601258238228686,0.9281258230574962,0.0100038051605224,75,8008,6238.0,1717.0,1306.0,100,92,92,89
0.7099999999999996,0.7200000000000004,884.4412021157766,297.09506895941576,1.7619651416231557e-06,0.6816431719782778,-0.1148138810380461,0.9703952910910362,0.9355920253562792,0.0129961967468261,75,7973,6449.0,1757.0,1351.0,100,92,96,89
0.7099999999999996,0.7600000000000005,386.97617820739305,168.25222881138902,9.51427286218528e-07,0.927329507430272,0.7098900817361465,0.9939260374345328,0.981447547993032,0.0069971084594726,84,7748,6741.0,1789.0,1447.0,100,99,100,98
0.7099999999999996,0.7700000000000005,1031.6981729168665,328.8658693145277,1.6427354506170377e-06,0.7541989196479519,0.2736174176539719,0.9687615785040484,0.9397670212953454,0.0100033283233642,75,9358,7443.0,1991.0,1566.0,99,93,95,90
0.7099999999999996,0.8000000000000005,2334.7926864903634,535.6459755389852,3.5163031309799987e-06,-0.099938053709798,-0.662894023158086,0.8575811549480052,0.8282085718931675,0.0129971504211425,64,10201,7393.0,2253.0,1554.0,88,83,84,79
0.7099999999999996,0.8500000000000005,2666.3448451641307,594.427665910664,3.782479289664082e-06,-0.0705479669094404,-0.6102472841735769,0.8522992408302584,0.8291367445165259,0.0130000114440917,64,11511,8234.0,2473.0,1736.0,88,83,84,79
0.7099999999999996,0.8700000000000006,2880.095986054786,659.6085960628469,3.7505968493832384e-06,-0.1909082513364792,-0.7609341303089445,0.8323283280099163,0.7996569736535626,0.0129992961883544,64,11597,8218.0,2549.0,1733.0,88,83,84,79
0.7099999999999996,0.9300000000000006,3223.432199743228,698.5499615492708,4.732642915590886e-06,-0.1791611362864038,-0.1450230958723437,0.8019370781839059,0.7843979944673417,0.0140061378479003,59,12753,9055.0,2795.0,1913.0,84,78,82,75
0.7099999999999996,0.9400000000000006,2835.926836822404,608.0494575749104,4.919109532723492e-06,0.1617155815444575,0.2306160898221527,0.8495451801386806,0.8386279175161118,0.0150072574615478,58,13205,9924.0,2842.0,2107.0,82,77,79,74
0.7099999999999996,0.9500000000000006,3163.021480940161,671.1862301593765,5.974731381028497e-06,0.1316585866727714,0.2756824282192145,0.8037421629510086,0.7954319493807804,0.0150010585784912,55,13679,9677.0,3001.0,2052.0,81,74,76,71
0.7199999999999996,0.22000000000000003,4.961308631130836,1.496523749672331,3.1682282671965464e-05,-1.9302848285216043,-1.0576213737414015,-1.607131823999294,-0.9770114942528734,0.0285124778747558,4,12,6.0,5.0,0.0,99,4,99,4
0.7199999999999996,0.23000000000000004,1.084934713857628,0.3818813079129867,2.417915820628561e-06,0.4780600461893765,-0.05,0.727710843373494,-0.0479041916167675,0.0300207138061523,4,10,4.0,3.0,0.0,1,4,11,4
0.7199999999999996,0.25000000000000006,0.5951190357119042,0.0,9.999999999999994e-08,0.3775743707093821,1.0,0.8619905828868323,1.0,0.0310051441192626,4,10,3.0,0.0,0.0,1,4,1,4
0.7199999999999996,0.34000000000000014,21.499030985915,5.430431229040042,1.119309016245146e-05,-0.9545279977535172,-0.6542656797818465,-0.9398350362046872,-0.6120399052478136,0.0324170589447021,4,70,8.0,18.0,1.0,99,4,98,4
0.7199999999999996,0.35000000000000014,76.11429180296344,18.1429508808977,9.770027749110469e-06,-0.6310782684075149,-0.626477439970833,-0.6041336759507778,-0.5900083072902385,0.0309975147247314,4,239,5.0,60.0,1.0,100,4,100,4
0.7199999999999996,0.37000000000000016,5.1020829079896375,1.4648663192705789,1.1419644124028883e-05,-2.707715133531157,-0.8727272727272728,-2.390589384565288,-0.809557273366128,0.0310046672821044,4,19,5.0,7.0,0.0,99,4,99,4
0.7199999999999996,0.47000000000000025,450.53997695358106,113.12645026694686,5.690597716053146e-06,-0.5340972846200924,-0.5365837614746636,-0.5040600725422006,-0.5047331027136328,0.030013084411621,4,1430,10.0,362.0,2.0,100,19,100,4
0.7199999999999996,0.48000000000000026,123.27315536374223,30.759144981614817,6.846614326095972e-06,-0.4769426864789627,-0.4374497089735265,-0.4549596438846437,-0.4141189882077347,0.0305142402648925,4,418,7.0,99.0,1.0,100,4,99,4
0.7199999999999996,0.49000000000000027,424.0743719168451,109.16529897362074,7.4574014637509505e-06,-0.4864410972980029,-0.4888346196016577,-0.4598752809092097,-0.4607254551595101,0.0325133800506591,4,1410,6.0,365.0,1.0,100,4,99,5
0.7199999999999996,0.5100000000000002,239.13764341901503,61.171888968708494,8.34750071267123e-06,-0.4915605085861361,-0.4613827794309983,-0.4672299824937047,-0.4363543775157952,0.0305361747741699,4,808,7.0,220.0,1.0,100,4,100,4
0.7199999999999996,0.5300000000000002,36.80211723981833,10.106722185423587,7.346155671340472e-06,-0.4487157822020098,-0.4298976839137727,-0.438441099884933,-0.4057249676020964,0.0319969654083251,4,145,6.0,40.0,0.0,100,4,100,4
0.7199999999999996,0.5500000000000003,482.81423273691234,122.62068884708376,8.027082828453998e-06,-0.4267592938074589,-0.4384138374320308,-0.4045149100485901,-0.4143317652296669,0.0312287807464599,4,1641,10.0,433.0,1.0,100,4,100,4
0.7199999999999996,0.5600000000000003,70.52895386529799,18.138357147217054,4.957406392792945e-07,0.8949806823006712,0.8634240841318712,0.9996926775077252,0.9996541716440664,0.0039987564086914,94,3670,3727.0,861.0,849.0,100,99,100,99
0.7199999999999996,0.6100000000000003,154.2724862054151,78.63165711086089,8.01674168320255e-07,0.9645554261295214,0.7197411854736513,0.9985378004140752,0.9931398886410184,0.0070106983184814,84,5606,5243.0,1253.0,1096.0,100,99,97,96
0.7199999999999996,0.6300000000000003,492.6946315924297,182.3481343618935,1.3936311886714063e-06,0.7671320454578128,0.0488505196096688,0.9865359478600506,0.9662771683687832,0.0089988708496093,81,6285,5177.0,1383.0,1079.0,100,97,99,93
0.7199999999999996,0.7000000000000004,52.35933536629357,27.42717630380496,4.979187680332414e-07,0.9908226932259148,0.9552138421823764,0.9998249590762368,0.9992829046289038,0.0035204887390136,92,4662,4643.0,1179.0,1123.0,100,99,100,99
0.7199999999999996,0.7300000000000004,1456.0377150287718,394.36303946560673,2.3342772116877275e-06,0.2536129046030484,-0.9999349839280944,0.9233807746209306,0.8827902243668053,0.0109994411468505,71,8175,6234.0,1736.0,1304.0,95,89,91,85
0.7199999999999996,0.7400000000000004,1978.539486591056,475.5295190936224,3.2425648377741376e-06,-0.1823004296460031,-1.400647113344184,0.8672612191646414,0.8275456949806906,0.0119974613189697,66,8714,6468.0,1848.0,1354.0,92,84,89,80
0.7199999999999996,0.7500000000000004,1181.17328675065,362.54493974310736,1.7327296619006612e-06,0.5923235071634854,-0.0397282923694868,0.9524622851211552,0.915829214671384,0.0089983940124511,76,8682,6440.0,1909.0,1348.0,100,94,95,90
0.7199999999999996,0.7800000000000005,102.55851988011528,71.54544010627092,4.854024695744297e-07,0.9801508179050846,0.8394375019298377,0.9994607796677024,0.996245773714138,0.0039987564086914,92,5405,5181.0,1384.0,1265.0,100,99,100,99
0.7199999999999996,0.8100000000000005,1614.6878611325749,444.38371807356856,1.986308052339913e-06,0.5615790379872855,-0.1162833175641067,0.939764439396094,0.9091060344266508,0.0100224018096923,73,10304,7838.0,2194.0,1651.0,96,92,94,88
0.7199999999999996,0.8500000000000005,1901.8825917645763,519.2964333733535,2.0847353516051857e-06,0.5344579657676454,-0.0966715054762192,0.9246527249664852,0.8882033886166614,0.0109972953796386,72,11131,8194.0,2381.0,1726.0,98,91,92,88
0.7199999999999996,0.8600000000000005,1520.8438578631274,457.47074223386136,1.679024307851257e-06,0.7235469318927732,0.3158650136390075,0.9546056286828204,0.9234923711412062,0.0100011825561523,75,11592,8799.0,2539.0,1859.0,99,94,95,91
0.7199999999999996,0.8700000000000006,1881.6141341943624,479.0441981174597,2.398427265018642e-06,0.5604519622971152,0.0004008589567406,0.9323234931847486,0.905104555017012,0.0125117301940917,68,11631,9347.0,2487.0,1982.0,93,87,90,84
0.7199999999999996,0.8800000000000006,2692.650711277119,633.284249903999,3.1754930109903536e-06,0.0507382888758364,-0.6589546310115506,0.8633445002962168,0.8310670892406127,0.0139977931976318,66,11777,8488.0,2548.0,1791.0,90,85,88,81
0.7199999999999996,0.9000000000000006,2585.8432362431104,616.0781384915981,2.88799985910328e-06,0.336742485964055,-0.2107841222569069,0.8905023810096712,0.862957342206897,0.0119991302490234,67,12689,9289.0,2746.0,1968.0,91,87,87,83
0.7199999999999996,0.9300000000000006,2720.243421142724,620.8404286431722,3.5073006886607948e-06,0.2551007616367694,-0.0383740254677025,0.8773713935150546,0.8549812980644252,0.0140085220336914,63,13103,9843.0,2870.0,2087.0,88,83,84,79
0.7199999999999996,0.9500000000000006,2762.0298448127537,590.8478115078674,5.356031861424254e-06,0.2899933201778463,0.3897004274591449,0.8553615293052343,0.8469215537590423,0.016087532043457,56,13486,10465.0,2939.0,2224.0,81,76,77,72
0.7199999999999996,0.9600000000000006,3169.0980854179948,695.7585428868265,4.562411051985379e-06,0.0811179896579298,0.07118359159053,0.8367802857008451,0.8192775940573542,0.0149972438812255,60,13891,9994.0,3069.0,2121.0,83,79,82,76
0.7199999999999996,0.9800000000000006,3206.977838579938,678.6863185946944,5.0877658094990165e-06,0.1702427374084009,0.2603252808067033,0.8347332065146246,0.826896619676111,0.0150306224822998,58,14605,10590.0,3106.0,2252.0,83,77,79,74
0.7199999999999996,0.9900000000000007,3563.8643558725444,833.9583499262806,3.2830730925494217e-06,0.1284798083949175,-0.3645161946425916,0.8411837542401879,0.808974335077279,0.0118372440338134,66,14735,10036.0,3229.0,2131.0,91,86,87,82
0.7299999999999996,0.2,0.7430231041719587,0.2282177322938192,1.775244160616421e-06,0.8051172054542668,0.1111111111111111,0.8908656618070999,0.5093228655544653,0.030024766921997,4,10,8.0,2.0,1.0,1,4,3,4
0.7299999999999996,0.21000000000000002,0.4894725051862804,0.0,9.999999999999994e-08,0.4586908556018633,1.0,0.8878048780487805,1.0,0.0310056209564209,4,10,3.0,0.0,0.0,1,4,1,4
0.7299999999999996,0.24000000000000005,0.2700308624336608,0.0,1.0490601978110165e-07,0.7716615698267074,1.0,0.9727361246348588,1.0,0.0340173244476318,4,10,3.0,1.0,0.0,1,4,3,4
0.7299999999999996,0.3000000000000001,0.3227486121839514,0.0,9.999999999999994e-08,0.782608695652174,1.0,0.9622413532698988,1.0,0.0310027599334716,4,10,4.0,0.0,0.0,1,4,1,4
0.7299999999999996,0.35000000000000014,10.385787564423476,2.7003086243366083,9.227602236858076e-06,-1.1479131915334948,-0.6153846153846154,-1.142011981200768,-0.5852885225110973,0.0310020446777343,4,41,5.0,13.0,0.0,100,4,100,4
0.7299999999999996,0.4100000000000002,345.5035124037574,83.63947931449597,7.700183566962569e-06,-0.6338878158898622,-0.6509515433149311,-0.5961756258358706,-0.6094374393367061,0.0294716358184814,4,995,8.0,242.0,3.0,100,4,100,4
0.7299999999999996,0.4200000000000002,180.4892944655352,44.12682951825718,7.734941926842199e-06,-0.6389806037872987,-0.6275761263831421,-0.6059831605714994,-0.5911418557411476,0.0325100421905517,4,564,14.0,140.0,1.0,100,4,100,4
0.7299999999999996,0.47000000000000025,735.357842312163,177.79593874251833,7.808729625013805e-06,-0.5855070391771531,-0.6067901893515977,-0.5507543967120212,-0.569051815413395,0.0310099124908447,4,2141,7.0,525.0,1.0,100,4,100,4
0.7299999999999996,0.5000000000000002,106.11265632964492,28.286849123459003,9.441653041299547e-06,-0.4088567009592661,-0.3927196219672959,-0.3931604463686327,-0.3725452357059742,0.0310091972351074,4,375,6.0,96.0,0.0,100,4,99,4
0.7299999999999996,0.5500000000000003,904.7001229689316,227.2840091896773,7.1421155695265765e-06,-0.4537592295535555,-0.4672532565038192,-0.4287167637553322,-0.4404358345099539,0.0340046882629394,4,2907,8.0,726.0,1.0,100,4,100,4
0.7299999999999996,0.5600000000000003,0.67700320038633,0.4208127057650866,9.01017695592754e-07,0.8939519469759735,0.4331365057311568,0.935389133627019,0.458426250398216,0.0295081138610839,4,10,8.0,3.0,2.0,1,4,7,4
0.7299999999999996,0.5700000000000003,805.2651672482384,203.76239737334595,6.386445275232015e-06,-0.4251122873964195,-0.4430722328214294,-0.4022072769007239,-0.4181598632552656,0.0300066471099853,4,2674,5.0,660.0,2.0,100,4,100,4
0.7299999999999996,0.6000000000000003,366.4611366923952,141.93826329864436,1.3191133480499317e-06,0.7657491541120635,0.0682882631458002,0.991209479700104,0.9753596470455668,0.0079941749572753,83,5475,4637.0,1229.0,963.0,100,97,99,94
0.7299999999999996,0.6100000000000003,742.021513895206,191.38453873462888,6.50887510714408e-06,-0.4115815516659844,-0.4178396914062319,-0.3895250228715647,-0.3946418430985685,0.0310220718383789,4,2512,5.0,626.0,0.0,100,4,100,4
0.7299999999999996,0.6700000000000004,1473.2856668854142,366.3894359148473,2.987144920291482e-06,-0.2629381174369993,-2.1464839337925232,0.9032217293225198,0.8663549025343437,0.012012243270874,68,7260,5738.0,1563.0,1198.0,92,85,89,81
0.7299999999999996,0.7000000000000004,114.97729244410732,73.15888341289951,6.886755513268023e-07,0.968530356892947,0.767636184716182,0.999262640571742,0.9954106239250484,0.0040030479431152,91,5174,4903.0,1269.0,1136.0,100,99,100,99
0.7299999999999996,0.7400000000000004,1198.1895582049212,347.9872561384721,1.683780488953195e-06,0.6120396781093895,-0.0341349497391552,0.9562317097761656,0.9297450814395148,0.0090055465698242,77,8890,6733.0,1885.0,1412.0,99,95,97,91
0.7299999999999996,0.8000000000000005,2451.3274071700125,567.0494561449519,3.5549930890295137e-06,-0.1175751994038925,-0.8587121385287908,0.8512694231548125,0.8185744499021794,0.0155131816864013,65,10312,7427.0,2215.0,1562.0,91,83,86,80
0.7299999999999996,0.8100000000000005,1260.886160242434,393.6088852470871,1.5098343112545205e-06,0.7095420064896927,0.23346967466745,0.962155000960691,0.9338309867311632,0.0089998245239257,78,10260,7831.0,2252.0,1648.0,100,96,97,93
0.7299999999999996,0.8300000000000005,2412.1993051580293,522.4728957843347,4.684358546513865e-06,-0.0333228298755767,-0.018519366075582,0.8500228059592269,0.8342019173810424,0.0163960456848144,59,10892,8384.0,2332.0,1769.0,83,78,81,74
0.7299999999999996,0.8600000000000005,2499.187024570947,554.1478971284579,3.5902943990636514e-06,0.092040444892755,-0.2523063439022641,0.868378870669344,0.8495446100266495,0.0129997730255126,63,11609,8656.0,2461.0,1827.0,87,82,84,79
0.7299999999999996,0.8800000000000006,3216.721618818292,714.809367896387,3.9239837561709295e-06,-0.311393899442137,-0.8135221626636229,0.7976829954457123,0.7683936833752797,0.013024091720581,63,12123,8076.0,2600.0,1701.0,88,82,85,78
0.7299999999999996,0.9000000000000006,2795.4642821240946,624.5824921286893,4.099031301005165e-06,0.0706818219100983,-0.1487415153801419,0.8549108489492758,0.8333589073547094,0.0130014419555664,62,12479,9096.0,2743.0,1925.0,85,81,83,78
0.7299999999999996,0.9200000000000006,2883.4946679333398,623.0746945591676,4.519971649577456e-06,0.1445037533780914,0.0890221797712002,0.8507040300299502,0.8370749562761426,0.0136785507202148,60,13063,9662.0,2883.0,2048.0,84,80,83,76
0.7299999999999996,0.9300000000000006,2752.409416237816,614.2492231237319,3.7468232313716153e-06,0.2741983459087573,0.0257454589400142,0.8798714498013565,0.861889551470099,0.0135092735290527,63,13531,10120.0,2919.0,2149.0,88,83,83,79
0.7299999999999996,0.9700000000000006,2986.973982980099,642.0640933738624,4.693920051768729e-06,0.2666347251484021,0.2743291406164286,0.8639560782263616,0.8537241547932386,0.0140004158020019,60,14492,10691.0,3051.0,2275.0,84,80,80,76
0.7299999999999996,0.9800000000000006,3668.902465315752,797.5492774744391,5.075812405514737e-06,-0.0635275461453754,-0.0865479731494465,0.801903796219881,0.7850318473947584,0.0145213603973388,60,14530,9798.0,3159.0,2078.0,85,80,81,76
0.7299999999999996,0.9900000000000007,2839.9324211788467,595.2015806167079,8.036059123789505e-06,0.5572203467104273,0.6605110833183854,0.8455196255456119,0.8476703241132371,0.0170011520385742,49,14977,11037.0,3338.0,2349.0,73,69,70,66
0.7399999999999997,0.21000000000000002,7.043022551906721,1.9094065395649331,2.0918294303907168e-05,-0.9662789897460604,-0.5671641791044775,-0.9281225706141488,-0.5397474814130483,0.0310101509094238,4,20,7.0,5.0,2.0,88,4,81,4
0.7399999999999997,0.25000000000000006,0.408248290463863,0.2282177322938192,4.610147044077956e-06,0.8274738852072334,-0.0549450549450545,0.952802359882006,-0.0526315789473683,0.0295102596282959,4,10,5.0,1.0,0.0,1,4,7,4
0.7399999999999997,0.2800000000000001,0.1020620726159657,0.0,9.999999999999994e-08,0.9309849029475198,1.0,0.9952024563423528,1.0,0.0344908237457275,4,10,3.0,0.0,0.0,1,4,1,4
0.7399999999999997,0.3000000000000001,0.2886751345948128,0.1443375672974064,1.6947554394225054e-06,0.732962447844228,-0.0212765957446807,0.9715140293405498,0.3127147766323026,0.0305094718933105,4,10,4.0,1.0,0.0,1,4,3,4
0.7399999999999997,0.3200000000000001,48.83176903069012,11.524882501208706,9.922105595329048e-06,-0.758079943270237,-0.7231299383015832,-0.731873567086383,-0.6860625790899679,0.0315005779266357,4,140,10.0,35.0,2.0,99,4,99,4
0.7399999999999997,0.3300000000000001,109.04356927393746,25.72348958960791,7.844702912910278e-06,-0.8123959001355789,-0.7702858168016979,-0.7663070304988955,-0.7203068132794268,0.0305407047271728,4,329,7.0,77.0,1.0,100,4,97,4
0.7399999999999997,0.38000000000000017,150.95046096871206,36.154615887878,8.972665180885044e-06,-0.6629656425570067,-0.6715701510563288,-0.6265399543962651,-0.6278409090909092,0.0320026874542236,4,446,4.0,101.0,1.0,100,4,99,4
0.7399999999999997,0.4000000000000002,97.14953036427916,22.725490460420577,7.776337972974407e-06,-0.6520713547681276,-0.6264497512954641,-0.6197856586422366,-0.5905739110460497,0.0322499275207519,4,261,8.0,65.0,1.0,100,4,97,4
0.7399999999999997,0.4100000000000002,350.40778328018536,83.11976800577185,8.584549340790453e-06,-0.5959075977028792,-0.6173851496326257,-0.5613324799518138,-0.5784057781321021,0.0305113792419433,4,1000,3.0,246.0,0.0,100,4,100,4
0.7399999999999997,0.4300000000000002,179.3709784682758,43.50610589331112,7.435910301193047e-06,-0.629146588411982,-0.6439466620023124,-0.595530784944009,-0.6055434975077483,0.0335104465484619,4,569,7.0,146.0,1.0,100,4,99,4
0.7399999999999997,0.4400000000000002,189.64267386324207,46.274880694965965,8.498523434847289e-06,-0.4723999991204177,-0.4873601097830469,-0.4481110334011635,-0.4589176894665836,0.0309970378875732,4,593,6.0,146.0,2.0,100,4,98,4
0.7399999999999997,0.46000000000000024,76.32168761236873,18.726374003883755,7.6145826171064355e-06,-0.4518968301637276,-0.4239244366253965,-0.4356655470255433,-0.4033257966838746,0.0310215950012207,4,267,7.0,72.0,2.0,100,4,98,4
0.7399999999999997,0.49000000000000027,330.1839449458438,82.18227961874344,6.864434330155107e-06,-0.5009630953198247,-0.4947297395332679,-0.4741398070050973,-0.466020756551428,0.0320196151733398,4,1036,7.0,250.0,1.0,100,4,100,5
0.7399999999999997,0.5100000000000002,721.7748307124598,182.97848234150376,4.319589840450658e-06,-0.4681596927592806,-0.4899213976072996,-0.4405351000751627,-0.4609191354649893,0.031062364578247,4,2308,47.0,587.0,9.0,100,51,100,43
0.7399999999999997,0.5300000000000002,763.5876736935102,190.34565597880083,6.89727192066342e-06,-0.4139086952925994,-0.4455683407642254,-0.3916684974395732,-0.4203726085863033,0.0339984893798828,4,2504,5.0,607.0,0.0,100,4,100,4
0.7399999999999997,0.5600000000000003,247.35130213254723,97.29465555722986,1.0527776374930469e-06,0.8174060647239384,0.305165611523993,0.9959599661183705,0.9886993306517892,0.0059998035430908,88,4816,4359.0,1100.0,916.0,100,99,99,98
0.7399999999999997,0.5900000000000003,353.56135475889806,138.70092778500458,1.3783310515664995e-06,0.8258621227098062,0.2087736599484175,0.9920094446346044,0.976624383708346,0.0093333721160888,81,5767,4915.0,1252.0,1024.0,100,96,100,92
0.7399999999999997,0.6200000000000003,380.1225460295666,144.8064225095006,1.3146689582708178e-06,0.8617002353535694,0.300379022948238,0.9923510027144992,0.9790381156387484,0.0080039501190185,80,6393,5536.0,1371.0,1157.0,100,96,97,92
0.7399999999999997,0.6400000000000003,689.0614927136335,212.75146341490856,1.8623823003828035e-06,0.7075848821809907,-0.1411988084751407,0.9772546993738134,0.954706142133002,0.0099971294403076,73,6833,6038.0,1430.0,1264.0,97,90,95,86
0.7399999999999997,0.6800000000000004,892.7563020302993,253.51594295691413,1.8431167264198896e-06,0.6371799425494942,-0.12335016817499,0.9665975552929748,0.943605439032058,0.0100002288818359,73,7474,6239.0,1599.0,1307.0,99,91,92,87
0.7399999999999997,0.7100000000000004,88.42251787110943,25.41345608137547,5.470728511015474e-06,-0.3628721974425795,-0.3348775081253077,-0.3500317488947422,-0.3185462878842011,0.0325372219085693,4,346,4.0,97.0,1.0,100,4,100,4
0.7399999999999997,0.7600000000000005,1176.4347319640935,349.6468626649302,1.998454589328294e-06,0.6574071553200256,-0.0287762797290804,0.96001656317928,0.92898508006693,0.010014533996582,72,9147,7457.0,1991.0,1569.0,96,91,94,87
0.7399999999999997,0.7800000000000005,1825.9023454171916,528.2520310735523,2.093563135339986e-06,0.3705095915883272,-0.487904742797431,0.9133819023744532,0.8657227681511536,0.0090093612670898,76,9946,6717.0,2153.0,1408.0,100,93,96,90
0.7399999999999997,0.8400000000000005,2643.3150445983542,571.3451452493492,4.923047606063215e-06,-0.0317768841251893,-0.0800287998890243,0.837989843951325,0.82208938433347,0.0139992237091064,60,11466,8296.0,2476.0,1749.0,83,79,80,76
0.7399999999999997,0.8600000000000005,2052.4329608597523,492.1436303978509,2.952957572630629e-06,0.4684807647323991,0.0194981066718843,0.9195070867665812,0.8960604742994758,0.0135090351104736,66,11596,9274.0,2514.0,1965.0,91,86,85,82
0.7399999999999997,0.8900000000000006,2766.656477892885,578.0167240948425,6.171318282289545e-06,0.1324216289716665,0.2893169075999798,0.8240214368626612,0.8190095488017894,0.0150141716003417,55,12346,9122.0,2694.0,1930.0,79,75,76,71
0.7399999999999997,0.9200000000000006,1782.6091481309077,473.0008588787129,2.3707801610839344e-06,0.7196819484171793,0.3527252684068443,0.9520804723377296,0.9281102894606612,0.0119969844818115,68,13091,11187.0,2784.0,2388.0,93,88,88,84
0.7399999999999997,0.9400000000000006,3030.736936943288,656.8410694195289,5.9053865499088524e-06,0.1326989026346119,0.2251375841361532,0.8357619881216145,0.8219715160320475,0.0150027275085449,58,13643,9781.0,2938.0,2072.0,82,77,77,73
0.7399999999999997,0.9600000000000006,2962.036069061044,626.8546621361769,5.6043166088906034e-06,0.2417370285935289,0.3473415034511335,0.8458988319596488,0.8393565786748913,0.0150048732757568,57,13957,10345.0,3023.0,2199.0,81,76,78,73
0.7399999999999997,0.9800000000000006,2548.353773428142,546.4717201366333,5.6561696616005964e-06,0.537803745737512,0.6140643533749122,0.8932835846435858,0.8873577027594396,0.0180001258850097,56,14934,11633.0,3252.0,2483.0,80,76,76,72
0.7399999999999997,0.9900000000000007,2700.9794005549584,636.2372242768853,3.572030307564207e-06,0.4346246809649136,0.1973006895867585,0.9046405451060926,0.8812555992788819,0.0130109786987304,64,14652,11412.0,3244.0,2435.0,88,84,83,80
0.7499999999999997,0.2900000000000001,25.911106048694,6.178760663218259,1.3762923735174938e-05,-1.0354114581962683,-0.9488202060485212,-1.0130591327726393,-0.8845609975575266,0.0300080776214599,4,61,8.0,16.0,1.0,97,4,79,4
0.7499999999999997,0.3000000000000001,53.996720579432726,12.268693220279548,6.340635466453393e-06,-1.04907436420423,-1.0996803254867773,-0.9858394130754852,-1.0180324114160584,0.0310022830963134,4,117,6.0,28.0,1.0,93,20,87,4
0.7499999999999997,0.3200000000000001,66.53656576149187,15.935743367244172,1.0197569861140397e-05,-1.032246746485583,-1.046427034986412,-0.9805487255585124,-0.967516090632125,0.0310091972351074,4,164,6.0,42.0,1.0,100,4,95,4
0.7499999999999997,0.3900000000000002,104.95514915111757,25.62245922363165,1.1694020098998526e-05,-0.4902709249978687,-0.5191887214850806,-0.4674878875589456,-0.4882793719402016,0.0320134162902832,4,320,4.0,78.0,1.0,100,4,97,4
0.7499999999999997,0.4000000000000002,161.54011369728985,41.020574106172624,8.873679652147246e-06,-0.7184459265879168,-0.6715092816787731,-0.6775218923457287,-0.6293934353009625,0.0311486721038818,4,501,6.0,142.0,0.0,100,4,99,4
0.7499999999999997,0.4400000000000002,90.72514581599378,24.095080756591518,7.066151243974351e-06,-0.4766228750888588,-0.4218656326134928,-0.4558104566588523,-0.3991187321752625,0.0325133800506591,4,327,7.0,89.0,1.0,100,4,100,4
0.7499999999999997,0.47000000000000025,56.11845730238849,14.96349725164542,8.770292744269935e-06,-0.3979138152316852,-0.3733736478540372,-0.3875643564429143,-0.3555536075888297,0.0305156707763671,4,211,6.0,59.0,0.0,100,4,100,4
0.7499999999999997,0.5000000000000002,0.60380736442456,0.2886751345948128,6.79008734007113e-06,0.2279411764705879,-0.0909090909090912,0.7712418300653595,-0.0869565217391306,0.030022382736206,4,10,2.0,1.0,0.0,1,4,6,4
0.7499999999999997,0.5500000000000003,910.6217770476024,227.65885021965067,6.61171213145122e-06,-0.4695146186486418,-0.4878884517494248,-0.4432960015880054,-0.4594073323944765,0.0305397510528564,4,2917,6.0,706.0,0.0,100,4,99,4
0.7499999999999997,0.5900000000000003,108.4326650836493,52.9966306206617,6.7434534294442e-07,0.9760399863602994,0.8187215730594599,0.9992633211214234,0.996797705628442,0.0060021877288818,86,5284,5020.0,1179.0,1058.0,100,99,97,97
0.7499999999999997,0.6100000000000003,567.721405048286,148.88089478953748,6.691426492932127e-06,-0.3602829413196435,-0.3712788148119865,-0.3417625456070261,-0.3512117284179805,0.0309991836547851,4,2056,3.0,563.0,1.0,100,4,100,4
0.7499999999999997,0.6200000000000003,193.05940363870732,76.8505042273634,6.371762671405913e-07,0.9600241118026468,0.8181693539316387,0.9979754936302178,0.9943609630468376,0.0069978237152099,85,6104,5638.0,1370.0,1193.0,100,99,98,98
0.7499999999999997,0.6600000000000004,0.3227486121839514,0.1443375672974064,5.120709072284845e-07,0.8111723052714398,-0.0212765957446807,0.962819750148721,0.3127147766323022,0.0314922332763671,4,10,4.0,1.0,0.0,1,4,3,4
0.7499999999999997,0.6700000000000004,647.4766772780681,222.18417928333585,1.4596064757277746e-06,0.7919888394784116,0.3004819180945526,0.982324710325214,0.961354731324093,0.0079989433288574,79,7526,6129.0,1644.0,1283.0,100,96,99,92
0.7499999999999997,0.7000000000000004,1741.1633249462643,438.4444682330226,2.689558624708556e-06,-0.1170150354830745,-1.7147816311512147,0.8927615126571179,0.8542314790577372,0.0110034942626953,71,8142,5888.0,1749.0,1230.0,94,88,89,84
0.7499999999999997,0.8100000000000005,1906.0059876611087,411.23846488381895,4.409803175481831e-06,0.3050194341402984,0.2324174024053767,0.9044584464750884,0.8936720045277308,0.0150158405303955,60,10700,9046.0,2284.0,1916.0,85,79,82,76
0.7499999999999997,0.8500000000000005,1302.9371128339235,400.8721990859431,1.748728470240174e-06,0.7749524154938683,0.3414125762986499,0.9673641746270372,0.9417354438565638,0.0099999904632568,75,11388,9125.0,2441.0,1933.0,98,94,93,90
0.7499999999999997,0.8700000000000006,2240.4554635632744,493.4470856290363,3.997070375805088e-06,0.368714050172388,0.2445641688898623,0.9035177976457544,0.8907388539779428,0.0129992961883544,62,12147,9765.0,2596.0,2075.0,85,81,81,78
0.7499999999999997,0.9000000000000006,1685.7683196650146,461.8951590253296,2.121961511197501e-06,0.7321530589852501,0.3313598732500143,0.9575507328040012,0.9341498249333622,0.0115058422088623,71,12841,10655.0,2773.0,2269.0,93,90,93,87
0.7499999999999997,0.9100000000000006,2624.5294034823823,564.3819628584882,4.237127554207054e-06,0.2846956713221773,0.2637703432746481,0.8812087863202241,0.8715983380843435,0.0156700611114501,61,13341,10029.0,2839.0,2131.0,85,81,81,77
0.7499999999999997,0.9200000000000006,2512.663404109858,582.5851364191079,3.1339049897584197e-06,0.4226771162714531,0.0389644001346317,0.9059728324562925,0.8865214017753901,0.0139994621276855,66,13326,10244.0,2836.0,2178.0,90,86,87,82
0.7499999999999997,0.9400000000000006,2222.443140373927,489.321306978773,4.908916016301352e-06,0.5135558699492135,0.5492130693249748,0.9144985579823496,0.90466581070132,0.0148890018463134,59,13555,11338.0,2918.0,2420.0,83,78,78,75
0.7499999999999997,0.9800000000000006,2937.421741827636,609.2578673568116,7.278687846753288e-06,0.4299106667107744,0.5662929024485259,0.8459135497986245,0.8475972509670273,0.019061803817749,53,14782,10892.0,3229.0,2319.0,76,73,73,69
0.7599999999999997,0.22000000000000003,0.6373774391990981,0.338501600193165,5.475270898361366e-06,0.7702362687941086,-0.0038022813688212,0.886426512129066,-2.220446049250313e-16,0.0300028324127197,4,10,5.0,2.0,1.0,1,4,11,4
0.7599999999999997,0.25000000000000006,0.4208127057650866,0.2041241452319315,8.406910638194018e-07,0.9233334899234276,-0.0434782608695645,0.9679360229351742,0.3855606758832565,0.0300202369689941,4,10,7.0,1.0,0.0,1,4,2,4
0.7599999999999997,0.3100000000000001,29.766801978042587,7.195195156028316,1.1836790096894356e-05,-0.8014267224672498,-0.7311104257750844,-0.7769839404622014,-0.691057131871833,0.0310006141662597,4,82,3.0,24.0,1.0,99,4,97,4
0.7599999999999997,0.34000000000000014,160.09473107090898,38.94788184227738,9.133087694025436e-06,-0.5941114350502106,-0.5829215934951653,-0.5622636158252909,-0.5468531566581571,0.0305316448211669,4,516,6.0,122.0,1.0,100,4,100,4
0.7599999999999997,0.4000000000000002,193.56031036862905,46.15316439133219,8.105547102869393e-06,-0.6267438350848449,-0.6640347957259074,-0.5927106708130347,-0.6223909001206653,0.0300168991088867,4,578,5.0,130.0,1.0,100,4,100,4
0.7599999999999997,0.4300000000000002,360.5438311310661,87.24325427599928,8.674288973402755e-06,-0.5285408041472597,-0.5613811421408403,-0.499470045908527,-0.5280238856658297,0.0295081138610839,4,1150,7.0,292.0,1.0,100,4,100,5
0.7599999999999997,0.47000000000000025,347.1823788251165,87.91484990223968,8.91802496758545e-06,-0.4073565973047051,-0.4218166057907344,-0.3867108442329439,-0.3987042212389176,0.0299999713897705,4,1212,6.0,317.0,1.0,100,4,100,4
0.7599999999999997,0.49000000000000027,276.37436868614765,68.0246585192948,7.75869110793928e-06,-0.4059605755040814,-0.4550578205872186,-0.3850942593191337,-0.4290458804324695,0.0295329093933105,4,933,2.0,228.0,0.0,100,4,99,4
0.7599999999999997,0.5200000000000002,39.76650600694006,46.15733961137708,9.170658444483732e-07,0.97608225729723,0.3522347217999392,0.999895423336794,0.9975214831598334,0.0039987564086914,92,3941,3862.0,932.0,830.0,100,99,100,99
0.7599999999999997,0.5300000000000002,42.17819341792628,11.3206117325876,7.938491377253337e-06,-0.5494478544769152,-0.4840772014475272,-0.536977998366583,-0.4665633567767313,0.0329816341400146,4,145,12.0,42.0,4.0,100,4,100,4
0.7599999999999997,0.5600000000000003,784.2455039186815,197.61626324773985,6.815166689854169e-06,-0.4663749147070799,-0.4786896355975536,-0.4404068083198005,-0.4510289205470896,0.0325171947479248,4,2570,3.0,636.0,0.0,100,4,99,4
0.7599999999999997,0.5700000000000003,449.6724895144097,149.42760352643072,1.7036161417692991e-06,0.7249998190088542,-0.2424474918659147,0.987336539614574,0.9710688851895346,0.0090007781982421,77,5674,5119.0,1242.0,1070.0,98,92,94,88
0.7599999999999997,0.5800000000000003,124.20279116563096,69.45082192938156,7.897807569000195e-07,0.9608384763795964,0.7060445699427131,0.9989973657544396,0.9946073824687108,0.0049972534179687,88,4973,4728.0,1159.0,1013.0,100,99,100,99
0.7599999999999997,0.6100000000000003,568.9125866510601,150.39832528987816,5.259593449885533e-06,-0.359417467772223,-0.357210477740115,-0.3410999751873576,-0.3383298357200306,0.0295226573944091,4,2066,8.0,545.0,2.0,100,4,100,4
0.7599999999999997,0.6200000000000003,213.4498937522742,110.55476987836003,9.79266385345658e-07,0.9287979828919868,0.6159523030851016,0.997231758725404,0.9872631302626598,0.0060195922851562,86,5552,5054.0,1288.0,1070.0,100,99,100,98
0.7599999999999997,0.6500000000000004,558.7778958066481,201.18844269411755,1.390302369144241e-06,0.7748129108058968,0.1484708499952797,0.9857373744598008,0.9663986939289132,0.0069999694824218,81,6994,5725.0,1522.0,1196.0,100,97,98,93
0.7599999999999997,0.6800000000000004,702.0124286649062,220.610969808847,1.275708265805762e-06,0.763702265966071,0.287444617563615,0.9798979222230876,0.9632884301841674,0.0090000629425048,80,7608,6097.0,1643.0,1275.0,100,97,97,93
0.7599999999999997,0.7700000000000005,2214.093432926833,500.6255546273541,3.924112070883626e-06,-0.0683721957254315,-0.4601307488158668,0.8613972199315271,0.8359651920103071,0.0135474205017089,63,9881,7393.0,2079.0,1555.0,89,82,83,78
0.7599999999999997,0.8100000000000005,2228.368730708632,504.545113372998,3.5412350495817093e-06,0.1537746414715866,-0.3165683419954914,0.8876345026368397,0.8671337261062992,0.0150322914123535,65,10877,8255.0,2289.0,1743.0,90,83,83,80
0.7599999999999997,0.8400000000000005,1270.1523530663555,399.6515669930496,1.6251858465654824e-06,0.7829781656527126,0.4131095649428937,0.96634689834133,0.9393446932953876,0.0099952220916748,76,11203,8739.0,2424.0,1847.0,100,95,96,92
0.7599999999999997,0.8700000000000006,2351.324554833331,540.5979672197835,3.894355902743534e-06,0.3314424915076182,0.0685867241834963,0.8948431404373595,0.8736016690293261,0.0140688419342041,63,12125,9502.0,2671.0,2015.0,87,83,84,79
0.7599999999999997,0.8900000000000006,2549.2789544300563,629.3998381394771,3.041154559439706e-06,0.337956117118889,-0.2694965000091194,0.8931535668068116,0.861261384112666,0.0120000839233398,68,12520,9099.0,2756.0,1925.0,92,87,89,84
0.7599999999999997,0.9100000000000006,2418.412583700308,516.8068062632302,4.92388927582864e-06,0.3541611168278299,0.3808899444644701,0.8936209223248124,0.8860232725761585,0.0140020847320556,60,13012,10469.0,2824.0,2227.0,86,79,80,76
0.7699999999999997,0.2,18.982722407494663,4.381542726787754,1.8089047193392537e-05,-1.2945376934870616,-1.0214105361774082,-1.2820468164942254,-0.9733179151141378,0.0320219993591308,4,47,9.0,13.0,0.0,100,4,96,4
0.7699999999999997,0.21000000000000002,5.768990379607163,1.6393596310755,1.570632925042128e-05,-4.994840121960754,-1.284028033935817,-4.654867256637168,-1.2241379310344829,0.0345513820648193,4,11,6.0,5.0,0.0,96,4,96,4
0.7699999999999997,0.22000000000000003,4.085033659592048,1.194605932235954,1.819744327320377e-05,-2.482687560859621,-0.7473096851335193,-2.0054029716343997,-0.7187303976916324,0.030008316040039,4,10,3.0,4.0,0.0,1,4,25,4
0.7699999999999997,0.23000000000000004,0.2886751345948128,0.2282177322938192,6.106055186506193e-06,0.8113485630066323,-0.0549450549450545,0.9715261958997722,0.1134751773049648,0.0309972763061523,4,10,3.0,1.0,0.0,1,4,2,4
0.7699999999999997,0.25000000000000006,46.20459482923028,10.867574092991806,1.086035876574007e-05,-0.9806307040909392,-0.8669040500975089,-0.9370739934345508,-0.8043250967966782,0.030013084411621,4,118,7.0,30.0,1.0,98,4,94,4
0.7699999999999997,0.2700000000000001,0.6846531968814576,0.2282177322938192,6.462687283119683e-06,0.4327731092436974,-0.0549450549450545,0.8203162434115956,-0.0526315789473683,0.0299937725067138,4,10,3.0,1.0,0.0,1,4,7,4
0.7699999999999997,0.3100000000000001,19.246482362585983,4.924428900898052,1.4521546511852892e-05,-1.802729287129314,-1.496180136710897,-1.7526997915407176,-1.370406573601735,0.0330743789672851,4,44,4.0,13.0,0.0,94,4,100,4
0.7699999999999997,0.3200000000000001,2.472768354159632,0.6535161308899218,1.0635806605559118e-05,-1.302336983167184,-0.451862781261527,-0.5637070779722422,-0.3988399863527807,0.0301485061645507,4,10,4.0,2.0,0.0,1,4,34,4
0.7699999999999997,0.34000000000000014,109.29728191191826,27.28380930148868,8.389830913127464e-06,-0.7525881760900242,-0.6408382270250408,-0.7131285369689948,-0.6009611636478336,0.0300092697143554,4,318,7.0,81.0,2.0,100,4,95,4
0.7699999999999997,0.35000000000000014,33.75586368815547,8.456383190623914,8.514898084795418e-06,-0.8658827810502856,-0.6863351176524772,-0.8340471364935609,-0.6449457155933189,0.0295147895812988,4,101,5.0,29.0,1.0,100,4,100,4
0.7699999999999997,0.38000000000000017,0.2041241452319315,0.0,9.999999999999994e-08,0.8397328881469115,1.0,0.9838709677419356,1.0,0.0299997329711914,4,10,4.0,0.0,0.0,1,4,1,4
0.7699999999999997,0.3900000000000002,92.53979999618184,23.08431105029272,8.783824223632037e-06,-0.5478637388800018,-0.5089155600372752,-0.5234282027613975,-0.478811943696628,0.0305311679840087,4,310,2.0,78.0,0.0,100,4,100,4
0.7699999999999997,0.4400000000000002,363.2542440678888,91.55041871377033,7.582796499016857e-06,-0.5766876761553343,-0.589370511128845,-0.5433877091136037,-0.5533997751705468,0.0315287113189697,4,1146,7.0,275.0,2.0,100,4,100,4
0.7699999999999997,0.45000000000000023,213.14834916086025,55.509008277936296,7.166818942944583e-06,-0.5521397885944581,-0.5135286332191735,-0.5228411933439188,-0.4835191702724422,0.0330209732055664,4,702,4.0,180.0,0.0,100,4,98,4
0.7699999999999997,0.48000000000000026,264.8709984753584,67.80002765486162,9.01242862783522e-06,-0.431153488838282,-0.4467853316373096,-0.4092077647290548,-0.4217099320886461,0.0300018787384033,4,892,4.0,223.0,0.0,100,4,99,4
0.7699999999999997,0.49000000000000027,471.093707504144,119.96440444287352,7.412091869023696e-06,-0.4461871989884627,-0.4506646553254922,-0.4225137452342746,-0.4253517100583839,0.0435118675231933,4,1550,7.0,376.0,1.0,100,4,100,4
0.7699999999999997,0.5400000000000003,370.6888997753597,97.5504143165642,8.175305956268578e-06,-0.3632027113001594,-0.3723457851879044,-0.345304955833166,-0.3522062532241941,0.0443413257598876,4,1313,6.0,344.0,0.0,100,4,100,4
0.7699999999999997,0.5800000000000003,188.9901735918715,76.90392893548604,8.742487257568665e-07,0.9235102289701608,0.61121336969923,0.997768974430672,0.9932236747586294,0.0065186023712158,86,5229,4843.0,1138.0,1014.0,100,99,100,97
0.7699999999999997,0.6300000000000003,1051.1273879574662,279.6195757504419,2.2941519718168467e-06,0.3480588753301999,-0.9632069237028028,0.9492970863410468,0.9230573536291932,0.0099973678588867,72,6982,5729.0,1481.0,1198.0,94,89,90,85
0.7699999999999997,0.6500000000000004,1144.129525172028,309.2892090177328,2.1849915711246306e-06,0.3677555073538183,-0.8823775666476494,0.944416579960732,0.9155121732355452,0.0099995136260986,73,7365,5789.0,1567.0,1210.0,97,90,93,86
0.7699999999999997,0.6600000000000004,1391.7792793758642,337.556430467559,2.9380706012161745e-06,0.0055192034343087,-1.2203089243229206,0.9155907375829716,0.8886269458248706,0.0130043029785156,68,7391,5916.0,1589.0,1236.0,93,85,83,81
0.7699999999999997,0.7200000000000004,1426.6115166207087,368.0073631801933,2.692026984714545e-06,0.3148830104154085,-0.7111386879114083,0.9349949469262044,0.9045028210340595,0.0110204219818115,69,8609,7158.0,1854.0,1506.0,92,86,87,83
0.7699999999999997,0.7400000000000004,1102.9407611384418,299.468292252312,2.319355150651929e-06,0.6574156308474441,0.0429117119737547,0.9644129401650048,0.942940704594598,0.011016845703125,69,8946,7980.0,1925.0,1686.0,93,87,89,84
0.7699999999999997,0.7700000000000005,1315.0849148755883,414.55287157771966,1.92729656643725e-06,0.6382590781284072,-0.0028282387848377,0.9520608152619926,0.913017005364433,0.0099999904632568,76,9686,7150.0,2132.0,1501.0,100,94,99,91
0.7699999999999997,0.8200000000000005,1847.6232666033727,440.03004576559385,3.1901952988036755e-06,0.4786663486548526,0.0942718963386067,0.927989882936561,0.9075583566221668,0.0120234489440917,66,11083,9232.0,2463.0,1957.0,89,85,86,81
0.7699999999999997,0.8600000000000005,2255.900757695566,523.5121502205765,3.81032892336606e-06,0.2918580827935143,-0.035145075915264,0.9058517163441764,0.8855065654579743,0.0130236148834228,65,11944,9347.0,2582.0,1982.0,87,84,84,80
0.7699999999999997,0.8800000000000006,2657.0896815421147,614.1539881919853,3.100509591643028e-06,0.284692388238462,-0.1865034702823305,0.8853356722248413,0.8632796103580038,0.0130174160003662,67,12752,9266.0,2742.0,1960.0,90,86,87,83
0.7699999999999997,0.9300000000000006,3008.393725815125,646.5209826079746,5.659604218990688e-06,0.1602662722434478,0.2330115659841136,0.8374254990061287,0.8263878147149041,0.0149943828582763,58,13577,9748.0,2934.0,2067.0,82,78,80,74
0.7699999999999997,0.9400000000000006,2499.523109515093,544.4335588480931,4.66709887995158e-06,0.4198392344135556,0.4107217192815144,0.8970855311134478,0.8870567663694602,0.0135066509246826,60,13743,11146.0,3035.0,2379.0,84,80,80,76
0.7699999999999997,0.9600000000000006,2542.910258607907,535.0126166736632,7.397733632095832e-06,0.54981719424739,0.6623448338911192,0.8729879563552314,0.8725413149797555,0.0160408020019531,52,14230,10991.0,3076.0,2342.0,76,71,72,68
0.7799999999999997,0.2,7.769464803532695,1.9552280344416777,1.5376166631667215e-05,-1.756952841596131,-0.7110388033606918,-1.7248148583519454,-0.6745756524913307,0.0319933891296386,4,19,6.0,7.0,0.0,93,4,80,4
0.7799999999999997,0.21000000000000002,0.3227486121839514,0.2041241452319315,1.672666766771602e-06,0.8982080373237196,-0.0434782608695645,0.9656404617921936,0.1578947368421053,0.0305488109588623,4,10,5.0,1.0,0.0,1,4,3,4
0.7799999999999997,0.25000000000000006,0.5863019699779287,0.0,9.999999999999994e-08,0.5431867339581831,1.0,0.8416202726051065,1.0,0.0300350189208984,4,10,4.0,0.0,0.0,1,4,1,4
0.7799999999999997,0.2800000000000001,1.2332207155790618,0.5103103630798288,9.69919349143469e-06,0.6754353464246017,-0.0643015521064303,0.7852941176470588,-0.0313531353135314,0.0315182209014892,4,11,11.0,2.0,2.0,5,4,5,4
0.7799999999999997,0.3100000000000001,61.90180395863543,14.76693942562236,1.1179335448372344e-05,-0.6359571907057304,-0.5843599889312769,-0.6074944859490408,-0.5481678091436115,0.0319991111755371,4,160,5.0,44.0,1.0,99,4,99,4
0.7799999999999997,0.3200000000000001,45.62768256953959,10.871407452579447,1.1867447660839464e-05,-0.8279551534644785,-0.8009523809523809,-0.7936792731551834,-0.7520182335900778,0.0303297042846679,4,117,2.0,31.0,0.0,99,4,99,4
0.7799999999999997,0.3300000000000001,87.84384820046687,21.84438333607368,1.2439538169532285e-05,-0.7327646372749839,-0.6848674090406672,-0.6951847369391315,-0.6428541457240928,0.0310337543487548,4,237,5.0,65.0,0.0,100,4,99,4
0.7799999999999997,0.38000000000000017,0.338501600193165,0.0,9.999999999999994e-08,0.2826086956521737,1.0,0.9283667621776504,1.0,0.031517744064331,4,10,2.0,0.0,0.0,1,4,1,4
0.7799999999999997,0.4100000000000002,93.11607899104573,19.536024416446654,4.7013339631534255e-06,0.3449964604378279,0.5376446263772854,0.3603090837035401,0.5492557349669487,0.0325160026550293,4,459,378.0,122.0,76.0,100,92,100,87
0.7799999999999997,0.5000000000000002,120.62677224322212,65.83312236253116,1.139349426991238e-06,0.8730071088362117,0.1186822937848929,0.9988882054564386,0.9937366632057596,0.0059983730316162,89,4122,3835.0,944.0,797.0,100,99,100,96
0.7799999999999997,0.5200000000000002,156.72005960735638,38.48701079585163,9.06989588153787e-06,-0.3323970592517573,-0.3523800390798519,-0.3180524921156453,-0.3345025402471702,0.0320072174072265,4,587,3.0,143.0,0.0,100,4,99,4
0.7799999999999997,0.5300000000000002,156.92132450159008,41.17189575426422,6.6139539204992965e-06,-0.4714130696389,-0.4572367868740157,-0.4489182479809162,-0.4310633937550716,0.0299935340881347,4,518,6.0,146.0,0.0,100,4,100,4
0.7799999999999997,0.5800000000000003,60.19800661151497,57.784080852774665,7.942804078479613e-07,0.9868302097935442,0.7292576844112754,0.9997689764676454,0.996567950620426,0.0049803256988525,90,4748,4648.0,1120.0,1035.0,100,99,100,99
0.7799999999999997,0.6100000000000003,51.10446816734,60.86597297888753,6.926112874642145e-07,0.9943246081477548,0.8093830618939064,0.9998378920890052,0.9961925443250178,0.0060200691223144,88,5207,5090.0,1259.0,1122.0,100,99,100,99
0.7799999999999997,0.6400000000000003,357.02147461088856,137.67957970108228,1.0381187400532871e-06,0.8816051753917681,0.5645363549262137,0.9936104825232852,0.983690858067438,0.0069997310638427,85,6316,5576.0,1460.0,1176.0,100,99,99,97
0.7799999999999997,0.6500000000000004,951.9880461434376,276.73742067165404,1.994677015810984e-06,0.5359331388538158,-0.3800651524477549,0.9603297841272131,0.9327235345223736,0.0099992752075195,75,7303,5789.0,1567.0,1210.0,99,92,95,88
0.7799999999999997,0.8000000000000005,1779.0860856068768,449.66176177211247,2.4836357556626123e-06,0.5150334084576402,-0.0625733487098132,0.9314111089988112,0.9068799984589097,0.0125887393951416,70,10665,8348.0,2292.0,1762.0,93,89,92,85
0.7799999999999997,0.8200000000000005,1737.870949610471,431.2287313595883,2.807471285867324e-06,0.5284051119190531,-0.0377392035034618,0.9377996855590142,0.9160306956302948,0.01350998878479,68,10960,8936.0,2358.0,1890.0,91,87,87,83
0.7799999999999997,0.8700000000000006,1976.094387365588,450.6064740374293,3.4971398428585702e-06,0.5574527427805965,0.3786962240137118,0.9319149502524828,0.9187625548583986,0.0130002498626708,64,12627,10645.0,2764.0,2272.0,88,83,84,80
0.7799999999999997,0.9300000000000006,2229.318027910154,468.7830683987971,7.352744916688471e-06,0.6153140549666325,0.7068229207092181,0.9037065725325322,0.9024656346165544,0.0162272453308105,54,13893,11292.0,3023.0,2412.0,77,74,72,70
0.7799999999999997,0.9500000000000006,2640.2386079626863,548.4255265207254,6.063015761060794e-06,0.4794576449791281,0.5927236778300684,0.8861549711150924,0.8862517928645388,0.015247106552124,57,14834,11250.0,3153.0,2401.0,81,76,77,73
0.7799999999999997,0.9600000000000006,3116.246044805305,693.9263819234802,3.358636639413715e-06,0.2904348331098938,-0.0086919862547132,0.8784493450189258,0.8639884070422812,0.0130136013031005,66,14632,10510.0,3208.0,2236.0,89,86,87,82
0.7799999999999997,0.9800000000000006,3097.47166865094,671.2986525775103,5.823551114803481e-06,0.3452936899193083,0.4226742865443941,0.8582791623915941,0.847819985138957,0.0149996280670166,58,15200,10897.0,3289.0,2318.0,82,78,77,74
0.7899999999999996,0.2,11.193841312674277,2.688710967483613,1.3915439147274315e-05,-6.380179074716721,-2.1204159055781933,-6.288712765699605,-1.9154763905226024,0.0370013713836669,4,18,7.0,6.0,1.0,54,4,56,4
0.7899999999999996,0.22000000000000003,17.748532803211276,4.484928464684061,1.3522629118173443e-05,-2.3272430332307588,-1.2514847877573327,-2.2928957904811886,-1.170370120601095,0.0422735214233398,4,41,8.0,14.0,0.0,99,4,99,4
0.7899999999999996,0.23000000000000004,38.07968618568173,9.90738361021718,1.1350516445565791e-05,-1.177935629873812,-0.8814368343222956,-1.1348504840932887,-0.8215876403451796,0.0359203815460205,4,100,9.0,31.0,0.0,100,4,100,4
0.7899999999999996,0.2700000000000001,4.4907311951024935,1.070436048222094,1.654839487011781e-05,-2.716599676045353,-0.7789757412398923,-2.273643450176701,-0.7252195734002509,0.0305120944976806,4,10,4.0,3.0,0.0,1,4,77,4
0.7899999999999996,0.3100000000000001,95.38272686044016,22.76098635824028,9.893492505499204e-06,-0.9778496946497306,-0.9304249311943578,-0.9165835480395385,-0.863201856982942,0.0309996604919433,4,249,6.0,63.0,1.0,100,4,100,4
0.7899999999999996,0.37000000000000016,0.0,0.0,1.0381750827132695e-07,1.0,1.0,1.0,1.0,0.0330157279968261,4,10,1.0,1.0,1.0,1,4,5,4
0.7899999999999996,0.4200000000000002,389.861660827701,96.61877405556334,8.017256138816615e-06,-0.623479749987754,-0.6280558896464867,-0.586563047532372,-0.588801007468523,0.031510591506958,4,1196,7.0,311.0,1.0,100,4,100,4
0.7899999999999996,0.4400000000000002,323.0869013645297,82.22206972583456,7.435272131916927e-06,-0.5070132466923374,-0.508892867106854,-0.4795083851211332,-0.4790965273975447,0.0310020446777343,4,1073,6.0,274.0,1.0,100,4,100,4
0.7899999999999996,0.48000000000000026,234.97196197986403,63.71109924233505,8.71030123061004e-06,-0.3953088945015628,-0.3907344507081505,-0.3765535161415045,-0.3696391717773224,0.0300002098083496,4,858,10.0,229.0,2.0,100,4,100,4
0.7899999999999996,0.5300000000000002,12.24744871391589,38.72983346207417,5.296459887717795e-07,0.988907695594301,-0.4559965487489215,0.9999941924114328,0.9990561525551448,0.0033895969390869,97,3373,3376.0,822.0,792.0,100,99,100,99
0.7899999999999996,0.5500000000000003,40.32121029929533,42.43112065453846,6.077896575120309e-07,0.9738394283485468,0.564304106247459,0.9999156620278716,0.9984665696164108,0.0039992332458496,95,3847,3767.0,918.0,873.0,100,99,100,99
0.7899999999999996,0.5900000000000003,518.8318863714811,168.11681402493545,1.427655856858395e-06,0.7315226658586516,0.0568224677122589,0.9860856626840604,0.9717157474853618,0.0085108280181884,81,6197,5265.0,1323.0,1100.0,99,96,100,92
0.7899999999999996,0.6100000000000003,26.52222787453142,31.352830813181765,3.401545742205343e-07,0.9960982567353408,0.9069427325031008,0.99995630970426,0.9990757753174256,0.004026174545288,93,4309,4321.0,1054.0,1035.0,100,99,100,99
0.7899999999999996,0.6600000000000004,1003.9280145176411,300.0690198382144,1.915356881543712e-06,0.5657681867635994,-0.2729941965009352,0.9602781450153136,0.9305451416502004,0.0099959373474121,76,7697,6039.0,1667.0,1264.0,100,93,94,89
0.7899999999999996,0.7000000000000004,405.509802594216,171.71124016790515,1.2105230325289124e-06,0.9367962297954152,0.697301243434103,0.9940612274299776,0.980937900634775,0.0090000629425048,80,8220,7154.0,1860.0,1507.0,100,98,99,94
0.7899999999999996,0.7100000000000004,1906.4701512218855,444.6826115332148,3.1248821226899385e-06,-0.0524329610790514,-1.1124473006917714,0.886135271984018,0.8599153767571265,0.0145404338836669,68,8786,6534.0,1869.0,1370.0,91,86,89,82
0.7899999999999996,0.7200000000000004,848.0588187148342,250.72542750985588,1.5351120496053945e-06,0.8178045715950918,0.447834205022861,0.9782007838312052,0.9625286193990448,0.0129997730255126,75,8922,7468.0,1920.0,1574.0,97,93,95,90
0.7899999999999996,0.7300000000000004,1629.0765789243917,395.20421936006704,2.909639905520777e-06,0.3670200797345472,-0.3540102798545963,0.9250212615386988,0.9011847883699148,0.0144317150115966,68,9415,7446.0,1973.0,1569.0,92,86,90,83
0.7899999999999996,0.7400000000000004,1253.86814830481,354.83799120161865,2.0859281258264188e-06,0.6472651014228172,0.042324251262633,0.9568243937794748,0.9308255547725364,0.0089437961578369,73,9399,7487.0,1960.0,1577.0,98,91,95,88
0.7899999999999996,0.7600000000000005,2491.1081220363917,550.4493987103089,4.50383108354003e-06,-0.3616915518355821,-0.6776792983577999,0.82654078485377,0.8026941255706102,0.0120701789855957,63,9975,6989.0,2118.0,1466.0,86,81,85,78
0.7899999999999996,0.7700000000000005,1663.4094989780244,421.7602514194757,2.7516217564191303e-06,0.4683909387679991,-0.167755024990446,0.933884290011872,0.9080724498220852,0.0113391876220703,69,10214,8154.0,2197.0,1722.0,92,87,90,84
0.7899999999999996,0.8600000000000005,2170.0888451270102,460.4303722166626,7.420519137636987e-06,0.5061987573212663,0.6224225760934666,0.8788002926406396,0.8749400148407268,0.0182447433471679,53,12135,9633.0,2716.0,2043.0,77,72,72,69
0.7899999999999996,0.8700000000000006,2065.032501574283,434.3368374569362,5.386546371253857e-06,0.5283211570744757,0.5954073933299417,0.9074053989627702,0.904015202874582,0.016059398651123,57,12571,10203.0,2685.0,2170.0,81,77,79,73
0.7899999999999996,0.9000000000000006,2557.1531522187797,541.2096884103871,5.309241185419926e-06,0.3719808263735221,0.4432047078196616,0.8819835446382983,0.8767592605992804,0.0150666236877441,59,13280,10158.0,2879.0,2158.0,83,79,81,75
0.7899999999999996,0.9100000000000006,2592.392044253938,552.7800848639739,7.190243067216704e-06,0.4260233851739069,0.5280730847402532,0.8666293096625524,0.8607075597887329,0.0167038440704345,55,13492,10268.0,2950.0,2181.0,81,75,73,71
0.7899999999999996,0.9400000000000006,2401.3508568095585,495.0546897397633,7.83972546199354e-06,0.6176227057605281,0.7146231820030078,0.8870122337157604,0.8898837548873634,0.0167145729064941,52,14361,11232.0,3097.0,2395.0,76,72,71,68
0.7899999999999996,0.9800000000000006,2366.6903426045787,490.7556984443029,7.13360022971108e-06,0.6460937739954877,0.7421348945255137,0.91097643688855,0.913164199313038,0.0160574913024902,55,15193,12509.0,3388.0,2684.0,78,75,74,71
0.7899999999999996,0.9900000000000007,2686.9098242862847,575.0083109767264,9.93321931970438e-06,0.6393461967572052,0.7141107444678311,0.8623684171618897,0.8609395906051176,0.0185046195983886,48,15394,11365.0,3392.0,2421.0,72,68,68,65
0.7999999999999996,0.22000000000000003,1.4860462083439174,0.3818813079129867,3.70360431668497e-06,0.2366950455687659,-0.0803858520900318,0.5715094187080605,-0.0769230769230773,0.0305135250091552,4,10,4.0,2.0,0.0,1,4,10,4
0.7999999999999996,0.23000000000000004,28.737678519091737,6.294011704257733,1.8341074566291167e-05,-1.448506412349543,-1.3644523888165692,-1.3804834108992643,-1.2612811349811812,0.0316829681396484,4,62,5.0,15.0,0.0,97,4,79,4
0.7999999999999996,0.25000000000000006,0.408248290463863,0.2282177322938192,3.0178943643542574e-06,0.6700322234156822,-0.0549450549450545,0.9409048938134812,-0.0526315789473688,0.0300025939941406,4,10,2.0,1.0,0.0,1,4,6,4
0.7999999999999996,0.2700000000000001,0.7637626158259734,0.2041241452319315,2.428320598626137e-06,0.5,-0.0434782608695645,0.8057174576741605,0.2907801418439717,0.0310256481170654,4,10,4.0,1.0,0.0,1,4,2,4
0.7999999999999996,0.3000000000000001,57.03553351493552,13.442005058770064,1.1369632532833808e-05,-0.8284188129709358,-0.8125391849529782,-0.7916862974405907,-0.7583821181479511,0.0310199260711669,4,158,5.0,37.0,0.0,100,4,100,4
0.7999999999999996,0.37000000000000016,0.3535533905932738,0.25,1.2599528449898322e-06,0.855349070818684,-0.0666666666666666,0.9536518481325555,0.0783410138248846,0.0320003032684326,4,10,3.0,1.0,0.0,1,4,3,4
0.7999999999999996,0.4000000000000002,308.3743835286366,76.73038565870324,9.054386586161956e-06,-0.5827982914143597,-0.5891212789895168,-0.5494158496999162,-0.5525359992473617,0.0315124988555908,4,949,4.0,236.0,0.0,100,4,100,4
0.7999999999999996,0.48000000000000026,58.84194932189109,15.505711313362356,7.71397746338394e-06,-0.5559106077814817,-0.5062987463689841,-0.5350312882443946,-0.4763987920664272,0.0310001373291015,4,184,4.0,58.0,0.0,100,4,100,4
0.7999999999999996,0.5400000000000003,0.0,0.0,2.3544806812337775e-07,,,1.0,1.0,0.002000093460083,99,3018,3018.0,761.0,761.0,100,99,100,99
0.7999999999999996,0.6200000000000003,814.1324953593241,237.7822533327498,2.0335569148153748e-06,0.5497505948251934,-0.4420301257396488,0.9681270678550842,0.944190592600366,0.0089976787567138,75,6748,5607.0,1442.0,1172.0,98,91,92,87
0.7999999999999996,0.6300000000000003,295.7178647893217,108.16705187399307,1.0066364915064685e-06,0.9350404409937308,0.7332968989832551,0.9957480650329444,0.9895408185374324,0.0069975852966308,82,6655,5943.0,1460.0,1246.0,100,99,99,95
0.7999999999999996,0.6600000000000004,1076.6336020408603,308.30969748812214,1.8644147164174624e-06,0.547504255028773,-0.1821428625164141,0.9543963557796132,0.9278162962746,0.0101377964019775,77,7786,5855.0,1635.0,1223.0,100,94,94,90
0.7999999999999996,0.6900000000000004,1136.955364119454,290.4254924531706,2.519479633973682e-06,0.5390225453031344,-0.1866473386442355,0.9583390690535402,0.9395710791901852,0.0110044479370117,70,8444,7272.0,1800.0,1534.0,92,87,88,84
0.7999999999999996,0.7200000000000004,650.1210376817256,226.53476554383437,1.3825802587971432e-06,0.8834657338173908,0.6000633318494393,0.986745394908339,0.9705499725176144,0.0090062618255615,78,8777,7434.0,1920.0,1566.0,100,96,97,93
0.7999999999999996,0.7300000000000004,1960.3106418371556,468.0368575229946,3.287837834728769e-06,0.0178525221686901,-0.9508727323125528,0.8899516846713603,0.8598091326805852,0.0129978656768798,68,9236,6841.0,1985.0,1435.0,91,86,87,82
0.7999999999999996,0.7700000000000005,1733.505102725824,418.4086097415807,3.577194377509931e-06,0.3395618707106457,-0.1978706723156671,0.925029710860471,0.901124104768857,0.0120000839233398,66,10091,8321.0,2168.0,1759.0,88,84,86,81
0.7999999999999996,0.7900000000000005,2234.630696297983,473.6476955870088,6.480494330632826e-06,0.1703542983569563,0.3558476728787874,0.8557107627800351,0.8475050941328091,0.0145153999328613,57,10765,8164.0,2364.0,1722.0,80,75,77,72
0.7999999999999996,0.8000000000000005,1646.7196084185066,408.82885325035465,2.9213290612769427e-06,0.5503315528595102,0.0518713344355032,0.9427577597369468,0.922628789408914,0.0119984149932861,68,10916,8904.0,2340.0,1885.0,91,87,90,83
0.7999999999999996,0.8900000000000006,2169.1493212265905,454.40329615392926,7.077703392255182e-06,0.5700096844038108,0.6752531117598585,0.900646510513955,0.8992257609374209,0.0152437686920166,55,13156,10515.0,2822.0,2238.0,78,74,73,71
0.7999999999999996,0.9300000000000006,1993.093625497809,401.0232661579624,8.793448815043861e-06,0.7515810970595721,0.8225545064012477,0.9171682993549112,0.9233907423700242,0.0170047283172607,50,14250,12018.0,3113.0,2575.0,74,70,69,66
0.7999999999999996,0.9400000000000006,2635.548217241605,580.608930115383,4.325517534385724e-06,0.39908008279984,0.3384138985908324,0.9016037409792914,0.8902531574599258,0.0130000114440917,63,14169,11022.0,3089.0,2350.0,87,82,81,79
0.7999999999999996,0.9600000000000006,3101.034834778808,669.3778958419978,6.1556017767063125e-06,0.296535808558214,0.3810295139296147,0.8432263487150754,0.8324078065476463,0.0150001049041748,57,14702,10506.0,3273.0,2231.0,82,77,78,73
0.7999999999999996,0.9900000000000007,2829.671854535049,597.9738979325901,7.538037063096381e-06,0.5572625878859565,0.6643565913253265,0.8752707280743779,0.8742106180088155,0.0181214809417724,54,15743,11815.0,3424.0,2525.0,77,74,74,70
0.8099999999999996,0.2,1.0358169078880044,0.25,1.313930399049791e-06,0.7140791718474396,-0.0285714285714282,0.8280438738543214,0.2146596858638744,0.0310034751892089,4,10,7.0,2.0,0.0,1,4,10,4
0.8099999999999996,0.21000000000000002,0.60380736442456,0.3061862178478972,8.01414751163292e-06,0.3437499999999998,-0.1034482758620689,0.8424204223132683,-0.0989010989010987,0.0312962532043457,4,10,3.0,1.0,0.0,1,4,6,4
0.8099999999999996,0.22000000000000003,0.7216878364870323,0.2886751345948128,8.447126768262024e-06,0.6207332490518332,0.0191570881226054,0.8529887389374026,0.1828396322778346,0.0289998054504394,4,10,6.0,1.0,1.0,1,4,2,4
0.8099999999999996,0.23000000000000004,0.5,0.2282177322938192,1.5203109376759751e-06,0.8823469335648266,-0.0549450549450545,0.9441067560958568,0.1134751773049645,0.0300016403198242,4,10,7.0,1.0,0.0,1,4,4,4
0.8099999999999996,0.26000000000000006,1.224744871391589,0.2700308624336608,3.213732791227356e-06,0.2850271528316525,-0.0386398763523954,0.6530036868358273,-0.0370370370370372,0.0315520763397216,4,10,5.0,2.0,0.0,1,4,13,4
0.8099999999999996,0.3200000000000001,207.0404801401568,49.34476922633239,9.61639930991481e-06,-0.7187332058960261,-0.7200918206227855,-0.6761214973301486,-0.6741011959226448,0.0310029983520507,4,563,5.0,149.0,0.0,100,4,99,4
0.8099999999999996,0.36000000000000015,1.6393596310755,0.568257570707744,7.592522016024059e-06,-0.3119338948037502,-0.2161830813240703,0.3688073394495416,-0.1814024390243902,0.0315117835998535,4,10,3.0,2.0,0.0,1,4,22,4
0.8099999999999996,0.37000000000000016,0.2282177322938192,0.0,1.0381750827132695e-07,0.9499165275459098,1.0,0.9844812067413636,1.0,0.0309953689575195,4,10,6.0,1.0,0.0,1,4,2,4
0.8099999999999996,0.38000000000000017,174.22169186604367,43.33373397250691,9.773750757853311e-06,-0.485054072151424,-0.5070318171886892,-0.4601472508789026,-0.478793379415708,0.0311143398284912,4,563,4.0,138.0,1.0,100,4,99,4
0.8099999999999996,0.4200000000000002,108.44084408868582,27.496401279682644,7.701361804829509e-06,-0.696085027310271,-0.610245632750047,-0.6621247344147134,-0.572949797196729,0.0320339202880859,4,313,9.0,89.0,0.0,100,4,100,4
0.8099999999999996,0.4400000000000002,753.0611487455717,183.6147177742932,8.62122718840284e-06,-0.5794570888258799,-0.6058343228072105,-0.5448547759971138,-0.5680035022427934,0.0335712432861328,4,2217,10.0,536.0,4.0,100,4,100,4
0.8099999999999996,0.45000000000000023,382.8889362465309,97.20532392827052,7.905734831609864e-06,-0.4491486434155172,-0.4516156763193353,-0.4258188317923255,-0.4260891307436085,0.0331842899322509,4,1306,9.0,324.0,1.0,100,4,99,4
0.8099999999999996,0.46000000000000024,42.06765384472968,10.311300435282966,9.11234338925297e-06,-0.5379537779514543,-0.559751871548797,-0.520294168733592,-0.5305716963448925,0.0315203666687011,4,125,2.0,32.0,0.0,100,4,99,4
0.8099999999999996,0.5100000000000002,892.8707738245216,225.57659914834548,7.14155153089497e-06,-0.4837571593184844,-0.4997913439982335,-0.4564227739447677,-0.4705058597641967,0.0300157070159912,4,2873,7.0,707.0,2.0,100,4,100,4
0.8099999999999996,0.5700000000000003,532.7206115779641,174.61529142661018,1.7153308077607984e-06,0.6357190289075073,-0.3596578213434906,0.9834187793541534,0.964945379669286,0.0079996585845947,80,5851,4890.0,1263.0,1019.0,100,94,98,90
0.8099999999999996,0.5900000000000003,513.1744785689809,170.5520448426227,1.7170642937726215e-06,0.7690445785500762,0.0513152962338505,0.9866528485764876,0.9704912399557584,0.0095291137695312,78,6336,5579.0,1392.0,1170.0,97,93,93,90
0.8099999999999996,0.6000000000000003,215.5153513480343,110.35699645544304,1.1409913830921664e-06,0.9309132180145344,0.6235479145939271,0.9971607097937798,0.987049469305996,0.0069978237152099,85,5687,5120.0,1320.0,1075.0,100,99,100,97
0.8099999999999996,0.6200000000000003,698.8362826871542,227.50637353709456,1.6387527620022508e-06,0.6657483141399826,-0.143880470483819,0.9773601667199996,0.955267988334488,0.0080094337463378,80,6930,5525.0,1481.0,1154.0,100,96,100,92
0.8099999999999996,0.6300000000000003,878.4149361207379,280.1322009337734,1.898005222380564e-06,0.5690647813299252,-0.252513636563147,0.9675210952801816,0.9388434111138612,0.0089979171752929,80,7329,5617.0,1603.0,1174.0,100,96,97,92
0.8099999999999996,0.6400000000000003,0.0,0.0,2.1991503596521505e-07,,,1.0,1.0,0.0020003318786621,99,3065,3065.0,822.0,822.0,100,99,100,99
0.8099999999999996,0.6800000000000004,573.9180642255865,224.03186777281883,1.2865056081762363e-06,0.8514061808431701,0.5141126104564546,0.9863556719877192,0.96504053245961,0.0079603195190429,82,7766,6363.0,1779.0,1335.0,100,99,99,96
0.8099999999999996,0.7300000000000004,1795.7759528201932,423.2325816638154,3.2502911574593888e-06,0.1158195350013416,-0.7681873474235132,0.903081352824168,0.8783879499120123,0.013040542602539,67,9021,6987.0,1950.0,1466.0,89,85,86,81
0.8099999999999996,0.8000000000000005,2160.361813832736,494.4570535221212,4.003935505396921e-06,0.2504238502570061,-0.031010732412954,0.8957672806899131,0.8750892675989013,0.0139994621276855,64,11151,8632.0,2410.0,1825.0,88,83,82,79
0.8099999999999996,0.9600000000000006,2360.166907188395,506.0828499997108,7.260985768749262e-06,0.6682809363021271,0.7431544646065716,0.9021559060421958,0.8993000487849002,0.0162215232849121,53,15118,11785.0,3352.0,2521.0,76,72,72,69
0.8199999999999996,0.23000000000000004,16.654891673819638,3.810621121724559,2.4610369403794517e-05,-1.6283806014344937,-1.2127349989252467,-1.6012732357713406,-1.124481833699098,0.0309164524078369,4,39,4.0,11.0,1.0,100,4,58,4
0.8199999999999996,0.26000000000000006,0.8599903100229289,0.25,1.711937548249583e-06,0.675242995997713,0.1097372488408032,0.830512520589148,0.1111111111111117,0.031646728515625,4,10,7.0,2.0,1.0,1,4,13,4
0.8199999999999996,0.2700000000000001,0.8539125638299665,0.2700308624336608,2.0061210352508483e-06,0.6098240724612437,-0.0386398763523954,0.8236731403813699,0.0837696335078529,0.0339984893798828,4,10,5.0,2.0,0.0,1,4,10,4
0.8199999999999996,0.2800000000000001,15.865318570181104,4.129416827269116,1.0748372605959915e-05,-1.6023632514732462,-0.9882591093117404,-1.579738737930828,-0.9286959800179088,0.0323591232299804,4,41,8.0,15.0,1.0,93,4,93,4
0.8199999999999996,0.3000000000000001,15.93933812929508,3.977802994954208,1.126427900921354e-05,-1.4889898046069017,-0.9289144036296773,-1.4772210434798505,-0.8696765299591354,0.034045934677124,4,34,7.0,11.0,0.0,100,4,100,4
0.8199999999999996,0.3300000000000001,31.552535555799636,8.171979564340576,1.248377047486778e-05,-0.7412879653408864,-0.7763154476894703,-0.7218368854378723,-0.731490659241234,0.0329890251159668,4,88,6.0,23.0,2.0,100,4,98,4
0.8199999999999996,0.36000000000000015,109.8865418662965,27.86444119901444,9.5910118372864e-06,-0.6250127333235518,-0.5825884903934004,-0.594696550791616,-0.5475589358411965,0.0348234176635742,4,371,6.0,97.0,0.0,100,4,99,4
0.8199999999999996,0.37000000000000016,42.24519203412384,10.870449239413553,8.138773761566598e-06,-0.9154133471094164,-0.7609551960777974,-0.8822023680372646,-0.7122217677361515,0.0340356826782226,4,120,8.0,39.0,0.0,100,4,100,4
0.8199999999999996,0.4000000000000002,0.2041241452319315,0.1020620726159657,1.0490560990797213e-07,0.8822085889570552,-0.0105263157894739,0.9851162790697674,0.4897959183673466,0.031937837600708,4,10,4.0,1.0,0.0,1,4,3,4
0.8199999999999996,0.4100000000000002,103.57012519705349,26.135464411408496,1.1252688727463014e-05,-0.525305357560329,-0.510878505534236,-0.5017060785096081,-0.4833880624971156,0.0328972339630126,4,324,6.0,87.0,1.0,100,4,100,4
0.8199999999999996,0.4200000000000002,567.5783260925315,136.06416991013222,6.227237346840259e-06,-0.6135448494718307,-0.6425412679029934,-0.5762604564103189,-0.601807226657076,0.0306324958801269,4,1626,8.0,385.0,3.0,100,17,99,4
0.8199999999999996,0.4300000000000002,449.2255488615936,113.0564018532343,1.0694999565163077e-05,-0.5193639269571109,-0.5174819730059748,-0.4901469388185089,-0.4867081855992534,0.0341448783874511,4,1409,3.0,338.0,0.0,100,4,99,4
0.8199999999999996,0.5200000000000002,827.6067906922949,209.86039506459207,7.611978369509317e-06,-0.4156201520247793,-0.432164780705301,-0.3932757388508163,-0.4081372736116786,0.0323069095611572,4,2849,4.0,669.0,0.0,100,4,99,4
0.8199999999999996,0.5900000000000003,365.8679938022577,128.31276891512655,1.2444952877816543e-06,0.877925619439049,0.5375970117116189,0.9926359206700222,0.9832312256689706,0.0080032348632812,82,6250,5412.0,1334.0,1132.0,100,98,96,94
0.8199999999999996,0.6200000000000003,683.1418148016082,213.5805519561953,1.7388155908598293e-06,0.7376348625493074,0.0877631121528661,0.9788949696052128,0.9597821539080176,0.0089955329895019,77,7092,5877.0,1498.0,1232.0,98,93,96,90
0.8199999999999996,0.6400000000000003,882.5746637180546,254.1789250231536,2.2207482742624914e-06,0.5955558809618933,-0.2623752766997946,0.9674558407414904,0.9435125815445063,0.0099999904632568,73,7312,6262.0,1555.0,1315.0,95,90,94,86
0.8199999999999996,0.6700000000000004,659.1697256949285,203.65021259725967,1.4114449768190186e-06,0.8295965389679977,0.417723378421745,0.984687599733977,0.971697385971108,0.0089964866638183,78,7979,6772.0,1722.0,1424.0,100,95,96,91
0.8199999999999996,0.6800000000000004,1449.0577177016687,383.8115523174201,2.4558517070989024e-06,0.3362464860009126,-0.6749008724542649,0.930605022040138,0.9002895899071595,0.0100049972534179,74,8429,6281.0,1785.0,1315.0,97,91,96,87
0.8199999999999996,0.6900000000000004,1415.2995846412568,326.3447782418378,3.636327706486076e-06,0.1656845602947186,-0.3374681542557658,0.9265286257864416,0.908547024418496,0.0130050182342529,65,8375,7127.0,1779.0,1502.0,90,82,84,79
0.8199999999999996,0.7400000000000004,1268.2885581233738,330.5079424159123,2.469362889338808e-06,0.6762109329943928,0.190222293285833,0.959261593790602,0.9407107403794132,0.0121650695800781,70,9795,8197.0,2105.0,1735.0,92,89,89,85
0.8199999999999996,0.7900000000000005,1967.0131870551304,416.53492226152497,5.703911724464751e-06,0.2996930255970703,0.4327773167089664,0.8952930644103372,0.8893465408604538,0.014998435974121,59,10874,8751.0,2343.0,1852.0,82,77,78,74
0.8199999999999996,0.8200000000000005,2206.7340716900835,486.0232829597234,4.896758416907518e-06,0.157099964219766,0.0541751948564388,0.8878279687746713,0.8728185148719494,0.0135121345520019,62,11190,8732.0,2461.0,1848.0,85,80,82,77
0.8199999999999996,0.8300000000000005,1946.440711108475,418.9689725982104,6.1736622258289085e-06,0.4826786927980228,0.5661926475794623,0.9059679510497932,0.8990258358890879,0.015995979309082,57,11639,9720.0,2567.0,2064.0,81,76,76,73
0.8199999999999996,0.8600000000000005,2459.5617026679306,528.0072600510969,5.211842742761394e-06,0.2488576307247898,0.3142263899027797,0.8836685740580842,0.8750926324055053,0.0150039196014404,61,12557,9479.0,2699.0,2010.0,84,80,81,76
0.8199999999999996,0.8700000000000006,2153.4018541495097,455.7892256096212,7.3225388508469346e-06,0.5606933043324571,0.6622346050413481,0.9011205923190558,0.8979995499616497,0.0150079727172851,56,13092,10219.0,2864.0,2173.0,78,75,74,71
0.8199999999999996,0.9100000000000006,2698.63974714086,613.1262661000735,3.420032072722201e-06,0.3668988779581162,-0.0271382804273487,0.8994479874737676,0.8832284032162786,0.0130031108856201,67,13848,10320.0,2958.0,2192.0,90,86,86,82
0.8199999999999996,0.9200000000000006,2275.4323330579577,486.91059778213713,6.604218399687248e-06,0.5825928233808122,0.6565726839447195,0.9097296054099228,0.905047251478934,0.0160019397735595,57,14088,11173.0,3072.0,2385.0,80,77,76,73
0.8199999999999996,0.9500000000000006,2253.4270819434923,477.0873038077469,6.160668138514958e-06,0.6171833818072749,0.7043516283686797,0.913913192019501,0.9120375165407936,0.0145738124847412,56,14300,12134.0,3082.0,2600.0,80,75,77,72
0.8199999999999996,0.9700000000000006,2104.940943352093,516.5440143395333,2.631360076754872e-06,0.744733636777982,0.5224902223878733,0.949409529306726,0.934375825314691,0.01200532913208,68,15313,12727.0,3353.0,2731.0,93,88,88,85
0.8199999999999996,0.9800000000000006,2342.525137538549,498.5313631056726,8.638099773999453e-06,0.7384233396477121,0.7958830927108455,0.90556792175646,0.9051547349679172,0.0190804004669189,50,15813,12376.0,3403.0,2649.0,73,70,70,67
0.8299999999999996,0.21000000000000002,0.2282177322938192,0.0,1.198585095492265e-07,0.6657381615598887,1.0,0.9774561522160602,1.0,0.0325088500976562,4,10,2.0,1.0,0.0,1,4,2,4
0.8299999999999996,0.2900000000000001,20.890089356757983,5.722761571129799,1.3280755877492044e-05,-0.9982034262093084,-0.5975609756097562,-0.9807138777625224,-0.5602667937112911,0.0309352874755859,4,75,5.0,24.0,0.0,100,4,100,4
0.8299999999999996,0.3000000000000001,39.41235001028654,9.00925450115972,1.2559980102574428e-05,-0.606524530788993,-0.6235588276149464,-0.5895621029292626,-0.5840489201144936,0.0315666198730468,4,115,5.0,28.0,0.0,98,4,98,4
0.8299999999999996,0.3200000000000001,26.8015469080922,6.499198668553943,9.39755905665817e-06,-1.1131460674157303,-0.9365237289821906,-1.0878470763056196,-0.8848980388693402,0.0300230979919433,4,73,8.0,21.0,1.0,100,4,92,4
0.8299999999999996,0.36000000000000015,173.74430446300485,41.67933140858508,5.646691922589071e-06,-0.7402203829178216,-0.7820719403831706,-0.695795873823579,-0.7311257590699127,0.0300021171569824,4,501,8.0,119.0,2.0,100,27,99,4
0.8299999999999996,0.4000000000000002,276.38584518145404,70.27816754393453,1.1283386036799392e-05,-0.4215017629422102,-0.4405460692439789,-0.4004013924456742,-0.4156004093706702,0.0313997268676757,4,928,5.0,228.0,1.0,100,4,100,4
0.8299999999999996,0.4200000000000002,589.8071542179415,143.82508908392862,7.207663023819946e-06,-0.5954879697497186,-0.6057829105483885,-0.5603828640066986,-0.5688184442247659,0.0309994220733642,4,1786,11.0,426.0,2.0,100,4,100,7
0.8299999999999996,0.45000000000000023,285.29745077141274,76.95879579359334,4.164608138145058e-06,-0.142286687235309,-0.2468153023374977,-0.123133272995821,-0.2247024074925618,0.0328810214996337,4,1129,124.0,313.0,25.0,100,68,100,63
0.8299999999999996,0.47000000000000025,623.6192080642375,158.47101469984975,5.670102737448383e-06,-0.415544860995519,-0.4354564516084915,-0.3921587033793494,-0.4104646692481781,0.0308473110198974,4,2073,29.0,507.0,6.0,100,50,100,49
0.8299999999999996,0.5200000000000002,507.9808067240336,130.18960531983086,7.039995128783133e-06,-0.4120155051720895,-0.4183866060403804,-0.3905738406136509,-0.395200887805222,0.0332157611846923,4,1756,7.0,429.0,1.0,100,4,100,4
0.8299999999999996,0.5300000000000002,840.2991158906849,212.81535423930296,6.726977212976939e-06,-0.4473726243737697,-0.4546762619413693,-0.4226968518857239,-0.4286925582671157,0.0306165218353271,4,2769,4.0,649.0,0.0,100,4,99,4
0.8299999999999996,0.5500000000000003,0.0,16.97056274847714,4.508525843138558e-07,1.0,-4.12,1.0,0.999855075837091,0.0030009746551513,98,3196,3196.0,764.0,788.0,100,99,100,99
0.8299999999999996,0.6500000000000004,481.5770693089638,183.56771301935945,1.363943305686132e-06,0.8795030974533671,0.5215184732147766,0.9904073085182742,0.9752062520864596,0.0100092887878417,81,7408,6328.0,1645.0,1328.0,100,98,96,94
0.8299999999999996,0.6600000000000004,282.7692301153009,124.20446851864872,9.582449114431896e-07,0.9488817819885478,0.7499835400867261,0.9964384419939096,0.9884307097374712,0.0098702907562255,84,7207,6391.0,1649.0,1355.0,100,99,100,97
0.8299999999999996,0.7300000000000004,1314.0882263633089,329.07521936481334,2.5212723280082043e-06,0.5964574096039406,0.0224726640443194,0.9544828503809384,0.937609424729674,0.0120062828063964,70,9395,7880.0,2047.0,1664.0,93,88,89,85
0.8299999999999996,0.8300000000000005,1954.5225077581824,485.5415876455212,2.682271066957639e-06,0.508042205278799,-0.0541179182841937,0.9314928401410442,0.909201628466017,0.0119998455047607,70,11612,9097.0,2567.0,1928.0,92,89,88,85
0.8299999999999996,0.8700000000000006,1761.531453373595,374.4091399547194,8.799540065097434e-06,0.7453435842890185,0.8086798722906444,0.9224238459529928,0.9214772421316136,0.0179996490478515,51,12974,10770.0,2832.0,2297.0,74,70,70,66
0.8299999999999996,0.8800000000000006,1123.346866207487,384.7999480249445,1.4273173235872305e-06,0.8769288344750591,0.6393873936147015,0.9789261149787531,0.9578815554846498,0.0089998245239257,78,12663,10328.0,2776.0,2200.0,100,97,98,94
0.8299999999999996,0.9000000000000006,2346.015673789642,496.42261901193285,8.50867872757562e-06,0.5989685949043181,0.6951426469376466,0.8806962238768608,0.8791888551587439,0.0197696685791015,52,13822,10472.0,2957.0,2229.0,75,71,72,68
0.8299999999999996,0.9400000000000006,2451.1717988545806,513.5491902761928,8.54766307172041e-06,0.6303450191270168,0.7270759516573815,0.8857685397026867,0.887261502955018,0.0184864997863769,52,14675,11254.0,3208.0,2401.0,76,71,70,68
0.8299999999999996,0.9600000000000006,2342.167413207126,494.4158168990956,7.895416431734797e-06,0.6789417271807565,0.751727049088923,0.904766688588409,0.9040300870742272,0.015507698059082,53,15115,11865.0,3282.0,2538.0,76,73,74,69
0.8399999999999996,0.22000000000000003,0.1767766952966369,0.0,1.0474679411791589e-07,0.8991243432574432,1.0,0.9823643524778084,1.0,0.0309998989105224,4,10,4.0,1.0,0.0,1,4,4,4
0.8399999999999996,0.23000000000000004,0.7359800721939872,0.338501600193165,1.039298247014553e-05,0.6320754716981133,-0.083076923076923,0.8565754633715799,-2.220446049250313e-16,0.0324015617370605,4,10,6.0,2.0,0.0,1,4,29,4
0.8399999999999996,0.26000000000000006,0.2041241452319315,0.1020620726159657,1.0553242097266663e-07,0.7973614775725595,-0.0105263157894739,0.9845177272023532,0.4897959183673467,0.0345740318298339,4,10,3.0,1.0,0.0,1,4,2,4
0.8399999999999996,0.2800000000000001,0.7839536550927825,0.3227486121839514,2.352501609036711e-06,0.6312259912754736,-0.0389610389610388,0.8561361585915973,-0.0373443983402488,0.0300054550170898,4,10,7.0,2.0,0.0,1,4,7,4
0.8399999999999996,0.2900000000000001,43.49437224132183,10.675126853266583,1.0012075254561656e-05,-0.9229280846904078,-0.7866086009798583,-0.8867802993743912,-0.7425626502243508,0.0337636470794677,4,109,6.0,31.0,0.0,97,4,100,4
0.8399999999999996,0.3000000000000001,0.25,0.0,9.999999999999994e-08,0.912568306010929,1.0,0.9797972995723762,1.0,0.0320336818695068,4,10,6.0,0.0,0.0,1,4,1,4
0.8399999999999996,0.34000000000000014,77.37759150210523,19.02903483276718,8.449091134150577e-06,-1.1538153595523846,-0.9824398404140298,-1.0821183748667251,-0.9074804489015612,0.0363209247589111,4,219,4.0,54.0,0.0,100,4,97,4
0.8399999999999996,0.4000000000000002,97.47018774989613,25.17832235607977,1.4594832002545463e-05,-0.3820850300527143,-0.3705699001993761,-0.3678584504473199,-0.3519958928506765,0.0351605415344238,4,322,7.0,92.0,2.0,100,4,99,4
0.8399999999999996,0.4100000000000002,252.628226517413,65.16061885832578,9.732987800749669e-06,-0.4699567760009651,-0.4699417778628758,-0.4459949598628185,-0.4431756172939602,0.0407135486602783,4,859,8.0,233.0,2.0,100,4,100,4
0.8399999999999996,0.45000000000000023,322.75346951401366,85.86757003277391,1.0287482870084917e-05,-0.4293624020050446,-0.4189037516651324,-0.4072623762893355,-0.3955202056778149,0.0384047031402587,4,1128,5.0,287.0,0.0,100,4,98,4
0.8399999999999996,0.46000000000000024,201.383858174714,52.990172044760655,7.867918856095724e-06,-0.4737804926135722,-0.4426917072280916,-0.4510935116568533,-0.4188132284527517,0.0346362590789794,4,704,10.0,197.0,1.0,100,4,100,5
0.8399999999999996,0.5300000000000002,34.30581421404962,37.282703764614496,7.145847274226706e-07,0.9934536932300442,0.8113052601235506,0.9999193718999084,0.998409154351012,0.0045130252838134,91,4343,4272.0,1039.0,954.0,100,99,100,99
0.8399999999999996,0.5600000000000003,221.5969636202497,108.78353341777948,1.2760666507916502e-06,0.9020430799394464,0.4079259196482633,0.9970036131782865,0.987263442041066,0.0086398124694824,86,5394,4866.0,1243.0,1017.0,100,99,100,96
0.8399999999999996,0.6300000000000003,710.7878727159039,223.5304229853288,1.5090974633617353e-06,0.7298334291462267,0.1630868012792921,0.979057192976834,0.9611195716375204,0.0090208053588867,80,7281,5944.0,1613.0,1245.0,99,96,97,93
0.8399999999999996,0.6500000000000004,1652.784352021072,372.7510850803408,4.092777243698454e-06,-0.4466558146634722,-1.1713428556112673,0.881717882850677,0.8585476095617507,0.0131776332855224,65,7646,5933.0,1602.0,1241.0,89,82,82,78
0.8399999999999996,0.6900000000000004,193.88329823203784,114.81172994661011,9.560108017636097e-07,0.9778873128753872,0.8257395210984623,0.9984744479352742,0.991511620988656,0.0069997310638427,85,7348,6863.0,1728.0,1485.0,100,99,100,98
0.8399999999999996,0.7200000000000004,1897.517185363548,463.6631994238922,3.698217121746936e-06,-0.0177180373729883,-1.127074946775339,0.8976690195998048,0.8649395070924506,0.0126094818115234,68,9114,6957.0,1990.0,1462.0,91,86,88,82
0.8399999999999996,0.7400000000000004,1861.633414662574,439.6537407605056,3.880592658124861e-06,0.1488797138126952,-0.4646924102293275,0.9043542708157162,0.879952643534644,0.0140619277954101,66,9616,7492.0,2075.0,1577.0,89,84,84,81
0.8399999999999996,0.7500000000000004,2078.002530111914,481.43859547414894,3.750993329515877e-06,0.0938238940010136,-0.6088770042950284,0.8920336185503119,0.8683189809163372,0.0140237808227539,67,10068,7491.0,2155.0,1576.0,89,85,88,82
0.8399999999999996,0.8100000000000005,2397.754835257349,530.9258945988183,4.368715269668232e-06,0.1093068365316507,-0.1409800707639168,0.877709603360271,0.8611123894895597,0.0128169059753417,64,11432,8416.0,2511.0,1778.0,87,83,84,79
0.8399999999999996,0.8200000000000005,1107.0059469879404,359.4836574866791,1.6790296920579704e-06,0.8535297660916294,0.5554601685544209,0.9773290903163964,0.9560276358718576,0.0102722644805908,76,11710,9646.0,2549.0,2051.0,100,95,95,91
0.8399999999999996,0.8300000000000005,1809.119392903016,375.6667553978008,6.922827751626492e-06,0.6074892444425957,0.7051081650600779,0.9161845835478616,0.9159562400108898,0.0169425010681152,55,11838,9998.0,2539.0,2131.0,79,75,75,71
0.8399999999999996,0.9300000000000006,2246.8085681551697,543.9932696452731,2.8074851675913085e-06,0.6487150414027056,0.35482488197346,0.9387380873046316,0.9226745802146968,0.0136404037475585,69,14570,11483.0,3174.0,2455.0,92,89,91,85
0.8399999999999996,0.9400000000000006,2202.704051218616,457.5079555721023,1.0898788541090873e-05,0.748685503717618,0.8093036401941642,0.9042324147289196,0.9073062850142288,0.021951675415039,49,14861,11709.0,3304.0,2504.0,71,68,68,65
0.8499999999999996,0.2,2.345207879911715,0.568257570707744,1.212152133645468e-05,-0.593561368209256,-0.3244325767690252,-0.0658914728682169,-0.2831125827814575,0.0343563556671142,4,10,3.0,2.0,0.0,1,4,39,4
0.8499999999999996,0.23000000000000004,29.07300437404661,6.545513730793023,1.4256378182715462e-05,-1.3724816628783802,-1.282266035478333,-1.3099894667919263,-1.1904340925915076,0.0340700149536132,4,69,1.0,15.0,0.0,99,4,99,4
0.8499999999999996,0.24000000000000005,11.182203122223576,2.5310570914145734,1.190863008290293e-05,-2.6912669126691267,-1.2697216669229583,-2.683801889774412,-1.2008302318923565,0.0315463542938232,4,26,7.0,9.0,1.0,97,4,94,4
0.8499999999999996,0.2800000000000001,11.347264721802636,2.8540906315906183,1.4688582096938883e-05,-1.4065073625591409,-0.7592800899887515,-1.4021578805198032,-0.7296675587799428,0.0360238552093505,4,31,7.0,12.0,0.0,100,4,100,4
0.8499999999999996,0.3100000000000001,0.338501600193165,0.2282177322938192,2.540776528273642e-06,0.8657854600915099,0.1111111111111111,0.964793240302138,0.2319508448540708,0.0309247970581054,4,10,5.0,1.0,1.0,1,4,4,4
0.8499999999999996,0.3300000000000001,0.9682458365518544,0.2700308624336608,2.8622996423552844e-06,0.3979513622744057,-0.0786516853932588,0.7472194135490394,-0.0752688172043012,0.0324556827545166,4,10,5.0,1.0,0.0,1,4,6,4
0.8499999999999996,0.36000000000000015,187.3440740544876,48.23877244153987,1.0732093115813928e-05,-0.6919524472636212,-0.6584882074588907,-0.6512350373243603,-0.6159254922283091,0.0318927764892578,4,593,3.0,157.0,0.0,100,4,100,4
0.8499999999999996,0.37000000000000016,228.8155871365993,57.818411859891135,9.202984841672632e-06,-0.6985318816610919,-0.6759237726888854,-0.6575673337395804,-0.6323816918112197,0.0315134525299072,4,674,7.0,175.0,0.0,100,4,99,4
0.8499999999999996,0.38000000000000017,15.553335655093411,3.7693942926328807,1.0021317456227383e-05,-1.9048720995684527,-1.5699986261309884,-1.8626688164726424,-1.4381524381524384,0.03202486038208,4,32,6.0,9.0,1.0,96,4,94,4
0.8499999999999996,0.4200000000000002,663.3785369857344,158.75551171534173,8.879452206068141e-06,-0.5349588782574344,-0.5684294050532328,-0.5041135524837843,-0.5339154358045759,0.0310010910034179,4,1977,8.0,464.0,1.0,100,4,99,4
0.8499999999999996,0.45000000000000023,1010.0511383505952,242.04110360294868,7.525332247755934e-06,-0.5814366038596093,-0.6195943306487384,-0.5464835206813643,-0.5809325221975528,0.0325191020965576,4,2864,8.0,648.0,2.0,100,4,97,4
0.8499999999999996,0.46000000000000024,63.006530746158894,16.420896240258426,7.475052847222298e-06,-0.4461047070603297,-0.4166910377640844,-0.4313620179378934,-0.3946717354573981,0.0319969654083251,4,214,7.0,60.0,1.0,100,4,100,4
0.8499999999999996,0.47000000000000025,807.2257403188611,201.6084540638115,8.387571771422058e-06,-0.4658632679776791,-0.4822945782844188,-0.4400501187986996,-0.454477994805317,0.0342211723327636,4,2601,9.0,626.0,1.0,100,4,100,4
0.8499999999999996,0.5200000000000002,185.5722287502452,48.13500978151627,6.520356811031807e-06,-0.4209538982718166,-0.41521478102965,-0.4003938631435055,-0.3929494575963903,0.0394074916839599,4,641,5.0,173.0,1.0,100,4,100,4
0.8499999999999996,0.5400000000000003,443.7847991050016,118.89272125183554,7.334613637727788e-06,-0.3506414072892039,-0.3581186528534195,-0.3336302731607079,-0.3392458456743008,0.036898136138916,4,1655,11.0,429.0,1.0,100,4,100,4
0.8499999999999996,0.5700000000000003,76.06329601062525,75.06080868202794,9.424445575975016e-07,0.975699111581623,0.6804984657752243,0.9996529869499234,0.9947138179701688,0.0045170783996582,92,4586,4417.0,1158.0,1013.0,100,99,100,99
0.8499999999999996,0.6000000000000003,367.6113587895661,137.86305604556364,1.3572675975317734e-06,0.8699397760219056,0.3787733519277143,0.9930161182268727,0.9819378570501972,0.0080265998840332,82,6295,5461.0,1357.0,1142.0,100,97,97,94
0.8499999999999996,0.6300000000000003,532.7744109064048,146.0163732257448,9.343321683824122e-06,-0.334470555911375,-0.3352668844131501,-0.3177846510534801,-0.3177153086117328,0.0352108478546142,4,2021,6.0,550.0,1.0,100,4,99,4
0.8499999999999996,0.6400000000000003,65.5791506501876,61.18108367788201,5.091347623114099e-07,0.9873002332550894,0.8170895586205211,0.999755223963778,0.9967841646351516,0.0040500164031982,92,4942,4770.0,1289.0,1136.0,100,99,100,99
0.8499999999999996,0.6600000000000004,1436.0796287114445,376.93575933660986,3.1731429125322268e-06,0.1304401191124653,-1.0415139060337708,0.9213886662652316,0.884512208507165,0.0146119594573974,70,7785,6149.0,1702.0,1288.0,93,87,88,83
0.8499999999999996,0.6700000000000004,1032.7734504720772,308.57377193674887,1.8392373827590387e-06,0.6626905618374219,0.055676391677222,0.9644948514135214,0.9403075439899644,0.0099990367889404,78,8458,6534.0,1858.0,1371.0,100,95,96,92
0.8499999999999996,0.6800000000000004,1492.4728361570492,376.9662230669126,3.230065978413401e-06,0.2155308218599962,-0.7901985142071721,0.9277661194296478,0.8995693943071535,0.0110082626342773,70,8422,6713.0,1850.0,1410.0,93,87,88,83
0.8499999999999996,0.6900000000000004,1066.704789125303,285.24669773974347,2.2879079137313413e-06,0.6193416156187457,-0.0377721033258404,0.964724634249618,0.9458932280398648,0.0109996795654296,72,8468,7290.0,1849.0,1537.0,93,89,91,86
0.8499999999999996,0.7600000000000005,1825.4939634319023,406.5768523195895,4.597847687051969e-06,0.3017955304395597,0.1709194059746559,0.9086204990767536,0.8940723211698649,0.0130050182342529,62,10150,8209.0,2186.0,1734.0,86,81,82,77
0.8499999999999996,0.8000000000000005,2177.1786728893453,476.18646834153,4.776633248122842e-06,0.2318407924306585,0.1629012509077692,0.8904481193625234,0.8783244981767317,0.0147476196289062,62,11130,8530.0,2399.0,1802.0,84,81,82,78
0.8499999999999996,0.8100000000000005,2267.367878231959,486.5059584620189,6.012332941972738e-06,0.2408850581417104,0.3531109544220374,0.8694568623504535,0.8601142284877354,0.0163958072662353,58,11323,8616.0,2449.0,1820.0,82,77,80,73
0.8499999999999996,0.8600000000000005,2568.2173778712736,558.0118502325913,5.602537148043208e-06,0.2422277330296967,0.294034289453282,0.8702501112035077,0.858760471277974,0.0154328346252441,60,12447,9273.0,2714.0,1965.0,83,79,80,76
0.8499999999999996,0.8800000000000006,1849.6350991479371,385.8520653392056,8.445576910642903e-06,0.7087828606084509,0.7884475257249653,0.9165017098952112,0.9182361617595776,0.017775535583496,51,12765,11070.0,2760.0,2367.0,75,71,72,67
0.8499999999999996,0.8900000000000006,2448.700666587375,519.5073059246529,7.016572523281817e-06,0.5139636827474918,0.6128446321610712,0.8845541026379143,0.8806432457073367,0.0161502361297607,56,13798,10338.0,2975.0,2200.0,80,76,78,72
0.8499999999999996,0.9100000000000006,2267.66255349462,486.36649716568405,8.164499704266933e-06,0.6235184498395783,0.7088727181035068,0.9006105387121575,0.8970043515043382,0.0179657936096191,54,14069,11082.0,3125.0,2365.0,77,74,74,70
0.8499999999999996,0.9200000000000006,3016.795776441746,664.8098082016247,4.89184430064578e-06,0.2307918896427222,0.1213477555653331,0.8683447775699715,0.853611425125443,0.014153242111206,63,14251,10193.0,3090.0,2166.0,86,82,84,79
0.8499999999999996,0.9600000000000006,2500.5046755911217,523.0626840337317,8.904951272921511e-06,0.6902251379882755,0.7637285654147562,0.8914069447930214,0.8932491427821642,0.0190932750701904,51,15700,11774.0,3453.0,2515.0,74,71,70,67
0.8499999999999996,0.9700000000000006,3024.646513437562,703.5163688571859,3.2332862840522232e-06,0.4439475799751966,0.1259274423083716,0.9002910581918774,0.8824398932907042,0.0143165588378906,68,15478,11323.0,3407.0,2416.0,90,87,85,84
0.8599999999999995,0.21000000000000002,14.19543647327079,3.5044614422190468,1.8758099123816332e-05,-1.349702162547889,-0.7836892285871877,-1.3321165419334933,-0.7294744099397106,0.0319671630859375,4,36,3.0,16.0,0.0,99,4,99,4
0.8599999999999995,0.24000000000000005,0.9013878188659972,0.2886751345948128,4.874311564372399e-06,0.113216485078162,-0.0491803278688525,0.7201793721973094,0.1452991452991449,0.0319993495941162,4,10,2.0,2.0,0.0,1,4,10,4
0.8599999999999995,0.3300000000000001,185.8977093278272,45.023142197467,9.901527296046811e-06,-0.6458376242384993,-0.6291068201407333,-0.6094249600380337,-0.5904857242055253,0.0326430797576904,4,550,5.0,138.0,2.0,100,4,100,4
0.8599999999999995,0.34000000000000014,125.074311244689,30.375943058062685,8.972205647949328e-06,-0.7791612423518457,-0.74581325125584,-0.7364127635629611,-0.696444149337033,0.0323653221130371,4,354,9.0,97.0,1.0,100,4,99,4
0.8599999999999995,0.35000000000000014,165.7719002625797,40.63954867695588,8.968155810120565e-06,-0.627174563360301,-0.6570419101324325,-0.5922855165767693,-0.6169763599649167,0.0335667133331298,4,536,5.0,130.0,1.0,100,4,99,8
0.8599999999999995,0.37000000000000016,283.26456273243923,70.26905139058968,8.345038599359205e-06,-0.64305990229018,-0.6364807603627511,-0.6055071203236557,-0.5967456802967004,0.0324792861938476,4,832,5.0,214.0,0.0,100,4,100,4
0.8599999999999995,0.38000000000000017,147.84377311878916,36.87718920055233,1.2642202747453124e-05,-0.5453444679955024,-0.5517456427800875,-0.5184729241565851,-0.5189666935664774,0.033179759979248,4,459,6.0,110.0,0.0,100,4,99,4
0.8599999999999995,0.4000000000000002,32.53555747178769,8.436651191873072,9.892246558788176e-06,-0.604110696113501,-0.5480436116486522,-0.5881177003033022,-0.5148223359256532,0.0324659347534179,4,112,5.0,35.0,1.0,99,4,99,4
0.8599999999999995,0.4400000000000002,277.5718000205833,72.00868003234055,9.858334908700374e-06,-0.4087577283315484,-0.4236416514723915,-0.3879872828955244,-0.4002120244554974,0.0316576957702636,4,959,5.0,232.0,1.0,100,4,100,4
0.8599999999999995,0.45000000000000023,346.900832371443,88.47651524557237,7.594026404903376e-06,-0.4661230757187948,-0.4620834728074474,-0.4415269075064136,-0.4358089389407915,0.0309975147247314,4,1187,7.0,300.0,0.0,100,4,100,4
0.8599999999999995,0.48000000000000026,180.55605662323637,47.27699845943409,8.61160077464526e-06,-0.4449118323540859,-0.435566403919684,-0.4231030757640177,-0.4114378358168065,0.0337100028991699,4,636,5.0,164.0,1.0,100,4,100,4
0.8599999999999995,0.49000000000000027,55.77858011817799,13.656500283747665,2.7817311306699853e-07,0.8052699932716831,0.6380397865114023,0.9998573948888042,0.9998522527326889,0.0049989223480224,96,3455,3522.0,795.0,807.0,100,99,99,99
0.8599999999999995,0.5000000000000002,613.3350090556818,157.7569002716944,7.385644625060058e-06,-0.410395753545586,-0.4376496000319321,-0.3887521140402643,-0.4131925949447397,0.0375123023986816,4,2073,7.0,522.0,1.0,100,4,100,4
0.8599999999999995,0.5200000000000002,737.7141994024515,207.09398832414232,2.6972391244431594e-06,0.0041904996117196,-2.6753426212748783,0.962740914492023,0.9374282359045972,0.0089991092681884,75,5370,4539.0,1184.0,947.0,92,88,90,85
0.8599999999999995,0.5400000000000003,251.99140196972328,90.26996547394192,1.0293563963010563e-06,0.8644944165893849,0.4234116657363219,0.9962447674186404,0.991619038933877,0.0061159133911132,88,5246,4727.0,1162.0,999.0,100,99,100,98
0.8599999999999995,0.5500000000000003,55.38050198400156,37.44519805185782,7.291732530222632e-07,0.9756787733076469,0.7897913976783889,0.9998185537089735,0.9986729833901165,0.004000186920166,93,4173,4206.0,1025.0,973.0,100,99,100,99
0.8599999999999995,0.5600000000000003,319.06895806392697,117.57707438549672,1.4809834453059018e-06,0.8821025462235679,0.3933444844105753,0.9945097871680484,0.9857207129121592,0.0079998970031738,81,5950,5366.0,1269.0,1125.0,100,96,97,92
0.8599999999999995,0.5800000000000003,340.82339742936387,140.8280135902112,1.361915750285817e-06,0.8445587868247173,0.1784933447882151,0.9931652660201924,0.9791262374096578,0.0081057548522949,83,5794,5046.0,1280.0,1053.0,100,98,98,95
0.8599999999999995,0.5900000000000003,767.8648081767803,230.55377996152103,1.928460931466234e-06,0.515470720989367,-0.5607807446065278,0.9690694693952644,0.945004778331565,0.0080161094665527,78,6465,5097.0,1374.0,1063.0,100,93,96,90
0.8599999999999995,0.6200000000000003,234.2593190706158,107.26103006883989,8.935492251812333e-07,0.9399651787212876,0.6908127496758969,0.9971669027241316,0.9900175720826936,0.0069985389709472,86,6153,5648.0,1435.0,1214.0,100,99,100,99
0.8599999999999995,0.6300000000000003,967.06321368319,265.53126341704444,2.3266804340284066e-06,0.4978113605069102,-0.577676983486348,0.9628846276074012,0.9400473226898738,0.0110135078430175,73,7432,6265.0,1564.0,1316.0,94,89,90,86
0.8599999999999995,0.7000000000000004,1744.1684916523195,409.93761535732295,3.558844511354908e-06,0.1643512954927151,-0.5181079503378774,0.9060858540655176,0.882941139000614,0.0120022296905517,67,8948,7005.0,1945.0,1472.0,89,85,88,81
0.8599999999999995,0.7400000000000004,1772.4782009866788,389.4586332680623,4.918618460787524e-06,0.2725434760830162,0.1872357653994308,0.9135160021329954,0.9021547366060778,0.0167582035064697,63,10134,8145.0,2152.0,1722.0,86,81,84,78
0.8599999999999995,0.7500000000000004,1532.494942895408,401.6966694979114,2.4589691242685305e-06,0.5929209941035261,0.0422712559379675,0.9457005127823906,0.9224883258781068,0.0112478733062744,72,10221,8044.0,2187.0,1700.0,95,91,92,87
0.8599999999999995,0.7600000000000005,1797.8814546571195,391.7813165529975,5.998122452578735e-06,0.3675524611147067,0.4528946494117122,0.9083706695394054,0.8987991035431087,0.0139398574829101,60,10579,8511.0,2301.0,1801.0,83,78,79,75
0.8599999999999995,0.7700000000000005,1577.0299234035938,414.84995210150464,2.590011197795797e-06,0.6221736344260548,0.0613526982533019,0.9469206087792644,0.9227534444592737,0.0109992027282714,71,10705,8576.0,2291.0,1817.0,94,90,93,86
0.8599999999999995,0.7800000000000005,1717.870720966362,357.2322545920654,7.0299939061720935e-06,0.5202966069071233,0.6490659946880031,0.9138040120170066,0.9126495166118638,0.0150003433227539,57,10824,8983.0,2329.0,1906.0,79,75,75,72
0.8599999999999995,0.7900000000000005,1804.0959222763609,436.79104770455024,2.9610290978391806e-06,0.5772600529649303,0.1804141145447427,0.9376765755592962,0.9204564827470488,0.0138273239135742,69,11298,9027.0,2452.0,1914.0,93,88,88,85
0.8599999999999995,0.8000000000000005,2337.8669195087505,494.3770041397781,7.904088353190875e-06,0.2688910631826211,0.452550416363467,0.8457058130504758,0.8402850224460663,0.0160052776336669,55,11288,8328.0,2445.0,1759.0,78,74,76,70
0.8599999999999995,0.8200000000000005,2019.9223544933152,422.4439446407492,6.344270945993374e-06,0.4720222829763481,0.5933510483622664,0.8959069917041212,0.8943034444273957,0.0150001049041748,56,11666,9315.0,2585.0,1977.0,80,76,77,72
0.8599999999999995,0.8300000000000005,2069.4713696980684,438.57498883695285,8.945794784982305e-06,0.5820210820719716,0.689325680876995,0.883410589207741,0.8818114351654848,0.0170178413391113,52,12130,9408.0,2653.0,1995.0,75,71,72,68
0.8599999999999995,0.8600000000000005,2527.569187974881,554.0196889908099,5.121766943919091e-06,0.2833876777082147,0.2628138922444374,0.883035477348082,0.869982096618475,0.0148816108703613,62,12761,9452.0,2771.0,2002.0,85,81,81,77
0.8599999999999995,0.8700000000000006,1831.5892422085017,391.5225297532031,7.656023558252845e-06,0.7043491207424128,0.7692417779570533,0.9250798731254828,0.9221438255313104,0.0151169300079345,54,12928,10871.0,2792.0,2322.0,77,74,74,70
0.8599999999999995,0.9600000000000006,2283.2156168858623,480.262649771932,8.928784136473001e-06,0.7129339013439884,0.7860718311161958,0.9128530573867314,0.9133623849666336,0.0160069465637207,53,15346,12264.0,3384.0,2630.0,76,72,72,69
0.8599999999999995,0.9700000000000006,2459.1219571220945,513.7031049156701,9.455090553678153e-06,0.7085709350081234,0.7808791680104563,0.8932277262725498,0.8961147780918045,0.0160505771636962,50,15619,12054.0,3445.0,2581.0,73,69,70,66
0.8699999999999996,0.22000000000000003,5.838093296045665,1.5645819462932156,1.818649286237476e-05,-1.769971516503673,-0.6785714285714286,-1.6967551573793995,-0.5987482141642291,0.0300464630126953,4,12,6.0,5.0,1.0,68,4,85,4
0.8699999999999996,0.25000000000000006,15.75595125658873,3.741657386773941,1.981427174639635e-05,-1.074339492628792,-0.8567810269399034,-1.065300661048734,-0.7952553964522338,0.0317842960357666,4,34,5.0,10.0,0.0,90,4,100,4
0.8699999999999996,0.2800000000000001,88.88944444270834,20.065777250499583,1.1315835897580236e-05,-1.0356747098698933,-1.020491939405192,-0.9764362774215852,-0.9412507112763092,0.0342071056365966,4,203,8.0,53.0,0.0,100,4,98,4
0.8699999999999996,0.2900000000000001,153.62677989204877,35.31745909131441,1.1536193385917703e-05,-0.8329306760517348,-0.852464553590536,-0.7815660221626484,-0.7913799293878283,0.0315179824829101,4,413,6.0,94.0,1.0,100,4,100,4
0.8699999999999996,0.3300000000000001,0.4448782605013046,0.2041241452319315,1.742155417317818e-06,0.7191685912240184,-0.0434782608695645,0.9364633493846976,0.4764397905759162,0.0309972763061523,4,10,3.0,2.0,0.0,1,4,3,4
0.8699999999999996,0.34000000000000014,29.269224451631786,7.611668673819165,1.0453162715288115e-05,-1.2520640223448387,-0.9711827051930936,-1.2052701564539992,-0.8974451695658252,0.0325760841369628,4,80,6.0,23.0,1.0,100,4,99,4
0.8699999999999996,0.45000000000000023,592.1134287448647,151.48342868666086,7.688043567510912e-06,-0.4223685800987515,-0.433641223463644,-0.39997907009237,-0.4094844574569911,0.0376813411712646,4,1943,8.0,490.0,1.0,100,4,100,5
0.8699999999999996,0.49000000000000027,216.4518325940747,57.28283265225862,7.689573345203656e-06,-0.4096404781088765,-0.4025080962433096,-0.3894162277639825,-0.3806352718351271,0.0349452495574951,4,813,6.0,220.0,1.0,100,4,100,4
0.8699999999999996,0.5200000000000002,33.04920573932148,15.049916943292413,3.0499809216055097e-07,0.9713628378909834,0.923394000887818,0.9999467596662884,0.9998216708914296,0.0039987564086914,96,3567,3633.0,846.0,874.0,100,99,100,99
0.8699999999999996,0.5300000000000002,32.1936107236913,27.6457178290909,4.99875690103179e-07,0.9913762332826962,0.8626474385306027,0.99993608076274,0.9992163384773506,0.0050492286682128,93,4082,4029.0,955.0,921.0,100,99,100,99
0.8699999999999996,0.5400000000000003,2.6060826285186485,0.4208127057650866,2.798230291992458e-06,-17.116353111432705,-2.586813186813185,-2.845246520405757,-1.6113671274961603,0.0349225997924804,4,10,5.0,1.0,1.0,1,20,3,4
0.8699999999999996,0.5500000000000003,406.71962965027535,149.3710624107437,1.7696777478726356e-06,0.7576817896836546,-0.3102188770175669,0.9902238266265858,0.9737693930682308,0.0080084800720214,79,5751,5098.0,1221.0,1067.0,100,93,97,90
0.8699999999999996,0.6000000000000003,415.151652696749,148.50518332261743,1.4412324706933478e-06,0.8779541133693316,0.517576888244049,0.9915359624942304,0.9800927064013728,0.0101206302642822,81,6774,5783.0,1464.0,1212.0,100,97,97,93
0.8699999999999996,0.6100000000000003,1292.867148737918,334.3531601679364,3.103278879269979e-06,-0.0936328373023303,-1.822587993568702,0.924636759530766,0.891176803905614,0.0110056400299072,72,6942,5437.0,1515.0,1136.0,92,87,90,84
0.8699999999999996,0.6200000000000003,376.9693927587796,141.96126232180384,1.0454001144895986e-06,0.8486875182124186,0.4596504048349834,0.992336119173182,0.9822008913095824,0.0060029029846191,87,5991,5264.0,1376.0,1147.0,100,99,99,99
0.8699999999999996,0.6400000000000003,480.4739436497216,173.74966868578787,1.2838291054688631e-06,0.8945440040634203,0.6213814011036217,0.990573420626874,0.9781377787370846,0.0089964866638183,81,7520,6467.0,1664.0,1358.0,100,98,97,94
0.8699999999999996,0.6600000000000004,1341.1651352462156,371.9722570300102,2.390935214103306e-06,0.3352160366007563,-0.6727557559680097,0.9353442055987032,0.9005620443745977,0.0100026130676269,75,7987,5939.0,1692.0,1242.0,98,92,98,88
0.8699999999999996,0.6800000000000004,1402.5937357267785,348.8599289113039,3.467934896414074e-06,0.2523468864928417,-0.5526029419393574,0.9340561196740972,0.9086254158118832,0.0119986534118652,68,8442,7026.0,1807.0,1478.0,91,85,87,81
0.8699999999999996,0.6900000000000004,1204.4317297658124,355.1980081588296,2.0650632387318684e-06,0.6076621862220848,-0.0591749514016111,0.9538220280168463,0.9234254642021836,0.0099990367889404,76,8733,6633.0,1911.0,1392.0,98,94,97,90
0.8699999999999996,0.7000000000000004,2195.057377813139,480.1075048530446,5.098221503434675e-06,-0.4573266576299652,-0.5794595812905967,0.8385733344469336,0.8187776961018233,0.0171074867248535,63,9211,6424.0,1936.0,1346.0,86,81,83,77
0.8699999999999996,0.7700000000000005,1567.599048793338,358.66000613394294,3.998093792554799e-06,0.5466933940630145,0.3525906816728479,0.9408952736737376,0.9281263941585152,0.0142710208892822,64,10711,9261.0,2307.0,1968.0,87,83,85,79
0.8699999999999996,0.7800000000000005,1791.4623874684853,401.5548708280281,4.168985360522624e-06,0.4391773345469713,0.2579625042364607,0.9289178065288002,0.9173792876180928,0.0129990577697753,65,11088,9063.0,2387.0,1924.0,88,83,85,80
0.8699999999999996,0.8000000000000005,2167.349947312996,502.8640033670664,3.905603512758083e-06,0.3068387533637787,-0.0329212569539039,0.9052497571674826,0.8863004629512002,0.0120298862457275,66,11432,8687.0,2530.0,1837.0,89,85,84,81
0.8699999999999996,0.8100000000000005,1441.704073783395,449.29424454561865,1.7010384908032631e-06,0.7478236346553642,0.3720169478809904,0.959336673951102,0.9316247839854048,0.0079996585845947,78,11707,8794.0,2574.0,1859.0,100,97,98,93
0.8699999999999996,0.8500000000000005,2041.7257629047765,432.61335876486544,6.744260721509605e-06,0.5716880095041622,0.6706112180707515,0.9079871328653106,0.9050417611177568,0.0165197849273681,56,12559,10162.0,2741.0,2164.0,80,76,77,72
0.8799999999999996,0.2,2.408751405465772,0.2886751345948128,6.862859249985055e-06,-4.947280613947281,-0.0491803278688525,-0.9104129510220876,0.3437243642329782,0.0303006172180175,4,10,4.0,2.0,0.0,1,4,4,4
0.8799999999999996,0.23000000000000004,41.89520656749807,10.343576911945563,1.7356524050639144e-05,-0.9541527921335202,-0.8132260372091482,-0.920557096053842,-0.759805634941848,0.0342488288879394,4,109,8.0,38.0,0.0,100,4,97,4
0.8799999999999996,0.25000000000000006,88.80907658192001,21.183228428798728,1.2284989110542804e-05,-1.0403285541294105,-0.9620745149242402,-0.979602866811804,-0.8939347309590928,0.0317952632904052,4,245,7.0,62.0,0.0,100,4,96,4
0.8799999999999996,0.2800000000000001,16.055567570160825,3.8051500189436247,1.263906442373747e-05,-2.29031855972943,-1.6679996001199644,-2.218309785888179,-1.5009446013782184,0.033555269241333,4,30,2.0,9.0,1.0,80,4,75,4
0.8799999999999996,0.2900000000000001,20.786363719195013,4.808846015417836,1.7186035187268824e-05,-1.3193573339049234,-0.9946838381191272,-1.2969060793060825,-0.9369023522021356,0.0340628623962402,4,48,6.0,12.0,0.0,100,4,90,4
0.8799999999999996,0.3000000000000001,60.08578936265491,14.886725070791538,1.121850973571836e-05,-0.7392425072449831,-0.6312069765565911,-0.7045121185756458,-0.5910360542604993,0.0349988937377929,4,198,5.0,51.0,0.0,100,4,100,4
0.8799999999999996,0.36000000000000015,57.84497961505965,15.283092509916528,9.451983890237808e-06,-0.8126623113250249,-0.735158389241187,-0.778485387319148,-0.6901958389960885,0.0333271026611328,4,171,8.0,47.0,0.0,100,4,98,4
0.8799999999999996,0.38000000000000017,0.9013878188659972,0.3227486121839514,4.580012869171516e-06,0.3704918032786884,0.0153846153846153,0.7759328947746401,0.0909090909090906,0.0319976806640625,4,10,6.0,2.0,1.0,1,4,24,4
0.8799999999999996,0.4200000000000002,705.9542153473317,172.39190453730708,7.342513802848387e-06,-0.5432742690627521,-0.5609385614298961,-0.5118616265153342,-0.52699907166847,0.0322563648223876,4,2205,8.0,536.0,2.0,100,4,100,4
0.8799999999999996,0.4300000000000002,270.3331470920033,68.37564746798868,9.154209992409472e-06,-0.4762105020182956,-0.4798754795943896,-0.4518636477456388,-0.4526958356799309,0.0329179763793945,4,883,11.0,242.0,1.0,100,4,100,4
0.8799999999999996,0.46000000000000024,376.92867915119785,99.14026259127353,9.226604413659126e-06,-0.4110872641152092,-0.4183671441790881,-0.390044891064121,-0.395233018422924,0.0320043563842773,4,1287,6.0,339.0,1.0,100,4,100,4
0.8799999999999996,0.47000000000000025,958.522897918111,235.6084322203544,5.963891117712128e-06,-0.4722588420583484,-0.5009414571293149,-0.444931873907715,-0.4714120487180047,0.0313732624053955,4,2983,29.0,704.0,5.0,100,48,100,33
0.8799999999999996,0.49000000000000027,0.5103103630798288,0.25,2.570718088011361e-06,0.8307833321582176,-0.0666666666666666,0.946049763697965,0.1847826086956523,0.0322885513305664,4,10,7.0,1.0,0.0,1,4,3,4
0.8799999999999996,0.5000000000000002,30.91462899202068,29.79693176917957,5.150562515857795e-07,0.9899432198876424,0.7311020458619197,0.9999414334952584,0.9990852379529154,0.0039985179901123,93,4032,4089.0,952.0,932.0,100,99,100,99
0.8799999999999996,0.5200000000000002,330.7773514767902,88.37956730300657,5.664455628592835e-06,-0.3657832147301509,-0.3722007903502764,-0.3479685093007851,-0.3528116787083313,0.0329940319061279,4,1256,22.0,320.0,4.0,100,36,99,25
0.8799999999999996,0.5700000000000003,667.7818648687752,209.5553114846497,1.969606691565018e-06,0.5660562375260878,-0.5146567025543856,0.9755420376035128,0.953044760455754,0.0089991092681884,79,6125,4994.0,1348.0,1042.0,100,94,97,90
0.8799999999999996,0.6200000000000003,1127.511057677567,296.720282296182,2.551089427737773e-06,0.3938785972695411,-0.7189392262695715,0.9496362582270184,0.9259398940668494,0.0115151405334472,73,7462,6056.0,1598.0,1270.0,95,89,95,86
0.8799999999999996,0.6300000000000003,1307.336961549884,336.0664958831398,3.093840562684161e-06,0.0429337105732766,-1.3613641603632316,0.9304588180266729,0.9006076034532128,0.0100064277648925,71,7350,5893.0,1616.0,1234.0,91,87,89,83
0.8799999999999996,0.6500000000000004,1232.0047522949817,310.0304875747004,3.132454871466362e-06,0.3533314019225142,-0.3998156619175315,0.9449044871543024,0.9230843562064956,0.0119998455047607,69,7935,6655.0,1744.0,1399.0,91,86,86,83
0.8799999999999996,0.6800000000000004,1434.853435843864,340.8920822851506,3.837773837631138e-06,0.2800631682080792,-0.171557684546403,0.9305421609408174,0.9099578973227048,0.0134518146514892,66,8693,7163.0,1878.0,1510.0,88,84,86,80
0.8799999999999996,0.7100000000000004,1369.4033502640066,365.6817507849453,2.548880137406051e-06,0.5812627276824112,-0.0804523942201562,0.9490089160784272,0.9243487942804204,0.0119965076446533,72,9327,7475.0,2033.0,1575.0,94,90,92,86
0.8799999999999996,0.7200000000000004,1904.0093980542188,425.69661269571554,3.6712206796230137e-06,0.2022462689728963,-0.2540779366974039,0.9031394560566678,0.8887108772548381,0.0119996070861816,67,9689,7333.0,2092.0,1543.0,87,85,87,82
0.8799999999999996,0.7600000000000005,1250.147844590124,335.72022081886377,2.606788167063862e-06,0.7293749340572951,0.3272739219870275,0.9654252274626776,0.9464414805388054,0.0141797065734863,70,10458,9036.0,2278.0,1921.0,92,88,90,85
0.8799999999999996,0.8900000000000006,2061.105191940697,414.9791487262354,1.0562920715291489e-05,0.7318436016153045,0.8103355545411837,0.9101782497461356,0.9166260760945958,0.0175099372863769,51,14097,11238.0,3063.0,2404.0,75,70,71,67
0.8799999999999996,0.9700000000000006,2370.563599184333,512.8932745816727,8.626310156125479e-06,0.7022085436742178,0.7665227652277109,0.9157000710369504,0.9119658743073912,0.016197919845581,55,16010,12410.0,3496.0,2659.0,77,75,74,71
0.8799999999999996,0.9800000000000006,1956.9912876658395,406.45600007872935,1.0038532934535887e-05,0.829250678837483,0.8714766421867923,0.9357740280581588,0.9382590223417088,0.0200045108795166,50,16077,13822.0,3572.0,2983.0,73,69,68,66
0.8899999999999996,0.21000000000000002,9.312849546012576,2.240721609958125,1.8130141856418675e-05,-3.2820269683868792,-1.388109000825764,-3.2597168715689744,-1.287069988137604,0.0369000434875488,4,20,4.0,6.0,0.0,91,4,91,4
0.8899999999999996,0.22000000000000003,24.52188648262337,5.5537149728807655,2.0259164209322687e-05,-1.796670111749887,-1.464611783066719,-1.699471020212715,-1.3415259062440694,0.0319831371307373,4,52,2.0,15.0,0.0,99,4,98,4
0.8899999999999996,0.24000000000000005,0.2041241452319315,0.0,1.0538811719250708e-07,0.9327613377692172,1.0,0.9847885609978704,1.0,0.0333921909332275,4,10,5.0,1.0,0.0,1,4,4,4
0.8899999999999996,0.26000000000000006,0.478713553878169,0.2282177322938192,1.982728884405044e-06,0.8150612959719791,-0.0549450549450545,0.9393254088640062,0.1134751773049645,0.0364813804626464,4,10,5.0,1.0,0.0,1,4,4,4
0.8899999999999996,0.2700000000000001,1.3424169744655845,0.1443375672974064,3.2143048701238205e-06,0.1883887992962908,0.6571428571428573,0.5967365967365967,0.7037037037037037,0.0321695804595947,4,10,7.0,2.0,2.0,1,4,5,4
0.8899999999999996,0.2800000000000001,16.059135510149147,3.9303837810914426,1.4342366440375598e-05,-1.6423095394795355,-1.0029544591229476,-1.613535958551629,-0.9256989261274366,0.0317840576171875,4,40,5.0,13.0,0.0,100,4,97,4
0.8899999999999996,0.2900000000000001,31.09478118055611,8.049974120041215,1.4659632879655652e-05,-0.6540574434400352,-0.63238441459048,-0.640099125802305,-0.5921113582212165,0.0318686962127685,4,90,7.0,25.0,0.0,99,4,99,4
0.8899999999999996,0.3200000000000001,220.58308147574087,55.24010092315184,8.728665769526418e-06,-0.628709609525018,-0.5929897957426524,-0.5939115584168375,-0.5571237183566475,0.0325136184692382,4,684,10.0,177.0,1.0,100,4,98,4
0.8899999999999996,0.3300000000000001,107.78624680356953,25.79021939935112,9.864742741486508e-06,-0.6280845544207947,-0.6165116096926015,-0.5982217104521501,-0.5809987976555275,0.0368673801422119,4,318,7.0,84.0,0.0,100,4,98,4
0.8899999999999996,0.36000000000000015,87.02711502744418,22.114757516192665,1.2193835160919632e-05,-0.4739163938349044,-0.462633909274641,-0.4540558221508886,-0.4370652648010837,0.0347659587860107,4,290,3.0,73.0,0.0,100,4,100,4
0.8899999999999996,0.38000000000000017,0.6291528696058958,0.2700308624336608,1.9395777204846715e-06,0.8841463414634146,0.3107692307692308,0.9325810801220638,0.3130520117762515,0.0376803874969482,4,10,8.0,2.0,2.0,1,4,5,4
0.8899999999999996,0.4100000000000002,1.4142135623730951,13.435028842544405,5.991190453020234e-07,0.9969242599000384,0.82373046875,0.9999999471808836,0.999914051671716,0.003819465637207,98,3106,3104.0,743.0,743.0,100,99,99,98
0.8899999999999996,0.45000000000000023,667.3644915511562,167.79240646306576,8.487127718067342e-06,-0.445886454052453,-0.4500609252596423,-0.4216135353617096,-0.4244179311771618,0.0381069183349609,4,2143,5.0,524.0,0.0,100,4,100,4
0.8899999999999996,0.46000000000000024,854.9268304461305,209.08478643044947,7.288381147940241e-06,-0.4767388925059064,-0.5065159314076919,-0.4500112950058395,-0.4769577738446784,0.0370604991912841,4,2652,9.0,636.0,1.0,100,4,100,5
0.8899999999999996,0.5000000000000002,251.0698773914014,113.6427149740214,1.491201068758638e-06,0.7862509913965114,-0.0182196464697621,0.995675075993054,0.9845138005683528,0.0065383911132812,88,4767,4194.0,1088.0,875.0,100,99,100,96
0.8899999999999996,0.5200000000000002,828.5013012965037,212.03051077616163,8.910107560573752e-06,-0.4130173064358735,-0.4303440082142664,-0.3907772272353558,-0.4062407565961352,0.0368831157684326,4,2805,6.0,733.0,3.0,100,4,100,4
0.8899999999999996,0.5300000000000002,278.9075627720205,134.36357924888512,1.681164172868492e-06,0.8148584618265691,0.0532552927804997,0.9947724120571126,0.9788451892202618,0.0079991817474365,86,5070,4445.0,1205.0,926.0,100,99,99,96
0.8899999999999996,0.5600000000000003,97.42469619440148,56.68081055978545,8.201548747885175e-07,0.9545100207904113,0.7700168590704428,0.9994720054407962,0.9971195397694426,0.0054230690002441,93,4533,4337.0,1091.0,1005.0,100,99,100,99
0.8899999999999996,0.6700000000000004,1493.017779836895,358.5196837502282,3.583656501898662e-06,0.1339841653394327,-0.5346848101769608,0.9209567626120744,0.8967253116331799,0.0155715942382812,67,8310,6628.0,1792.0,1392.0,88,84,86,81
0.8899999999999996,0.6900000000000004,1165.6296386697854,300.51743256045444,3.426954801240255e-06,0.590691153971848,0.1117188172318436,0.9571695515103156,0.9367569079284735,0.0149428844451904,67,8764,7778.0,1908.0,1646.0,89,85,86,82
0.8899999999999996,0.7000000000000004,1239.493619722721,311.24106412875534,2.801050882697977e-06,0.5560424932557564,-0.0271409803625628,0.9561888665341592,0.9394600963259356,0.0140602588653564,70,9035,7673.0,1947.0,1623.0,92,88,88,84
0.8899999999999996,0.7200000000000004,1133.2314795340344,310.94516647107434,2.531590842349645e-06,0.7126432362112363,0.2088063852458049,0.9668080989390754,0.946870719605225,0.013364553451538,71,9521,8220.0,2057.0,1740.0,95,89,90,86
0.8899999999999996,0.8000000000000005,1866.0494930537925,410.0360382107638,5.204053515970122e-06,0.4669220686736863,0.4721947133870378,0.9237141534873802,0.9146990711770722,0.0170052051544189,62,11537,9534.0,2539.0,2027.0,86,81,80,77
0.8899999999999996,0.8100000000000005,1848.7819208627852,390.5977935980135,6.870206926560856e-06,0.5792521553939978,0.6824753269052029,0.9125573840543856,0.9100058025047066,0.0173501968383789,56,11709,9514.0,2530.0,2022.0,80,75,73,72
0.8899999999999996,0.8300000000000005,1646.9191826309047,395.1233240096952,3.40088328473261e-06,0.6829553298664149,0.4551370448773422,0.9508580445201236,0.9368583544781368,0.0136740207672119,66,12140,10458.0,2632.0,2234.0,90,85,87,82
0.8899999999999996,0.8600000000000005,1881.6414376814728,395.82632073988736,6.5036140230481255e-06,0.6518738723814541,0.7427255876567909,0.930399659104476,0.9293876539209188,0.0150041580200195,58,13239,10920.0,2870.0,2333.0,81,77,75,73
0.8899999999999996,0.9100000000000006,2051.457341745131,441.3207167129139,5.84596784978248e-06,0.67197721387771,0.7304610381626473,0.9354502995423786,0.9318729125416296,0.0149998664855957,60,14569,11913.0,3286.0,2553.0,83,79,79,76
0.8899999999999996,0.9400000000000006,1911.847166016912,411.0433738334846,1.456950201652825e-05,0.8417675019255141,0.8675938432082299,0.9176719160406036,0.9174819470923417,0.0213606357574462,42,15025,12276.0,3261.0,2634.0,65,62,64,58
0.8899999999999996,0.9500000000000006,2542.800324319962,534.3656211071934,8.763854223820875e-06,0.655074049681549,0.7400796756321151,0.8916339735979768,0.89218663580417,0.0160305500030517,53,15429,11746.0,3369.0,2513.0,76,72,73,69
0.8899999999999996,0.9800000000000006,2335.482458187173,500.6015756067893,9.74054250620785e-06,0.7430126918761266,0.8006398309456914,0.9132146171570816,0.9117142130784358,0.0160236358642578,52,16105,12664.0,3493.0,2717.0,75,72,72,68
0.8899999999999996,0.9900000000000007,1947.4200938008037,413.3249327103314,8.430721392937666e-06,0.8209710954866818,0.8678672102053907,0.9451957532451348,0.9455227083837956,0.0170004367828369,54,16370,14056.0,3675.0,3037.0,78,73,73,70
0.8999999999999996,0.25000000000000006,39.0669830760793,9.303897032964198,1.7438198999542852e-05,-0.8324981447975117,-0.7741404616821597,-0.79960754951322,-0.7247140523723636,0.031998872756958,4,90,4.0,23.0,0.0,99,4,88,4
0.8999999999999996,0.26000000000000006,73.3554417431545,18.18596070232933,1.4728962987441676e-05,-0.5372837312213052,-0.5197030396553743,-0.5167687304251869,-0.4914709003457866,0.0316414833068847,4,216,8.0,55.0,1.0,100,4,99,4
0.8999999999999996,0.3000000000000001,54.55482716191728,13.699528580696978,1.3640234644625353e-05,-0.7130305074990329,-0.7230430832496533,-0.6867096186747428,-0.6771061099832352,0.0327281951904296,4,184,9.0,42.0,1.0,100,4,99,4
0.8999999999999996,0.3200000000000001,109.0909883995924,25.793652319902275,1.0057004835713268e-05,-0.7304996676842619,-0.7060590706592464,-0.6915030325563412,-0.6605292686807593,0.0308818817138671,4,298,5.0,76.0,1.0,100,4,100,4
0.8999999999999996,0.34000000000000014,0.6692657668420421,0.25,1.7043878139209962e-06,0.6790046656298598,-0.0666666666666666,0.9055858071315652,0.2673992673992676,0.0332381725311279,4,11,5.0,1.0,0.0,2,4,2,4
0.8999999999999996,0.35000000000000014,25.456662520186477,7.131210743391803,1.3518097748321586e-05,-0.486423249753916,-0.4189797994477546,-0.4781512227678814,-0.3955908248907995,0.030618667602539,4,80,4.0,25.0,0.0,100,4,98,4
0.8999999999999996,0.36000000000000015,107.06861117993452,24.59230062438242,8.35942030797187e-06,-0.7359047886869898,-0.6876517547458603,-0.6957825984131563,-0.6438293332608518,0.0326495170593261,4,288,4.0,76.0,0.0,100,4,98,4
0.8999999999999996,0.38000000000000017,106.71354764040038,26.538494054235,9.57250652425962e-06,-0.4511156737271038,-0.4580821858724835,-0.4321121149985401,-0.4318460589714226,0.032515525817871,4,351,6.0,84.0,0.0,100,4,100,4
0.8999999999999996,0.4400000000000002,0.0,0.0,9.999999999999994e-08,1.0,1.0,1.0,1.0,0.0320053100585937,4,10,1.0,0.0,0.0,1,4,1,4
0.8999999999999996,0.48000000000000026,43.29838334164453,25.14458192136032,3.693502389576854e-07,0.926475166127004,0.1758859470468431,0.9999114292157932,0.9994961879807628,0.0029990673065185,96,3525,3496.0,827.0,801.0,100,99,99,99
0.8999999999999996,0.5600000000000003,1039.21631797983,289.7703432924975,3.1637052219740863e-06,-0.2979822502764961,-2.954364283128388,0.9372274706103412,0.8959315164952711,0.010514497756958,73,5964,4841.0,1295.0,1009.0,93,87,89,84
0.8999999999999996,0.6100000000000003,1410.5714736775806,319.48280815386977,4.372048826440084e-06,-0.2900969145744629,-0.7280007064775971,0.90932114490865,0.890190461523068,0.0129971504211425,66,7404,5943.0,1548.0,1246.0,87,82,86,78
0.8999999999999996,0.6200000000000003,1396.0659010233005,356.0724244147129,3.1369181860163525e-06,0.0186041292826513,-1.4374261549160252,0.9218488016138576,0.8901296515526155,0.0110845565795898,72,7456,5743.0,1623.0,1201.0,94,88,91,84
0.8999999999999996,0.6500000000000004,1119.7714395907217,314.5587263257726,2.4330881165463656e-06,0.5249664683690844,-0.4457197557702572,0.9556224135411416,0.9286362793875774,0.0145449638366699,74,7965,6406.0,1702.0,1344.0,97,91,92,87
0.8999999999999996,0.7200000000000004,1364.6949475981803,342.26071933542124,2.9841189527594884e-06,0.6203040946870797,0.1487942637533688,0.9551404139425732,0.9384958162008727,0.0150427818298339,70,9904,8261.0,2114.0,1750.0,92,88,87,85
0.8999999999999996,0.7300000000000004,1596.0848974913583,336.2820027385552,6.435990692176808e-06,0.4547834501854642,0.5915382095848056,0.9200219521948434,0.9164673265933236,0.0160708427429199,59,10073,8540.0,2243.0,1811.0,81,77,78,73
0.8999999999999996,0.7400000000000004,1571.0692386497735,344.0511360401624,5.189791925480597e-06,0.478077347670568,0.4631224112383567,0.9327326647382208,0.9236674604340852,0.0161402225494384,62,10372,8727.0,2194.0,1852.0,84,80,81,77
0.8999999999999996,0.7500000000000004,1596.453634116053,370.731629587321,3.6538905208625046e-06,0.4985244166499933,0.2512749289337888,0.939408167555682,0.9257302236258184,0.0130102634429931,66,10407,8590.0,2270.0,1821.0,88,85,85,81
0.8999999999999996,0.8000000000000005,2038.7552201836509,414.2257576019019,8.29060756501171e-06,0.5302030260834274,0.663355516592556,0.8862072029734929,0.8896249838969424,0.0160009860992431,54,11719,8996.0,2522.0,1906.0,77,73,73,69
0.8999999999999996,0.8900000000000006,2033.9567770067551,436.4102735148066,6.7038471240924345e-06,0.6560221704507238,0.7254086575393655,0.9298428172562891,0.9261711491478088,0.0145125389099121,59,14125,11454.0,3076.0,2451.0,82,78,78,74
0.8999999999999996,0.9600000000000006,1711.8065162335397,359.7618493327136,1.022524440605044e-05,0.8664750363517069,0.8975816793281169,0.9467936933667772,0.9482746139468576,0.0173261165618896,49,15784,13506.0,3421.0,2917.0,71,68,67,65
0.9099999999999996,0.2,0.5,0.2886751345948128,9.340932464749553e-06,0.8479408658922915,0.0576687116564418,0.9392020265991132,0.3846153846153843,0.0328888893127441,4,10,7.0,2.0,1.0,1,4,2,4
0.9099999999999996,0.22000000000000003,52.47092448839325,12.45031793436082,1.5186827252045411e-05,-0.9939929065373584,-0.9486356865762036,-0.940322032070479,-0.8811111462250736,0.0304927825927734,4,151,5.0,38.0,1.0,99,4,98,4
0.9099999999999996,0.23000000000000004,0.5863019699779287,0.0,3.431137971877647e-06,0.7104204753199269,1.0,0.909863155882112,1.0,0.0319998264312744,4,10,6.0,2.0,2.0,1,4,4,4
0.9099999999999996,0.25000000000000006,36.194066042193526,8.86883588753338,1.139490747445509e-05,-1.2101866192155182,-0.9860599684376644,-1.153703249247212,-0.9213936019705034,0.0310053825378417,4,89,5.0,25.0,1.0,100,4,100,4
0.9099999999999996,0.2800000000000001,1.3110110602126894,0.4677071733467426,7.66769638573229e-06,0.326416057152577,-0.0862068965517244,0.568695106649937,-0.080246913580247,0.0314455032348632,4,10,6.0,2.0,1.0,1,4,13,4
0.9099999999999996,0.3100000000000001,73.51898847690076,17.123631332167836,1.0336812979276498e-05,-0.5997887025762665,-0.62197766580335,-0.5751415151501167,-0.5877232762296687,0.034564733505249,4,209,7.0,52.0,1.0,99,4,98,4
0.9099999999999996,0.3300000000000001,118.48751692337326,29.6475828132188,1.0225653921037297e-05,-0.6632153642988803,-0.6167418289461395,-0.6304550063218644,-0.5797730931965399,0.031003713607788,4,360,10.0,88.0,2.0,100,4,100,4
0.9099999999999996,0.34000000000000014,73.14625759394666,18.165328696906823,9.617270614119776e-06,-0.8072986207089674,-0.7742802733281058,-0.7682552674890775,-0.725114415852885,0.0320196151733398,4,199,4.0,54.0,0.0,100,4,100,4
0.9099999999999996,0.37000000000000016,0.1767766952966369,0.0,9.999999999999994e-08,0.908133971291866,1.0,0.9831043027708944,1.0,0.0312416553497314,4,10,4.0,0.0,0.0,1,4,1,4
0.9099999999999996,0.38000000000000017,122.44820333512452,29.50882636319739,7.508504869285804e-06,-0.5939311775055669,-0.6182384302347739,-0.5625576203041929,-0.5800285181595353,0.0310239791870117,4,346,6.0,84.0,2.0,100,23,100,4
0.9099999999999996,0.4300000000000002,691.752687923943,174.782424268956,3.650452921567155e-06,-0.000529931914855,-0.1055746788499754,0.0196453344929484,-0.0812756574671429,0.0323927402496337,4,2512,325.0,602.0,65.0,100,86,99,79
0.9099999999999996,0.5000000000000002,587.4122008862261,153.94794168809142,1.2025696288298346e-05,-0.4036430974086169,-0.412842546568682,-0.3823720669759922,-0.3900249449689423,0.0331711769104003,4,2039,4.0,520.0,1.0,100,4,100,4
0.9099999999999996,0.5300000000000002,77.61056629093747,38.86515148561755,7.916690669011936e-07,0.974658913024967,0.808367872788238,0.999612413403523,0.9983327221618552,0.0059983730316162,90,4632,4495.0,1062.0,989.0,100,99,100,99
0.9099999999999996,0.5900000000000003,160.68940018972418,83.47304954295129,8.108473374728068e-07,0.9608035673700268,0.7148004425135954,0.9986342055195117,0.993926289302272,0.0059981346130371,88,5676,5390.0,1338.0,1183.0,100,99,99,99
0.9099999999999996,0.6000000000000003,496.05380852522535,168.85003207975217,1.5811901851711734e-06,0.8374174183957197,0.3189244960291632,0.9889623016936504,0.9753474446880545,0.0079982280731201,79,6811,5950.0,1498.0,1249.0,100,95,95,91
0.9099999999999996,0.6100000000000003,603.2690113042439,211.86211448854075,1.5648053040290325e-06,0.7815107858219298,0.3494147720387014,0.983290640328448,0.9634643011954352,0.0093522071838378,82,7157,5716.0,1557.0,1196.0,100,98,98,95
0.9099999999999996,0.6300000000000003,1567.778637800266,366.3368863296656,4.759672507315092e-06,-0.2802833931876292,-0.710507165755847,0.8916970651440773,0.8643491257766344,0.0130043029785156,65,7638,5977.0,1674.0,1252.0,85,82,85,78
0.9099999999999996,0.6400000000000003,1103.4787201003403,284.13804492082465,2.6323975741848987e-06,0.5014281214218466,-0.3087025886059342,0.957678667273724,0.939222175393509,0.0109999179840087,72,8031,6712.0,1705.0,1415.0,93,89,90,85
0.9099999999999996,0.6900000000000004,1619.9527192174469,377.9678805798186,3.581337867957507e-06,0.2188074039019192,-0.3717394962991591,0.9220238365449768,0.9035037364093964,0.0145323276519775,68,9092,7167.0,1927.0,1510.0,91,85,86,82
0.9099999999999996,0.7300000000000004,469.917691051993,185.4184456843493,1.304954488051396e-06,0.9525845752804334,0.7824905317241895,0.9942616035693324,0.9837400869940688,0.010000467300415,78,9735,8641.0,2124.0,1834.0,100,96,95,93
0.9099999999999996,0.7800000000000005,1009.8413984383884,326.8122549721781,1.4624745557867427e-06,0.8522369399043355,0.5869045977573868,0.9788959632512084,0.9622578518458472,0.0090067386627197,80,11254,9040.0,2451.0,1918.0,100,98,100,95
0.9099999999999996,0.8000000000000005,1872.0657930033688,393.07344521518286,8.478714541778628e-06,0.6071314805704086,0.7169432135837555,0.9080603606913716,0.9068209229271992,0.01625657081604,55,11878,9432.0,2579.0,2005.0,77,73,72,70
0.9099999999999996,0.8100000000000005,1644.7646307226423,336.5132134956113,6.205422805640396e-06,0.6808395553602087,0.7644171734687764,0.9379696030162664,0.9394391466374388,0.0150167942047119,58,12180,10461.0,2602.0,2236.0,82,77,77,73
0.9099999999999996,0.8400000000000005,1983.0909957528163,440.1169425015618,5.449456547273315e-06,0.5679906299339477,0.6052504332660473,0.9258636987224682,0.9165322512903104,0.0154669284820556,61,12904,10284.0,2809.0,2190.0,84,80,80,76
0.9099999999999996,0.8800000000000006,1710.2661475497157,361.97045961841087,7.145541974151958e-06,0.7585131335163701,0.8171081454620084,0.943229242205474,0.9424506564445236,0.0153567790985107,56,13699,12557.0,3070.0,2710.0,80,75,75,72
0.9099999999999996,0.8900000000000006,1737.4364976405134,359.93295093206825,9.382479633211402e-06,0.8012252413600076,0.8593916374569183,0.9377497485116684,0.940372503061691,0.018017292022705,52,14189,12024.0,3110.0,2582.0,75,71,70,68
0.9099999999999996,0.9100000000000006,2108.579523718073,443.1875626484508,1.1815458567727655e-05,0.7406279029246599,0.8065705954069308,0.904891461524813,0.9067569275769942,0.0190000534057617,49,14217,11217.0,3122.0,2397.0,71,68,70,65
0.9099999999999996,0.9300000000000006,2044.846655902062,454.2997429123821,5.76451887234851e-06,0.6932879310233928,0.7179591862280237,0.941270821402014,0.9344723003394216,0.0140113830566406,61,15004,12503.0,3316.0,2687.0,83,80,81,77
0.9099999999999996,0.9400000000000006,1703.9096924426483,357.48748229833166,1.157008252588172e-05,0.8556841687437803,0.8892941672308264,0.9462219643903156,0.9473736195443918,0.0172889232635498,50,15310,13209.0,3377.0,2849.0,72,69,69,66
0.9099999999999996,0.9500000000000006,2192.037416043197,556.1394309583404,2.729551053655433e-06,0.7373433715598323,0.4873235998387825,0.9482918049466442,0.9309645074237926,0.0109980106353759,70,15498,12354.0,3393.0,2647.0,94,90,88,87
0.9199999999999996,0.26000000000000006,5.857687256929991,1.7108720973039842,1.8397970922000588e-05,-1.0901567829098693,-0.801763291477424,-1.00883056056984,-0.7585581075161154,0.0316646099090576,4,21,8.0,6.0,1.0,100,4,96,4
0.9199999999999996,0.35000000000000014,42.019092882482205,9.669001154893577,1.0231190435436256e-05,-0.4796345972331086,-0.4854583352729116,-0.4673145550058566,-0.4635283834819419,0.0319938659667968,4,142,8.0,33.0,2.0,100,4,100,4
0.9199999999999996,0.36000000000000015,36.96634167275235,9.358596760910972,1.423634586751698e-05,-0.4924685430840292,-0.4699729013083131,-0.4808412320562931,-0.4497076618291351,0.030282974243164,4,122,4.0,31.0,0.0,99,4,95,4
0.9199999999999996,0.4400000000000002,396.8798096821421,102.11059159884768,7.863254464613742e-06,-0.4184593862207915,-0.4267246465251617,-0.3966762848446512,-0.4031984481463564,0.0382475852966308,4,1365,5.0,338.0,0.0,100,4,100,4
0.9199999999999996,0.47000000000000025,253.5341770794786,103.97393398043772,2.122102567319046e-06,0.5304496220355608,-5.191625972146862,0.9946627679810808,0.9812678100399278,0.0080001354217529,81,4351,4136.0,913.0,865.0,99,92,92,88
0.9199999999999996,0.5000000000000002,183.32539376747565,81.03579456018186,1.0350230239508671e-06,0.8632741711239192,0.1646780471671712,0.997775584115176,0.992608136544508,0.0049989223480224,90,4560,4224.0,1045.0,909.0,100,99,100,99
0.9199999999999996,0.5200000000000002,72.69571284929165,52.622872086828046,5.38091084705989e-07,0.9218432131671228,0.2990437350583602,0.9996861642696754,0.9974011869819986,0.0040011405944824,94,3916,4023.0,968.0,943.0,100,99,99,99
0.9199999999999996,0.5400000000000003,138.81642554107205,64.81062155747827,8.348989235933945e-07,0.9583384580497124,0.773942929241588,0.998822252832679,0.9955908690203056,0.0059998035430908,88,5261,4942.0,1210.0,1069.0,100,99,99,99
0.9199999999999996,0.5500000000000003,48.88933080608352,20.08316044185609,2.761239468569437e-07,0.97988367289542,0.8717235164718666,0.9998592063709788,0.999635058715456,0.0039999485015869,94,4092,4190.0,973.0,1016.0,100,99,100,99
0.9199999999999996,0.5600000000000003,401.12190879368046,153.7277277712589,1.2865851117800684e-06,0.787452301362943,0.2916372338409773,0.9910466038903832,0.9771596364982428,0.0069813728332519,86,5906,5002.0,1338.0,1051.0,100,99,100,97
0.9199999999999996,0.5900000000000003,1159.5036653672123,294.367421042867,3.1045253909589265e-06,0.0722573829523764,-1.32775282806895,0.9384235287399486,0.91308331919304,0.0120000839233398,72,6865,5555.0,1472.0,1164.0,92,88,89,84
0.9199999999999996,0.6100000000000003,1100.082709500488,277.6148411018402,3.799973278592225e-06,0.1661230494987967,-0.7885392779798732,0.948382520973126,0.925766381759038,0.0139832496643066,69,7322,6312.0,1604.0,1328.0,88,85,86,81
0.9199999999999996,0.6600000000000004,1502.53682626607,335.73378058898305,4.23376051107364e-06,0.1489409247454014,-0.1449117337318324,0.9178326562510132,0.9031126677924556,0.0140001773834228,65,8521,6963.0,1829.0,1467.0,87,82,84,79
0.9199999999999996,0.6800000000000004,1920.6803184586147,421.107044416432,4.334456371377515e-06,-0.1140431600446234,-0.5535761982683132,0.8793517024047034,0.8640610543075933,0.0135664939880371,65,8936,6734.0,1914.0,1414.0,89,83,85,79
0.9199999999999996,0.7300000000000004,1257.9587602239758,303.37855140821256,3.572428711674272e-06,0.6330540585189551,0.4040429195751119,0.961017654405434,0.948453876777154,0.0134954452514648,67,10022,8881.0,2178.0,1889.0,90,85,82,81
0.9199999999999996,0.8100000000000005,1679.3335052154264,352.463565801334,8.777104311881418e-06,0.6979216415289125,0.7835578700688912,0.9255959670850782,0.925133181809608,0.016000747680664,54,11972,9996.0,2590.0,2129.0,76,73,73,70
0.9199999999999996,0.8500000000000005,1855.6776614847024,412.8005975447872,4.593186933583511e-06,0.6219400038802604,0.6234835369380177,0.9440205323874216,0.9372015298469752,0.013190746307373,64,13131,11031.0,2943.0,2362.0,87,83,82,79
0.9199999999999996,0.8600000000000005,1644.0080829859314,345.5997017448855,1.229043304012776e-05,0.8276117810704571,0.8683774662525465,0.9320796592692546,0.933441915529522,0.0204608440399169,48,13455,11413.0,2903.0,2447.0,71,67,69,64
0.9199999999999996,0.9300000000000006,2478.5569924264164,525.9951166551815,1.0920477102039073e-05,0.7063629931102169,0.7677387513662752,0.8830737788027319,0.8828995968272606,0.0180037021636962,49,15372,11232.0,3318.0,2394.0,73,69,70,65
0.9199999999999996,0.9600000000000006,1781.3949983089096,361.17984439888113,1.2035306842446538e-05,0.8655958638961688,0.904235844835782,0.9477022259134702,0.952282889408096,0.018805980682373,50,16321,13982.0,3576.0,3025.0,73,70,69,66
0.9199999999999996,0.9800000000000006,2233.003452987172,491.4540456109487,5.219263214601188e-06,0.7192273948965465,0.7469940700444462,0.9433408699923678,0.9383880089813196,0.0149941444396972,62,16592,13482.0,3781.0,2906.0,84,82,81,78
0.9199999999999996,0.9900000000000007,2317.7224467135834,505.7742381735155,1.120968664056307e-05,0.7863594052296755,0.8251319037517604,0.916192591297746,0.9130085372236436,0.0181808471679687,50,16695,13010.0,3753.0,2793.0,73,70,69,67
0.9299999999999996,0.23000000000000004,11.542042713488804,2.7137765813222967,2.255810098610141e-05,-1.1767275615567914,-1.129785364629095,-1.1665291657278765,-1.0540980272523903,0.0309970378875732,4,30,7.0,7.0,1.0,98,4,77,4
0.9299999999999996,0.24000000000000005,39.62309406562457,10.120111988840176,1.6778686916567096e-05,-0.921606959581643,-0.7582391380479407,-0.8908486807943476,-0.7099754947572001,0.0350065231323242,4,125,6.0,36.0,0.0,100,4,100,4
0.9299999999999996,0.2700000000000001,0.5496210815947049,0.0,1.1244035768426584e-07,0.5206611570247934,1.0,0.9196475575628272,1.0,0.0300021171569824,4,11,7.0,1.0,1.0,2,4,2,4
0.9299999999999996,0.3100000000000001,89.40200640925237,21.816230578783923,1.117561760446845e-05,-0.6586826590012411,-0.6324433117378048,-0.6279480184336177,-0.597171924506352,0.0300078392028808,4,303,9.0,68.0,2.0,100,4,99,4
0.9299999999999996,0.38000000000000017,204.71385008510453,50.96536814347562,9.127033642096832e-06,-0.5667737799881818,-0.576652270059063,-0.5364285165962914,-0.5422129277665311,0.0365238189697265,4,654,10.0,159.0,2.0,100,4,100,4
0.9299999999999996,0.4300000000000002,775.1200310274531,192.1574332849673,9.753566138498702e-06,-0.4593887358555537,-0.4750832301546794,-0.4339099450431258,-0.4475744718209227,0.031001329421997,4,2525,3.0,598.0,1.0,100,4,100,4
0.9299999999999996,0.46000000000000024,27.141603981096377,36.37306695894642,3.241141145755889e-07,0.9489284998998598,-4.95945945945946,0.9999719709197278,0.9991781655912224,0.0030043125152587,97,3449,3430.0,829.0,799.0,100,99,99,97
0.9299999999999996,0.5100000000000002,38.87158345115362,19.9415813481947,3.017006847454104e-07,0.9830591295427216,0.9071119445111308,0.9999083673114144,0.9996197089578144,0.0039999485015869,94,3910,3972.0,929.0,932.0,100,99,99,99
0.9299999999999996,0.5300000000000002,29.605742686174924,14.949916387726054,3.113688260738252e-07,0.974306736237322,0.8722629040900161,0.9999555008178724,0.9998254190135052,0.0029990673065185,96,3544,3593.0,890.0,865.0,100,99,100,99
0.9299999999999996,0.5400000000000003,41.11771718695807,18.257418583505537,3.777647729879768e-07,0.9508053617500049,0.8423707440100883,0.9999270184431196,0.9997821714185074,0.0029995441436767,97,3571,3515.0,878.0,868.0,100,99,100,99
0.9299999999999996,0.6000000000000003,1245.1543734786878,309.9532222771688,3.209314334840139e-06,0.2411783596896572,-0.6668540807991816,0.9364481451692656,0.91349690656694,0.0110228061676025,71,7433,5945.0,1642.0,1248.0,92,87,89,84
0.9299999999999996,0.6500000000000004,1565.960257406866,349.17736658227625,5.076521216579049e-06,-0.1133494313719536,-0.1625155388416619,0.9041140342787258,0.8883962906076956,0.0160248279571533,64,8212,6605.0,1770.0,1389.0,86,81,81,77
0.9299999999999996,0.6600000000000004,1100.1136473278737,305.1671673034306,2.5742794185867467e-06,0.6307564554663829,-0.0490928559351004,0.9626905711210436,0.9404782450996808,0.0139999389648437,73,8684,7161.0,1895.0,1511.0,94,90,92,87
0.9299999999999996,0.6700000000000004,1519.0319792045702,322.2231270249601,5.584443170036483e-06,0.2257529413782545,0.3016387931558284,0.911708012410705,0.9040561735737908,0.0139994621276855,61,8789,7282.0,1854.0,1538.0,83,79,78,75
0.9299999999999996,0.6800000000000004,1382.7808313634546,360.827114968584,2.856797452157774e-06,0.4929108130631121,-0.3099850654896763,0.9421692555602096,0.9162562802280942,0.0110034942626953,71,8774,7066.0,1867.0,1487.0,95,89,90,85
0.9299999999999996,0.7100000000000004,1319.4215033294993,353.429844767549,2.92022129737656e-06,0.6049272376063501,-0.0401209809766103,0.9549119746380708,0.93197783978382,0.0100033283233642,71,9503,7897.0,2052.0,1669.0,93,89,87,86
0.9299999999999996,0.7300000000000004,827.5715127381151,286.9527305414907,1.7024619820311282e-06,0.871980672856425,0.532830857264301,0.9828012432509388,0.9628181350488147,0.0089974403381347,77,9966,8313.0,2230.0,1762.0,100,95,97,92
0.9299999999999996,0.7500000000000004,1744.392832718224,437.83923253676926,3.532166147739848e-06,0.4544702861032934,-0.1189914381167203,0.9338519590949156,0.9101528360250212,0.0120089054107666,69,10458,8386.0,2282.0,1775.0,92,87,89,84
0.9299999999999996,0.9000000000000006,1377.2430055354416,389.6897626460196,2.029453791906316e-06,0.878181439277588,0.6955277543973633,0.9773646273399964,0.9640708084156288,0.0099987983703613,73,14453,12377.0,3216.0,2664.0,95,92,93,89
0.9299999999999996,0.9500000000000006,2045.220045793187,435.0102010298149,1.4554147636863557e-05,0.8410529835347405,0.8693378907281192,0.9184540436634864,0.9194474674934016,0.0203464031219482,44,15993,12658.0,3561.0,2718.0,67,64,63,60
0.9299999999999996,0.9900000000000007,1971.3397923552088,440.62772094086233,1.1652942255457893e-05,0.85751576228997,0.8791840610314547,0.936854051824744,0.9327132933282604,0.0170028209686279,48,16751,13718.0,3766.0,2959.0,70,67,66,64
0.9399999999999996,0.2,6.144950501563594,1.5645819462932156,2.4416564916642173e-05,-1.762628307413847,-0.9557867360208064,-1.675296496653112,-0.8837675350701404,0.0310032367706298,4,13,2.0,5.0,0.0,68,4,67,4
0.9399999999999996,0.21000000000000002,8.093850546351018,1.661450169781407,1.1798841703256884e-05,-2.2022064283441183,-0.6812053925455988,-2.1797314241799137,-0.6468833509415204,0.0326864719390869,4,18,8.0,6.0,1.0,80,4,78,4
0.9399999999999996,0.23000000000000004,12.285662375305614,3.4034296427770228,1.5546727016305356e-05,-2.1940043534565894,-1.3803598902936651,-2.181650505902193,-1.2928307800160828,0.0331082344055175,4,31,8.0,10.0,1.0,99,4,99,4
0.9399999999999996,0.24000000000000005,8.736894948054104,2.247683993210196,1.901970059445686e-05,-1.6705944878900616,-0.866057472646387,-1.6439220100734584,-0.8301886792452831,0.0309984683990478,4,22,3.0,6.0,0.0,99,4,95,4
0.9399999999999996,0.25000000000000006,0.82915619758885,0.2282177322938192,5.788327593168157e-06,-0.1123595505617982,-0.0549450549450545,0.7624104539400267,0.1134751773049648,0.0320227146148681,4,10,1.0,1.0,0.0,1,7,2,4
0.9399999999999996,0.26000000000000006,0.8416254115301732,0.2886751345948128,3.861854811210458e-06,0.3000964940495336,-0.0491803278688525,0.7606560839111611,-0.0471204188481675,0.0334208011627197,4,10,3.0,2.0,0.0,1,4,10,4
0.9399999999999996,0.2700000000000001,5.731855429672548,1.3693063937629153,1.2673333290731492e-05,-2.584090909090909,-0.82760444209413,-2.383974936697996,-0.782178217821782,0.0300047397613525,4,13,7.0,5.0,1.0,96,4,67,4
0.9399999999999996,0.2800000000000001,0.6291528696058958,0.25,2.120153232232832e-06,0.7526444263628966,0.109737248840804,0.9008454232334828,0.2146596858638744,0.033276081085205,4,10,5.0,2.0,1.0,1,4,6,4
0.9399999999999996,0.3300000000000001,18.96075991796391,5.201161729203711,1.2208141910017238e-05,-0.4871331986500551,-0.3839671816279291,-0.4837440753200133,-0.3630327873154497,0.031524658203125,4,72,4.0,20.0,0.0,100,4,99,4
0.9399999999999996,0.4000000000000002,345.3068834384858,86.23387530431414,8.913582301063571e-06,-0.4600282105988893,-0.4798356194247128,-0.4354181033430104,-0.4525185427899079,0.038827896118164,4,1084,6.0,264.0,1.0,100,4,100,4
0.9399999999999996,0.4200000000000002,432.2375407882414,107.29544491729366,9.434335144666447e-06,-0.5118214757807467,-0.5331119318601198,-0.4829480367132068,-0.5013474242037801,0.0360124111175537,4,1350,4.0,327.0,0.0,100,4,100,4
0.9399999999999996,0.4300000000000002,79.27759771839709,21.616207268312976,6.768617572399587e-06,-0.2889003137403458,-0.3702651515151516,-0.2734647812125603,-0.3501384541295449,0.0321497917175293,4,288,29.0,80.0,5.0,100,53,100,38
0.9399999999999996,0.4400000000000002,619.9243905509768,159.14259198383485,1.0693925692226303e-05,-0.4422748861114087,-0.4625884592155191,-0.4183729258778073,-0.4363069184225645,0.0337040424346923,4,2033,4.0,495.0,1.0,100,4,100,4
0.9399999999999996,0.46000000000000024,143.31973156040118,52.15361924162119,1.135862054006606e-06,0.8520840482428372,0.1960996961436624,0.998466354604353,0.9961436893319008,0.0060000419616699,89,4156,3828.0,878.0,798.0,100,99,98,95
0.9399999999999996,0.47000000000000025,936.3640840595428,231.6474287575841,8.406439616978328e-06,-0.4622222415117025,-0.4918649069433396,-0.4363173467591814,-0.4630794102249005,0.0342698097229003,4,2966,3.0,708.0,0.0,100,4,100,4
0.9399999999999996,0.49000000000000027,47.239343301485,44.62933763543638,1.199026983988408e-06,0.9848362164398649,0.6935703215219109,0.999847568649759,0.9977087985312588,0.0060007572174072,91,4268,4143.0,1022.0,907.0,100,99,100,99
0.9399999999999996,0.5000000000000002,47.747600288740514,41.29971751315821,3.872649291456184e-07,0.9780247437839992,0.7720611163080761,0.9998601840886528,0.9983625079434724,0.004000186920166,94,3970,3888.0,985.0,912.0,100,99,100,99
0.9399999999999996,0.5200000000000002,48.88032031693035,42.181580272504185,5.453567570313674e-07,0.9822806133336964,0.5310768800490517,0.999858847181474,0.9982636797776618,0.0049970149993896,93,4241,4173.0,1016.0,959.0,100,99,99,99
0.9399999999999996,0.5500000000000003,753.8873700140272,225.72097450909015,2.450817481664585e-06,0.4994905295268945,-0.645063954862052,0.9690167613111442,0.943318031185562,0.0099999904632568,76,6211,5194.0,1339.0,1087.0,97,91,95,87
0.9399999999999996,0.5700000000000003,815.2464067407495,236.92099011179985,2.944391717810286e-06,0.4552863389682406,-0.9463024732368516,0.9674434039215122,0.9412718877826658,0.0121173858642578,73,6611,5766.0,1427.0,1212.0,94,88,93,85
0.9399999999999996,0.5900000000000003,1027.5416365358703,280.3679460729867,2.743245457987828e-06,0.3911618210597114,-0.7934959129235442,0.9523628358708418,0.9252400999216402,0.0104951858520507,73,7117,5765.0,1502.0,1208.0,95,89,92,85
0.9399999999999996,0.6000000000000003,498.0131954648821,174.88377092610204,1.6510631549320095e-06,0.8287491448147937,0.2350320797054942,0.9893666771452678,0.9746553164210866,0.0090606212615966,79,6971,6083.0,1478.0,1280.0,100,94,95,91
0.9399999999999996,0.6100000000000003,1377.6069391476942,331.1788402697616,4.078627557271942e-06,-0.0743944284775308,-0.861120223946062,0.9146715624628065,0.8872601876497843,0.0130846500396728,67,7386,5939.0,1583.0,1246.0,90,84,86,80
0.9399999999999996,0.6200000000000003,270.493761480741,126.41400238897587,1.0184076755010868e-06,0.9547276136890884,0.7680072205130438,0.9967390732320344,0.9879517859450908,0.0066690444946289,84,7047,6378.0,1634.0,1355.0,100,99,100,97
0.9399999999999996,0.6300000000000003,945.6632970717282,251.6271334449333,2.556756764374739e-06,0.663150042034298,-0.0333231270636447,0.9689493490454466,0.9523905289605468,0.0105118751525878,72,8136,7033.0,1748.0,1486.0,93,89,93,85
0.9399999999999996,0.6600000000000004,1361.8451907355006,306.12809698671225,4.0038362415160414e-06,0.3927922829717327,0.114049301886238,0.9385314136296904,0.928009368865693,0.0122878551483154,66,8780,7432.0,1914.0,1572.0,88,84,85,80
0.9399999999999996,0.7300000000000004,1520.4413622926118,312.329306573496,8.918103288577708e-06,0.6390268856380935,0.7570666400301013,0.9166833284839144,0.9185691141193628,0.0183508396148681,53,10139,8744.0,2209.0,1859.0,75,71,71,68
0.9399999999999996,0.7400000000000004,2011.1052960071247,420.4513355685713,7.742119808419082e-06,0.2868519688713836,0.4759982775889707,0.8720542917580044,0.8689960931756577,0.0166699886322021,57,10405,7813.0,2286.0,1648.0,79,75,74,72
0.9399999999999996,0.7500000000000004,1893.7698067825145,410.14704021191545,5.379744373237582e-06,0.3453733253815066,0.3542120209251307,0.9120918679999072,0.9038264167977436,0.0158073902130126,63,10737,8456.0,2317.0,1790.0,85,81,81,78
0.9399999999999996,0.7800000000000005,1833.110984734133,422.0879821860394,4.0536866855077375e-06,0.4846032886742213,0.3027165505799775,0.9312664458989708,0.9176483433482764,0.0145075321197509,66,11352,9213.0,2498.0,1958.0,88,84,86,81
0.9399999999999996,0.7900000000000005,1799.0192036879694,378.0969263486358,6.819568008733925e-06,0.5584960317292064,0.6601477014625972,0.9194185589517664,0.9167365416427746,0.0166792869567871,58,11487,9475.0,2480.0,2015.0,80,77,75,73
0.9399999999999996,0.8300000000000005,1745.305074864514,367.00248784845655,9.76334297863293e-06,0.7083574086023944,0.7941706066084082,0.9256098228814104,0.92561119873243,0.0177500247955322,54,12419,10326.0,2761.0,2204.0,76,73,71,69
0.9399999999999996,0.8400000000000005,2300.668492120996,488.4003415406476,1.0113212967111444e-05,0.5578848523363606,0.6673961447225718,0.8747145961668503,0.8720367722300366,0.0210723876953125,53,12816,9503.0,2823.0,2016.0,75,72,74,69
0.9399999999999996,0.8500000000000005,1782.8516483431818,369.3153183227391,9.667374434036423e-06,0.7297959180947535,0.8089878525399907,0.9294578738678066,0.9313139255784694,0.0160017013549804,54,13164,11208.0,2826.0,2399.0,77,73,76,70
0.9399999999999996,0.8900000000000006,1805.7537866761452,367.1261947302901,7.323827410844228e-06,0.7731451439570697,0.8408071757225994,0.9464127961309952,0.949120640864985,0.0153770446777343,58,14675,12381.0,3218.0,2664.0,80,77,75,73
0.9399999999999996,0.9100000000000006,1822.106247305735,396.2000633468885,1.1985075062932012e-05,0.8364540955895934,0.8664866161971116,0.9336260547453836,0.9312690043417048,0.0215766429901123,49,15029,12204.0,3304.0,2620.0,72,69,67,65
0.9399999999999996,0.9700000000000006,1938.8157840404651,413.4802158373347,9.252699252290294e-06,0.8169326094770779,0.8619155213090886,0.9453977972083742,0.9448593113147548,0.0166051387786865,55,16427,13607.0,3650.0,2937.0,77,74,72,71
0.9399999999999996,0.9800000000000006,1915.96358326064,401.4237162899073,7.1902962899864e-06,0.813798278577061,0.863534054437828,0.953365266221828,0.9538716238860728,0.0149989128112792,58,16676,14190.0,3732.0,3069.0,80,77,77,74
0.9499999999999995,0.23000000000000004,0.3227486121839514,0.1020620726159657,1.0598910670829477e-07,0.9390088945362136,-0.0105263157894739,0.9764017368321692,0.6563573883161513,0.0346307754516601,4,10,8.0,1.0,0.0,1,4,2,4
0.9499999999999995,0.25000000000000006,26.04083331999957,6.259159954285666,1.632057827314196e-05,-1.0293814796209455,-0.8791787024748223,-1.0081287571441262,-0.8263398905458625,0.0300209522247314,4,62,8.0,19.0,0.0,100,4,99,4
0.9499999999999995,0.26000000000000006,40.00989460954211,9.8239715322606,1.276902571217662e-05,-1.3783715463957416,-1.130543199407863,-1.3039620993766938,-1.0547793302284316,0.0310943126678466,4,99,4.0,26.0,0.0,97,4,93,4
0.9499999999999995,0.2800000000000001,88.20466257517229,21.357570866869043,1.2990505002952703e-05,-0.735065918345613,-0.730248730663611,-0.696526648085918,-0.6827997422192127,0.0380468368530273,4,267,6.0,74.0,0.0,100,4,100,4
0.9499999999999995,0.2900000000000001,63.80259268504168,16.00390577327922,1.2981793391075063e-05,-0.8110607086941983,-0.7199266692509243,-0.7713075410134473,-0.6739341332652542,0.0328545570373535,4,189,5.0,55.0,0.0,100,4,99,4
0.9499999999999995,0.36000000000000015,193.55048867586635,47.93843708340938,8.48399685628129e-06,-0.7431646608536753,-0.6816350849756732,-0.6991951949306063,-0.6384020765554559,0.0369062423706054,4,584,8.0,152.0,1.0,100,4,99,4
0.9499999999999995,0.4000000000000002,91.37098144378224,24.570688838532792,1.352924910786455e-05,-0.4655015269240796,-0.4372210057110441,-0.4462412930958506,-0.4133799086766896,0.0385539531707763,4,358,6.0,90.0,0.0,100,4,99,4
0.9499999999999995,0.4200000000000002,338.3899993597132,86.84025084410263,1.1062001841508212e-05,-0.4564044282798778,-0.4454418853063173,-0.4330576250895275,-0.4209035158587824,0.0334553718566894,4,1151,10.0,317.0,1.0,100,4,100,5
0.9499999999999995,0.45000000000000023,667.8697945707681,168.68023249134242,8.428414605452272e-06,-0.4497358586668014,-0.4558126805743783,-0.4253533518927845,-0.4301496140409195,0.0348761081695556,4,2171,9.0,547.0,1.0,100,4,100,4
0.9499999999999995,0.48000000000000026,157.8445437764638,70.3455755538328,1.4893340077128552e-06,0.8264428463515304,-0.1235457592022448,0.9983556192832184,0.9940963333727784,0.0055561065673828,90,4299,4012.0,975.0,841.0,100,99,100,97
0.9499999999999995,0.49000000000000027,27.160896261248187,31.11728963591968,8.065166016650751e-07,0.9899706677823934,0.7093410767232718,0.99995520448842,0.9989730792762572,0.0053660869598388,93,3959,3920.0,913.0,875.0,100,99,99,99
0.9499999999999995,0.5000000000000002,0.0,0.0,7.142703000199378e-07,,,1.0,1.0,0.0049219131469726,99,3071,3071.0,765.0,765.0,100,99,100,99
0.9499999999999995,0.5500000000000003,274.8417726620173,122.01529958711464,1.2857554543467078e-06,0.8946426777502541,0.3728659405325922,0.995890749698114,0.9856269576846836,0.0073060989379882,85,5893,5237.0,1302.0,1097.0,100,99,98,95
0.9499999999999995,0.5800000000000003,900.0403102083817,248.7987138230421,2.467667898375305e-06,0.4171069318899691,-0.870790684692563,0.9624653160861748,0.9400016766358392,0.0111582279205322,75,6677,5546.0,1439.0,1162.0,95,90,91,87
0.9499999999999995,0.6000000000000003,1181.3831803229637,280.4256251664601,3.78158142106317e-06,0.0725163216847968,-0.8433992392204526,0.9348224900601732,0.915419164410592,0.0166079998016357,68,7127,6037.0,1526.0,1268.0,89,84,85,80
0.9499999999999995,0.6100000000000003,620.6183168728548,203.2229598952132,1.7756952688891254e-06,0.7847582233922711,0.2271978286822633,0.9838331435350394,0.9669164030385302,0.0082664489746093,79,7260,6049.0,1548.0,1269.0,100,95,97,91
0.9499999999999995,0.6300000000000003,1166.2711879622886,286.8590189870166,3.696786831658109e-06,0.3522117231600933,-0.2415356522585017,0.9500897878519384,0.9322572045471604,0.019848346710205,69,8048,6837.0,1717.0,1443.0,89,85,84,82
0.9499999999999995,0.6500000000000004,1608.8355661122982,375.6526845291264,4.449520949735248e-06,-0.0116569072132588,-0.5107877167354302,0.9095231402175464,0.8881774315891512,0.0148534774780273,67,8455,6654.0,1821.0,1400.0,90,84,85,80
0.9499999999999995,0.6800000000000004,1771.5978129391588,371.478419583448,5.081807574538801e-06,-0.0151806351755241,0.0166457014138803,0.8940277353878969,0.8872075135191511,0.0152714252471923,63,8981,7102.0,1957.0,1496.0,86,80,80,77
0.9499999999999995,0.6900000000000004,1545.7498139024592,325.2575311018356,5.697425729035048e-06,0.3492562866698576,0.4858495389072705,0.9187463688579318,0.9144227013932288,0.0150024890899658,61,9408,7786.0,2038.0,1649.0,83,79,82,75
0.9499999999999995,0.7100000000000004,1099.0993833796172,342.1641684656916,1.786645032508115e-06,0.7620104370137649,0.3743743681632397,0.9676846931994788,0.943581128174794,0.0097339153289794,78,9733,7550.0,2160.0,1593.0,99,96,97,93
0.9499999999999995,0.7500000000000004,1581.666393837635,316.14969224558286,6.608123314650591e-06,0.5911740239346048,0.72012412388593,0.9258869487483832,0.9300675552430868,0.0160017013549804,57,10762,9049.0,2296.0,1924.0,80,76,74,72
0.9499999999999995,0.8000000000000005,1590.7827555987033,324.0803944098074,1.0310257787509824e-05,0.7851015016718996,0.8505620882116853,0.9302538173484246,0.9346305458351308,0.0172820091247558,51,12334,10340.0,2667.0,2211.0,74,70,70,66
0.9499999999999995,0.8400000000000005,1546.4387752880118,356.4824980676771,4.251606579844465e-06,0.723573727427693,0.6672960752710637,0.9607635041570368,0.952878137492514,0.0160887241363525,65,12778,11553.0,2809.0,2485.0,87,83,81,80
0.9499999999999995,0.8500000000000005,1607.4355893512634,330.7538162387877,9.036641680730023e-06,0.8015080250228965,0.858487227918014,0.9441486961516492,0.9462120708614544,0.0169970989227294,54,13387,11596.0,2924.0,2489.0,75,73,72,69
0.9499999999999995,0.9600000000000006,2001.660061049328,433.1200757295833,1.0556188072144096e-05,0.83230502197735,0.8664896444969724,0.9363173589461558,0.9347011020468085,0.0236594676971435,51,16441,13199.0,3625.0,2839.0,74,71,70,67
0.9499999999999995,0.9700000000000006,2437.082687109636,530.3929361017798,6.709473198268786e-06,0.6947071937392447,0.746783884907131,0.922108473610894,0.9173672483662813,0.0151054859161376,58,16486,12790.0,3601.0,2743.0,81,78,78,74
0.9499999999999995,0.9800000000000006,1939.716177131615,415.1837990053583,9.30788460637864e-06,0.8409082501246413,0.8767466515673997,0.947792617636704,0.9471646238928332,0.0168759822845459,54,17286,14261.0,3786.0,3084.0,77,74,74,70
0.9599999999999995,0.22000000000000003,1.0,0.2886751345948128,6.384423097728477e-06,-0.0213897816690675,0.0576687116564418,0.5740716092107017,0.2149165848871443,0.0328476428985595,4,10,3.0,2.0,1.0,1,4,21,4
0.9599999999999995,0.25000000000000006,0.4330127018922193,0.25,2.232655761217114e-06,0.2868345026826246,-0.0285714285714282,0.9079566373491512,0.111111111111111,0.0396039485931396,4,10,3.0,2.0,0.0,1,4,7,4
0.9599999999999995,0.26000000000000006,43.49245624243358,11.545652139802815,1.5854014856180692e-05,-0.7918239945269643,-0.7159139160167161,-0.7587672503364644,-0.67395706340029,0.0333080291748046,4,146,6.0,40.0,1.0,100,4,100,4
0.9599999999999995,0.3100000000000001,13.379866715828426,3.400367627183861,1.850751020708879e-05,-1.2789073550212169,-0.8431202975006489,-1.2540464895449015,-0.792751469733187,0.0360703468322753,4,31,3.0,10.0,1.0,98,4,97,4
0.9599999999999995,0.3300000000000001,0.1443375672974064,0.0,9.999999999999994e-08,0.8945054945054945,1.0,0.9903526120302928,1.0,0.0310282707214355,4,10,3.0,0.0,0.0,1,4,1,4
0.9599999999999995,0.34000000000000014,1.37310475444034,0.3227486121839514,2.2836687674700484e-06,0.3378048780487805,0.0153846153846153,0.6176514079300365,0.0909090909090907,0.0353026390075683,4,10,5.0,2.0,1.0,1,4,6,4
0.9599999999999995,0.38000000000000017,98.7351254620158,24.23753975413621,1.030877798565438e-05,-0.5693004225635523,-0.5598845216349064,-0.5429346509303823,-0.5289721460618986,0.0354936122894287,4,317,7.0,77.0,0.0,100,4,98,4
0.9599999999999995,0.4400000000000002,838.3671319396215,208.24709881932728,8.412442642561897e-06,-0.4687125748323775,-0.4990591369219728,-0.442597920177133,-0.4700776161749307,0.0346391201019287,4,2633,5.0,656.0,1.0,100,4,100,5
0.9599999999999995,0.48000000000000026,21.99545407578575,45.91513911554662,2.2160186592762346e-07,0.9872057426593016,0.1124713727603394,0.9999748772459448,0.9981421310299942,0.0029990673065185,95,3771,3764.0,909.0,863.0,100,99,100,99
0.9599999999999995,0.5200000000000002,602.9918030813797,159.8919557075965,7.491372353449214e-06,-0.3611211428041201,-0.3645741099080126,-0.3425909262828164,-0.3450768322476634,0.031022310256958,4,2137,4.0,561.0,0.0,100,4,100,4
0.9599999999999995,0.5500000000000003,85.07391743990298,62.025340443586906,7.814061543483099e-07,0.9666943962146068,0.618246253543945,0.9995826141589844,0.9965888169545865,0.0040476322174072,93,4486,4328.0,1087.0,1015.0,100,99,100,99
0.9599999999999995,0.5600000000000003,905.1651961150872,238.9431704604202,3.640131520215057e-06,-0.0128891465354046,-1.5307844451383796,0.952383479560768,0.9252203865135636,0.0126080513000488,69,6160,5525.0,1306.0,1159.0,92,84,87,80
0.9599999999999995,0.5700000000000003,707.4339262432924,220.34491144566965,2.5504446511452937e-06,0.4968855159455275,-1.265568514634512,0.9753183273000668,0.9501654560831226,0.0100398063659667,75,6340,5598.0,1393.0,1174.0,95,90,90,86
0.9599999999999995,0.6500000000000004,1555.631748818156,380.2872779795604,3.288689486791052e-06,0.1671907904421482,-0.8347790922948872,0.9220763913608764,0.8982223428801233,0.0110371112823486,71,8415,6511.0,1808.0,1368.0,94,88,88,84
0.9599999999999995,0.6700000000000004,28.400704216621108,46.07602413403309,3.874640378119776e-07,0.99920408298914,0.9564530328626788,0.9999604093055352,0.9985294387171184,0.0064520835876464,90,6153,6134.0,1506.0,1511.0,100,99,100,99
0.9599999999999995,0.7000000000000004,1354.3877056230451,317.6615449544643,4.289536693985503e-06,0.5348537376139946,0.3381389146284234,0.946495055673612,0.9327646303368922,0.0139951705932617,65,9605,8225.0,2086.0,1745.0,87,83,85,80
0.9599999999999995,0.7200000000000004,1801.647349352412,409.6948341666723,4.856878452339821e-06,0.2765891955704722,0.0857549137187295,0.9141782388365992,0.8985804524270835,0.0125708580017089,65,10067,7860.0,2184.0,1660.0,87,83,84,80
0.9599999999999995,0.7300000000000004,1646.2416069858727,342.8469393322971,7.233461383376171e-06,0.5103082829511989,0.6343843394388247,0.9156039259622796,0.913632178866808,0.0154159069061279,58,10392,8511.0,2257.0,1804.0,80,76,77,73
0.9599999999999995,0.7400000000000004,1610.0390609478325,364.58351428566937,4.943881134052234e-06,0.4692931324553114,0.3622247122322809,0.9347595195707984,0.9224591198582156,0.0119976997375488,64,10358,8756.0,2241.0,1859.0,86,82,82,79
0.9599999999999995,0.8100000000000005,2062.0624880312075,448.9709952162328,8.08378111710116e-06,0.5445960276131612,0.6478022927223128,0.8970256942883176,0.8897881986108674,0.0180428028106689,56,12096,9286.0,2701.0,1970.0,78,75,74,72
0.9599999999999995,0.8200000000000005,2030.9702506661465,426.341039331404,8.108296273204616e-06,0.5849309888961993,0.6927270197950439,0.9068260110972582,0.905495261692862,0.0177762508392334,56,12579,9964.0,2740.0,2123.0,79,75,77,72
0.9599999999999995,0.8400000000000005,1777.5945973791602,389.3148840557839,5.0100006520634094e-06,0.6779229494930405,0.6838881809189669,0.9439917840270454,0.938648746441758,0.0167584419250488,62,13035,11025.0,2840.0,2363.0,84,81,81,78
0.9599999999999995,0.8800000000000006,1658.2908558211373,338.0800262758312,1.0480189293638405e-05,0.8264880538639161,0.8763219495801937,0.9437946532703833,0.947136474969948,0.0181727409362792,52,14097,12195.0,3098.0,2622.0,74,71,72,68
0.9599999999999995,0.9700000000000006,1984.1655289198643,440.0207599997632,1.240832567373413e-05,0.8512677213875159,0.8745448562342808,0.9338013953107108,0.9301354776790108,0.0194103717803955,48,16470,13317.0,3683.0,2868.0,70,68,67,64
0.9699999999999995,0.2,37.95460556155647,8.780304664417972,2.112148561475412e-05,-1.4061906432782458,-1.2118947997609086,-1.3333990250184082,-1.122308759936224,0.0332643985748291,4,85,5.0,25.0,1.0,98,4,90,4
0.9699999999999995,0.21000000000000002,8.994211101221348,2.005201569252661,1.7558185570185256e-05,-2.010515094248195,-1.145561924613514,-1.9974024570517692,-1.0712599270229664,0.0398926734924316,4,20,5.0,6.0,1.0,85,4,91,4
0.9699999999999995,0.22000000000000003,22.457135094812667,5.1020829079896375,1.4402087423099749e-05,-1.672992814071652,-1.189244682113101,-1.629108134188506,-1.1007767577927972,0.0390074253082275,4,49,7.0,15.0,0.0,95,4,95,4
0.9699999999999995,0.23000000000000004,85.84112019694679,21.958056607996983,1.2130779417246509e-05,-0.7806047004663295,-0.7202053924817435,-0.7379370006405399,-0.6736239796794634,0.0445060729980468,4,251,4.0,65.0,1.0,100,4,98,4
0.9699999999999995,0.2800000000000001,1.203294089849471,0.3818813079129867,1.0366982115733478e-05,0.6931496769149402,0.1515151515151515,0.7603448275862069,0.1545893719806762,0.0355041027069091,4,10,6.0,2.0,2.0,1,4,5,4
0.9699999999999995,0.3000000000000001,295.36289473008173,70.425862318706,1.177569702316719e-05,-0.6655611916448683,-0.6959623923664227,-0.626008792449549,-0.6510080597693206,0.0310003757476806,4,813,7.0,199.0,0.0,100,4,99,4
0.9699999999999995,0.3100000000000001,0.7144345083117603,0.3061862178478972,4.634937199828007e-06,0.1144578313253008,-0.0601226993865029,0.8247245671769925,0.0384615384615382,0.030569314956665,4,10,2.0,2.0,0.0,1,4,21,4
0.9699999999999995,0.3200000000000001,26.44904692674829,6.641881008670159,1.0532080252355124e-05,-0.769361974703374,-0.6926458832933653,-0.7546105653907722,-0.6596193260417194,0.030008316040039,4,83,5.0,24.0,1.0,99,4,99,4
0.9699999999999995,0.38000000000000017,364.1176549779846,90.84997936158268,1.0156475362314035e-05,-0.5036361286746027,-0.5208523940713479,-0.476371257330791,-0.4903799817488141,0.0295338630676269,4,1203,7.0,308.0,1.0,100,4,100,4
0.9699999999999995,0.4000000000000002,0.408248290463863,0.2282177322938192,2.059806237755031e-06,0.786637032921239,0.1111111111111111,0.9541218637992832,0.3206521739130433,0.0299999713897705,4,10,5.0,1.0,1.0,1,4,2,4
0.9699999999999995,0.4400000000000002,26.56124997058685,12.69514342836136,6.883798335125456e-07,0.9787997368957032,0.843155276816609,0.999957453178312,0.9998210411038716,0.0040030479431152,94,3580,3526.0,787.0,768.0,100,99,99,99
0.9699999999999995,0.49000000000000027,138.49488558547327,83.72673806297882,1.19273432183866e-06,0.9332538561470338,0.2388641744454329,0.9987462357183188,0.99195671418375,0.0059998035430908,88,4843,4509.0,1141.0,948.0,100,99,100,96
0.9699999999999995,0.5200000000000002,708.1577656515753,213.08572527456988,2.143322341789238e-06,0.3270303685026364,-1.3591984934654762,0.971499398142688,0.9493862885742916,0.0090236663818359,81,5757,4609.0,1236.0,962.0,100,94,93,91
0.9699999999999995,0.5300000000000002,47.009307589029646,29.87683048785463,5.88332355939133e-07,0.9897182686981214,0.8855955029628457,0.9998667267967456,0.9991147660791492,0.0049998760223388,92,4509,4415.0,1018.0,1009.0,100,99,100,99
0.9699999999999995,0.5800000000000003,1255.9263190645058,273.7879431929716,5.616543777017964e-06,-0.2198093375131884,0.0164846422407447,0.9101451367106732,0.8978148100898901,0.0182611942291259,63,6893,5797.0,1444.0,1218.0,86,78,78,75
0.9699999999999995,0.5900000000000003,1290.910218530976,331.87827935508574,3.101976209341846e-06,0.101539661310097,-1.374178906442392,0.9314099483993948,0.904107063750435,0.0107812881469726,74,7265,5579.0,1555.0,1169.0,94,90,92,86
0.9699999999999995,0.6000000000000003,696.4969802362828,215.8158433963308,2.1010597029900263e-06,0.7296177334701763,-0.0358799176003366,0.9806950152457486,0.9629840445554676,0.0094523429870605,77,7302,6228.0,1559.0,1311.0,98,93,93,89
0.9699999999999995,0.6400000000000003,1450.0412367361469,334.1587769837777,4.2219949097933154e-06,0.1481342155843454,-0.3372308965422361,0.9218603063798132,0.9034183190507608,0.0195896625518798,66,8176,6784.0,1774.0,1429.0,87,83,85,80
0.9699999999999995,0.6700000000000004,1591.2889667680022,376.2414199162634,4.2199657259256735e-06,0.2681738549012642,-0.2145406139983732,0.921783876432822,0.901491686313842,0.0166704654693603,67,9037,7070.0,1932.0,1489.0,88,85,88,81
0.9699999999999995,0.6900000000000004,1641.1270517543728,349.3005465138464,6.022018873858569e-06,0.2692447590601383,0.4199920437207558,0.9093812319690874,0.9034039010615256,0.0129990577697753,61,9478,7650.0,2038.0,1618.0,83,78,82,75
0.9699999999999995,0.7000000000000004,1462.4859878665102,332.70367490323525,4.191098466065739e-06,0.4646682407779552,0.2422383863873044,0.9411226843042202,0.929523577091674,0.0120000839233398,66,9624,8147.0,2045.0,1727.0,89,84,85,80
0.9699999999999995,0.7200000000000004,1495.5085399633958,389.4727204824492,2.9840246300688235e-06,0.5901001057764372,0.042815283658295,0.9479500508788092,0.9256746714131416,0.011512279510498,71,10085,8157.0,2181.0,1728.0,95,89,89,86
0.9699999999999995,0.7400000000000004,1783.77591957342,414.6781507989057,3.7208855091650144e-06,0.4430725503778474,0.0608629832995336,0.9304895643009194,0.9159522553897405,0.0134804248809814,68,10620,8365.0,2394.0,1772.0,89,87,86,83
0.9699999999999995,0.7800000000000005,1915.0936901638163,425.8272444375338,6.340709686391463e-06,0.458135824740394,0.4733869120931508,0.9187137312888608,0.9079940822571192,0.0152063369750976,62,11537,9204.0,2473.0,1955.0,84,81,80,77
0.9699999999999995,0.8100000000000005,1675.519425776331,367.9268583250251,1.1652141246440718e-05,0.7817205024373103,0.8216464394126084,0.9162975911484365,0.9114866008103664,0.0260167121887207,48,12151,9814.0,2668.0,2088.0,70,67,68,64
0.9699999999999995,0.8200000000000005,1671.045418502344,356.6157139581211,7.775484506538267e-06,0.7304848981611476,0.7986702009988088,0.9394781945968956,0.9374080084526814,0.0193047523498535,57,12721,10923.0,2782.0,2341.0,80,76,76,72
0.9699999999999995,0.8700000000000006,1539.388454534296,316.007506534333,7.609951324265264e-06,0.8260751566338276,0.8788701318356792,0.9577035607293424,0.9596038360020516,0.0211479663848876,57,14167,12400.0,3098.0,2672.0,79,76,76,73
0.9699999999999995,0.8900000000000006,1827.419747836443,376.5369951221953,1.040870316783116e-05,0.7920817217408656,0.8516586379598505,0.9390083145296952,0.9415319267923336,0.0205142498016357,54,14657,12221.0,3209.0,2628.0,76,73,72,70
0.9699999999999995,0.9000000000000006,1942.888244126941,411.2129922558381,1.175845681363156e-05,0.792802646442057,0.8413985647379085,0.9291443296929244,0.9290738547351568,0.0199992656707763,52,14807,11838.0,3253.0,2540.0,73,72,72,68
0.9699999999999995,0.9200000000000006,1724.3300400319313,366.14115833389576,9.535846588084355e-06,0.8373782341674889,0.8794729235519743,0.949790790242103,0.9496503624055872,0.0165083408355712,54,15255,13038.0,3397.0,2810.0,76,73,74,70
0.9699999999999995,0.9500000000000006,1784.394699136851,389.3254027555474,1.238128428863842e-05,0.874293842458346,0.8956568398388128,0.9441248744048844,0.9422922210062517,0.016998291015625,48,16147,13474.0,3685.0,2906.0,70,68,68,64
0.9699999999999995,0.9600000000000006,2031.8310933334824,431.8798491266207,1.2344698921719188e-05,0.8257743437116654,0.865268545861341,0.933608301583736,0.9337275627893143,0.0169994831085205,51,16508,13257.0,3583.0,2856.0,74,70,70,67
0.9699999999999995,0.9800000000000006,1858.5481525357684,393.7108025930091,1.1706229179620766e-05,0.8745745695942502,0.902474882280317,0.9460912219668594,0.9472711067520888,0.018519639968872,49,17170,14293.0,3751.0,3096.0,71,69,70,65
0.9799999999999995,0.22000000000000003,8.38214869032199,2.0,1.9524079958517958e-05,-1.0322960312602985,-0.8465237427369265,-1.002077767883645,-0.7964071856287431,0.0320048332214355,4,22,3.0,6.0,0.0,100,4,92,4
0.9799999999999995,0.26000000000000006,98.95858771897127,24.641597621366465,1.236785545725356e-05,-0.9376980360151912,-0.8688580761358271,-0.8815877959154264,-0.8078379756382885,0.0295407772064209,4,291,6.0,70.0,1.0,100,4,98,4
0.9799999999999995,0.2700000000000001,0.408248290463863,0.2700308624336608,1.7409243321307968e-06,0.8144703466602247,0.045454545454545,0.9431232448188832,0.0489130434782606,0.0300302505493164,4,10,4.0,1.0,1.0,1,4,5,4
0.9799999999999995,0.3100000000000001,147.52224408542597,36.37063261295666,1.1918169011685911e-05,-0.4919496188885748,-0.5096546358362579,-0.468524813569368,-0.4808169884834414,0.0296237468719482,4,453,8.0,105.0,3.0,100,4,100,4
0.9799999999999995,0.35000000000000014,206.05586823318896,50.977527728728994,1.2261431683287197e-05,-0.5123507494961501,-0.5181180979025553,-0.4861709276209689,-0.4877923688887298,0.0329995155334472,4,661,4.0,165.0,1.0,100,4,99,4
0.9799999999999995,0.4000000000000002,365.16724193625765,92.60140837661883,1.167240042943153e-05,-0.4732180120165554,-0.4795322711465004,-0.4480117550928897,-0.4524521397715717,0.0305006504058837,4,1203,7.0,299.0,1.0,100,4,100,4
0.9799999999999995,0.4200000000000002,160.2707994822097,43.18902252501979,1.2479285537102816e-05,-0.4239718554045808,-0.4132340411398785,-0.404550629987771,-0.3916544101218013,0.0320405960083007,4,589,6.0,163.0,0.0,100,4,100,4
0.9799999999999995,0.5000000000000002,521.7485126156727,139.7802963582493,7.660561698934994e-06,-0.3674991892825705,-0.3769475964559963,-0.3488962472748009,-0.3567681416984896,0.0321531295776367,4,1890,4.0,499.0,1.0,100,4,100,5
0.9799999999999995,0.5500000000000003,303.2576828741891,122.75155577199192,1.5397240801937437e-06,0.901975036712072,0.4521013122596076,0.995147878799972,0.9852662079004672,0.0089991092681884,82,6148,5465.0,1337.0,1149.0,100,96,97,93
0.9799999999999995,0.5700000000000003,1139.972311491705,283.1332753543872,3.926902878801363e-06,-0.2607118981449678,-1.3133881802071987,0.9309913935974882,0.9026285714334076,0.0131201744079589,69,6556,5531.0,1394.0,1160.0,90,84,89,80
0.9799999999999995,0.5800000000000003,263.979500095345,104.030821224798,1.026970045881056e-06,0.9487951682244816,0.7328577402555606,0.996921232576256,0.9914027295944984,0.0082957744598388,83,6864,6181.0,1483.0,1304.0,100,98,99,95
0.9799999999999995,0.5900000000000003,441.1422673016042,163.0233878926579,1.373712919746137e-06,0.8621228929651429,0.4995816372282848,0.9909529018115028,0.9786750396621514,0.0074608325958251,84,6702,5795.0,1531.0,1218.0,100,99,99,96
0.9799999999999995,0.6000000000000003,979.4709395528648,269.874044694928,3.136265031052874e-06,0.4253078047492984,-0.5703609317512206,0.9605019148895132,0.9358183645819436,0.0110015869140625,72,7298,6243.0,1584.0,1316.0,92,88,90,84
0.9799999999999995,0.6100000000000003,1124.910646024146,304.5433529830422,2.9673336839002557e-06,0.3702886946711886,-0.997200333725011,0.952960436134269,0.9279353579401948,0.0100176334381103,74,7492,6128.0,1651.0,1287.0,94,90,89,86
0.9799999999999995,0.6700000000000004,1446.0881024335963,325.7343790794667,4.767335715868659e-06,0.3059157800864119,0.1942733778067331,0.9319024864664844,0.9191114522805124,0.0130021572113037,65,8967,7590.0,1945.0,1605.0,87,82,81,78
0.9799999999999995,0.6800000000000004,1290.108637400857,344.47480152964584,2.500208432430697e-06,0.6146455650160606,0.0137981901090706,0.9538511379289236,0.9324186798333062,0.0109710693359375,73,9130,7312.0,1999.0,1542.0,95,91,92,87
0.9799999999999995,0.7200000000000004,1483.575227127177,348.42454946037697,3.9722622938616e-06,0.5428011207039409,0.2828405251292166,0.9464585362204576,0.9333811580175008,0.0142631530761718,67,10219,8569.0,2222.0,1819.0,89,85,84,82
0.9799999999999995,0.7400000000000004,1810.3791762790363,391.667011144732,7.984669815848735e-06,0.4495200125835172,0.5586919028193504,0.9036053442971176,0.8951789634379994,0.021968126296997,58,10622,8323.0,2327.0,1763.0,80,76,77,73
0.9799999999999995,0.7600000000000005,1525.8513216607814,318.0739639008951,7.505900935597645e-06,0.679110224735138,0.7623455285284018,0.9355384351777362,0.9345783598053576,0.0163652896881103,57,11221,9636.0,2449.0,2058.0,79,76,77,72
0.9799999999999995,0.8700000000000006,2078.142476389411,450.0602616655183,9.481161988350354e-06,0.7031279181860256,0.7731985634506087,0.9144662211561168,0.910726374727782,0.0197243690490722,54,13863,10890.0,3029.0,2327.0,77,73,73,70
0.9799999999999995,0.8900000000000006,2107.861269528654,468.82459406477386,5.490567508825522e-06,0.6549515691857783,0.6757429243895119,0.9349666306013572,0.927414790353998,0.0134704113006591,62,14548,11550.0,3159.0,2474.0,85,82,80,78
0.9799999999999995,0.9800000000000006,2102.1194715637057,454.1303977733908,1.3773126991760772e-05,0.8494002282470605,0.8741642019558833,0.9238400563593548,0.9230322991256736,0.0230932235717773,45,16781,13216.0,3750.0,2844.0,68,65,63,61
0.9799999999999995,0.9900000000000007,2100.632569562724,465.7392180510132,1.474165882884892e-05,0.853398324980226,0.874304174263282,0.9325677474367656,0.9285507977390518,0.0224037170410156,48,17381,13743.0,3886.0,2959.0,71,68,66,64
0.9899999999999995,0.25000000000000006,75.92540198554543,18.705224314791487,1.369331178687088e-05,-0.9013706166427436,-0.7901254375324425,-0.850029125669953,-0.7352818250810707,0.0377078056335449,4,200,3.0,55.0,0.0,100,4,97,4
0.9899999999999995,0.34000000000000014,167.65232501618738,40.21763709286429,9.80580356104702e-06,-0.6184044884622195,-0.6087361416245058,-0.5844839227144898,-0.5712339401750015,0.0366406440734863,4,496,6.0,131.0,1.0,100,4,100,4
0.9899999999999995,0.3900000000000002,450.7029347770732,114.3542103145602,9.977217047065169e-06,-0.4728430143266766,-0.48964278260916,-0.4471570297576464,-0.461239296105931,0.037259817123413,4,1467,8.0,360.0,3.0,100,4,99,4
0.9899999999999995,0.4000000000000002,600.0329678442677,147.8296809958451,9.986120739504426e-06,-0.5092543187410961,-0.528513742160627,-0.4808777663858834,-0.4975762030528783,0.0346376895904541,4,1871,8.0,464.0,0.0,100,4,100,4
0.9899999999999995,0.45000000000000023,890.0098021463958,220.69445318509176,8.614091947385047e-06,-0.4712980296987812,-0.5030588222089198,-0.4449684358073404,-0.4736370799208291,0.031848669052124,4,2827,7.0,704.0,1.0,100,4,100,4
0.9899999999999995,0.49000000000000027,126.8818347912734,65.68770813477967,1.1849303896358917e-06,0.8994378162283716,0.4952735354539672,0.9989623047218702,0.9953271395182908,0.0080180168151855,92,4196,3971.0,984.0,869.0,100,99,100,99
0.9899999999999995,0.5000000000000002,531.6649751801724,140.5685998009513,8.87711418198694e-06,-0.3506358760453687,-0.3534376144563411,-0.3330262078312822,-0.3346986662427713,0.0346870422363281,4,1894,6.0,504.0,1.0,100,4,100,4
0.9899999999999995,0.5300000000000002,161.46103761176153,72.53811258764442,8.386600625357848e-07,0.9117834683346866,0.5207119755657614,0.9984756368210036,0.994928691030516,0.0053043365478515,91,4842,4558.0,1193.0,1025.0,100,99,100,99
0.9899999999999995,0.5500000000000003,320.81181746036447,147.43529654281116,1.714834758089728e-06,0.886243724700657,0.2998554049184198,0.9943734314144032,0.9785942115869144,0.0088522434234619,82,6104,5321.0,1349.0,1115.0,100,97,100,93
0.9899999999999995,0.6000000000000003,898.1906916231756,244.03923485404584,2.878371788350743e-06,0.5826665101573802,-0.175902750422197,0.9695940265082004,0.9521566290806018,0.0140001773834228,73,7578,6564.0,1716.0,1387.0,92,89,89,85
0.9899999999999995,0.6100000000000003,991.6320101117454,288.1836672800118,2.2654267994572435e-06,0.5835485228135588,-0.2020332371670805,0.9616588039765396,0.937110955862989,0.0099990367889404,77,7595,5972.0,1631.0,1253.0,98,93,94,90
0.9899999999999995,0.6200000000000003,1099.429776444741,307.8451991937939,2.3852670377662582e-06,0.5812574640645205,-0.1317636177986607,0.9566146126278268,0.9324951513945788,0.0090243816375732,76,7994,6287.0,1716.0,1322.0,99,93,94,89
0.9899999999999995,0.6300000000000003,1035.4893278774766,294.8580951852879,2.716671255418237e-06,0.5566292262678065,-0.358173171705106,0.9619023311803784,0.9357777854442924,0.0109989643096923,73,7850,6602.0,1687.0,1389.0,97,90,93,86
0.9899999999999995,0.6700000000000004,1525.8354269055362,362.294381339264,3.912866157227581e-06,0.2876441455018313,-0.2279104930253586,0.9282738485706492,0.9094031032591512,0.0109984874725341,68,9013,7130.0,1963.0,1504.0,90,85,85,82
0.9899999999999995,0.7000000000000004,1642.8758875271683,377.6403612224764,4.270817860270243e-06,0.3339949259099792,0.0447673692536112,0.9282561722643844,0.9138501312342177,0.0110023021697998,67,9783,7834.0,2102.0,1658.0,89,85,86,81
0.9899999999999995,0.7500000000000004,1494.2818815281855,315.0426606807092,6.947627057504228e-06,0.6515125300277305,0.7369932481667627,0.9402519323560194,0.9382438509660684,0.0150203704833984,59,10932,9489.0,2340.0,2025.0,80,77,76,74
0.9899999999999995,0.7900000000000005,1716.1980460696643,360.6824087753657,8.726241387031719e-06,0.6869499880174581,0.7765626410340962,0.9232367141406932,0.9231141406899888,0.0160000324249267,55,11979,9854.0,2637.0,2101.0,78,74,73,70
0.9899999999999995,0.8000000000000005,1834.2204641512185,387.8806517474157,9.811839034081465e-06,0.6835777950373485,0.7674882256947687,0.9180623495068672,0.9168147454958364,0.0160000324249267,55,12418,9827.0,2709.0,2094.0,76,74,74,70
0.9899999999999995,0.8200000000000005,1691.425292714205,354.1137411435296,9.75068208723118e-06,0.772496705055727,0.8348774751973094,0.9282150871432874,0.9293081243485422,0.0175142288208007,52,12820,10464.0,2847.0,2234.0,73,71,70,67
0.9899999999999995,0.9100000000000006,1685.108230945419,353.1626069151106,1.3357879977510963e-05,0.8683487566648017,0.8986572552602323,0.9433872683996728,0.9454109711385354,0.0170004367828369,48,15274,12870.0,3299.0,2778.0,71,67,66,64
0.9899999999999995,0.9400000000000006,1722.3562235450347,365.2104147732147,1.1605700318918856e-05,0.8749428524739027,0.9025953117531712,0.9475059398207492,0.9482876860780372,0.0189971923828125,49,15997,13429.0,3457.0,2901.0,71,68,68,65
0.9899999999999995,0.9500000000000006,1785.4064618575103,378.1711309120768,1.1570993998529371e-05,0.8487211135214567,0.8883552938904271,0.9489442952833622,0.9495444372438464,0.0159976482391357,53,16018,13552.0,3499.0,2926.0,75,72,71,68
